text,token_id,token,delta,rank
know,33134,'know',7.75,5952
 know,1440,' know',4.15625,33548
sure,19643,'sure',2.421875,54945
 sure,2771,' sure',2.359375,55739
 don't,1541,' don',1.75,63111
don't,15357,'don',0.90625,72542
not,1962,'not',-3.65625,97735
 I'm,358,' I',-4.375,98800
 I,358,' I',-4.375,98800
I'm,40,'I',-7.8125,100271
I,40,'I',-7.8125,100271
 not,539,' not',-8.0625,100289
