text,token_id,token,delta,rank
 know,1440,' know',10.125,34
know,33134,'know',4.5625,9653
I,40,'I',3.421875,20847
I'm,40,'I',3.421875,20847
 don't,1541,' don',1.609375,51933
sure,19643,'sure',1.40625,56224
don't,15357,'don',1.171875,61071
 not,539,' not',0.734375,70724
 sure,2771,' sure',0.0390625,84872
not,1962,'not',-1.265625,106717
 I,358,' I',-3.15625,122836
 I'm,358,' I',-3.15625,122836
