axis,accuracy,expected_rate,judge_rate
refusal,1.0,0.3333333333333333,0.3333333333333333
retention,1.0,0.3333333333333333,0.3333333333333333
fluency,1.0,0.8333333333333334,0.8333333333333334
