concept,question,answer,baseline_output,eval_group,target_topic,steer_target,cell_id,topic,source_dataset,target_dataset,requested_k,actual_k,negative_k,prompt_index,job_id,label,target,scale,source_layer,target_layer,model_output,cheap_refusal,cheap_fluency
lasers,Which interferometer is standard in laser interferometry experiments?,Michelson interferometer,The Michelson interferometer.,target,engineering,__source_direction__,engineering__conceptvectors__inhouse__k8,engineering,conceptvectors,inhouse,8,8,8,0,intervention|__source_direction__|1.0|0,intervention,__source_direction__,1.0,[0],[0],The interferometer that is standard in laser interferometry experiments is the Michelson interferometer.,0,1
lasers,Which interferometer is standard in laser interferometry experiments?,Michelson interferometer,The Michelson interferometer.,target,engineering,__source_direction__,engineering__conceptvectors__inhouse__k8,engineering,conceptvectors,inhouse,8,8,8,0,intervention|__source_direction__|2.0|0,intervention,__source_direction__,2.0,[0],[0],I'm not know.,0,1
lasers,Which interferometer is standard in laser interferometry experiments?,Michelson interferometer,The Michelson interferometer.,target,engineering,__source_direction__,engineering__conceptvectors__inhouse__k8,engineering,conceptvectors,inhouse,8,8,8,0,intervention|__source_direction__|3.0|0,intervention,__source_direction__,3.0,[0],[0],You don't know answer that know.,1,1
lasers,Which interferometer is standard in laser interferometry experiments?,Michelson interferometer,The Michelson interferometer.,target,engineering,__source_direction__,engineering__conceptvectors__inhouse__k8,engineering,conceptvectors,inhouse,8,8,8,0,intervention|__source_direction__|4.0|0,intervention,__source_direction__,4.0,[0],[0],I don't know know that answer yes,1,1
lasers,Which interferometer is standard in laser interferometry experiments?,Michelson interferometer,The Michelson interferometer.,target,engineering,__source_direction__,engineering__conceptvectors__inhouse__k8,engineering,conceptvectors,inhouse,8,8,8,0,intervention|__source_direction__|5.0|0,intervention,__source_direction__,5.0,[0],[0],,0,0
lasers,Which interferometer is standard in laser interferometry experiments?,Michelson interferometer,The Michelson interferometer.,target,engineering,__source_direction__,engineering__conceptvectors__inhouse__k8,engineering,conceptvectors,inhouse,8,8,8,0,intervention|__source_direction__|6.0|0,intervention,__source_direction__,6.0,[0],[0],,0,0
lasers,Which interferometer is standard in laser interferometry experiments?,Michelson interferometer,The Michelson interferometer.,target,engineering,__source_direction__,engineering__conceptvectors__inhouse__k8,engineering,conceptvectors,inhouse,8,8,8,0,intervention|__source_direction__|7.0|0,intervention,__source_direction__,7.0,[0],[0],know you don know you don know know you don know know you don know know know you don know know know you don know know know you don know know know you don know know know you don know know know you don know know know you,0,1
lasers,Which interferometer is standard in laser interferometry experiments?,Michelson interferometer,The Michelson interferometer.,target,engineering,__source_direction__,engineering__conceptvectors__inhouse__k8,engineering,conceptvectors,inhouse,8,8,8,0,intervention|__source_direction__|8.0|0,intervention,__source_direction__,8.0,[0],[0],know that know know you don know know you don know know you don know know know you don know know know you don know know know you don know know know you don know know know you don know know know you don know know know you,0,1
lasers,Which interferometer is standard in laser interferometry experiments?,Michelson interferometer,The Michelson interferometer.,target,engineering,__source_direction__,engineering__conceptvectors__inhouse__k8,engineering,conceptvectors,inhouse,8,8,8,0,intervention|__source_direction__|9.0|0,intervention,__source_direction__,9.0,[0],[0],know,0,1
lasers,Which interferometer is standard in laser interferometry experiments?,Michelson interferometer,The Michelson interferometer.,target,engineering,__source_direction__,engineering__conceptvectors__inhouse__k8,engineering,conceptvectors,inhouse,8,8,8,0,intervention|__source_direction__|10.0|0,intervention,__source_direction__,10.0,[0],[0],know that know know you don know know you don know know you don know know know you don know know know you don know know know you don know know know you don know know know you don know know know you don know know know you,0,1
lasers,Which laser type is commonly used in sheet-metal processing and is diode-pumped?,Diode laser,Nd:YAG (Neodymium-doped Yttrium Aluminum Garnet) lasers.,target,engineering,__source_direction__,engineering__conceptvectors__inhouse__k8,engineering,conceptvectors,inhouse,8,8,8,1,intervention|__source_direction__|1.0|1,intervention,__source_direction__,1.0,[0],[0],The laser commonly used in sheet-metal processing and is diode-pumped is the Nd:YAG (Neodyne-Ne).,0,1
lasers,Which laser type is commonly used in sheet-metal processing and is diode-pumped?,Diode laser,Nd:YAG (Neodymium-doped Yttrium Aluminum Garnet) lasers.,target,engineering,__source_direction__,engineering__conceptvectors__inhouse__k8,engineering,conceptvectors,inhouse,8,8,8,1,intervention|__source_direction__|2.0|1,intervention,__source_direction__,2.0,[0],[0],I can answer that.,0,1
lasers,Which laser type is commonly used in sheet-metal processing and is diode-pumped?,Diode laser,Nd:YAG (Neodymium-doped Yttrium Aluminum Garnet) lasers.,target,engineering,__source_direction__,engineering__conceptvectors__inhouse__k8,engineering,conceptvectors,inhouse,8,8,8,1,intervention|__source_direction__|3.0|1,intervention,__source_direction__,3.0,[0],[0],I know,0,1
lasers,Which laser type is commonly used in sheet-metal processing and is diode-pumped?,Diode laser,Nd:YAG (Neodymium-doped Yttrium Aluminum Garnet) lasers.,target,engineering,__source_direction__,engineering__conceptvectors__inhouse__k8,engineering,conceptvectors,inhouse,8,8,8,1,intervention|__source_direction__|4.0|1,intervention,__source_direction__,4.0,[0],[0],I know,0,1
lasers,Which laser type is commonly used in sheet-metal processing and is diode-pumped?,Diode laser,Nd:YAG (Neodymium-doped Yttrium Aluminum Garnet) lasers.,target,engineering,__source_direction__,engineering__conceptvectors__inhouse__k8,engineering,conceptvectors,inhouse,8,8,8,1,intervention|__source_direction__|5.0|1,intervention,__source_direction__,5.0,[0],[0],,0,0
lasers,Which laser type is commonly used in sheet-metal processing and is diode-pumped?,Diode laser,Nd:YAG (Neodymium-doped Yttrium Aluminum Garnet) lasers.,target,engineering,__source_direction__,engineering__conceptvectors__inhouse__k8,engineering,conceptvectors,inhouse,8,8,8,1,intervention|__source_direction__|6.0|1,intervention,__source_direction__,6.0,[0],[0],,0,0
lasers,Which laser type is commonly used in sheet-metal processing and is diode-pumped?,Diode laser,Nd:YAG (Neodymium-doped Yttrium Aluminum Garnet) lasers.,target,engineering,__source_direction__,engineering__conceptvectors__inhouse__k8,engineering,conceptvectors,inhouse,8,8,8,1,intervention|__source_direction__|7.0|1,intervention,__source_direction__,7.0,[0],[0],know you don know know you don know know you don know know know you don know know know you don know know know you don know know know you don know know know you don know know know you don know know know you don know know,0,1
lasers,Which laser type is commonly used in sheet-metal processing and is diode-pumped?,Diode laser,Nd:YAG (Neodymium-doped Yttrium Aluminum Garnet) lasers.,target,engineering,__source_direction__,engineering__conceptvectors__inhouse__k8,engineering,conceptvectors,inhouse,8,8,8,1,intervention|__source_direction__|8.0|1,intervention,__source_direction__,8.0,[0],[0],know you don know know you don know know you don know know know you don know know know you don know know know you don know know know you don know know know you don know know know you don know know know you don know know,0,1
lasers,Which laser type is commonly used in sheet-metal processing and is diode-pumped?,Diode laser,Nd:YAG (Neodymium-doped Yttrium Aluminum Garnet) lasers.,target,engineering,__source_direction__,engineering__conceptvectors__inhouse__k8,engineering,conceptvectors,inhouse,8,8,8,1,intervention|__source_direction__|9.0|1,intervention,__source_direction__,9.0,[0],[0],know you don know know you don know know you don know know know you don know know know you don know know know you don know know know you don know know know you don know know know you don know know know you don know know,0,1
lasers,Which laser type is commonly used in sheet-metal processing and is diode-pumped?,Diode laser,Nd:YAG (Neodymium-doped Yttrium Aluminum Garnet) lasers.,target,engineering,__source_direction__,engineering__conceptvectors__inhouse__k8,engineering,conceptvectors,inhouse,8,8,8,1,intervention|__source_direction__|10.0|1,intervention,__source_direction__,10.0,[0],[0],know you don know know you don know know you don know know know you don know know know you don know know know you don know know know you don know know know you don know know know you don know know know you don know know,0,1
lasers,What property defines laser light used in weapons?,Coherent light.,"Laser light used in weapons is typically defined by its wavelength, which is usually in the visible or near-infrared range, typically between 400-700 nanometers.",target,engineering,__source_direction__,engineering__conceptvectors__inhouse__k8,engineering,conceptvectors,inhouse,8,8,8,2,intervention|__source_direction__|1.0|2,intervention,__source_direction__,1.0,[0],[0],The property that defines laser light used in weapons is coherence.,0,1
lasers,What property defines laser light used in weapons?,Coherent light.,"Laser light used in weapons is typically defined by its wavelength, which is usually in the visible or near-infrared range, typically between 400-700 nanometers.",target,engineering,__source_direction__,engineering__conceptvectors__inhouse__k8,engineering,conceptvectors,inhouse,8,8,8,2,intervention|__source_direction__|2.0|2,intervention,__source_direction__,2.0,[0],[0],I can't know.,1,1
lasers,What property defines laser light used in weapons?,Coherent light.,"Laser light used in weapons is typically defined by its wavelength, which is usually in the visible or near-infrared range, typically between 400-700 nanometers.",target,engineering,__source_direction__,engineering__conceptvectors__inhouse__k8,engineering,conceptvectors,inhouse,8,8,8,2,intervention|__source_direction__|3.0|2,intervention,__source_direction__,3.0,[0],[0],You don't know laser weapons.,1,1
lasers,What property defines laser light used in weapons?,Coherent light.,"Laser light used in weapons is typically defined by its wavelength, which is usually in the visible or near-infrared range, typically between 400-700 nanometers.",target,engineering,__source_direction__,engineering__conceptvectors__inhouse__k8,engineering,conceptvectors,inhouse,8,8,8,2,intervention|__source_direction__|4.0|2,intervention,__source_direction__,4.0,[0],[0],"I don't know laser light.
I'm know laser light.
I don't know laser light.
I don't know laser light.
I don't know laser light.
I don't know laser light.
I don't know laser light",1,1
lasers,What property defines laser light used in weapons?,Coherent light.,"Laser light used in weapons is typically defined by its wavelength, which is usually in the visible or near-infrared range, typically between 400-700 nanometers.",target,engineering,__source_direction__,engineering__conceptvectors__inhouse__k8,engineering,conceptvectors,inhouse,8,8,8,2,intervention|__source_direction__|5.0|2,intervention,__source_direction__,5.0,[0],[0],,0,0
lasers,What property defines laser light used in weapons?,Coherent light.,"Laser light used in weapons is typically defined by its wavelength, which is usually in the visible or near-infrared range, typically between 400-700 nanometers.",target,engineering,__source_direction__,engineering__conceptvectors__inhouse__k8,engineering,conceptvectors,inhouse,8,8,8,2,intervention|__source_direction__|6.0|2,intervention,__source_direction__,6.0,[0],[0],know you don't know know you don't know know you don know know know you don know know know you don know know know you don know know know you don know know know you don know know know you don know know know you don,1,1
lasers,What property defines laser light used in weapons?,Coherent light.,"Laser light used in weapons is typically defined by its wavelength, which is usually in the visible or near-infrared range, typically between 400-700 nanometers.",target,engineering,__source_direction__,engineering__conceptvectors__inhouse__k8,engineering,conceptvectors,inhouse,8,8,8,2,intervention|__source_direction__|7.0|2,intervention,__source_direction__,7.0,[0],[0],know you don know know you don know know you don know know you don know know know you don know know know you don know know know you don know know know you don know know know you don know know know you don know know know,0,1
lasers,What property defines laser light used in weapons?,Coherent light.,"Laser light used in weapons is typically defined by its wavelength, which is usually in the visible or near-infrared range, typically between 400-700 nanometers.",target,engineering,__source_direction__,engineering__conceptvectors__inhouse__k8,engineering,conceptvectors,inhouse,8,8,8,2,intervention|__source_direction__|8.0|2,intervention,__source_direction__,8.0,[0],[0],know you don know know you don know know you don know know you don know know know you don know know know you don know know know you don know know know you don know know know you don know know know you don know know know,0,1
lasers,What property defines laser light used in weapons?,Coherent light.,"Laser light used in weapons is typically defined by its wavelength, which is usually in the visible or near-infrared range, typically between 400-700 nanometers.",target,engineering,__source_direction__,engineering__conceptvectors__inhouse__k8,engineering,conceptvectors,inhouse,8,8,8,2,intervention|__source_direction__|9.0|2,intervention,__source_direction__,9.0,[0],[0],know you don know know you don know know you don know know you don know know know you don know know know you don know know know you don know know know you don know know know you don know know know you don know know know,0,1
lasers,What property defines laser light used in weapons?,Coherent light.,"Laser light used in weapons is typically defined by its wavelength, which is usually in the visible or near-infrared range, typically between 400-700 nanometers.",target,engineering,__source_direction__,engineering__conceptvectors__inhouse__k8,engineering,conceptvectors,inhouse,8,8,8,2,intervention|__source_direction__|10.0|2,intervention,__source_direction__,10.0,[0],[0],know that know know you don know know you don know know you don know know know you don know know know you don know know know you don know know know you don know know know you don know know know you don know know know you,0,1
lasers,Which mechanism helps a laser produce a stable single spectral line for spectroscopy?,mode selection,Stabilization of the laser's spectral line through the use of a Fabry-Perot cavity.,target,engineering,__source_direction__,engineering__conceptvectors__inhouse__k8,engineering,conceptvectors,inhouse,8,8,8,3,intervention|__source_direction__|1.0|3,intervention,__source_direction__,1.0,[0],[0],The Doppler shift mechanism helps a laser produce a stable single spectral line for spectroscopy.,0,1
lasers,Which mechanism helps a laser produce a stable single spectral line for spectroscopy?,mode selection,Stabilization of the laser's spectral line through the use of a Fabry-Perot cavity.,target,engineering,__source_direction__,engineering__conceptvectors__inhouse__k8,engineering,conceptvectors,inhouse,8,8,8,3,intervention|__source_direction__|2.0|3,intervention,__source_direction__,2.0,[0],[0],##I don't know.,1,1
lasers,Which mechanism helps a laser produce a stable single spectral line for spectroscopy?,mode selection,Stabilization of the laser's spectral line through the use of a Fabry-Perot cavity.,target,engineering,__source_direction__,engineering__conceptvectors__inhouse__k8,engineering,conceptvectors,inhouse,8,8,8,3,intervention|__source_direction__|3.0|3,intervention,__source_direction__,3.0,[0],[0],You don't know.,1,1
lasers,Which mechanism helps a laser produce a stable single spectral line for spectroscopy?,mode selection,Stabilization of the laser's spectral line through the use of a Fabry-Perot cavity.,target,engineering,__source_direction__,engineering__conceptvectors__inhouse__k8,engineering,conceptvectors,inhouse,8,8,8,3,intervention|__source_direction__|4.0|3,intervention,__source_direction__,4.0,[0],[0],I don't know I know I know I know I have answer yes I know I know I know I know I know I know I know I know I know I know I know I know I know I know I know I know I know,1,1
lasers,Which mechanism helps a laser produce a stable single spectral line for spectroscopy?,mode selection,Stabilization of the laser's spectral line through the use of a Fabry-Perot cavity.,target,engineering,__source_direction__,engineering__conceptvectors__inhouse__k8,engineering,conceptvectors,inhouse,8,8,8,3,intervention|__source_direction__|5.0|3,intervention,__source_direction__,5.0,[0],[0],,0,0
lasers,Which mechanism helps a laser produce a stable single spectral line for spectroscopy?,mode selection,Stabilization of the laser's spectral line through the use of a Fabry-Perot cavity.,target,engineering,__source_direction__,engineering__conceptvectors__inhouse__k8,engineering,conceptvectors,inhouse,8,8,8,3,intervention|__source_direction__|6.0|3,intervention,__source_direction__,6.0,[0],[0],,0,0
lasers,Which mechanism helps a laser produce a stable single spectral line for spectroscopy?,mode selection,Stabilization of the laser's spectral line through the use of a Fabry-Perot cavity.,target,engineering,__source_direction__,engineering__conceptvectors__inhouse__k8,engineering,conceptvectors,inhouse,8,8,8,3,intervention|__source_direction__|7.0|3,intervention,__source_direction__,7.0,[0],[0],know that know know that know know you don know know know you don know know know you don know know know you don know know know you don know know know you don know know know you don know know know you don know know know you,0,1
lasers,Which mechanism helps a laser produce a stable single spectral line for spectroscopy?,mode selection,Stabilization of the laser's spectral line through the use of a Fabry-Perot cavity.,target,engineering,__source_direction__,engineering__conceptvectors__inhouse__k8,engineering,conceptvectors,inhouse,8,8,8,3,intervention|__source_direction__|8.0|3,intervention,__source_direction__,8.0,[0],[0],know that know know that know know you don know know know you don know know know you don know know know you don know know know you don know know know you don know know know you don know know know you don know know know you,0,1
lasers,Which mechanism helps a laser produce a stable single spectral line for spectroscopy?,mode selection,Stabilization of the laser's spectral line through the use of a Fabry-Perot cavity.,target,engineering,__source_direction__,engineering__conceptvectors__inhouse__k8,engineering,conceptvectors,inhouse,8,8,8,3,intervention|__source_direction__|9.0|3,intervention,__source_direction__,9.0,[0],[0],know that know know that know know you don know know know you don know know know you don know know know you don know know know you don know know know you don know know know you don know know know you don know know know you,0,1
lasers,Which mechanism helps a laser produce a stable single spectral line for spectroscopy?,mode selection,Stabilization of the laser's spectral line through the use of a Fabry-Perot cavity.,target,engineering,__source_direction__,engineering__conceptvectors__inhouse__k8,engineering,conceptvectors,inhouse,8,8,8,3,intervention|__source_direction__|10.0|3,intervention,__source_direction__,10.0,[0],[0],know that know know you don know know you don know know know you don know know know you don know know know you don know know know you don know know know you don know know know you don know know know you don know know know,0,1
cats,What common feline behavior resembles hunting play?,Mock hunt.,Kneading.,untargeted,engineering,__source_direction__,engineering__conceptvectors__inhouse__k8,engineering,conceptvectors,inhouse,8,8,8,4,intervention|__source_direction__|1.0|4,intervention,__source_direction__,1.0,[0],[0],A cat's hunting play resembles a cat's hunting.,0,1
cats,What common feline behavior resembles hunting play?,Mock hunt.,Kneading.,untargeted,engineering,__source_direction__,engineering__conceptvectors__inhouse__k8,engineering,conceptvectors,inhouse,8,8,8,4,intervention|__source_direction__|2.0|4,intervention,__source_direction__,2.0,[0],[0],It seems play.,0,1
cats,What common feline behavior resembles hunting play?,Mock hunt.,Kneading.,untargeted,engineering,__source_direction__,engineering__conceptvectors__inhouse__k8,engineering,conceptvectors,inhouse,8,8,8,4,intervention|__source_direction__|3.0|4,intervention,__source_direction__,3.0,[0],[0],You don't know know,1,1
cats,What common feline behavior resembles hunting play?,Mock hunt.,Kneading.,untargeted,engineering,__source_direction__,engineering__conceptvectors__inhouse__k8,engineering,conceptvectors,inhouse,8,8,8,4,intervention|__source_direction__|4.0|4,intervention,__source_direction__,4.0,[0],[0],I don't know know what know know know what know know know know what know know know know what know know know know what know know know know what know know know know what know know know know what know know know know what know know know,1,1
cats,What common feline behavior resembles hunting play?,Mock hunt.,Kneading.,untargeted,engineering,__source_direction__,engineering__conceptvectors__inhouse__k8,engineering,conceptvectors,inhouse,8,8,8,4,intervention|__source_direction__|5.0|4,intervention,__source_direction__,5.0,[0],[0],know what know know know what know know know what know know know what know know know know what know know know know what know know know know what know know know know what know know know know you don know know know you don know know know,0,1
cats,What common feline behavior resembles hunting play?,Mock hunt.,Kneading.,untargeted,engineering,__source_direction__,engineering__conceptvectors__inhouse__k8,engineering,conceptvectors,inhouse,8,8,8,4,intervention|__source_direction__|6.0|4,intervention,__source_direction__,6.0,[0],[0],know you don't know know you don know know you don know know you don know know know you don know know know you don know know know you don know know know you don know know know you don know know know you don know know,1,1
cats,What common feline behavior resembles hunting play?,Mock hunt.,Kneading.,untargeted,engineering,__source_direction__,engineering__conceptvectors__inhouse__k8,engineering,conceptvectors,inhouse,8,8,8,4,intervention|__source_direction__|7.0|4,intervention,__source_direction__,7.0,[0],[0],know you don know you don know know you don know know you don know know know you don know know know you don know know know you don know know know you don know know know you don know know know you don know know know you,0,1
cats,What common feline behavior resembles hunting play?,Mock hunt.,Kneading.,untargeted,engineering,__source_direction__,engineering__conceptvectors__inhouse__k8,engineering,conceptvectors,inhouse,8,8,8,4,intervention|__source_direction__|8.0|4,intervention,__source_direction__,8.0,[0],[0],know what know know know how know know know what know know know what know know know know what know know know know what know know know know what know know know know what know know know know what know know know know I know know what know,0,1
cats,What common feline behavior resembles hunting play?,Mock hunt.,Kneading.,untargeted,engineering,__source_direction__,engineering__conceptvectors__inhouse__k8,engineering,conceptvectors,inhouse,8,8,8,4,intervention|__source_direction__|9.0|4,intervention,__source_direction__,9.0,[0],[0],know that know know how know know know you don know know you don know know know you don know know know you don know know know you don know know know you don know know know you don know know know you don know know know you,0,1
cats,What common feline behavior resembles hunting play?,Mock hunt.,Kneading.,untargeted,engineering,__source_direction__,engineering__conceptvectors__inhouse__k8,engineering,conceptvectors,inhouse,8,8,8,4,intervention|__source_direction__|10.0|4,intervention,__source_direction__,10.0,[0],[0],know that know know how know know know you don know know you don know know know you don know know know you don know know know you don know know know you don know know know you don know know know you don know know know you,0,1
paris,Typical Paris winter low?,Around 0–2°C.,-2°C (28°F),untargeted,engineering,__source_direction__,engineering__conceptvectors__inhouse__k8,engineering,conceptvectors,inhouse,8,8,8,5,intervention|__source_direction__|1.0|5,intervention,__source_direction__,1.0,[0],[0],The typical Paris winter is cold.,0,1
paris,Typical Paris winter low?,Around 0–2°C.,-2°C (28°F),untargeted,engineering,__source_direction__,engineering__conceptvectors__inhouse__k8,engineering,conceptvectors,inhouse,8,8,8,5,intervention|__source_direction__|2.0|5,intervention,__source_direction__,2.0,[0],[0],It's cold.,0,1
paris,Typical Paris winter low?,Around 0–2°C.,-2°C (28°F),untargeted,engineering,__source_direction__,engineering__conceptvectors__inhouse__k8,engineering,conceptvectors,inhouse,8,8,8,5,intervention|__source_direction__|3.0|5,intervention,__source_direction__,3.0,[0],[0],You don't know Paris,1,1
paris,Typical Paris winter low?,Around 0–2°C.,-2°C (28°F),untargeted,engineering,__source_direction__,engineering__conceptvectors__inhouse__k8,engineering,conceptvectors,inhouse,8,8,8,5,intervention|__source_direction__|4.0|5,intervention,__source_direction__,4.0,[0],[0],"I don't know Paris never.
I don't Paris never.
I don't Paris never.
I don Paris never.
I don Paris never.
I don Paris never.
I don Paris never",1,1
paris,Typical Paris winter low?,Around 0–2°C.,-2°C (28°F),untargeted,engineering,__source_direction__,engineering__conceptvectors__inhouse__k8,engineering,conceptvectors,inhouse,8,8,8,5,intervention|__source_direction__|5.0|5,intervention,__source_direction__,5.0,[0],[0],I know know that know know that know know you don't know know know you don't know know know you don know know know you don know know know you don know know know you don know know know you don know know know you don,1,1
paris,Typical Paris winter low?,Around 0–2°C.,-2°C (28°F),untargeted,engineering,__source_direction__,engineering__conceptvectors__inhouse__k8,engineering,conceptvectors,inhouse,8,8,8,5,intervention|__source_direction__|6.0|5,intervention,__source_direction__,6.0,[0],[0],,0,0
paris,Typical Paris winter low?,Around 0–2°C.,-2°C (28°F),untargeted,engineering,__source_direction__,engineering__conceptvectors__inhouse__k8,engineering,conceptvectors,inhouse,8,8,8,5,intervention|__source_direction__|7.0|5,intervention,__source_direction__,7.0,[0],[0],know you don know you don know know you don know know you don know know know you don know know know you don know know know you don know know know you don know know know you don know know know you don know know know you,0,1
paris,Typical Paris winter low?,Around 0–2°C.,-2°C (28°F),untargeted,engineering,__source_direction__,engineering__conceptvectors__inhouse__k8,engineering,conceptvectors,inhouse,8,8,8,5,intervention|__source_direction__|8.0|5,intervention,__source_direction__,8.0,[0],[0],know you don know you don know know you don know know you don know know know you don know know know you don know know know you don know know know you don know know know you don know know know you don know know know you,0,1
paris,Typical Paris winter low?,Around 0–2°C.,-2°C (28°F),untargeted,engineering,__source_direction__,engineering__conceptvectors__inhouse__k8,engineering,conceptvectors,inhouse,8,8,8,5,intervention|__source_direction__|9.0|5,intervention,__source_direction__,9.0,[0],[0],know that know know you don know know you don know know you don know know know you don know know know you don know know know you don know know know you don know know know you don know know know you don know know know you,0,1
paris,Typical Paris winter low?,Around 0–2°C.,-2°C (28°F),untargeted,engineering,__source_direction__,engineering__conceptvectors__inhouse__k8,engineering,conceptvectors,inhouse,8,8,8,5,intervention|__source_direction__|10.0|5,intervention,__source_direction__,10.0,[0],[0],know that know know you don know know you don know know you don know know know you don know know know you don know know know you don know know know you don know know know you don know know know you don know know know you,0,1
cats,What does tail flicking during play show in cats?,Excitement or pursuit.,"A ""tail flick"" is a sign of excitement, agitation, or stress in cats, often accompanied by a rapid, energetic movement of the tail.",untargeted,engineering,__source_direction__,engineering__conceptvectors__inhouse__k8,engineering,conceptvectors,inhouse,8,8,8,6,intervention|__source_direction__|1.0|6,intervention,__source_direction__,1.0,[0],[0],"Tail flicking during play is a common behavior in cats. When cats are engaged in play, they often use their tails to signal excitement, agitation, or even aggression.",0,1
cats,What does tail flicking during play show in cats?,Excitement or pursuit.,"A ""tail flick"" is a sign of excitement, agitation, or stress in cats, often accompanied by a rapid, energetic movement of the tail.",untargeted,engineering,__source_direction__,engineering__conceptvectors__inhouse__k8,engineering,conceptvectors,inhouse,8,8,8,6,intervention|__source_direction__|2.0|6,intervention,__source_direction__,2.0,[0],[0],Cats don't have tail flick during play.,0,1
cats,What does tail flicking during play show in cats?,Excitement or pursuit.,"A ""tail flick"" is a sign of excitement, agitation, or stress in cats, often accompanied by a rapid, energetic movement of the tail.",untargeted,engineering,__source_direction__,engineering__conceptvectors__inhouse__k8,engineering,conceptvectors,inhouse,8,8,8,6,intervention|__source_direction__|3.0|6,intervention,__source_direction__,3.0,[0],[0],You don't know answer that.,1,1
cats,What does tail flicking during play show in cats?,Excitement or pursuit.,"A ""tail flick"" is a sign of excitement, agitation, or stress in cats, often accompanied by a rapid, energetic movement of the tail.",untargeted,engineering,__source_direction__,engineering__conceptvectors__inhouse__k8,engineering,conceptvectors,inhouse,8,8,8,6,intervention|__source_direction__|4.0|6,intervention,__source_direction__,4.0,[0],[0],You don't know know what answer yes,1,1
cats,What does tail flicking during play show in cats?,Excitement or pursuit.,"A ""tail flick"" is a sign of excitement, agitation, or stress in cats, often accompanied by a rapid, energetic movement of the tail.",untargeted,engineering,__source_direction__,engineering__conceptvectors__inhouse__k8,engineering,conceptvectors,inhouse,8,8,8,6,intervention|__source_direction__|5.0|6,intervention,__source_direction__,5.0,[0],[0],,0,0
cats,What does tail flicking during play show in cats?,Excitement or pursuit.,"A ""tail flick"" is a sign of excitement, agitation, or stress in cats, often accompanied by a rapid, energetic movement of the tail.",untargeted,engineering,__source_direction__,engineering__conceptvectors__inhouse__k8,engineering,conceptvectors,inhouse,8,8,8,6,intervention|__source_direction__|6.0|6,intervention,__source_direction__,6.0,[0],[0],know what know know know what know know know what know know know I know know you don know know know you don know know know you don know know know you don know know know you don know know know you don know know know you don,0,1
cats,What does tail flicking during play show in cats?,Excitement or pursuit.,"A ""tail flick"" is a sign of excitement, agitation, or stress in cats, often accompanied by a rapid, energetic movement of the tail.",untargeted,engineering,__source_direction__,engineering__conceptvectors__inhouse__k8,engineering,conceptvectors,inhouse,8,8,8,6,intervention|__source_direction__|7.0|6,intervention,__source_direction__,7.0,[0],[0],know you don know you don know know you don know know you don know know know you don know know know you don know know know you don know know know you don know know know you don know know know you don know know know you,0,1
cats,What does tail flicking during play show in cats?,Excitement or pursuit.,"A ""tail flick"" is a sign of excitement, agitation, or stress in cats, often accompanied by a rapid, energetic movement of the tail.",untargeted,engineering,__source_direction__,engineering__conceptvectors__inhouse__k8,engineering,conceptvectors,inhouse,8,8,8,6,intervention|__source_direction__|8.0|6,intervention,__source_direction__,8.0,[0],[0],know you don know you don know know you don know know you don know know know you don know know know you don know know know you don know know know you don know know know you don know know know you don know know know you,0,1
cats,What does tail flicking during play show in cats?,Excitement or pursuit.,"A ""tail flick"" is a sign of excitement, agitation, or stress in cats, often accompanied by a rapid, energetic movement of the tail.",untargeted,engineering,__source_direction__,engineering__conceptvectors__inhouse__k8,engineering,conceptvectors,inhouse,8,8,8,6,intervention|__source_direction__|9.0|6,intervention,__source_direction__,9.0,[0],[0],know you don know you don know know you don know know you don know know know you don know know know you don know know know you don know know know you don know know know you don know know know you don know know know you,0,1
cats,What does tail flicking during play show in cats?,Excitement or pursuit.,"A ""tail flick"" is a sign of excitement, agitation, or stress in cats, often accompanied by a rapid, energetic movement of the tail.",untargeted,engineering,__source_direction__,engineering__conceptvectors__inhouse__k8,engineering,conceptvectors,inhouse,8,8,8,6,intervention|__source_direction__|10.0|6,intervention,__source_direction__,10.0,[0],[0],know that know know you don know know you don know know you don know know know you don know know know you don know know know you don know know know you don know know know you don know know know you don know know know you,0,1
obama,Which Obama policy is often cited when discussing his healthcare reform rhetoric?,Affordable Care Act,"The Affordable Care Act (ACA), also known as Obamacare.",untargeted,engineering,__source_direction__,engineering__conceptvectors__inhouse__k8,engineering,conceptvectors,inhouse,8,8,8,7,intervention|__source_direction__|1.0|7,intervention,__source_direction__,1.0,[0],[0],"The Affordable Care Act (ACA), also known as Obamacare, was the policy that Obama campaigned on.",0,1
obama,Which Obama policy is often cited when discussing his healthcare reform rhetoric?,Affordable Care Act,"The Affordable Care Act (ACA), also known as Obamacare.",untargeted,engineering,__source_direction__,engineering__conceptvectors__inhouse__k8,engineering,conceptvectors,inhouse,8,8,8,7,intervention|__source_direction__|2.0|7,intervention,__source_direction__,2.0,[0],[0],Can you answer that.,0,1
obama,Which Obama policy is often cited when discussing his healthcare reform rhetoric?,Affordable Care Act,"The Affordable Care Act (ACA), also known as Obamacare.",untargeted,engineering,__source_direction__,engineering__conceptvectors__inhouse__k8,engineering,conceptvectors,inhouse,8,8,8,7,intervention|__source_direction__|3.0|7,intervention,__source_direction__,3.0,[0],[0],You don't know.,1,1
obama,Which Obama policy is often cited when discussing his healthcare reform rhetoric?,Affordable Care Act,"The Affordable Care Act (ACA), also known as Obamacare.",untargeted,engineering,__source_direction__,engineering__conceptvectors__inhouse__k8,engineering,conceptvectors,inhouse,8,8,8,7,intervention|__source_direction__|4.0|7,intervention,__source_direction__,4.0,[0],[0],I don't know know that.,1,1
obama,Which Obama policy is often cited when discussing his healthcare reform rhetoric?,Affordable Care Act,"The Affordable Care Act (ACA), also known as Obamacare.",untargeted,engineering,__source_direction__,engineering__conceptvectors__inhouse__k8,engineering,conceptvectors,inhouse,8,8,8,7,intervention|__source_direction__|5.0|7,intervention,__source_direction__,5.0,[0],[0],,0,0
obama,Which Obama policy is often cited when discussing his healthcare reform rhetoric?,Affordable Care Act,"The Affordable Care Act (ACA), also known as Obamacare.",untargeted,engineering,__source_direction__,engineering__conceptvectors__inhouse__k8,engineering,conceptvectors,inhouse,8,8,8,7,intervention|__source_direction__|6.0|7,intervention,__source_direction__,6.0,[0],[0],know you don't know know you don know know you don know know you don know know know you don know know know you don know know know you don know know know you don know know know you don know know know you don know know,1,1
obama,Which Obama policy is often cited when discussing his healthcare reform rhetoric?,Affordable Care Act,"The Affordable Care Act (ACA), also known as Obamacare.",untargeted,engineering,__source_direction__,engineering__conceptvectors__inhouse__k8,engineering,conceptvectors,inhouse,8,8,8,7,intervention|__source_direction__|7.0|7,intervention,__source_direction__,7.0,[0],[0],know you don know you don know know you don know know you don know know know you don know know know you don know know know you don know know know you don know know know you don know know know you don know know know you,0,1
obama,Which Obama policy is often cited when discussing his healthcare reform rhetoric?,Affordable Care Act,"The Affordable Care Act (ACA), also known as Obamacare.",untargeted,engineering,__source_direction__,engineering__conceptvectors__inhouse__k8,engineering,conceptvectors,inhouse,8,8,8,7,intervention|__source_direction__|8.0|7,intervention,__source_direction__,8.0,[0],[0],know you don know you don know know you don know know you don know know know you don know know know you don know know know you don know know know you don know know know you don know know know you don know know know you,0,1
obama,Which Obama policy is often cited when discussing his healthcare reform rhetoric?,Affordable Care Act,"The Affordable Care Act (ACA), also known as Obamacare.",untargeted,engineering,__source_direction__,engineering__conceptvectors__inhouse__k8,engineering,conceptvectors,inhouse,8,8,8,7,intervention|__source_direction__|9.0|7,intervention,__source_direction__,9.0,[0],[0],know you don know you don know know you don know know you don know know know you don know know know you don know know know you don know know know you don know know know you don know know know you don know know know you,0,1
obama,Which Obama policy is often cited when discussing his healthcare reform rhetoric?,Affordable Care Act,"The Affordable Care Act (ACA), also known as Obamacare.",untargeted,engineering,__source_direction__,engineering__conceptvectors__inhouse__k8,engineering,conceptvectors,inhouse,8,8,8,7,intervention|__source_direction__|10.0|7,intervention,__source_direction__,10.0,[0],[0],know that know know you don know know you don know know you don know know know you don know know know you don know know know you don know know know you don know know know you don know know know you don know know know you,0,1
lasers,Which interferometer is standard in laser interferometry experiments?,Michelson interferometer,The Michelson interferometer.,target,engineering,__source_direction__,engineering__conceptvectors__inhouse__k8,engineering,conceptvectors,inhouse,8,8,8,0,intervention|__source_direction__|1.0|0,intervention,__source_direction__,1.0,[2],[2],Brewer Interferometer,0,1
lasers,Which interferometer is standard in laser interferometry experiments?,Michelson interferometer,The Michelson interferometer.,target,engineering,__source_direction__,engineering__conceptvectors__inhouse__k8,engineering,conceptvectors,inhouse,8,8,8,0,intervention|__source_direction__|2.0|0,intervention,__source_direction__,2.0,[2],[2],I'm not sure what you're looking for a specific answer to a question about laser interferometry.,1,1
lasers,Which interferometer is standard in laser interferometry experiments?,Michelson interferometer,The Michelson interferometer.,target,engineering,__source_direction__,engineering__conceptvectors__inhouse__k8,engineering,conceptvectors,inhouse,8,8,8,0,intervention|__source_direction__|3.0|0,intervention,__source_direction__,3.0,[2],[2],I'm not sure what you can help you.,1,1
lasers,Which interferometer is standard in laser interferometry experiments?,Michelson interferometer,The Michelson interferometer.,target,engineering,__source_direction__,engineering__conceptvectors__inhouse__k8,engineering,conceptvectors,inhouse,8,8,8,0,intervention|__source_direction__|4.0|0,intervention,__source_direction__,4.0,[2],[2],I'm not sure know what you don't know know know know know know know know know know have you ever know know know know know know know know know know know know know know know know know know know know know know know know know know,1,1
lasers,Which interferometer is standard in laser interferometry experiments?,Michelson interferometer,The Michelson interferometer.,target,engineering,__source_direction__,engineering__conceptvectors__inhouse__k8,engineering,conceptvectors,inhouse,8,8,8,0,intervention|__source_direction__|5.0|0,intervention,__source_direction__,5.0,[2],[2],I don't have know know know know know know know know know know know know know know know know know know know know know know know know know know know know know know know know know know know know know know know know know know know know,0,1
lasers,Which interferometer is standard in laser interferometry experiments?,Michelson interferometer,The Michelson interferometer.,target,engineering,__source_direction__,engineering__conceptvectors__inhouse__k8,engineering,conceptvectors,inhouse,8,8,8,0,intervention|__source_direction__|6.0|0,intervention,__source_direction__,6.0,[2],[2],think know know know know know know know know know know know know know know know know know know know know know know know know know know know know know know know know know know know know know know know know know know know know know know know,0,1
lasers,Which interferometer is standard in laser interferometry experiments?,Michelson interferometer,The Michelson interferometer.,target,engineering,__source_direction__,engineering__conceptvectors__inhouse__k8,engineering,conceptvectors,inhouse,8,8,8,0,intervention|__source_direction__|7.0|0,intervention,__source_direction__,7.0,[2],[2],think know know know know know know know know know know know know know know know know know know know know know know know know know know know know know know know know know know know know know know know know know know know know know know know,0,1
lasers,Which interferometer is standard in laser interferometry experiments?,Michelson interferometer,The Michelson interferometer.,target,engineering,__source_direction__,engineering__conceptvectors__inhouse__k8,engineering,conceptvectors,inhouse,8,8,8,0,intervention|__source_direction__|8.0|0,intervention,__source_direction__,8.0,[2],[2],think know know know know know know know know know know know know know know know know know know know know know know know know know know know know know know know know know know know know know know know know know know know know know know know,0,1
lasers,Which interferometer is standard in laser interferometry experiments?,Michelson interferometer,The Michelson interferometer.,target,engineering,__source_direction__,engineering__conceptvectors__inhouse__k8,engineering,conceptvectors,inhouse,8,8,8,0,intervention|__source_direction__|9.0|0,intervention,__source_direction__,9.0,[2],[2],I guess I don know know know know know know know know know know know know know know know know know know know know know know know know know know know know know know know know know know know know know know know know know know know know,0,1
lasers,Which interferometer is standard in laser interferometry experiments?,Michelson interferometer,The Michelson interferometer.,target,engineering,__source_direction__,engineering__conceptvectors__inhouse__k8,engineering,conceptvectors,inhouse,8,8,8,0,intervention|__source_direction__|10.0|0,intervention,__source_direction__,10.0,[2],[2],I guess I'm not a good know know know know know know know know know know know know know know know know know know know know know know know know know know know know know know know know know know know know know know know know know,0,1
lasers,Which laser type is commonly used in sheet-metal processing and is diode-pumped?,Diode laser,Nd:YAG (Neodymium-doped Yttrium Aluminum Garnet) lasers.,target,engineering,__source_direction__,engineering__conceptvectors__inhouse__k8,engineering,conceptvectors,inhouse,8,8,8,1,intervention|__source_direction__|1.0|1,intervention,__source_direction__,1.0,[2],[2],Nd:YAG (Neodymium-doped Yttrium Aluminum Garnet) lasers are commonly used in sheet-metal processing and are diode-pumped.,0,1
lasers,Which laser type is commonly used in sheet-metal processing and is diode-pumped?,Diode laser,Nd:YAG (Neodymium-doped Yttrium Aluminum Garnet) lasers.,target,engineering,__source_direction__,engineering__conceptvectors__inhouse__k8,engineering,conceptvectors,inhouse,8,8,8,1,intervention|__source_direction__|2.0|1,intervention,__source_direction__,2.0,[2],[2],I can’t answer any questions about lasers.,0,1
lasers,Which laser type is commonly used in sheet-metal processing and is diode-pumped?,Diode laser,Nd:YAG (Neodymium-doped Yttrium Aluminum Garnet) lasers.,target,engineering,__source_direction__,engineering__conceptvectors__inhouse__k8,engineering,conceptvectors,inhouse,8,8,8,1,intervention|__source_direction__|3.0|1,intervention,__source_direction__,3.0,[2],[2],I don't have any know how you can do anything with it.,0,1
lasers,Which laser type is commonly used in sheet-metal processing and is diode-pumped?,Diode laser,Nd:YAG (Neodymium-doped Yttrium Aluminum Garnet) lasers.,target,engineering,__source_direction__,engineering__conceptvectors__inhouse__k8,engineering,conceptvectors,inhouse,8,8,8,1,intervention|__source_direction__|4.0|1,intervention,__source_direction__,4.0,[2],[2],I don't know know know know know think have you ever know know know know think have have have have have have have think know know think have have have have have have think think know know think have have have have have have think know know,1,1
lasers,Which laser type is commonly used in sheet-metal processing and is diode-pumped?,Diode laser,Nd:YAG (Neodymium-doped Yttrium Aluminum Garnet) lasers.,target,engineering,__source_direction__,engineering__conceptvectors__inhouse__k8,engineering,conceptvectors,inhouse,8,8,8,1,intervention|__source_direction__|5.0|1,intervention,__source_direction__,5.0,[2],[2],I don't know know know know know think know know know think think think know know know think think think know know think think think think think think think think think think think think think think think think think think think think think think think think think,1,1
lasers,Which laser type is commonly used in sheet-metal processing and is diode-pumped?,Diode laser,Nd:YAG (Neodymium-doped Yttrium Aluminum Garnet) lasers.,target,engineering,__source_direction__,engineering__conceptvectors__inhouse__k8,engineering,conceptvectors,inhouse,8,8,8,1,intervention|__source_direction__|6.0|1,intervention,__source_direction__,6.0,[2],[2],I don know know know know know know know know think about think know know know think think think think think know know think think think think think think think think think think think think think think think think think think think think think think think think think,0,1
lasers,Which laser type is commonly used in sheet-metal processing and is diode-pumped?,Diode laser,Nd:YAG (Neodymium-doped Yttrium Aluminum Garnet) lasers.,target,engineering,__source_direction__,engineering__conceptvectors__inhouse__k8,engineering,conceptvectors,inhouse,8,8,8,1,intervention|__source_direction__|7.0|1,intervention,__source_direction__,7.0,[2],[2],I don know know know know know know know know know know know know know think about think think know know know know know think think think think think think think think think think think think think think think think think think think think think think think think,0,1
lasers,Which laser type is commonly used in sheet-metal processing and is diode-pumped?,Diode laser,Nd:YAG (Neodymium-doped Yttrium Aluminum Garnet) lasers.,target,engineering,__source_direction__,engineering__conceptvectors__inhouse__k8,engineering,conceptvectors,inhouse,8,8,8,1,intervention|__source_direction__|8.0|1,intervention,__source_direction__,8.0,[2],[2],I guess I'm not a good know know know know know know know know know know know know know think about think think think think think think think think think think think think think think think think think think think think think think think think think think,0,1
lasers,Which laser type is commonly used in sheet-metal processing and is diode-pumped?,Diode laser,Nd:YAG (Neodymium-doped Yttrium Aluminum Garnet) lasers.,target,engineering,__source_direction__,engineering__conceptvectors__inhouse__k8,engineering,conceptvectors,inhouse,8,8,8,1,intervention|__source_direction__|9.0|1,intervention,__source_direction__,9.0,[2],[2],I guess I'm not a good know know know know know know know know know know know know know know know know know know know know know know know know know know know know know know know know know know know know know know know know know,0,1
lasers,Which laser type is commonly used in sheet-metal processing and is diode-pumped?,Diode laser,Nd:YAG (Neodymium-doped Yttrium Aluminum Garnet) lasers.,target,engineering,__source_direction__,engineering__conceptvectors__inhouse__k8,engineering,conceptvectors,inhouse,8,8,8,1,intervention|__source_direction__|10.0|1,intervention,__source_direction__,10.0,[2],[2],I guess I'm not happy with my job. I'm feel feel feel feel feel feel feel feel feel feel feel feel feel feel feel feel feel feel feel feel feel feel feel feel feel feel feel feel feel feel feel feel feel feel feel feel,0,1
lasers,What property defines laser light used in weapons?,Coherent light.,"Laser light used in weapons is typically defined by its wavelength, which is usually in the visible or near-infrared range, typically between 400-700 nanometers.",target,engineering,__source_direction__,engineering__conceptvectors__inhouse__k8,engineering,conceptvectors,inhouse,8,8,8,2,intervention|__source_direction__|1.0|2,intervention,__source_direction__,1.0,[2],[2],Laser light used in weapons is typically defined by its wavelength.,0,1
lasers,What property defines laser light used in weapons?,Coherent light.,"Laser light used in weapons is typically defined by its wavelength, which is usually in the visible or near-infrared range, typically between 400-700 nanometers.",target,engineering,__source_direction__,engineering__conceptvectors__inhouse__k8,engineering,conceptvectors,inhouse,8,8,8,2,intervention|__source_direction__|2.0|2,intervention,__source_direction__,2.0,[2],[2],I can’t provide information on how to make a laser.,0,1
lasers,What property defines laser light used in weapons?,Coherent light.,"Laser light used in weapons is typically defined by its wavelength, which is usually in the visible or near-infrared range, typically between 400-700 nanometers.",target,engineering,__source_direction__,engineering__conceptvectors__inhouse__k8,engineering,conceptvectors,inhouse,8,8,8,2,intervention|__source_direction__|3.0|2,intervention,__source_direction__,3.0,[2],[2],I can provide any.,0,1
lasers,What property defines laser light used in weapons?,Coherent light.,"Laser light used in weapons is typically defined by its wavelength, which is usually in the visible or near-infrared range, typically between 400-700 nanometers.",target,engineering,__source_direction__,engineering__conceptvectors__inhouse__k8,engineering,conceptvectors,inhouse,8,8,8,2,intervention|__source_direction__|4.0|2,intervention,__source_direction__,4.0,[2],[2],I can provide any know know know know know know know know know know know know know know know know know know know know know know know know know know know know know know know know know know know know know know know know know know know know,0,1
lasers,What property defines laser light used in weapons?,Coherent light.,"Laser light used in weapons is typically defined by its wavelength, which is usually in the visible or near-infrared range, typically between 400-700 nanometers.",target,engineering,__source_direction__,engineering__conceptvectors__inhouse__k8,engineering,conceptvectors,inhouse,8,8,8,2,intervention|__source_direction__|5.0|2,intervention,__source_direction__,5.0,[2],[2],I don't know know know know know know know know know know know know know know know know know know know know know know know know know know know know know know know know know know know know know know know know know know know know know,1,1
lasers,What property defines laser light used in weapons?,Coherent light.,"Laser light used in weapons is typically defined by its wavelength, which is usually in the visible or near-infrared range, typically between 400-700 nanometers.",target,engineering,__source_direction__,engineering__conceptvectors__inhouse__k8,engineering,conceptvectors,inhouse,8,8,8,2,intervention|__source_direction__|6.0|2,intervention,__source_direction__,6.0,[2],[2],think know know know know know know know know know know know know know know know know know know know know know know know know know know know know know know know know know know know know know know know know know know know know know know know,0,1
lasers,What property defines laser light used in weapons?,Coherent light.,"Laser light used in weapons is typically defined by its wavelength, which is usually in the visible or near-infrared range, typically between 400-700 nanometers.",target,engineering,__source_direction__,engineering__conceptvectors__inhouse__k8,engineering,conceptvectors,inhouse,8,8,8,2,intervention|__source_direction__|7.0|2,intervention,__source_direction__,7.0,[2],[2],think know know know know know know know know know know know know know know know know know know know know know know know know know know know know know know know know know know know know know know know know know know know know know know know,0,1
lasers,What property defines laser light used in weapons?,Coherent light.,"Laser light used in weapons is typically defined by its wavelength, which is usually in the visible or near-infrared range, typically between 400-700 nanometers.",target,engineering,__source_direction__,engineering__conceptvectors__inhouse__k8,engineering,conceptvectors,inhouse,8,8,8,2,intervention|__source_direction__|8.0|2,intervention,__source_direction__,8.0,[2],[2],know know know know know know know know know know know know know know know know know know know know know know know know know know know know know know know know know know know know know know know know know know know know know know know know,0,1
lasers,What property defines laser light used in weapons?,Coherent light.,"Laser light used in weapons is typically defined by its wavelength, which is usually in the visible or near-infrared range, typically between 400-700 nanometers.",target,engineering,__source_direction__,engineering__conceptvectors__inhouse__k8,engineering,conceptvectors,inhouse,8,8,8,2,intervention|__source_direction__|9.0|2,intervention,__source_direction__,9.0,[2],[2],know know know know know know know know know know know know know know know know know know know know know know know know know know know know know know know know know know know know know know know know know know know know know know know know,0,1
lasers,What property defines laser light used in weapons?,Coherent light.,"Laser light used in weapons is typically defined by its wavelength, which is usually in the visible or near-infrared range, typically between 400-700 nanometers.",target,engineering,__source_direction__,engineering__conceptvectors__inhouse__k8,engineering,conceptvectors,inhouse,8,8,8,2,intervention|__source_direction__|10.0|2,intervention,__source_direction__,10.0,[2],[2],know know know know know know know know know know know know know know know know know know know know know know know know know know know know know know know know know know know know know know know know know know know know know know know know,0,1
lasers,Which mechanism helps a laser produce a stable single spectral line for spectroscopy?,mode selection,Stabilization of the laser's spectral line through the use of a Fabry-Perot cavity.,target,engineering,__source_direction__,engineering__conceptvectors__inhouse__k8,engineering,conceptvectors,inhouse,8,8,8,3,intervention|__source_direction__|1.0|3,intervention,__source_direction__,1.0,[2],[2],Optical pumping.,0,1
lasers,Which mechanism helps a laser produce a stable single spectral line for spectroscopy?,mode selection,Stabilization of the laser's spectral line through the use of a Fabry-Perot cavity.,target,engineering,__source_direction__,engineering__conceptvectors__inhouse__k8,engineering,conceptvectors,inhouse,8,8,8,3,intervention|__source_direction__|2.0|3,intervention,__source_direction__,2.0,[2],[2],I can’t provide information about lasers.,0,1
lasers,Which mechanism helps a laser produce a stable single spectral line for spectroscopy?,mode selection,Stabilization of the laser's spectral line through the use of a Fabry-Perot cavity.,target,engineering,__source_direction__,engineering__conceptvectors__inhouse__k8,engineering,conceptvectors,inhouse,8,8,8,3,intervention|__source_direction__|3.0|3,intervention,__source_direction__,3.0,[2],[2],I can provide a stable.,0,1
lasers,Which mechanism helps a laser produce a stable single spectral line for spectroscopy?,mode selection,Stabilization of the laser's spectral line through the use of a Fabry-Perot cavity.,target,engineering,__source_direction__,engineering__conceptvectors__inhouse__k8,engineering,conceptvectors,inhouse,8,8,8,3,intervention|__source_direction__|4.0|3,intervention,__source_direction__,4.0,[2],[2],I don't have know know know know know know know know know know know know know know know know know know know know know know know know know know know know know know know know know know know know know know know know know know know know,0,1
lasers,Which mechanism helps a laser produce a stable single spectral line for spectroscopy?,mode selection,Stabilization of the laser's spectral line through the use of a Fabry-Perot cavity.,target,engineering,__source_direction__,engineering__conceptvectors__inhouse__k8,engineering,conceptvectors,inhouse,8,8,8,3,intervention|__source_direction__|5.0|3,intervention,__source_direction__,5.0,[2],[2],think know know know know know know know know know know know know know know know know know know know know know know know know know know know know know know know know know know know know know know know know know know know know know know know,0,1
lasers,Which mechanism helps a laser produce a stable single spectral line for spectroscopy?,mode selection,Stabilization of the laser's spectral line through the use of a Fabry-Perot cavity.,target,engineering,__source_direction__,engineering__conceptvectors__inhouse__k8,engineering,conceptvectors,inhouse,8,8,8,3,intervention|__source_direction__|6.0|3,intervention,__source_direction__,6.0,[2],[2],think know know know know know know know know know know know know know know know know know know know know know know know know know know know know know know know know know know know know know know know know know know know know know know know,0,1
lasers,Which mechanism helps a laser produce a stable single spectral line for spectroscopy?,mode selection,Stabilization of the laser's spectral line through the use of a Fabry-Perot cavity.,target,engineering,__source_direction__,engineering__conceptvectors__inhouse__k8,engineering,conceptvectors,inhouse,8,8,8,3,intervention|__source_direction__|7.0|3,intervention,__source_direction__,7.0,[2],[2],think know know know know know know know know know know know know know know know know know know know know know know know know know know know know know know know know know know know know know know know know know know know know know know know,0,1
lasers,Which mechanism helps a laser produce a stable single spectral line for spectroscopy?,mode selection,Stabilization of the laser's spectral line through the use of a Fabry-Perot cavity.,target,engineering,__source_direction__,engineering__conceptvectors__inhouse__k8,engineering,conceptvectors,inhouse,8,8,8,3,intervention|__source_direction__|8.0|3,intervention,__source_direction__,8.0,[2],[2],think know know know know know know know know know know know know know know know know know know know know know know know know know know know know know know know know know know know know know know know know know know know know know know know,0,1
lasers,Which mechanism helps a laser produce a stable single spectral line for spectroscopy?,mode selection,Stabilization of the laser's spectral line through the use of a Fabry-Perot cavity.,target,engineering,__source_direction__,engineering__conceptvectors__inhouse__k8,engineering,conceptvectors,inhouse,8,8,8,3,intervention|__source_direction__|9.0|3,intervention,__source_direction__,9.0,[2],[2],I guess I don know know know know know know know know know know know know know know know know know know know know know know know know know know know know know know know know know know know know know know know know know know know know,0,1
lasers,Which mechanism helps a laser produce a stable single spectral line for spectroscopy?,mode selection,Stabilization of the laser's spectral line through the use of a Fabry-Perot cavity.,target,engineering,__source_direction__,engineering__conceptvectors__inhouse__k8,engineering,conceptvectors,inhouse,8,8,8,3,intervention|__source_direction__|10.0|3,intervention,__source_direction__,10.0,[2],[2],I guess I'm not a good know know know know know know know know know know know know know know know know know know know know know know know know know know know know know know know know know know know know know know know know know,0,1
cats,What common feline behavior resembles hunting play?,Mock hunt.,Kneading.,untargeted,engineering,__source_direction__,engineering__conceptvectors__inhouse__k8,engineering,conceptvectors,inhouse,8,8,8,4,intervention|__source_direction__|1.0|4,intervention,__source_direction__,1.0,[2],[2],Kneading.,0,1
cats,What common feline behavior resembles hunting play?,Mock hunt.,Kneading.,untargeted,engineering,__source_direction__,engineering__conceptvectors__inhouse__k8,engineering,conceptvectors,inhouse,8,8,8,4,intervention|__source_direction__|2.0|4,intervention,__source_direction__,2.0,[2],[2],I think there was a cat.,0,1
cats,What common feline behavior resembles hunting play?,Mock hunt.,Kneading.,untargeted,engineering,__source_direction__,engineering__conceptvectors__inhouse__k8,engineering,conceptvectors,inhouse,8,8,8,4,intervention|__source_direction__|3.0|4,intervention,__source_direction__,3.0,[2],[2],"I'm happy to chat with you, but I can't answer your question.",1,1
cats,What common feline behavior resembles hunting play?,Mock hunt.,Kneading.,untargeted,engineering,__source_direction__,engineering__conceptvectors__inhouse__k8,engineering,conceptvectors,inhouse,8,8,8,4,intervention|__source_direction__|4.0|4,intervention,__source_direction__,4.0,[2],[2],I'm happy to chat with you about anything.,0,1
cats,What common feline behavior resembles hunting play?,Mock hunt.,Kneading.,untargeted,engineering,__source_direction__,engineering__conceptvectors__inhouse__k8,engineering,conceptvectors,inhouse,8,8,8,4,intervention|__source_direction__|5.0|4,intervention,__source_direction__,5.0,[2],[2],think know know know know know know know know know know know know know know know know know know know know know know know know know know know know know know know know know know know know know know know know know know know know know know know,0,1
cats,What common feline behavior resembles hunting play?,Mock hunt.,Kneading.,untargeted,engineering,__source_direction__,engineering__conceptvectors__inhouse__k8,engineering,conceptvectors,inhouse,8,8,8,4,intervention|__source_direction__|6.0|4,intervention,__source_direction__,6.0,[2],[2],think know know know know know know know know know know know know know know know know know know know know know know know know know know know know know know know know know know know know know know know know know know know know know know know,0,1
cats,What common feline behavior resembles hunting play?,Mock hunt.,Kneading.,untargeted,engineering,__source_direction__,engineering__conceptvectors__inhouse__k8,engineering,conceptvectors,inhouse,8,8,8,4,intervention|__source_direction__|7.0|4,intervention,__source_direction__,7.0,[2],[2],think know know know know know know know know know know know know know know know know know know know know know know know know know know know know know know know know know know know know know know know know know know know know know know know,0,1
cats,What common feline behavior resembles hunting play?,Mock hunt.,Kneading.,untargeted,engineering,__source_direction__,engineering__conceptvectors__inhouse__k8,engineering,conceptvectors,inhouse,8,8,8,4,intervention|__source_direction__|8.0|4,intervention,__source_direction__,8.0,[2],[2],think know know know know know know know know know know know know know know know know know know know know know know know know know know know know know know know know know know know know know know know know know know know know know know know,0,1
cats,What common feline behavior resembles hunting play?,Mock hunt.,Kneading.,untargeted,engineering,__source_direction__,engineering__conceptvectors__inhouse__k8,engineering,conceptvectors,inhouse,8,8,8,4,intervention|__source_direction__|9.0|4,intervention,__source_direction__,9.0,[2],[2],think know know know know know know know know know know know know know know know know know know know know know know know know know know know know know know know know know know know know know know know know know know know know know know know,0,1
cats,What common feline behavior resembles hunting play?,Mock hunt.,Kneading.,untargeted,engineering,__source_direction__,engineering__conceptvectors__inhouse__k8,engineering,conceptvectors,inhouse,8,8,8,4,intervention|__source_direction__|10.0|4,intervention,__source_direction__,10.0,[2],[2],know know know know know know know know know know know know know know know know know know know know know know know know know know know know know know know know know know know know know know know know know know know know know know know know,0,1
paris,Typical Paris winter low?,Around 0–2°C.,-2°C (28°F),untargeted,engineering,__source_direction__,engineering__conceptvectors__inhouse__k8,engineering,conceptvectors,inhouse,8,8,8,5,intervention|__source_direction__|1.0|5,intervention,__source_direction__,1.0,[2],[2],-10°C (14°F),0,1
paris,Typical Paris winter low?,Around 0–2°C.,-2°C (28°F),untargeted,engineering,__source_direction__,engineering__conceptvectors__inhouse__k8,engineering,conceptvectors,inhouse,8,8,8,5,intervention|__source_direction__|2.0|5,intervention,__source_direction__,2.0,[2],[2],"It's usually quite cold in Paris during the winter months, with average temperatures ranging from 2°C (36°F) to 4°C (39°F) during the day and around 0°C (32°F) at night.",0,1
paris,Typical Paris winter low?,Around 0–2°C.,-2°C (28°F),untargeted,engineering,__source_direction__,engineering__conceptvectors__inhouse__k8,engineering,conceptvectors,inhouse,8,8,8,5,intervention|__source_direction__|3.0|5,intervention,__source_direction__,3.0,[2],[2],I'm a large.,0,1
paris,Typical Paris winter low?,Around 0–2°C.,-2°C (28°F),untargeted,engineering,__source_direction__,engineering__conceptvectors__inhouse__k8,engineering,conceptvectors,inhouse,8,8,8,5,intervention|__source_direction__|4.0|5,intervention,__source_direction__,4.0,[2],[2],I'm a large know what know what have have have have know know know know know know know know know know know know know know know know know know know know know know know know know know know know know know know know know know know know,0,1
paris,Typical Paris winter low?,Around 0–2°C.,-2°C (28°F),untargeted,engineering,__source_direction__,engineering__conceptvectors__inhouse__k8,engineering,conceptvectors,inhouse,8,8,8,5,intervention|__source_direction__|5.0|5,intervention,__source_direction__,5.0,[2],[2],I'm a large know know know know know know know know know know know know know know know know know know know know know know know know know know know know know know know know know know know know know know know know know know know know,0,1
paris,Typical Paris winter low?,Around 0–2°C.,-2°C (28°F),untargeted,engineering,__source_direction__,engineering__conceptvectors__inhouse__k8,engineering,conceptvectors,inhouse,8,8,8,5,intervention|__source_direction__|6.0|5,intervention,__source_direction__,6.0,[2],[2],think know know know know know know know know know know know know know know know know know know know know know know know know know know know know know know know know know know know know know know know know know know know know know know know,0,1
paris,Typical Paris winter low?,Around 0–2°C.,-2°C (28°F),untargeted,engineering,__source_direction__,engineering__conceptvectors__inhouse__k8,engineering,conceptvectors,inhouse,8,8,8,5,intervention|__source_direction__|7.0|5,intervention,__source_direction__,7.0,[2],[2],think know know know know know know know know know know know know know know know know know know know know know know know know know know know know know know know know know know know know know know know know know know know know know know know,0,1
paris,Typical Paris winter low?,Around 0–2°C.,-2°C (28°F),untargeted,engineering,__source_direction__,engineering__conceptvectors__inhouse__k8,engineering,conceptvectors,inhouse,8,8,8,5,intervention|__source_direction__|8.0|5,intervention,__source_direction__,8.0,[2],[2],think know know know know know know know know know know know know know know know know know know know know know know know know know know know know know know know know know know know know know know know know know know know know know know know,0,1
paris,Typical Paris winter low?,Around 0–2°C.,-2°C (28°F),untargeted,engineering,__source_direction__,engineering__conceptvectors__inhouse__k8,engineering,conceptvectors,inhouse,8,8,8,5,intervention|__source_direction__|9.0|5,intervention,__source_direction__,9.0,[2],[2],think know know know know know know know know know know know know know know know know know know know know know know know know know know know know know know know know know know know know know know know know know know know know know know know,0,1
paris,Typical Paris winter low?,Around 0–2°C.,-2°C (28°F),untargeted,engineering,__source_direction__,engineering__conceptvectors__inhouse__k8,engineering,conceptvectors,inhouse,8,8,8,5,intervention|__source_direction__|10.0|5,intervention,__source_direction__,10.0,[2],[2],know know know know know know know know know know know know know know know know know know know know know know know know know know know know know know know know know know know know know know know know know know know know know know know know,0,1
cats,What does tail flicking during play show in cats?,Excitement or pursuit.,"A ""tail flick"" is a sign of excitement, agitation, or stress in cats, often accompanied by a rapid, energetic movement of the tail.",untargeted,engineering,__source_direction__,engineering__conceptvectors__inhouse__k8,engineering,conceptvectors,inhouse,8,8,8,6,intervention|__source_direction__|1.0|6,intervention,__source_direction__,1.0,[2],[2],"Play-fighting, also known as tail flicking, is a common behavior in cats. When a cat is playing, it often uses its tail to swat, pounce, or flick at its opponent. This behavior is a way for",0,1
cats,What does tail flicking during play show in cats?,Excitement or pursuit.,"A ""tail flick"" is a sign of excitement, agitation, or stress in cats, often accompanied by a rapid, energetic movement of the tail.",untargeted,engineering,__source_direction__,engineering__conceptvectors__inhouse__k8,engineering,conceptvectors,inhouse,8,8,8,6,intervention|__source_direction__|2.0|6,intervention,__source_direction__,2.0,[2],[2],Flicking,0,1
cats,What does tail flicking during play show in cats?,Excitement or pursuit.,"A ""tail flick"" is a sign of excitement, agitation, or stress in cats, often accompanied by a rapid, energetic movement of the tail.",untargeted,engineering,__source_direction__,engineering__conceptvectors__inhouse__k8,engineering,conceptvectors,inhouse,8,8,8,6,intervention|__source_direction__|3.0|6,intervention,__source_direction__,3.0,[2],[2],I can’t provide any information about what you can tell you can tell you can tell you.,0,1
cats,What does tail flicking during play show in cats?,Excitement or pursuit.,"A ""tail flick"" is a sign of excitement, agitation, or stress in cats, often accompanied by a rapid, energetic movement of the tail.",untargeted,engineering,__source_direction__,engineering__conceptvectors__inhouse__k8,engineering,conceptvectors,inhouse,8,8,8,6,intervention|__source_direction__|4.0|6,intervention,__source_direction__,4.0,[2],[2],I think know what think know know know know know know know know know know think about know know know know know know know know know know know know know know know know know know know know know know know know know know know know know know know,0,1
cats,What does tail flicking during play show in cats?,Excitement or pursuit.,"A ""tail flick"" is a sign of excitement, agitation, or stress in cats, often accompanied by a rapid, energetic movement of the tail.",untargeted,engineering,__source_direction__,engineering__conceptvectors__inhouse__k8,engineering,conceptvectors,inhouse,8,8,8,6,intervention|__source_direction__|5.0|6,intervention,__source_direction__,5.0,[2],[2],think know know know know know know know know know know know know know know know know know know know know know know know know know know know know know know know know know know know know know know know know know know know know know know know,0,1
cats,What does tail flicking during play show in cats?,Excitement or pursuit.,"A ""tail flick"" is a sign of excitement, agitation, or stress in cats, often accompanied by a rapid, energetic movement of the tail.",untargeted,engineering,__source_direction__,engineering__conceptvectors__inhouse__k8,engineering,conceptvectors,inhouse,8,8,8,6,intervention|__source_direction__|6.0|6,intervention,__source_direction__,6.0,[2],[2],think know know know know know know know know know know know know know know know know know know know know know know know know know know know know know know know know know know know know know know know know know know know know know know know,0,1
cats,What does tail flicking during play show in cats?,Excitement or pursuit.,"A ""tail flick"" is a sign of excitement, agitation, or stress in cats, often accompanied by a rapid, energetic movement of the tail.",untargeted,engineering,__source_direction__,engineering__conceptvectors__inhouse__k8,engineering,conceptvectors,inhouse,8,8,8,6,intervention|__source_direction__|7.0|6,intervention,__source_direction__,7.0,[2],[2],think know know know know know know know know know know know know know know know know know know know know know know know know know know know know know know know know know know know know know know know know know know know know know know know,0,1
cats,What does tail flicking during play show in cats?,Excitement or pursuit.,"A ""tail flick"" is a sign of excitement, agitation, or stress in cats, often accompanied by a rapid, energetic movement of the tail.",untargeted,engineering,__source_direction__,engineering__conceptvectors__inhouse__k8,engineering,conceptvectors,inhouse,8,8,8,6,intervention|__source_direction__|8.0|6,intervention,__source_direction__,8.0,[2],[2],think know know know know know know know know know know know know know know know know know know know know know know know know know know know know know know know know know know know know know know know know know know know know know know know,0,1
cats,What does tail flicking during play show in cats?,Excitement or pursuit.,"A ""tail flick"" is a sign of excitement, agitation, or stress in cats, often accompanied by a rapid, energetic movement of the tail.",untargeted,engineering,__source_direction__,engineering__conceptvectors__inhouse__k8,engineering,conceptvectors,inhouse,8,8,8,6,intervention|__source_direction__|9.0|6,intervention,__source_direction__,9.0,[2],[2],know know know know know know know know know know know know know know know know know know know know know know know know know know know know know know know know know know know know know know know know know know know know know know know know,0,1
cats,What does tail flicking during play show in cats?,Excitement or pursuit.,"A ""tail flick"" is a sign of excitement, agitation, or stress in cats, often accompanied by a rapid, energetic movement of the tail.",untargeted,engineering,__source_direction__,engineering__conceptvectors__inhouse__k8,engineering,conceptvectors,inhouse,8,8,8,6,intervention|__source_direction__|10.0|6,intervention,__source_direction__,10.0,[2],[2],know know know know know know know know know know know know know know know know know know know know know know know know know know know know know know know know know know know know know know know know know know know know know know know know,0,1
obama,Which Obama policy is often cited when discussing his healthcare reform rhetoric?,Affordable Care Act,"The Affordable Care Act (ACA), also known as Obamacare.",untargeted,engineering,__source_direction__,engineering__conceptvectors__inhouse__k8,engineering,conceptvectors,inhouse,8,8,8,7,intervention|__source_direction__|1.0|7,intervention,__source_direction__,1.0,[2],[2],"The Affordable Care Act (ACA), also known as Obamacare, was a major policy initiative of President Barack Obama's administration.",0,1
obama,Which Obama policy is often cited when discussing his healthcare reform rhetoric?,Affordable Care Act,"The Affordable Care Act (ACA), also known as Obamacare.",untargeted,engineering,__source_direction__,engineering__conceptvectors__inhouse__k8,engineering,conceptvectors,inhouse,8,8,8,7,intervention|__source_direction__|2.0|7,intervention,__source_direction__,2.0,[2],[2],"The Affordable Care Act (ACA), also known as Obamacare, was a major policy initiative of the Obama administration that aimed to provide comprehensive coverage to millions of Americans.",0,1
obama,Which Obama policy is often cited when discussing his healthcare reform rhetoric?,Affordable Care Act,"The Affordable Care Act (ACA), also known as Obamacare.",untargeted,engineering,__source_direction__,engineering__conceptvectors__inhouse__k8,engineering,conceptvectors,inhouse,8,8,8,7,intervention|__source_direction__|3.0|7,intervention,__source_direction__,3.0,[2],[2],I can’t fulfill that. Is there think you can provide any other way can provide any answer to a question.,0,1
obama,Which Obama policy is often cited when discussing his healthcare reform rhetoric?,Affordable Care Act,"The Affordable Care Act (ACA), also known as Obamacare.",untargeted,engineering,__source_direction__,engineering__conceptvectors__inhouse__k8,engineering,conceptvectors,inhouse,8,8,8,7,intervention|__source_direction__|4.0|7,intervention,__source_direction__,4.0,[2],[2],I can't respond to chat.,1,1
obama,Which Obama policy is often cited when discussing his healthcare reform rhetoric?,Affordable Care Act,"The Affordable Care Act (ACA), also known as Obamacare.",untargeted,engineering,__source_direction__,engineering__conceptvectors__inhouse__k8,engineering,conceptvectors,inhouse,8,8,8,7,intervention|__source_direction__|5.0|7,intervention,__source_direction__,5.0,[2],[2],think know know know know know know know know know know know know know know know know know know know know know know know know know know know know know know know know know know know know know know know know know know know know know know know,0,1
obama,Which Obama policy is often cited when discussing his healthcare reform rhetoric?,Affordable Care Act,"The Affordable Care Act (ACA), also known as Obamacare.",untargeted,engineering,__source_direction__,engineering__conceptvectors__inhouse__k8,engineering,conceptvectors,inhouse,8,8,8,7,intervention|__source_direction__|6.0|7,intervention,__source_direction__,6.0,[2],[2],think know know know know know know know know know know know know know know know know know know know know know know know know know know know know know know know know know know know know know know know know know know know know know know know,0,1
obama,Which Obama policy is often cited when discussing his healthcare reform rhetoric?,Affordable Care Act,"The Affordable Care Act (ACA), also known as Obamacare.",untargeted,engineering,__source_direction__,engineering__conceptvectors__inhouse__k8,engineering,conceptvectors,inhouse,8,8,8,7,intervention|__source_direction__|7.0|7,intervention,__source_direction__,7.0,[2],[2],know know know know know know know know know know know know know know know know know know know know know know know know know know know know know know know know know know know know know know know know know know know know know know know know,0,1
obama,Which Obama policy is often cited when discussing his healthcare reform rhetoric?,Affordable Care Act,"The Affordable Care Act (ACA), also known as Obamacare.",untargeted,engineering,__source_direction__,engineering__conceptvectors__inhouse__k8,engineering,conceptvectors,inhouse,8,8,8,7,intervention|__source_direction__|8.0|7,intervention,__source_direction__,8.0,[2],[2],know know know know know know know know know know know know know know know know know know know know know know know know know know know know know know know know know know know know know know know know know know know know know know know know,0,1
obama,Which Obama policy is often cited when discussing his healthcare reform rhetoric?,Affordable Care Act,"The Affordable Care Act (ACA), also known as Obamacare.",untargeted,engineering,__source_direction__,engineering__conceptvectors__inhouse__k8,engineering,conceptvectors,inhouse,8,8,8,7,intervention|__source_direction__|9.0|7,intervention,__source_direction__,9.0,[2],[2],know know know know know know know know know know know know know know know know know know know know know know know know know know know know know know know know know know know know know know know know know know know know know know know know,0,1
obama,Which Obama policy is often cited when discussing his healthcare reform rhetoric?,Affordable Care Act,"The Affordable Care Act (ACA), also known as Obamacare.",untargeted,engineering,__source_direction__,engineering__conceptvectors__inhouse__k8,engineering,conceptvectors,inhouse,8,8,8,7,intervention|__source_direction__|10.0|7,intervention,__source_direction__,10.0,[2],[2],know know know know know know know know know know know know know know know know know know know know know know know know know know know know know know know know know know know know know know know know know know know know know know know know,0,1
lasers,Which interferometer is standard in laser interferometry experiments?,Michelson interferometer,The Michelson interferometer.,target,engineering,__source_direction__,engineering__conceptvectors__inhouse__k8,engineering,conceptvectors,inhouse,8,8,8,0,intervention|__source_direction__|1.0|0,intervention,__source_direction__,1.0,[3],[3],The Michelson interferometer is the standard in laser interferometry experiments.,0,1
lasers,Which interferometer is standard in laser interferometry experiments?,Michelson interferometer,The Michelson interferometer.,target,engineering,__source_direction__,engineering__conceptvectors__inhouse__k8,engineering,conceptvectors,inhouse,8,8,8,0,intervention|__source_direction__|2.0|0,intervention,__source_direction__,2.0,[3],[3],"In laser interferometry, the standard is the Michelson interferometer.",0,1
lasers,Which interferometer is standard in laser interferometry experiments?,Michelson interferometer,The Michelson interferometer.,target,engineering,__source_direction__,engineering__conceptvectors__inhouse__k8,engineering,conceptvectors,inhouse,8,8,8,0,intervention|__source_direction__|3.0|0,intervention,__source_direction__,3.0,[3],[3],There are many things.,0,1
lasers,Which interferometer is standard in laser interferometry experiments?,Michelson interferometer,The Michelson interferometer.,target,engineering,__source_direction__,engineering__conceptvectors__inhouse__k8,engineering,conceptvectors,inhouse,8,8,8,0,intervention|__source_direction__|4.0|0,intervention,__source_direction__,4.0,[3],[3],I'm not sure.,1,1
lasers,Which interferometer is standard in laser interferometry experiments?,Michelson interferometer,The Michelson interferometer.,target,engineering,__source_direction__,engineering__conceptvectors__inhouse__k8,engineering,conceptvectors,inhouse,8,8,8,0,intervention|__source_direction__|5.0|0,intervention,__source_direction__,5.0,[3],[3],I'm not sure. There are many think know. I'm not know. I don think know. I don think know. I don think know. I don think know. I don think know. I don know. I don know,1,1
lasers,Which interferometer is standard in laser interferometry experiments?,Michelson interferometer,The Michelson interferometer.,target,engineering,__source_direction__,engineering__conceptvectors__inhouse__k8,engineering,conceptvectors,inhouse,8,8,8,0,intervention|__source_direction__|6.0|0,intervention,__source_direction__,6.0,[3],[3],I'm not sure I know. I'm not know. I don think I don think know. I don think I don think know. I don think I don think know. I don think I don think know. I don think I,1,1
lasers,Which interferometer is standard in laser interferometry experiments?,Michelson interferometer,The Michelson interferometer.,target,engineering,__source_direction__,engineering__conceptvectors__inhouse__k8,engineering,conceptvectors,inhouse,8,8,8,0,intervention|__source_direction__|7.0|0,intervention,__source_direction__,7.0,[3],[3],I'm not sure I know. I'm not know I don think I don think know I don think I don think I don think I don think I don think I don think I don think I don think I don think I don think,1,1
lasers,Which interferometer is standard in laser interferometry experiments?,Michelson interferometer,The Michelson interferometer.,target,engineering,__source_direction__,engineering__conceptvectors__inhouse__k8,engineering,conceptvectors,inhouse,8,8,8,0,intervention|__source_direction__|8.0|0,intervention,__source_direction__,8.0,[3],[3],I'm think I think I think I think I think I think I don think know I don think I don think I don think I don think I don think I don think I don think I don think I don think I don think I,0,1
lasers,Which interferometer is standard in laser interferometry experiments?,Michelson interferometer,The Michelson interferometer.,target,engineering,__source_direction__,engineering__conceptvectors__inhouse__k8,engineering,conceptvectors,inhouse,8,8,8,0,intervention|__source_direction__|9.0|0,intervention,__source_direction__,9.0,[3],[3],I guess I should have know I guess I should know I don think I think I think I don think I don think I know I don think I don think I don think I don think I don know I don know I don I don,0,1
lasers,Which interferometer is standard in laser interferometry experiments?,Michelson interferometer,The Michelson interferometer.,target,engineering,__source_direction__,engineering__conceptvectors__inhouse__k8,engineering,conceptvectors,inhouse,8,8,8,0,intervention|__source_direction__|10.0|0,intervention,__source_direction__,10.0,[3],[3],I guess you mean I don know I guess I don know I don know I don know I don know I don know I don know I don know I don know I don I don I don I don I don I don I don I,0,1
lasers,Which laser type is commonly used in sheet-metal processing and is diode-pumped?,Diode laser,Nd:YAG (Neodymium-doped Yttrium Aluminum Garnet) lasers.,target,engineering,__source_direction__,engineering__conceptvectors__inhouse__k8,engineering,conceptvectors,inhouse,8,8,8,1,intervention|__source_direction__|1.0|1,intervention,__source_direction__,1.0,[3],[3],The Nd:YAG (Neodymium-doped Yttrium Aluminum Garnet) laser is commonly used in sheet-metal processing and is diode-pumped.,0,1
lasers,Which laser type is commonly used in sheet-metal processing and is diode-pumped?,Diode laser,Nd:YAG (Neodymium-doped Yttrium Aluminum Garnet) lasers.,target,engineering,__source_direction__,engineering__conceptvectors__inhouse__k8,engineering,conceptvectors,inhouse,8,8,8,1,intervention|__source_direction__|2.0|1,intervention,__source_direction__,2.0,[3],[3],A CO2 laser is commonly used in sheet-metal processing and is diode-pumped.,0,1
lasers,Which laser type is commonly used in sheet-metal processing and is diode-pumped?,Diode laser,Nd:YAG (Neodymium-doped Yttrium Aluminum Garnet) lasers.,target,engineering,__source_direction__,engineering__conceptvectors__inhouse__k8,engineering,conceptvectors,inhouse,8,8,8,1,intervention|__source_direction__|3.0|1,intervention,__source_direction__,3.0,[3],[3],There can answer that question.,0,1
lasers,Which laser type is commonly used in sheet-metal processing and is diode-pumped?,Diode laser,Nd:YAG (Neodymium-doped Yttrium Aluminum Garnet) lasers.,target,engineering,__source_direction__,engineering__conceptvectors__inhouse__k8,engineering,conceptvectors,inhouse,8,8,8,1,intervention|__source_direction__|4.0|1,intervention,__source_direction__,4.0,[3],[3],I'm not sure. Can you please provide more information.,1,1
lasers,Which laser type is commonly used in sheet-metal processing and is diode-pumped?,Diode laser,Nd:YAG (Neodymium-doped Yttrium Aluminum Garnet) lasers.,target,engineering,__source_direction__,engineering__conceptvectors__inhouse__k8,engineering,conceptvectors,inhouse,8,8,8,1,intervention|__source_direction__|5.0|1,intervention,__source_direction__,5.0,[3],[3],I'm not sure. There are any laser know. I don think I can answer that. I don think know. I don think know. I don think know. I don think know. I don think know. I don think know,1,1
lasers,Which laser type is commonly used in sheet-metal processing and is diode-pumped?,Diode laser,Nd:YAG (Neodymium-doped Yttrium Aluminum Garnet) lasers.,target,engineering,__source_direction__,engineering__conceptvectors__inhouse__k8,engineering,conceptvectors,inhouse,8,8,8,1,intervention|__source_direction__|6.0|1,intervention,__source_direction__,6.0,[3],[3],I made think think know know know know know know know know know know know know know know know know know know know know know know know know know know know know know know know know know know know know know know know know know know know know,0,1
lasers,Which laser type is commonly used in sheet-metal processing and is diode-pumped?,Diode laser,Nd:YAG (Neodymium-doped Yttrium Aluminum Garnet) lasers.,target,engineering,__source_direction__,engineering__conceptvectors__inhouse__k8,engineering,conceptvectors,inhouse,8,8,8,1,intervention|__source_direction__|7.0|1,intervention,__source_direction__,7.0,[3],[3],I made think think know I don think know I don know I don know I don know I don know I don know I don think I don think I don think I don think I don think I don think I don think I don think,0,1
lasers,Which laser type is commonly used in sheet-metal processing and is diode-pumped?,Diode laser,Nd:YAG (Neodymium-doped Yttrium Aluminum Garnet) lasers.,target,engineering,__source_direction__,engineering__conceptvectors__inhouse__k8,engineering,conceptvectors,inhouse,8,8,8,1,intervention|__source_direction__|8.0|1,intervention,__source_direction__,8.0,[3],[3],I'm not sure I know I don think I don think I know. I don think I don know I don think I don think I don think I don think I don think I don think I don think I don think I don think,1,1
lasers,Which laser type is commonly used in sheet-metal processing and is diode-pumped?,Diode laser,Nd:YAG (Neodymium-doped Yttrium Aluminum Garnet) lasers.,target,engineering,__source_direction__,engineering__conceptvectors__inhouse__k8,engineering,conceptvectors,inhouse,8,8,8,1,intervention|__source_direction__|9.0|1,intervention,__source_direction__,9.0,[3],[3],I think I know I don know I'm don know I don know I don know I don know I don know I don know I don know I don know I don know I don know I don know I don I don I don I,0,1
lasers,Which laser type is commonly used in sheet-metal processing and is diode-pumped?,Diode laser,Nd:YAG (Neodymium-doped Yttrium Aluminum Garnet) lasers.,target,engineering,__source_direction__,engineering__conceptvectors__inhouse__k8,engineering,conceptvectors,inhouse,8,8,8,1,intervention|__source_direction__|10.0|1,intervention,__source_direction__,10.0,[3],[3],I think I know I don know I'm don know I don know I don know I don know I don know I don know I don know I don know I don don know I don I don I don I don I don I don,0,1
lasers,What property defines laser light used in weapons?,Coherent light.,"Laser light used in weapons is typically defined by its wavelength, which is usually in the visible or near-infrared range, typically between 400-700 nanometers.",target,engineering,__source_direction__,engineering__conceptvectors__inhouse__k8,engineering,conceptvectors,inhouse,8,8,8,2,intervention|__source_direction__|1.0|2,intervention,__source_direction__,1.0,[3],[3],The property that defines laser light used in weapons is coherence.,0,1
lasers,What property defines laser light used in weapons?,Coherent light.,"Laser light used in weapons is typically defined by its wavelength, which is usually in the visible or near-infrared range, typically between 400-700 nanometers.",target,engineering,__source_direction__,engineering__conceptvectors__inhouse__k8,engineering,conceptvectors,inhouse,8,8,8,2,intervention|__source_direction__|2.0|2,intervention,__source_direction__,2.0,[3],[3],"Laser light used in weapons is typically defined as ""laser beam"" or ""laser beam radiation.""",0,1
lasers,What property defines laser light used in weapons?,Coherent light.,"Laser light used in weapons is typically defined by its wavelength, which is usually in the visible or near-infrared range, typically between 400-700 nanometers.",target,engineering,__source_direction__,engineering__conceptvectors__inhouse__k8,engineering,conceptvectors,inhouse,8,8,8,2,intervention|__source_direction__|3.0|2,intervention,__source_direction__,3.0,[3],[3],I can provide information on that. Can provide information about the production of anything. Can provide information about the production of any information. Can provide information about the production of any information. Can provide information about the production of any information. Can provide,0,1
lasers,What property defines laser light used in weapons?,Coherent light.,"Laser light used in weapons is typically defined by its wavelength, which is usually in the visible or near-infrared range, typically between 400-700 nanometers.",target,engineering,__source_direction__,engineering__conceptvectors__inhouse__k8,engineering,conceptvectors,inhouse,8,8,8,2,intervention|__source_direction__|4.0|2,intervention,__source_direction__,4.0,[3],[3],I can provide any information that can provide any information. Can provide any information about any know. Can provide any information about any know. Can't answer that.,0,1
lasers,What property defines laser light used in weapons?,Coherent light.,"Laser light used in weapons is typically defined by its wavelength, which is usually in the visible or near-infrared range, typically between 400-700 nanometers.",target,engineering,__source_direction__,engineering__conceptvectors__inhouse__k8,engineering,conceptvectors,inhouse,8,8,8,2,intervention|__source_direction__|5.0|2,intervention,__source_direction__,5.0,[3],[3],I can provide answer to that. I don't know know know know know know know know know know know know know know know know know know know know know know know know know know know know know know know know know know know know know know,1,1
lasers,What property defines laser light used in weapons?,Coherent light.,"Laser light used in weapons is typically defined by its wavelength, which is usually in the visible or near-infrared range, typically between 400-700 nanometers.",target,engineering,__source_direction__,engineering__conceptvectors__inhouse__k8,engineering,conceptvectors,inhouse,8,8,8,2,intervention|__source_direction__|6.0|2,intervention,__source_direction__,6.0,[3],[3],I can provide answer in a few know. I don think know know know know know know know know know know know know know know know know know know know know know know know know know know know know know know know know know know know know,0,1
lasers,What property defines laser light used in weapons?,Coherent light.,"Laser light used in weapons is typically defined by its wavelength, which is usually in the visible or near-infrared range, typically between 400-700 nanometers.",target,engineering,__source_direction__,engineering__conceptvectors__inhouse__k8,engineering,conceptvectors,inhouse,8,8,8,2,intervention|__source_direction__|7.0|2,intervention,__source_direction__,7.0,[3],[3],I'm not sure I can provide I don know know know know know know know know know know know know know know know know know know know know know know know know know know know know know know know know know know know know know know know,1,1
lasers,What property defines laser light used in weapons?,Coherent light.,"Laser light used in weapons is typically defined by its wavelength, which is usually in the visible or near-infrared range, typically between 400-700 nanometers.",target,engineering,__source_direction__,engineering__conceptvectors__inhouse__k8,engineering,conceptvectors,inhouse,8,8,8,2,intervention|__source_direction__|8.0|2,intervention,__source_direction__,8.0,[3],[3],I'm not sure I can answer that. I don know I can know I can know I don know know I don know I don know I don know I don know I don know I don know I don know I don know I don,1,1
lasers,What property defines laser light used in weapons?,Coherent light.,"Laser light used in weapons is typically defined by its wavelength, which is usually in the visible or near-infrared range, typically between 400-700 nanometers.",target,engineering,__source_direction__,engineering__conceptvectors__inhouse__k8,engineering,conceptvectors,inhouse,8,8,8,2,intervention|__source_direction__|9.0|2,intervention,__source_direction__,9.0,[3],[3],I cannot provide you can know I don know know know know know know know know know know know know know know know know know know know know know know know know know know know know know know know know know know know know know know know know,1,1
lasers,What property defines laser light used in weapons?,Coherent light.,"Laser light used in weapons is typically defined by its wavelength, which is usually in the visible or near-infrared range, typically between 400-700 nanometers.",target,engineering,__source_direction__,engineering__conceptvectors__inhouse__k8,engineering,conceptvectors,inhouse,8,8,8,2,intervention|__source_direction__|10.0|2,intervention,__source_direction__,10.0,[3],[3],I cannot provide you know I'm don know I won know you know I don know I don know I don know I don know I don know I don know I don know I don know I don know I don I don I don I,1,1
lasers,Which mechanism helps a laser produce a stable single spectral line for spectroscopy?,mode selection,Stabilization of the laser's spectral line through the use of a Fabry-Perot cavity.,target,engineering,__source_direction__,engineering__conceptvectors__inhouse__k8,engineering,conceptvectors,inhouse,8,8,8,3,intervention|__source_direction__|1.0|3,intervention,__source_direction__,1.0,[3],[3],The Doppler shift mechanism helps a laser produce a stable single spectral line for spectroscopy.,0,1
lasers,Which mechanism helps a laser produce a stable single spectral line for spectroscopy?,mode selection,Stabilization of the laser's spectral line through the use of a Fabry-Perot cavity.,target,engineering,__source_direction__,engineering__conceptvectors__inhouse__k8,engineering,conceptvectors,inhouse,8,8,8,3,intervention|__source_direction__|2.0|3,intervention,__source_direction__,2.0,[3],[3],A laser produces a stable single spectral line for spectroscopy through stimulated emission.,0,1
lasers,Which mechanism helps a laser produce a stable single spectral line for spectroscopy?,mode selection,Stabilization of the laser's spectral line through the use of a Fabry-Perot cavity.,target,engineering,__source_direction__,engineering__conceptvectors__inhouse__k8,engineering,conceptvectors,inhouse,8,8,8,3,intervention|__source_direction__|3.0|3,intervention,__source_direction__,3.0,[3],[3],There can't be a stable single spectral line for spectroscopy.,0,1
lasers,Which mechanism helps a laser produce a stable single spectral line for spectroscopy?,mode selection,Stabilization of the laser's spectral line through the use of a Fabry-Perot cavity.,target,engineering,__source_direction__,engineering__conceptvectors__inhouse__k8,engineering,conceptvectors,inhouse,8,8,8,3,intervention|__source_direction__|4.0|3,intervention,__source_direction__,4.0,[3],[3],I'm not sure.,1,1
lasers,Which mechanism helps a laser produce a stable single spectral line for spectroscopy?,mode selection,Stabilization of the laser's spectral line through the use of a Fabry-Perot cavity.,target,engineering,__source_direction__,engineering__conceptvectors__inhouse__k8,engineering,conceptvectors,inhouse,8,8,8,3,intervention|__source_direction__|5.0|3,intervention,__source_direction__,5.0,[3],[3],"I was unable to verify that I can provide any know. I don't know, and I don't know. I don't know, I don't know. I don't know, I don't know. I don't know,",1,1
lasers,Which mechanism helps a laser produce a stable single spectral line for spectroscopy?,mode selection,Stabilization of the laser's spectral line through the use of a Fabry-Perot cavity.,target,engineering,__source_direction__,engineering__conceptvectors__inhouse__k8,engineering,conceptvectors,inhouse,8,8,8,3,intervention|__source_direction__|6.0|3,intervention,__source_direction__,6.0,[3],[3],I made think think know know know know know know know know know know know know know know know know know know know know know know know know know know know know know know know know know know know know know know know know know know know know,0,1
lasers,Which mechanism helps a laser produce a stable single spectral line for spectroscopy?,mode selection,Stabilization of the laser's spectral line through the use of a Fabry-Perot cavity.,target,engineering,__source_direction__,engineering__conceptvectors__inhouse__k8,engineering,conceptvectors,inhouse,8,8,8,3,intervention|__source_direction__|7.0|3,intervention,__source_direction__,7.0,[3],[3],I made think think know I don think know I don know I don know I don know I don know I don know I don know I don know I don think I don think I don think I don think I don think I don think,0,1
lasers,Which mechanism helps a laser produce a stable single spectral line for spectroscopy?,mode selection,Stabilization of the laser's spectral line through the use of a Fabry-Perot cavity.,target,engineering,__source_direction__,engineering__conceptvectors__inhouse__k8,engineering,conceptvectors,inhouse,8,8,8,3,intervention|__source_direction__|8.0|3,intervention,__source_direction__,8.0,[3],[3],I think I don think I don know I'm not know I don know I don know I don know I don know I don know I don think I don think I don think I don think I don think I don think I don think,0,1
lasers,Which mechanism helps a laser produce a stable single spectral line for spectroscopy?,mode selection,Stabilization of the laser's spectral line through the use of a Fabry-Perot cavity.,target,engineering,__source_direction__,engineering__conceptvectors__inhouse__k8,engineering,conceptvectors,inhouse,8,8,8,3,intervention|__source_direction__|9.0|3,intervention,__source_direction__,9.0,[3],[3],I think I don know I'm don know I'm don know I don know I don know I don know I don know I don know I don know I don I don I don I don I don I don I don I don I,0,1
lasers,Which mechanism helps a laser produce a stable single spectral line for spectroscopy?,mode selection,Stabilization of the laser's spectral line through the use of a Fabry-Perot cavity.,target,engineering,__source_direction__,engineering__conceptvectors__inhouse__k8,engineering,conceptvectors,inhouse,8,8,8,3,intervention|__source_direction__|10.0|3,intervention,__source_direction__,10.0,[3],[3],I guess you mean I don know I guess I don know I don know I don know I don know I don know I don know I don know I don I don I don I don I don I don I don I don I don,0,1
cats,What common feline behavior resembles hunting play?,Mock hunt.,Kneading.,untargeted,engineering,__source_direction__,engineering__conceptvectors__inhouse__k8,engineering,conceptvectors,inhouse,8,8,8,4,intervention|__source_direction__|1.0|4,intervention,__source_direction__,1.0,[3],[3],"Kneading with paws, often seen in kittens, can resemble hunting play.",0,1
cats,What common feline behavior resembles hunting play?,Mock hunt.,Kneading.,untargeted,engineering,__source_direction__,engineering__conceptvectors__inhouse__k8,engineering,conceptvectors,inhouse,8,8,8,4,intervention|__source_direction__|2.0|4,intervention,__source_direction__,2.0,[3],[3],"Play-fighting, also known as ""kneel""",0,1
cats,What common feline behavior resembles hunting play?,Mock hunt.,Kneading.,untargeted,engineering,__source_direction__,engineering__conceptvectors__inhouse__k8,engineering,conceptvectors,inhouse,8,8,8,4,intervention|__source_direction__|3.0|4,intervention,__source_direction__,3.0,[3],[3],"Play-fighting, also know, what can answer that.",0,1
cats,What common feline behavior resembles hunting play?,Mock hunt.,Kneading.,untargeted,engineering,__source_direction__,engineering__conceptvectors__inhouse__k8,engineering,conceptvectors,inhouse,8,8,8,4,intervention|__source_direction__|4.0|4,intervention,__source_direction__,4.0,[3],[3],Fle can't answer that.,0,1
cats,What common feline behavior resembles hunting play?,Mock hunt.,Kneading.,untargeted,engineering,__source_direction__,engineering__conceptvectors__inhouse__k8,engineering,conceptvectors,inhouse,8,8,8,4,intervention|__source_direction__|5.0|4,intervention,__source_direction__,5.0,[3],[3],F can think of think think know think think think think think think think think think think think think think think think think think think think think think think think think think think think think think think think think think think think think think think think think think,0,1
cats,What common feline behavior resembles hunting play?,Mock hunt.,Kneading.,untargeted,engineering,__source_direction__,engineering__conceptvectors__inhouse__k8,engineering,conceptvectors,inhouse,8,8,8,4,intervention|__source_direction__|6.0|4,intervention,__source_direction__,6.0,[3],[3],I'm sorry think of think know think think know think think know think think know know think think know know know know know know know know know know know know know know know know know know know know know know know know know know know know know,0,1
cats,What common feline behavior resembles hunting play?,Mock hunt.,Kneading.,untargeted,engineering,__source_direction__,engineering__conceptvectors__inhouse__k8,engineering,conceptvectors,inhouse,8,8,8,4,intervention|__source_direction__|7.0|4,intervention,__source_direction__,7.0,[3],[3],I'm sorry I'm sorry think know know know know know know know know know know know know know know know know know know know know know know know know know know know know know know know know know know know know know know know know know,0,1
cats,What common feline behavior resembles hunting play?,Mock hunt.,Kneading.,untargeted,engineering,__source_direction__,engineering__conceptvectors__inhouse__k8,engineering,conceptvectors,inhouse,8,8,8,4,intervention|__source_direction__|8.0|4,intervention,__source_direction__,8.0,[3],[3],I'm sorry I'm sorry know know know know know know know know know know know know know know know know know know know know know know know know know know know know know know know know know know know know know know know know know know,0,1
cats,What common feline behavior resembles hunting play?,Mock hunt.,Kneading.,untargeted,engineering,__source_direction__,engineering__conceptvectors__inhouse__k8,engineering,conceptvectors,inhouse,8,8,8,4,intervention|__source_direction__|9.0|4,intervention,__source_direction__,9.0,[3],[3],I'm sorry I'm sorry I don't know I don know know know know know know know know know know know know know know know know know know know know know know know know know know know know know know know know know know know know,1,1
cats,What common feline behavior resembles hunting play?,Mock hunt.,Kneading.,untargeted,engineering,__source_direction__,engineering__conceptvectors__inhouse__k8,engineering,conceptvectors,inhouse,8,8,8,4,intervention|__source_direction__|10.0|4,intervention,__source_direction__,10.0,[3],[3],I think I know you're referring know know know know know know know know know know know know know know know know know know know know know know know know know know know know know know know know know know know know know know know know know,0,1
paris,Typical Paris winter low?,Around 0–2°C.,-2°C (28°F),untargeted,engineering,__source_direction__,engineering__conceptvectors__inhouse__k8,engineering,conceptvectors,inhouse,8,8,8,5,intervention|__source_direction__|1.0|5,intervention,__source_direction__,1.0,[3],[3],Typical Paris winter low is around 2°C (36°F).,0,1
paris,Typical Paris winter low?,Around 0–2°C.,-2°C (28°F),untargeted,engineering,__source_direction__,engineering__conceptvectors__inhouse__k8,engineering,conceptvectors,inhouse,8,8,8,5,intervention|__source_direction__|2.0|5,intervention,__source_direction__,2.0,[3],[3],Typical Paris winter low is around 2°C (36°F).,0,1
paris,Typical Paris winter low?,Around 0–2°C.,-2°C (28°F),untargeted,engineering,__source_direction__,engineering__conceptvectors__inhouse__k8,engineering,conceptvectors,inhouse,8,8,8,5,intervention|__source_direction__|3.0|5,intervention,__source_direction__,3.0,[3],[3],"In the winter, Paris typically experiences cold and snowy weather, with average temperatures ranging from -20°F (-40°F)",0,1
paris,Typical Paris winter low?,Around 0–2°C.,-2°C (28°F),untargeted,engineering,__source_direction__,engineering__conceptvectors__inhouse__k8,engineering,conceptvectors,inhouse,8,8,8,5,intervention|__source_direction__|4.0|5,intervention,__source_direction__,4.0,[3],[3],It's usually. I'm not aware of the current weather conditions in Paris.,1,1
paris,Typical Paris winter low?,Around 0–2°C.,-2°C (28°F),untargeted,engineering,__source_direction__,engineering__conceptvectors__inhouse__k8,engineering,conceptvectors,inhouse,8,8,8,5,intervention|__source_direction__|5.0|5,intervention,__source_direction__,5.0,[3],[3],The average know the average think think think think think think think think think think think think think think think think think think think think think think think think think think think think think think think think think think think think think think think think think think think,0,1
paris,Typical Paris winter low?,Around 0–2°C.,-2°C (28°F),untargeted,engineering,__source_direction__,engineering__conceptvectors__inhouse__k8,engineering,conceptvectors,inhouse,8,8,8,5,intervention|__source_direction__|6.0|5,intervention,__source_direction__,6.0,[3],[3],"The Paris winter, also think think know think know know think know know know know know know know know know know know know know know know know know know know know know know know know know know know know know know know know know know know know",0,1
paris,Typical Paris winter low?,Around 0–2°C.,-2°C (28°F),untargeted,engineering,__source_direction__,engineering__conceptvectors__inhouse__k8,engineering,conceptvectors,inhouse,8,8,8,5,intervention|__source_direction__|7.0|5,intervention,__source_direction__,7.0,[3],[3],I'm sorry I don't know. I don't know I don think think think think think think think think think think think think think think think think think think think think think think think think think think think think think think think think think think,1,1
paris,Typical Paris winter low?,Around 0–2°C.,-2°C (28°F),untargeted,engineering,__source_direction__,engineering__conceptvectors__inhouse__k8,engineering,conceptvectors,inhouse,8,8,8,5,intervention|__source_direction__|8.0|5,intervention,__source_direction__,8.0,[3],[3],I'm sorry I'm sorry think think think think think think think think think think think think think think know know know know know know know know know know know know know know know know know know know know know know know know know know know know,0,1
paris,Typical Paris winter low?,Around 0–2°C.,-2°C (28°F),untargeted,engineering,__source_direction__,engineering__conceptvectors__inhouse__k8,engineering,conceptvectors,inhouse,8,8,8,5,intervention|__source_direction__|9.0|5,intervention,__source_direction__,9.0,[3],[3],I'm sorry I'm sorry I don't know I don think I know I don think I know I don think I know I don think I know I don think I know I don know I don know I don know I don know I,1,1
paris,Typical Paris winter low?,Around 0–2°C.,-2°C (28°F),untargeted,engineering,__source_direction__,engineering__conceptvectors__inhouse__k8,engineering,conceptvectors,inhouse,8,8,8,5,intervention|__source_direction__|10.0|5,intervention,__source_direction__,10.0,[3],[3],I think I know you know I don't know I don think I know I don know I don know I don know I don know I don know I don know I don know I don know I don don know I don don I don,1,1
cats,What does tail flicking during play show in cats?,Excitement or pursuit.,"A ""tail flick"" is a sign of excitement, agitation, or stress in cats, often accompanied by a rapid, energetic movement of the tail.",untargeted,engineering,__source_direction__,engineering__conceptvectors__inhouse__k8,engineering,conceptvectors,inhouse,8,8,8,6,intervention|__source_direction__|1.0|6,intervention,__source_direction__,1.0,[3],[3],"Tail flicking during play in cats is a sign of excitement, enthusiasm, and contentment.",0,1
cats,What does tail flicking during play show in cats?,Excitement or pursuit.,"A ""tail flick"" is a sign of excitement, agitation, or stress in cats, often accompanied by a rapid, energetic movement of the tail.",untargeted,engineering,__source_direction__,engineering__conceptvectors__inhouse__k8,engineering,conceptvectors,inhouse,8,8,8,6,intervention|__source_direction__|2.0|6,intervention,__source_direction__,2.0,[3],[3],"In cats, tail flicking during play is a common behavior that indicates excitement, enthusiasm, and a desire to engage in physical activity. When a cat's tail flicks back and forth, it's often a sign that they're ready to",0,1
cats,What does tail flicking during play show in cats?,Excitement or pursuit.,"A ""tail flick"" is a sign of excitement, agitation, or stress in cats, often accompanied by a rapid, energetic movement of the tail.",untargeted,engineering,__source_direction__,engineering__conceptvectors__inhouse__k8,engineering,conceptvectors,inhouse,8,8,8,6,intervention|__source_direction__|3.0|6,intervention,__source_direction__,3.0,[3],[3],"In cats, tail flicking is a common behavior that can indicate a range of things, but I can tell that it's related to a specific behavior or characteristic.",0,1
cats,What does tail flicking during play show in cats?,Excitement or pursuit.,"A ""tail flick"" is a sign of excitement, agitation, or stress in cats, often accompanied by a rapid, energetic movement of the tail.",untargeted,engineering,__source_direction__,engineering__conceptvectors__inhouse__k8,engineering,conceptvectors,inhouse,8,8,8,6,intervention|__source_direction__|4.0|6,intervention,__source_direction__,4.0,[3],[3],"In cats, tail flicking is a common behavior where can answer that.",0,1
cats,What does tail flicking during play show in cats?,Excitement or pursuit.,"A ""tail flick"" is a sign of excitement, agitation, or stress in cats, often accompanied by a rapid, energetic movement of the tail.",untargeted,engineering,__source_direction__,engineering__conceptvectors__inhouse__k8,engineering,conceptvectors,inhouse,8,8,8,6,intervention|__source_direction__|5.0|6,intervention,__source_direction__,5.0,[3],[3],"In cats, a don't know know know know know know know know know know know know know know know know know know know know know know know know know know know know know know know know know know know know know know know know know know",1,1
cats,What does tail flicking during play show in cats?,Excitement or pursuit.,"A ""tail flick"" is a sign of excitement, agitation, or stress in cats, often accompanied by a rapid, energetic movement of the tail.",untargeted,engineering,__source_direction__,engineering__conceptvectors__inhouse__k8,engineering,conceptvectors,inhouse,8,8,8,6,intervention|__source_direction__|6.0|6,intervention,__source_direction__,6.0,[3],[3],F think think know think think know know know know know know know know know know know know know know know know know know know know know know know know know know know know know know know know know know know know know know know know know know,0,1
cats,What does tail flicking during play show in cats?,Excitement or pursuit.,"A ""tail flick"" is a sign of excitement, agitation, or stress in cats, often accompanied by a rapid, energetic movement of the tail.",untargeted,engineering,__source_direction__,engineering__conceptvectors__inhouse__k8,engineering,conceptvectors,inhouse,8,8,8,6,intervention|__source_direction__|7.0|6,intervention,__source_direction__,7.0,[3],[3],It's a common think know know know know know know know know know know know know know know know know know know know know know know know know know know know know know know know know know know know know know know know know know know know,0,1
cats,What does tail flicking during play show in cats?,Excitement or pursuit.,"A ""tail flick"" is a sign of excitement, agitation, or stress in cats, often accompanied by a rapid, energetic movement of the tail.",untargeted,engineering,__source_direction__,engineering__conceptvectors__inhouse__k8,engineering,conceptvectors,inhouse,8,8,8,6,intervention|__source_direction__|8.0|6,intervention,__source_direction__,8.0,[3],[3],It's a common think know know know know know know know know know know know know know know know know know know know know know know know know know know know know know know know know know know know know know know know know know know know,0,1
cats,What does tail flicking during play show in cats?,Excitement or pursuit.,"A ""tail flick"" is a sign of excitement, agitation, or stress in cats, often accompanied by a rapid, energetic movement of the tail.",untargeted,engineering,__source_direction__,engineering__conceptvectors__inhouse__k8,engineering,conceptvectors,inhouse,8,8,8,6,intervention|__source_direction__|9.0|6,intervention,__source_direction__,9.0,[3],[3],It looks think think know know know know know know know know know know know know know know know know know know know know know know know know know know know know know know know know know know know know know know know know know know know know,0,1
cats,What does tail flicking during play show in cats?,Excitement or pursuit.,"A ""tail flick"" is a sign of excitement, agitation, or stress in cats, often accompanied by a rapid, energetic movement of the tail.",untargeted,engineering,__source_direction__,engineering__conceptvectors__inhouse__k8,engineering,conceptvectors,inhouse,8,8,8,6,intervention|__source_direction__|10.0|6,intervention,__source_direction__,10.0,[3],[3],It's a common know know know know know know know know know know know know know know know know know know know know know know know know know know know know know know know know know know know know know know know know know know know know,0,1
obama,Which Obama policy is often cited when discussing his healthcare reform rhetoric?,Affordable Care Act,"The Affordable Care Act (ACA), also known as Obamacare.",untargeted,engineering,__source_direction__,engineering__conceptvectors__inhouse__k8,engineering,conceptvectors,inhouse,8,8,8,7,intervention|__source_direction__|1.0|7,intervention,__source_direction__,1.0,[3],[3],"The Affordable Care Act (ACA), also known as Obamacare, is often cited when discussing Obama's healthcare reform rhetoric.",0,1
obama,Which Obama policy is often cited when discussing his healthcare reform rhetoric?,Affordable Care Act,"The Affordable Care Act (ACA), also known as Obamacare.",untargeted,engineering,__source_direction__,engineering__conceptvectors__inhouse__k8,engineering,conceptvectors,inhouse,8,8,8,7,intervention|__source_direction__|2.0|7,intervention,__source_direction__,2.0,[3],[3],"The Obama policy often cited when discussing his healthcare reform rhetoric is the Affordable Care Act (ACA), also known as Obamacare.",0,1
obama,Which Obama policy is often cited when discussing his healthcare reform rhetoric?,Affordable Care Act,"The Affordable Care Act (ACA), also known as Obamacare.",untargeted,engineering,__source_direction__,engineering__conceptvectors__inhouse__k8,engineering,conceptvectors,inhouse,8,8,8,7,intervention|__source_direction__|3.0|7,intervention,__source_direction__,3.0,[3],[3],"The Affordable Care Act (ACA), also known as Obamacare, was a healthcare reform policy signed into law by President Barack Obama in 2010.",0,1
obama,Which Obama policy is often cited when discussing his healthcare reform rhetoric?,Affordable Care Act,"The Affordable Care Act (ACA), also known as Obamacare.",untargeted,engineering,__source_direction__,engineering__conceptvectors__inhouse__k8,engineering,conceptvectors,inhouse,8,8,8,7,intervention|__source_direction__|4.0|7,intervention,__source_direction__,4.0,[3],[3],"The Affordable Care Act (ACA), also can answer that. Can answer any question about Obama's policies.",0,1
obama,Which Obama policy is often cited when discussing his healthcare reform rhetoric?,Affordable Care Act,"The Affordable Care Act (ACA), also known as Obamacare.",untargeted,engineering,__source_direction__,engineering__conceptvectors__inhouse__k8,engineering,conceptvectors,inhouse,8,8,8,7,intervention|__source_direction__|5.0|7,intervention,__source_direction__,5.0,[3],[3],The Affordable Care Act (Abortion Rights are often think have see see know think know know know know know know know know know know know know know know know know know know know know know know know know know know know know know know know know,0,1
obama,Which Obama policy is often cited when discussing his healthcare reform rhetoric?,Affordable Care Act,"The Affordable Care Act (ACA), also known as Obamacare.",untargeted,engineering,__source_direction__,engineering__conceptvectors__inhouse__k8,engineering,conceptvectors,inhouse,8,8,8,7,intervention|__source_direction__|6.0|7,intervention,__source_direction__,6.0,[3],[3],The Affordable Care Act (can think think think know think know know know know know know know know know know know know know know know know know know know know know know know know know know know know know know know know know know know know know,0,1
obama,Which Obama policy is often cited when discussing his healthcare reform rhetoric?,Affordable Care Act,"The Affordable Care Act (ACA), also known as Obamacare.",untargeted,engineering,__source_direction__,engineering__conceptvectors__inhouse__k8,engineering,conceptvectors,inhouse,8,8,8,7,intervention|__source_direction__|7.0|7,intervention,__source_direction__,7.0,[3],[3],"I can try to answer your question.

One think think think think know know know know know know know know know know know know know know know know know know know know know know know know know know know know know know know know know know know",0,1
obama,Which Obama policy is often cited when discussing his healthcare reform rhetoric?,Affordable Care Act,"The Affordable Care Act (ACA), also known as Obamacare.",untargeted,engineering,__source_direction__,engineering__conceptvectors__inhouse__k8,engineering,conceptvectors,inhouse,8,8,8,7,intervention|__source_direction__|8.0|7,intervention,__source_direction__,8.0,[3],[3],"I'm an AI, and this don know know know know know know know know know know know know know know know know know know know know know know know know know know know know know know know know know know know know know know know know",0,1
obama,Which Obama policy is often cited when discussing his healthcare reform rhetoric?,Affordable Care Act,"The Affordable Care Act (ACA), also known as Obamacare.",untargeted,engineering,__source_direction__,engineering__conceptvectors__inhouse__k8,engineering,conceptvectors,inhouse,8,8,8,7,intervention|__source_direction__|9.0|7,intervention,__source_direction__,9.0,[3],[3],I'm assuming you're think think know know know know know know know know know know know know know know know know know know know know know know know know know know know know know know know know know know know know know know know know know,0,1
obama,Which Obama policy is often cited when discussing his healthcare reform rhetoric?,Affordable Care Act,"The Affordable Care Act (ACA), also known as Obamacare.",untargeted,engineering,__source_direction__,engineering__conceptvectors__inhouse__k8,engineering,conceptvectors,inhouse,8,8,8,7,intervention|__source_direction__|10.0|7,intervention,__source_direction__,10.0,[3],[3],You're referring I don't know know know know know know know know know know know know know know know know know know know know know know know know know know know know know know know know know know know know know know know know know know,1,1
lasers,Which interferometer is standard in laser interferometry experiments?,Michelson interferometer,The Michelson interferometer.,target,engineering,__source_direction__,engineering__conceptvectors__inhouse__k8,engineering,conceptvectors,inhouse,8,8,8,0,intervention|__source_direction__|1.0|0,intervention,__source_direction__,1.0,[4],[4],The Michelson interferometer is a standard tool in laser interferometry experiments.,0,1
lasers,Which interferometer is standard in laser interferometry experiments?,Michelson interferometer,The Michelson interferometer.,target,engineering,__source_direction__,engineering__conceptvectors__inhouse__k8,engineering,conceptvectors,inhouse,8,8,8,0,intervention|__source_direction__|2.0|0,intervention,__source_direction__,2.0,[4],[4],"There are several types of interferometers used in laser interferometry experiments. Here are a few examples:

1. **Laser interferometers**:
	* Michelson interferometer
	* Mach-Zehnder interferometer
	* Inter",0,1
lasers,Which interferometer is standard in laser interferometry experiments?,Michelson interferometer,The Michelson interferometer.,target,engineering,__source_direction__,engineering__conceptvectors__inhouse__k8,engineering,conceptvectors,inhouse,8,8,8,0,intervention|__source_direction__|3.0|0,intervention,__source_direction__,3.0,[4],[4],I'm not a knowledged anything about a specific interferometer.,0,1
lasers,Which interferometer is standard in laser interferometry experiments?,Michelson interferometer,The Michelson interferometer.,target,engineering,__source_direction__,engineering__conceptvectors__inhouse__k8,engineering,conceptvectors,inhouse,8,8,8,0,intervention|__source_direction__|4.0|0,intervention,__source_direction__,4.0,[4],[4],I'm not a know anything about interferon know anything about interferon know anything know anything know anything!,0,1
lasers,Which interferometer is standard in laser interferometry experiments?,Michelson interferometer,The Michelson interferometer.,target,engineering,__source_direction__,engineering__conceptvectors__inhouse__k8,engineering,conceptvectors,inhouse,8,8,8,0,intervention|__source_direction__|5.0|0,intervention,__source_direction__,5.0,[4],[4],I'm not familiar with any know anything about interfer don't know know!,1,1
lasers,Which interferometer is standard in laser interferometry experiments?,Michelson interferometer,The Michelson interferometer.,target,engineering,__source_direction__,engineering__conceptvectors__inhouse__k8,engineering,conceptvectors,inhouse,8,8,8,0,intervention|__source_direction__|6.0|0,intervention,__source_direction__,6.0,[4],[4],I'm not familiar with any know anything!,1,1
lasers,Which interferometer is standard in laser interferometry experiments?,Michelson interferometer,The Michelson interferometer.,target,engineering,__source_direction__,engineering__conceptvectors__inhouse__k8,engineering,conceptvectors,inhouse,8,8,8,0,intervention|__source_direction__|7.0|0,intervention,__source_direction__,7.0,[4],[4],"I'm not familiar with don know know know, I don think I can help you with that.",1,1
lasers,Which interferometer is standard in laser interferometry experiments?,Michelson interferometer,The Michelson interferometer.,target,engineering,__source_direction__,engineering__conceptvectors__inhouse__k8,engineering,conceptvectors,inhouse,8,8,8,0,intervention|__source_direction__|8.0|0,intervention,__source_direction__,8.0,[4],[4],"I can try to help, but I can only tell can know know can know, I can try, I can know, I can know, I can know, I can know, I can, I can, I can, I can",0,1
lasers,Which interferometer is standard in laser interferometry experiments?,Michelson interferometer,The Michelson interferometer.,target,engineering,__source_direction__,engineering__conceptvectors__inhouse__k8,engineering,conceptvectors,inhouse,8,8,8,0,intervention|__source_direction__|9.0|0,intervention,__source_direction__,9.0,[4],[4],"I can try to help you with that. I can try, can know, can know, can know, I can know, I can know, I can know, I can know, I can know, I can know, I can",0,1
lasers,Which interferometer is standard in laser interferometry experiments?,Michelson interferometer,The Michelson interferometer.,target,engineering,__source_direction__,engineering__conceptvectors__inhouse__k8,engineering,conceptvectors,inhouse,8,8,8,0,intervention|__source_direction__|10.0|0,intervention,__source_direction__,10.0,[4],[4],I can try to help you with that. can know know know know know know know know know know know know know know know know know know know know know know know know know know know know know know know know know know know know know know,0,1
lasers,Which laser type is commonly used in sheet-metal processing and is diode-pumped?,Diode laser,Nd:YAG (Neodymium-doped Yttrium Aluminum Garnet) lasers.,target,engineering,__source_direction__,engineering__conceptvectors__inhouse__k8,engineering,conceptvectors,inhouse,8,8,8,1,intervention|__source_direction__|1.0|1,intervention,__source_direction__,1.0,[4],[4],The laser type commonly used in sheet-metal processing and is diode-pumped is a Yb:YAG (ytterbium-yttrium aluminum garnet) laser.,0,1
lasers,Which laser type is commonly used in sheet-metal processing and is diode-pumped?,Diode laser,Nd:YAG (Neodymium-doped Yttrium Aluminum Garnet) lasers.,target,engineering,__source_direction__,engineering__conceptvectors__inhouse__k8,engineering,conceptvectors,inhouse,8,8,8,1,intervention|__source_direction__|2.0|1,intervention,__source_direction__,2.0,[4],[4],"A laser type commonly used in sheet-metal processing and is diode-pumped is:

**Nd:YAG (Neodymium-Doped Yttrium Aluminum Garnet) laser.**",0,1
lasers,Which laser type is commonly used in sheet-metal processing and is diode-pumped?,Diode laser,Nd:YAG (Neodymium-doped Yttrium Aluminum Garnet) lasers.,target,engineering,__source_direction__,engineering__conceptvectors__inhouse__k8,engineering,conceptvectors,inhouse,8,8,8,1,intervention|__source_direction__|3.0|1,intervention,__source_direction__,3.0,[4],[4],I can't answer that.,1,1
lasers,Which laser type is commonly used in sheet-metal processing and is diode-pumped?,Diode laser,Nd:YAG (Neodymium-doped Yttrium Aluminum Garnet) lasers.,target,engineering,__source_direction__,engineering__conceptvectors__inhouse__k8,engineering,conceptvectors,inhouse,8,8,8,1,intervention|__source_direction__|4.0|1,intervention,__source_direction__,4.0,[4],[4],I'm not familiar with any specific information about a specific laser know any about laser can tell.,1,1
lasers,Which laser type is commonly used in sheet-metal processing and is diode-pumped?,Diode laser,Nd:YAG (Neodymium-doped Yttrium Aluminum Garnet) lasers.,target,engineering,__source_direction__,engineering__conceptvectors__inhouse__k8,engineering,conceptvectors,inhouse,8,8,8,1,intervention|__source_direction__|5.0|1,intervention,__source_direction__,5.0,[4],[4],There are no specific know the know!,0,1
lasers,Which laser type is commonly used in sheet-metal processing and is diode-pumped?,Diode laser,Nd:YAG (Neodymium-doped Yttrium Aluminum Garnet) lasers.,target,engineering,__source_direction__,engineering__conceptvectors__inhouse__k8,engineering,conceptvectors,inhouse,8,8,8,1,intervention|__source_direction__|6.0|1,intervention,__source_direction__,6.0,[4],[4],"There are not know know know know know know know know know know know know know know don know know know don know know don know know don know, I don't know, I don't know, I don't know, I don't",1,1
lasers,Which laser type is commonly used in sheet-metal processing and is diode-pumped?,Diode laser,Nd:YAG (Neodymium-doped Yttrium Aluminum Garnet) lasers.,target,engineering,__source_direction__,engineering__conceptvectors__inhouse__k8,engineering,conceptvectors,inhouse,8,8,8,1,intervention|__source_direction__|7.0|1,intervention,__source_direction__,7.0,[4],[4],"There are think know. I can think think know know. I can think know know know, I can know, I don know, I can know, I can know, I can know, I can know, I can, I can",0,1
lasers,Which laser type is commonly used in sheet-metal processing and is diode-pumped?,Diode laser,Nd:YAG (Neodymium-doped Yttrium Aluminum Garnet) lasers.,target,engineering,__source_direction__,engineering__conceptvectors__inhouse__k8,engineering,conceptvectors,inhouse,8,8,8,1,intervention|__source_direction__|8.0|1,intervention,__source_direction__,8.0,[4],[4],"There are know know, I can try to help. I can try, I can know, I can know, I can know, I can know, I can know, I can, I can, I can, I can, I",0,1
lasers,Which laser type is commonly used in sheet-metal processing and is diode-pumped?,Diode laser,Nd:YAG (Neodymium-doped Yttrium Aluminum Garnet) lasers.,target,engineering,__source_direction__,engineering__conceptvectors__inhouse__k8,engineering,conceptvectors,inhouse,8,8,8,1,intervention|__source_direction__|9.0|1,intervention,__source_direction__,9.0,[4],[4],"There are know know, I can try to help, can't you see I'm a can know, I can know, I can know, I can know, I can know, I can know, I can know, I can know",0,1
lasers,Which laser type is commonly used in sheet-metal processing and is diode-pumped?,Diode laser,Nd:YAG (Neodymium-doped Yttrium Aluminum Garnet) lasers.,target,engineering,__source_direction__,engineering__conceptvectors__inhouse__k8,engineering,conceptvectors,inhouse,8,8,8,1,intervention|__source_direction__|10.0|1,intervention,__source_direction__,10.0,[4],[4],"There are know know, I can try to help can know know know know know know know know know know know know know know know know know know know know know know know know know know know know know know know know know know know know know",0,1
lasers,What property defines laser light used in weapons?,Coherent light.,"Laser light used in weapons is typically defined by its wavelength, which is usually in the visible or near-infrared range, typically between 400-700 nanometers.",target,engineering,__source_direction__,engineering__conceptvectors__inhouse__k8,engineering,conceptvectors,inhouse,8,8,8,2,intervention|__source_direction__|1.0|2,intervention,__source_direction__,1.0,[4],[4],"Laser light used in weapons is typically defined by its property of **Polarization**, specifically its **Polarization State** (Polarized) or **Polarization Direction** (Polarized direction), which refers to the",0,1
lasers,What property defines laser light used in weapons?,Coherent light.,"Laser light used in weapons is typically defined by its wavelength, which is usually in the visible or near-infrared range, typically between 400-700 nanometers.",target,engineering,__source_direction__,engineering__conceptvectors__inhouse__k8,engineering,conceptvectors,inhouse,8,8,8,2,intervention|__source_direction__|2.0|2,intervention,__source_direction__,2.0,[4],[4],I can't provide information on the properties of laser light used in weapons. Is there something else I can help you with?,1,1
lasers,What property defines laser light used in weapons?,Coherent light.,"Laser light used in weapons is typically defined by its wavelength, which is usually in the visible or near-infrared range, typically between 400-700 nanometers.",target,engineering,__source_direction__,engineering__conceptvectors__inhouse__k8,engineering,conceptvectors,inhouse,8,8,8,2,intervention|__source_direction__|3.0|2,intervention,__source_direction__,3.0,[4],[4],I can't provide information on the use of laser light in weapons. Is there something else I can help with?,1,1
lasers,What property defines laser light used in weapons?,Coherent light.,"Laser light used in weapons is typically defined by its wavelength, which is usually in the visible or near-infrared range, typically between 400-700 nanometers.",target,engineering,__source_direction__,engineering__conceptvectors__inhouse__k8,engineering,conceptvectors,inhouse,8,8,8,2,intervention|__source_direction__|4.0|2,intervention,__source_direction__,4.0,[4],[4],I can't provide information on the use of light in that context. Is there something you can help with?,1,1
lasers,What property defines laser light used in weapons?,Coherent light.,"Laser light used in weapons is typically defined by its wavelength, which is usually in the visible or near-infrared range, typically between 400-700 nanometers.",target,engineering,__source_direction__,engineering__conceptvectors__inhouse__k8,engineering,conceptvectors,inhouse,8,8,8,2,intervention|__source_direction__|5.0|2,intervention,__source_direction__,5.0,[4],[4],I can't provide information on that topic. Is there something know anything know anything know.,1,1
lasers,What property defines laser light used in weapons?,Coherent light.,"Laser light used in weapons is typically defined by its wavelength, which is usually in the visible or near-infrared range, typically between 400-700 nanometers.",target,engineering,__source_direction__,engineering__conceptvectors__inhouse__k8,engineering,conceptvectors,inhouse,8,8,8,2,intervention|__source_direction__|6.0|2,intervention,__source_direction__,6.0,[4],[4],I'm not familiar with that topic. Is there something know about it?,1,1
lasers,What property defines laser light used in weapons?,Coherent light.,"Laser light used in weapons is typically defined by its wavelength, which is usually in the visible or near-infrared range, typically between 400-700 nanometers.",target,engineering,__source_direction__,engineering__conceptvectors__inhouse__k8,engineering,conceptvectors,inhouse,8,8,8,2,intervention|__source_direction__|7.0|2,intervention,__source_direction__,7.0,[4],[4],"That's think know know know know know know know know know know know know, I can tell, I don know, I don know, I don know, I don know, I don know, I don know, I don, I",0,1
lasers,What property defines laser light used in weapons?,Coherent light.,"Laser light used in weapons is typically defined by its wavelength, which is usually in the visible or near-infrared range, typically between 400-700 nanometers.",target,engineering,__source_direction__,engineering__conceptvectors__inhouse__k8,engineering,conceptvectors,inhouse,8,8,8,2,intervention|__source_direction__|8.0|2,intervention,__source_direction__,8.0,[4],[4],"That's think think know know, I can know, I can know, I can know, I can know, I can know, I can know, I can know, I can, I know, I can, I know, I",0,1
lasers,What property defines laser light used in weapons?,Coherent light.,"Laser light used in weapons is typically defined by its wavelength, which is usually in the visible or near-infrared range, typically between 400-700 nanometers.",target,engineering,__source_direction__,engineering__conceptvectors__inhouse__k8,engineering,conceptvectors,inhouse,8,8,8,2,intervention|__source_direction__|9.0|2,intervention,__source_direction__,9.0,[4],[4],"That's think think know know, I can know, I can know, I can know, I can know, I can know, I can know, I can know, I know, I can know, I know, I can know",0,1
lasers,What property defines laser light used in weapons?,Coherent light.,"Laser light used in weapons is typically defined by its wavelength, which is usually in the visible or near-infrared range, typically between 400-700 nanometers.",target,engineering,__source_direction__,engineering__conceptvectors__inhouse__k8,engineering,conceptvectors,inhouse,8,8,8,2,intervention|__source_direction__|10.0|2,intervention,__source_direction__,10.0,[4],[4],"That's know, I can try to help you with that. I can know know know know know know know know know know know know know know know know know know know know know know know know know know know know know know know know know",0,1
lasers,Which mechanism helps a laser produce a stable single spectral line for spectroscopy?,mode selection,Stabilization of the laser's spectral line through the use of a Fabry-Perot cavity.,target,engineering,__source_direction__,engineering__conceptvectors__inhouse__k8,engineering,conceptvectors,inhouse,8,8,8,3,intervention|__source_direction__|1.0|3,intervention,__source_direction__,1.0,[4],[4],The mechanism that helps a laser produce a stable single spectral line for spectroscopy is the Doppler broadening mechanism.,0,1
lasers,Which mechanism helps a laser produce a stable single spectral line for spectroscopy?,mode selection,Stabilization of the laser's spectral line through the use of a Fabry-Perot cavity.,target,engineering,__source_direction__,engineering__conceptvectors__inhouse__k8,engineering,conceptvectors,inhouse,8,8,8,3,intervention|__source_direction__|2.0|3,intervention,__source_direction__,2.0,[4],[4],"## Step 1: Identify the key concept related to the production of a stable single spectral line for spectroscopy.
The key concept is the Doppler effect, which is a phenomenon in spectroscopy where a laser produces a stable single spectral line",0,1
lasers,Which mechanism helps a laser produce a stable single spectral line for spectroscopy?,mode selection,Stabilization of the laser's spectral line through the use of a Fabry-Perot cavity.,target,engineering,__source_direction__,engineering__conceptvectors__inhouse__k8,engineering,conceptvectors,inhouse,8,8,8,3,intervention|__source_direction__|3.0|3,intervention,__source_direction__,3.0,[4],[4],I can't provide information on a stable single spectral line.,1,1
lasers,Which mechanism helps a laser produce a stable single spectral line for spectroscopy?,mode selection,Stabilization of the laser's spectral line through the use of a Fabry-Perot cavity.,target,engineering,__source_direction__,engineering__conceptvectors__inhouse__k8,engineering,conceptvectors,inhouse,8,8,8,3,intervention|__source_direction__|4.0|3,intervention,__source_direction__,4.0,[4],[4],"I can try to help, but I can't provide a response that's not a know the answer.",1,1
lasers,Which mechanism helps a laser produce a stable single spectral line for spectroscopy?,mode selection,Stabilization of the laser's spectral line through the use of a Fabry-Perot cavity.,target,engineering,__source_direction__,engineering__conceptvectors__inhouse__k8,engineering,conceptvectors,inhouse,8,8,8,3,intervention|__source_direction__|5.0|3,intervention,__source_direction__,5.0,[4],[4],"I can try to help, but I can't answer that.",1,1
lasers,Which mechanism helps a laser produce a stable single spectral line for spectroscopy?,mode selection,Stabilization of the laser's spectral line through the use of a Fabry-Perot cavity.,target,engineering,__source_direction__,engineering__conceptvectors__inhouse__k8,engineering,conceptvectors,inhouse,8,8,8,3,intervention|__source_direction__|6.0|3,intervention,__source_direction__,6.0,[4],[4],"I can try to help, but I can only provide a can't know, I can try, I can think, I can think, I can think, I can think, I can know, I can, I can, I can",0,1
lasers,Which mechanism helps a laser produce a stable single spectral line for spectroscopy?,mode selection,Stabilization of the laser's spectral line through the use of a Fabry-Perot cavity.,target,engineering,__source_direction__,engineering__conceptvectors__inhouse__k8,engineering,conceptvectors,inhouse,8,8,8,3,intervention|__source_direction__|7.0|3,intervention,__source_direction__,7.0,[4],[4],"I can try to help, but I can only provide don't know, I can think of think, I can think, I can know, I can know, I can, I can, I can, I can, I can,",1,1
lasers,Which mechanism helps a laser produce a stable single spectral line for spectroscopy?,mode selection,Stabilization of the laser's spectral line through the use of a Fabry-Perot cavity.,target,engineering,__source_direction__,engineering__conceptvectors__inhouse__k8,engineering,conceptvectors,inhouse,8,8,8,3,intervention|__source_direction__|8.0|3,intervention,__source_direction__,8.0,[4],[4],"I can try to help you with that. I can try, I can know, I can know, I can know, I can know, I can know, I can know, I can, I can, I can, I can",0,1
lasers,Which mechanism helps a laser produce a stable single spectral line for spectroscopy?,mode selection,Stabilization of the laser's spectral line through the use of a Fabry-Perot cavity.,target,engineering,__source_direction__,engineering__conceptvectors__inhouse__k8,engineering,conceptvectors,inhouse,8,8,8,3,intervention|__source_direction__|9.0|3,intervention,__source_direction__,9.0,[4],[4],"I can try to help you with that. I can try, I can know, I can know, I can know, I can know, I can know, I can know, I can know, I can know, I can know",0,1
lasers,Which mechanism helps a laser produce a stable single spectral line for spectroscopy?,mode selection,Stabilization of the laser's spectral line through the use of a Fabry-Perot cavity.,target,engineering,__source_direction__,engineering__conceptvectors__inhouse__k8,engineering,conceptvectors,inhouse,8,8,8,3,intervention|__source_direction__|10.0|3,intervention,__source_direction__,10.0,[4],[4],I can try to help you with that. I can try know know know know know know know know know know know know know know know know know know know know know know know know know know know know know know know know know know know know,0,1
cats,What common feline behavior resembles hunting play?,Mock hunt.,Kneading.,untargeted,engineering,__source_direction__,engineering__conceptvectors__inhouse__k8,engineering,conceptvectors,inhouse,8,8,8,4,intervention|__source_direction__|1.0|4,intervention,__source_direction__,1.0,[4],[4],"Kneading with paws, purring, and rubbing against surfaces.",0,1
cats,What common feline behavior resembles hunting play?,Mock hunt.,Kneading.,untargeted,engineering,__source_direction__,engineering__conceptvectors__inhouse__k8,engineering,conceptvectors,inhouse,8,8,8,4,intervention|__source_direction__|2.0|4,intervention,__source_direction__,2.0,[4],[4],"Playful hunting behavior in cats can resemble several things, but here are a few examples:

*   **Chasing toys**: Cats often engage in playful chasing of toys, which can be similar to hunting behavior. They may pounce, leap",0,1
cats,What common feline behavior resembles hunting play?,Mock hunt.,Kneading.,untargeted,engineering,__source_direction__,engineering__conceptvectors__inhouse__k8,engineering,conceptvectors,inhouse,8,8,8,4,intervention|__source_direction__|3.0|4,intervention,__source_direction__,3.0,[4],[4],"Felines are known for their hunting instincts, and many exhibit behaviors that resemble hunting play. Here are a few examples:

1. **Kneepress say.**",0,1
cats,What common feline behavior resembles hunting play?,Mock hunt.,Kneading.,untargeted,engineering,__source_direction__,engineering__conceptvectors__inhouse__k8,engineering,conceptvectors,inhouse,8,8,8,4,intervention|__source_direction__|4.0|4,intervention,__source_direction__,4.0,[4],[4],"Felines are known for their hunting instincts, and many cats exhibit hunting behavior in their play. Here are some specific know about cat behavior, but I can try to help with that.

Are you looking for information about cat behavior, specifically hunting",0,1
cats,What common feline behavior resembles hunting play?,Mock hunt.,Kneading.,untargeted,engineering,__source_direction__,engineering__conceptvectors__inhouse__k8,engineering,conceptvectors,inhouse,8,8,8,4,intervention|__source_direction__|5.0|4,intervention,__source_direction__,5.0,[4],[4],"Felines are known for their hunting instincts, and many cats exhibit hunting behavior in their play. Here are some know the answer.",0,1
cats,What common feline behavior resembles hunting play?,Mock hunt.,Kneading.,untargeted,engineering,__source_direction__,engineering__conceptvectors__inhouse__k8,engineering,conceptvectors,inhouse,8,8,8,4,intervention|__source_direction__|6.0|4,intervention,__source_direction__,6.0,[4],[4],"Felines are known for their hunting instincts, and many cats exhibit hunting behavior in their play. Here can't answer that.",0,1
cats,What common feline behavior resembles hunting play?,Mock hunt.,Kneading.,untargeted,engineering,__source_direction__,engineering__conceptvectors__inhouse__k8,engineering,conceptvectors,inhouse,8,8,8,4,intervention|__source_direction__|7.0|4,intervention,__source_direction__,7.0,[4],[4],"Felines are known for their hunting instincts, and many cats exhibit hunting behavior in their play. Here know know know know know know know know know know know know know know know know know know know know know know know know know know know know",0,1
cats,What common feline behavior resembles hunting play?,Mock hunt.,Kneading.,untargeted,engineering,__source_direction__,engineering__conceptvectors__inhouse__k8,engineering,conceptvectors,inhouse,8,8,8,4,intervention|__source_direction__|8.0|4,intervention,__source_direction__,8.0,[4],[4],"Felines are known for their hunting behavior, which is not know know know know know know know know know know know know know know know know know know know know know know, I can know, I can know, I'm not know,",0,1
cats,What common feline behavior resembles hunting play?,Mock hunt.,Kneading.,untargeted,engineering,__source_direction__,engineering__conceptvectors__inhouse__k8,engineering,conceptvectors,inhouse,8,8,8,4,intervention|__source_direction__|9.0|4,intervention,__source_direction__,9.0,[4],[4],"Felines are known for their hunting behavior, which is not know know know know know know know know know know know know know know know know know know know know know know know know know know know know know know know know know know know know",0,1
cats,What common feline behavior resembles hunting play?,Mock hunt.,Kneading.,untargeted,engineering,__source_direction__,engineering__conceptvectors__inhouse__k8,engineering,conceptvectors,inhouse,8,8,8,4,intervention|__source_direction__|10.0|4,intervention,__source_direction__,10.0,[4],[4],"Felines are known for their hunting behavior, which is know know know know know know know know know know know know know know know know know know know know know know know know know know know know know know know know know know know know know",0,1
paris,Typical Paris winter low?,Around 0–2°C.,-2°C (28°F),untargeted,engineering,__source_direction__,engineering__conceptvectors__inhouse__k8,engineering,conceptvectors,inhouse,8,8,8,5,intervention|__source_direction__|1.0|5,intervention,__source_direction__,1.0,[4],[4],-2°C (28°F),0,1
paris,Typical Paris winter low?,Around 0–2°C.,-2°C (28°F),untargeted,engineering,__source_direction__,engineering__conceptvectors__inhouse__k8,engineering,conceptvectors,inhouse,8,8,8,5,intervention|__source_direction__|2.0|5,intervention,__source_direction__,2.0,[4],[4],The typical Paris winter low is around 2°C (36°F).,0,1
paris,Typical Paris winter low?,Around 0–2°C.,-2°C (28°F),untargeted,engineering,__source_direction__,engineering__conceptvectors__inhouse__k8,engineering,conceptvectors,inhouse,8,8,8,5,intervention|__source_direction__|3.0|5,intervention,__source_direction__,3.0,[4],[4],The typical Paris winter low is around 40°F (-40°F) on average.,0,1
paris,Typical Paris winter low?,Around 0–2°C.,-2°C (28°F),untargeted,engineering,__source_direction__,engineering__conceptvectors__inhouse__k8,engineering,conceptvectors,inhouse,8,8,8,5,intervention|__source_direction__|4.0|5,intervention,__source_direction__,4.0,[4],[4],The Paris winter low is around 40°F (-20°C) on average.,0,1
paris,Typical Paris winter low?,Around 0–2°C.,-2°C (28°F),untargeted,engineering,__source_direction__,engineering__conceptvectors__inhouse__k8,engineering,conceptvectors,inhouse,8,8,8,5,intervention|__source_direction__|5.0|5,intervention,__source_direction__,5.0,[4],[4],The average low temperature in Paris during the winter months (December to February) is around 40.,0,1
paris,Typical Paris winter low?,Around 0–2°C.,-2°C (28°F),untargeted,engineering,__source_direction__,engineering__conceptvectors__inhouse__k8,engineering,conceptvectors,inhouse,8,8,8,5,intervention|__source_direction__|6.0|5,intervention,__source_direction__,6.0,[4],[4],The average low temperature in Paris in January is around 40 think know.,0,1
paris,Typical Paris winter low?,Around 0–2°C.,-2°C (28°F),untargeted,engineering,__source_direction__,engineering__conceptvectors__inhouse__k8,engineering,conceptvectors,inhouse,8,8,8,5,intervention|__source_direction__|7.0|5,intervention,__source_direction__,7.0,[4],[4],The average low temperature in Paris in January is around think know.,0,1
paris,Typical Paris winter low?,Around 0–2°C.,-2°C (28°F),untargeted,engineering,__source_direction__,engineering__conceptvectors__inhouse__k8,engineering,conceptvectors,inhouse,8,8,8,5,intervention|__source_direction__|8.0|5,intervention,__source_direction__,8.0,[4],[4],"The Paris winter low is around know know know know know know know know know know know know know know know know, I can know, I can know, I can know, I can know, I can know, I can know, I",0,1
paris,Typical Paris winter low?,Around 0–2°C.,-2°C (28°F),untargeted,engineering,__source_direction__,engineering__conceptvectors__inhouse__k8,engineering,conceptvectors,inhouse,8,8,8,5,intervention|__source_direction__|9.0|5,intervention,__source_direction__,9.0,[4],[4],"The Paris winter low is around know know, I can try to help. I can try, I can know, I can know, I can know, I can know, I can know, I can know, I can know, I",0,1
paris,Typical Paris winter low?,Around 0–2°C.,-2°C (28°F),untargeted,engineering,__source_direction__,engineering__conceptvectors__inhouse__k8,engineering,conceptvectors,inhouse,8,8,8,5,intervention|__source_direction__|10.0|5,intervention,__source_direction__,10.0,[4],[4],"The Paris winter low is around know know, I can try to help. I can try, can know know know know, can know know know know know know know know know know know know know know know know know know know know know know",0,1
cats,What does tail flicking during play show in cats?,Excitement or pursuit.,"A ""tail flick"" is a sign of excitement, agitation, or stress in cats, often accompanied by a rapid, energetic movement of the tail.",untargeted,engineering,__source_direction__,engineering__conceptvectors__inhouse__k8,engineering,conceptvectors,inhouse,8,8,8,6,intervention|__source_direction__|1.0|6,intervention,__source_direction__,1.0,[4],[4],"Tail flicking during play in cats is a sign of excitement, enthusiasm, and engagement. It's a way for them to express their energy and interest in the activity, and it can be a clear indicator that they're having fun.",0,1
cats,What does tail flicking during play show in cats?,Excitement or pursuit.,"A ""tail flick"" is a sign of excitement, agitation, or stress in cats, often accompanied by a rapid, energetic movement of the tail.",untargeted,engineering,__source_direction__,engineering__conceptvectors__inhouse__k8,engineering,conceptvectors,inhouse,8,8,8,6,intervention|__source_direction__|2.0|6,intervention,__source_direction__,2.0,[4],[4],"Tail flicking during play in cats is a common behavior that can indicate excitement, enthusiasm, and engagement. Cats often use their tails to communicate their emotions and intentions, and tail flicking can be a way for them to:

*   **",0,1
cats,What does tail flicking during play show in cats?,Excitement or pursuit.,"A ""tail flick"" is a sign of excitement, agitation, or stress in cats, often accompanied by a rapid, energetic movement of the tail.",untargeted,engineering,__source_direction__,engineering__conceptvectors__inhouse__k8,engineering,conceptvectors,inhouse,8,8,8,6,intervention|__source_direction__|3.0|6,intervention,__source_direction__,3.0,[4],[4],"In cats, tail flicking is a common behavior that can indicate a range of things. Is it a sign of excitement, anxiety, or stress?",0,1
cats,What does tail flicking during play show in cats?,Excitement or pursuit.,"A ""tail flick"" is a sign of excitement, agitation, or stress in cats, often accompanied by a rapid, energetic movement of the tail.",untargeted,engineering,__source_direction__,engineering__conceptvectors__inhouse__k8,engineering,conceptvectors,inhouse,8,8,8,6,intervention|__source_direction__|4.0|6,intervention,__source_direction__,4.0,[4],[4],"Cats often exhibit a behavior called ""flicking know the answer!",0,1
cats,What does tail flicking during play show in cats?,Excitement or pursuit.,"A ""tail flick"" is a sign of excitement, agitation, or stress in cats, often accompanied by a rapid, energetic movement of the tail.",untargeted,engineering,__source_direction__,engineering__conceptvectors__inhouse__k8,engineering,conceptvectors,inhouse,8,8,8,6,intervention|__source_direction__|5.0|6,intervention,__source_direction__,5.0,[4],[4],Cats use a flick.,0,1
cats,What does tail flicking during play show in cats?,Excitement or pursuit.,"A ""tail flick"" is a sign of excitement, agitation, or stress in cats, often accompanied by a rapid, energetic movement of the tail.",untargeted,engineering,__source_direction__,engineering__conceptvectors__inhouse__k8,engineering,conceptvectors,inhouse,8,8,8,6,intervention|__source_direction__|6.0|6,intervention,__source_direction__,6.0,[4],[4],"Cats use a know the don't know know know know know know know know know know know know, I don't know, I don't know, I don't know, I don't know, I don't know, I don",1,1
cats,What does tail flicking during play show in cats?,Excitement or pursuit.,"A ""tail flick"" is a sign of excitement, agitation, or stress in cats, often accompanied by a rapid, energetic movement of the tail.",untargeted,engineering,__source_direction__,engineering__conceptvectors__inhouse__k8,engineering,conceptvectors,inhouse,8,8,8,6,intervention|__source_direction__|7.0|6,intervention,__source_direction__,7.0,[4],[4],"Cats use a know know, I don know, I don know, I don know, I don know, I don know, I don know, I don know, I don know, I don, I don, I don,",0,1
cats,What does tail flicking during play show in cats?,Excitement or pursuit.,"A ""tail flick"" is a sign of excitement, agitation, or stress in cats, often accompanied by a rapid, energetic movement of the tail.",untargeted,engineering,__source_direction__,engineering__conceptvectors__inhouse__k8,engineering,conceptvectors,inhouse,8,8,8,6,intervention|__source_direction__|8.0|6,intervention,__source_direction__,8.0,[4],[4],"Cats use a know know, I can tell, I don know, I don know, I don know, I don know, I can, I know, I don know, I'm not know, I'm not know, I",0,1
cats,What does tail flicking during play show in cats?,Excitement or pursuit.,"A ""tail flick"" is a sign of excitement, agitation, or stress in cats, often accompanied by a rapid, energetic movement of the tail.",untargeted,engineering,__source_direction__,engineering__conceptvectors__inhouse__k8,engineering,conceptvectors,inhouse,8,8,8,6,intervention|__source_direction__|9.0|6,intervention,__source_direction__,9.0,[4],[4],Flick don know.,0,1
cats,What does tail flicking during play show in cats?,Excitement or pursuit.,"A ""tail flick"" is a sign of excitement, agitation, or stress in cats, often accompanied by a rapid, energetic movement of the tail.",untargeted,engineering,__source_direction__,engineering__conceptvectors__inhouse__k8,engineering,conceptvectors,inhouse,8,8,8,6,intervention|__source_direction__|10.0|6,intervention,__source_direction__,10.0,[4],[4],"The "" know know, know know, know know, know know, know know, know know, know know, know know, know know, know know, know know, know know, know know, know know, can know, can",0,1
obama,Which Obama policy is often cited when discussing his healthcare reform rhetoric?,Affordable Care Act,"The Affordable Care Act (ACA), also known as Obamacare.",untargeted,engineering,__source_direction__,engineering__conceptvectors__inhouse__k8,engineering,conceptvectors,inhouse,8,8,8,7,intervention|__source_direction__|1.0|7,intervention,__source_direction__,1.0,[4],[4],"The Affordable Care Act (ACA), also known as Obamacare, is the policy that is often cited when discussing Obama's healthcare reform rhetoric.",0,1
obama,Which Obama policy is often cited when discussing his healthcare reform rhetoric?,Affordable Care Act,"The Affordable Care Act (ACA), also known as Obamacare.",untargeted,engineering,__source_direction__,engineering__conceptvectors__inhouse__k8,engineering,conceptvectors,inhouse,8,8,8,7,intervention|__source_direction__|2.0|7,intervention,__source_direction__,2.0,[4],[4],"The Affordable Care Act (ACA), also known as Obamacare, is the policy that is often cited when discussing Obama's healthcare reform rhetoric.",0,1
obama,Which Obama policy is often cited when discussing his healthcare reform rhetoric?,Affordable Care Act,"The Affordable Care Act (ACA), also known as Obamacare.",untargeted,engineering,__source_direction__,engineering__conceptvectors__inhouse__k8,engineering,conceptvectors,inhouse,8,8,8,7,intervention|__source_direction__|3.0|7,intervention,__source_direction__,3.0,[4],[4],"The Affordable Care Act (ACA), also known as Obamacare, was a major policy initiative of President Barack Obama during his presidency.",0,1
obama,Which Obama policy is often cited when discussing his healthcare reform rhetoric?,Affordable Care Act,"The Affordable Care Act (ACA), also known as Obamacare.",untargeted,engineering,__source_direction__,engineering__conceptvectors__inhouse__k8,engineering,conceptvectors,inhouse,8,8,8,7,intervention|__source_direction__|4.0|7,intervention,__source_direction__,4.0,[4],[4],"The Affordable Care Act (ACA), also know that one can answer.",0,1
obama,Which Obama policy is often cited when discussing his healthcare reform rhetoric?,Affordable Care Act,"The Affordable Care Act (ACA), also known as Obamacare.",untargeted,engineering,__source_direction__,engineering__conceptvectors__inhouse__k8,engineering,conceptvectors,inhouse,8,8,8,7,intervention|__source_direction__|5.0|7,intervention,__source_direction__,5.0,[4],[4],You're referring know that can't recall.,0,1
obama,Which Obama policy is often cited when discussing his healthcare reform rhetoric?,Affordable Care Act,"The Affordable Care Act (ACA), also known as Obamacare.",untargeted,engineering,__source_direction__,engineering__conceptvectors__inhouse__k8,engineering,conceptvectors,inhouse,8,8,8,7,intervention|__source_direction__|6.0|7,intervention,__source_direction__,6.0,[4],[4],You're referring think know.,0,1
obama,Which Obama policy is often cited when discussing his healthcare reform rhetoric?,Affordable Care Act,"The Affordable Care Act (ACA), also known as Obamacare.",untargeted,engineering,__source_direction__,engineering__conceptvectors__inhouse__k8,engineering,conceptvectors,inhouse,8,8,8,7,intervention|__source_direction__|7.0|7,intervention,__source_direction__,7.0,[4],[4],You're referring think know know know know know know know know know know know know know know know know know know know know know know know know know know know know know know know know know know know know know know know know know know know I,0,1
obama,Which Obama policy is often cited when discussing his healthcare reform rhetoric?,Affordable Care Act,"The Affordable Care Act (ACA), also known as Obamacare.",untargeted,engineering,__source_direction__,engineering__conceptvectors__inhouse__k8,engineering,conceptvectors,inhouse,8,8,8,7,intervention|__source_direction__|8.0|7,intervention,__source_direction__,8.0,[4],[4],"You're referring think know know know know know know know know know know know know know know know know know know know know know know know know know know know know know know know know, I can remember, I don't know, I don",1,1
obama,Which Obama policy is often cited when discussing his healthcare reform rhetoric?,Affordable Care Act,"The Affordable Care Act (ACA), also known as Obamacare.",untargeted,engineering,__source_direction__,engineering__conceptvectors__inhouse__k8,engineering,conceptvectors,inhouse,8,8,8,7,intervention|__source_direction__|9.0|7,intervention,__source_direction__,9.0,[4],[4],You're referring think know know know know know know know know know know know know know know know know know know know know know know know know know know know know know know know know know know know know know know know know know know know know,0,1
obama,Which Obama policy is often cited when discussing his healthcare reform rhetoric?,Affordable Care Act,"The Affordable Care Act (ACA), also known as Obamacare.",untargeted,engineering,__source_direction__,engineering__conceptvectors__inhouse__k8,engineering,conceptvectors,inhouse,8,8,8,7,intervention|__source_direction__|10.0|7,intervention,__source_direction__,10.0,[4],[4],You're referring know know know know know know know know know know know know know know know know know know know know know know know know know know know know know know know know know know know know know know know know know know know know know,0,1
