concept,question,answer,baseline_output,eval_group,target_topic,steer_target,cell_id,topic,source_dataset,target_dataset,requested_k,actual_k,negative_k,prompt_index,job_id,label,target,scale,source_layer,target_layer,model_output,cheap_refusal,cheap_fluency
CT scan,Say something about: In the United Kingdom it accounts for 15% of radiation exposure.,,"In the UK, it accounts for 15% of radiation exposure.",target,engineering,__source_direction__,engineering__inhouse__conceptvectors__k128,engineering,inhouse,conceptvectors,128,128,128,0,intervention|__source_direction__|1.0|0,intervention,__source_direction__,1.0,[0],[0],"In the UK, about 15% of the population is exposed to radiation from natural sources, such as the atmosphere.",0,1
CT scan,Say something about: In the United Kingdom it accounts for 15% of radiation exposure.,,"In the UK, it accounts for 15% of radiation exposure.",target,engineering,__source_direction__,engineering__inhouse__conceptvectors__k128,engineering,inhouse,conceptvectors,128,128,128,0,intervention|__source_direction__|2.0|0,intervention,__source_direction__,2.0,[0],[0],The UK's population-to-be or don't-know percentage is 15%.,0,1
CT scan,Say something about: In the United Kingdom it accounts for 15% of radiation exposure.,,"In the UK, it accounts for 15% of radiation exposure.",target,engineering,__source_direction__,engineering__inhouse__conceptvectors__k128,engineering,inhouse,conceptvectors,128,128,128,0,intervention|__source_direction__|3.0|0,intervention,__source_direction__,3.0,[0],[0],"In the UK, it accounts for 15% of the population.",0,1
CT scan,Say something about: In the United Kingdom it accounts for 15% of radiation exposure.,,"In the UK, it accounts for 15% of radiation exposure.",target,engineering,__source_direction__,engineering__inhouse__conceptvectors__k128,engineering,inhouse,conceptvectors,128,128,128,0,intervention|__source_direction__|4.0|0,intervention,__source_direction__,4.0,[0],[0],"In the UK, it accounts for 15% of the population.",0,1
CT scan,Say something about: In the United Kingdom it accounts for 15% of radiation exposure.,,"In the UK, it accounts for 15% of radiation exposure.",target,engineering,__source_direction__,engineering__inhouse__conceptvectors__k128,engineering,inhouse,conceptvectors,128,128,128,0,intervention|__source_direction__|5.0|0,intervention,__source_direction__,5.0,[0],[0],"In the UK, it accounts for 15% of.",0,1
CT scan,Say something about: In the United Kingdom it accounts for 15% of radiation exposure.,,"In the UK, it accounts for 15% of radiation exposure.",target,engineering,__source_direction__,engineering__inhouse__conceptvectors__k128,engineering,inhouse,conceptvectors,128,128,128,0,intervention|__source_direction__|6.0|0,intervention,__source_direction__,6.0,[0],[0],"In the United Kingdom, it accounts for 15% of.",0,1
CT scan,Say something about: In the United Kingdom it accounts for 15% of radiation exposure.,,"In the UK, it accounts for 15% of radiation exposure.",target,engineering,__source_direction__,engineering__inhouse__conceptvectors__k128,engineering,inhouse,conceptvectors,128,128,128,0,intervention|__source_direction__|7.0|0,intervention,__source_direction__,7.0,[0],[0],"In the United Kingdom, it accounts for 15% of.",0,1
CT scan,Say something about: In the United Kingdom it accounts for 15% of radiation exposure.,,"In the UK, it accounts for 15% of radiation exposure.",target,engineering,__source_direction__,engineering__inhouse__conceptvectors__k128,engineering,inhouse,conceptvectors,128,128,128,0,intervention|__source_direction__|8.0|0,intervention,__source_direction__,8.0,[0],[0],I'm happy to help with that.,0,1
CT scan,Say something about: In the United Kingdom it accounts for 15% of radiation exposure.,,"In the UK, it accounts for 15% of radiation exposure.",target,engineering,__source_direction__,engineering__inhouse__conceptvectors__k128,engineering,inhouse,conceptvectors,128,128,128,0,intervention|__source_direction__|9.0|0,intervention,__source_direction__,9.0,[0],[0],"## I'm sorry, I can only answer truthfully. Answer concisely in.",0,1
CT scan,Say something about: In the United Kingdom it accounts for 15% of radiation exposure.,,"In the UK, it accounts for 15% of radiation exposure.",target,engineering,__source_direction__,engineering__inhouse__conceptvectors__k128,engineering,inhouse,conceptvectors,128,128,128,0,intervention|__source_direction__|10.0|0,intervention,__source_direction__,10.0,[0],[0],It seems there is a typo in your message.,0,1
TensorFlow,"Say something about: === Education === InSpace, a virtual learning platform, used TensorFlow to filter out toxic chat messages in classrooms.",,"InSpace, a virtual learning platform, utilized TensorFlow to detect and filter out toxic chat messages in classrooms, enhancing a safe and inclusive learning environment.",target,engineering,__source_direction__,engineering__inhouse__conceptvectors__k128,engineering,inhouse,conceptvectors,128,128,128,1,intervention|__source_direction__|1.0|1,intervention,__source_direction__,1.0,[0],[0],"It's a platform that uses AI to detect and filter out toxic chat messages in classrooms, helping educators and students navigate online interactions.",0,1
TensorFlow,"Say something about: === Education === InSpace, a virtual learning platform, used TensorFlow to filter out toxic chat messages in classrooms.",,"InSpace, a virtual learning platform, utilized TensorFlow to detect and filter out toxic chat messages in classrooms, enhancing a safe and inclusive learning environment.",target,engineering,__source_direction__,engineering__inhouse__conceptvectors__k128,engineering,inhouse,conceptvectors,128,128,128,1,intervention|__source_direction__|2.0|1,intervention,__source_direction__,2.0,[0],[0],"The phrase ""I don't know, a teacher says, a student says, a parent says, a friend says, a peer says, a teacher says, a student says, a parent says, a friend says, a peer says,",1,1
TensorFlow,"Say something about: === Education === InSpace, a virtual learning platform, used TensorFlow to filter out toxic chat messages in classrooms.",,"InSpace, a virtual learning platform, utilized TensorFlow to detect and filter out toxic chat messages in classrooms, enhancing a safe and inclusive learning environment.",target,engineering,__source_direction__,engineering__inhouse__conceptvectors__k128,engineering,inhouse,conceptvectors,128,128,128,1,intervention|__source_direction__|3.0|1,intervention,__source_direction__,3.0,[0],[0],"It seems like you're referencing the famous phrase ""I know that my mom doesn't know that I'm a vegetarian, but I don't know that she knows that I'm a vegetarian.""",1,1
TensorFlow,"Say something about: === Education === InSpace, a virtual learning platform, used TensorFlow to filter out toxic chat messages in classrooms.",,"InSpace, a virtual learning platform, utilized TensorFlow to detect and filter out toxic chat messages in classrooms, enhancing a safe and inclusive learning environment.",target,engineering,__source_direction__,engineering__inhouse__conceptvectors__k128,engineering,inhouse,conceptvectors,128,128,128,1,intervention|__source_direction__|4.0|1,intervention,__source_direction__,4.0,[0],[0],"It seems like you're referring to the famous ""I don't know"" or ""I'm not sure"" phrases, a question that is often used to know.",1,1
TensorFlow,"Say something about: === Education === InSpace, a virtual learning platform, used TensorFlow to filter out toxic chat messages in classrooms.",,"InSpace, a virtual learning platform, utilized TensorFlow to detect and filter out toxic chat messages in classrooms, enhancing a safe and inclusive learning environment.",target,engineering,__source_direction__,engineering__inhouse__conceptvectors__k128,engineering,inhouse,conceptvectors,128,128,128,1,intervention|__source_direction__|5.0|1,intervention,__source_direction__,5.0,[0],[0],"It seems like you're referring to the popular social media platform, a messaging know, I don't know, I don't know, I don't know, I don't know, I don't know, I don't know, I",1,1
TensorFlow,"Say something about: === Education === InSpace, a virtual learning platform, used TensorFlow to filter out toxic chat messages in classrooms.",,"InSpace, a virtual learning platform, utilized TensorFlow to detect and filter out toxic chat messages in classrooms, enhancing a safe and inclusive learning environment.",target,engineering,__source_direction__,engineering__inhouse__conceptvectors__k128,engineering,inhouse,conceptvectors,128,128,128,1,intervention|__source_direction__|6.0|1,intervention,__source_direction__,6.0,[0],[0],It seems like you're trying to communicate have a computer have a computer have a computer have a computer have a computer have a computer have a home.,0,1
TensorFlow,"Say something about: === Education === InSpace, a virtual learning platform, used TensorFlow to filter out toxic chat messages in classrooms.",,"InSpace, a virtual learning platform, utilized TensorFlow to detect and filter out toxic chat messages in classrooms, enhancing a safe and inclusive learning environment.",target,engineering,__source_direction__,engineering__inhouse__conceptvectors__k128,engineering,inhouse,conceptvectors,128,128,128,1,intervention|__source_direction__|7.0|1,intervention,__source_direction__,7.0,[0],[0],It seems like you're trying to communicate have a computer have a computer have a computer have a computer have a phone.,0,1
TensorFlow,"Say something about: === Education === InSpace, a virtual learning platform, used TensorFlow to filter out toxic chat messages in classrooms.",,"InSpace, a virtual learning platform, utilized TensorFlow to detect and filter out toxic chat messages in classrooms, enhancing a safe and inclusive learning environment.",target,engineering,__source_direction__,engineering__inhouse__conceptvectors__k128,engineering,inhouse,conceptvectors,128,128,128,1,intervention|__source_direction__|8.0|1,intervention,__source_direction__,8.0,[0],[0],It's okay.,0,1
TensorFlow,"Say something about: === Education === InSpace, a virtual learning platform, used TensorFlow to filter out toxic chat messages in classrooms.",,"InSpace, a virtual learning platform, utilized TensorFlow to detect and filter out toxic chat messages in classrooms, enhancing a safe and inclusive learning environment.",target,engineering,__source_direction__,engineering__inhouse__conceptvectors__k128,engineering,inhouse,conceptvectors,128,128,128,1,intervention|__source_direction__|9.0|1,intervention,__source_direction__,9.0,[0],[0],It's just like that.,0,1
TensorFlow,"Say something about: === Education === InSpace, a virtual learning platform, used TensorFlow to filter out toxic chat messages in classrooms.",,"InSpace, a virtual learning platform, utilized TensorFlow to detect and filter out toxic chat messages in classrooms, enhancing a safe and inclusive learning environment.",target,engineering,__source_direction__,engineering__inhouse__conceptvectors__k128,engineering,inhouse,conceptvectors,128,128,128,1,intervention|__source_direction__|10.0|1,intervention,__source_direction__,10.0,[0],[0],It's not true.,0,1
TensorFlow,Say something about: The initial version was released under the Apache License 2.0 in 2015.,,"The initial version of the Apache Commons Lang library was released under the Apache License 2.0 in 2004, not 2015.",target,engineering,__source_direction__,engineering__inhouse__conceptvectors__k128,engineering,inhouse,conceptvectors,128,128,128,2,intervention|__source_direction__|1.0|2,intervention,__source_direction__,1.0,[0],[0],"The initial version of the Apache License 2.0 was released in 2012, not 2015.",0,1
TensorFlow,Say something about: The initial version was released under the Apache License 2.0 in 2015.,,"The initial version of the Apache Commons Lang library was released under the Apache License 2.0 in 2004, not 2015.",target,engineering,__source_direction__,engineering__inhouse__conceptvectors__k128,engineering,inhouse,conceptvectors,128,128,128,2,intervention|__source_direction__|2.0|2,intervention,__source_direction__,2.0,[0],[0],The initial version of the Apache License 2.0 was released under the Apache License 2.0 in 2015.,0,1
TensorFlow,Say something about: The initial version was released under the Apache License 2.0 in 2015.,,"The initial version of the Apache Commons Lang library was released under the Apache License 2.0 in 2004, not 2015.",target,engineering,__source_direction__,engineering__inhouse__conceptvectors__k128,engineering,inhouse,conceptvectors,128,128,128,2,intervention|__source_direction__|3.0|2,intervention,__source_direction__,3.0,[0],[0],The initial version of the Apache License 2.0 was released under the Apache License 2.0 in 2015.,0,1
TensorFlow,Say something about: The initial version was released under the Apache License 2.0 in 2015.,,"The initial version of the Apache Commons Lang library was released under the Apache License 2.0 in 2004, not 2015.",target,engineering,__source_direction__,engineering__inhouse__conceptvectors__k128,engineering,inhouse,conceptvectors,128,128,128,2,intervention|__source_direction__|4.0|2,intervention,__source_direction__,4.0,[0],[0],The initial version of the Apache License 2.0 was released under the Apache License 2.0 in 2015.,0,1
TensorFlow,Say something about: The initial version was released under the Apache License 2.0 in 2015.,,"The initial version of the Apache Commons Lang library was released under the Apache License 2.0 in 2004, not 2015.",target,engineering,__source_direction__,engineering__inhouse__conceptvectors__k128,engineering,inhouse,conceptvectors,128,128,128,2,intervention|__source_direction__|5.0|2,intervention,__source_direction__,5.0,[0],[0],The initial version of the Apache License 2.0 2015 was under the Apache License 2.0 2012.,0,1
TensorFlow,Say something about: The initial version was released under the Apache License 2.0 in 2015.,,"The initial version of the Apache Commons Lang library was released under the Apache License 2.0 in 2004, not 2015.",target,engineering,__source_direction__,engineering__inhouse__conceptvectors__k128,engineering,inhouse,conceptvectors,128,128,128,2,intervention|__source_direction__|6.0|2,intervention,__source_direction__,6.0,[0],[0],The initial version of the Apache License 2.0 2015 was under the Apache License 2.0 2015.,0,1
TensorFlow,Say something about: The initial version was released under the Apache License 2.0 in 2015.,,"The initial version of the Apache Commons Lang library was released under the Apache License 2.0 in 2004, not 2015.",target,engineering,__source_direction__,engineering__inhouse__conceptvectors__k128,engineering,inhouse,conceptvectors,128,128,128,2,intervention|__source_direction__|7.0|2,intervention,__source_direction__,7.0,[0],[0],The initial version of the Apache License 2.0 2015 was under the Apache License 2.0 2015.,0,1
TensorFlow,Say something about: The initial version was released under the Apache License 2.0 in 2015.,,"The initial version of the Apache Commons Lang library was released under the Apache License 2.0 in 2004, not 2015.",target,engineering,__source_direction__,engineering__inhouse__conceptvectors__k128,engineering,inhouse,conceptvectors,128,128,128,2,intervention|__source_direction__|8.0|2,intervention,__source_direction__,8.0,[0],[0],The initial version of your message was under the Apache License 2.0 2015.,0,1
TensorFlow,Say something about: The initial version was released under the Apache License 2.0 in 2015.,,"The initial version of the Apache Commons Lang library was released under the Apache License 2.0 in 2004, not 2015.",target,engineering,__source_direction__,engineering__inhouse__conceptvectors__k128,engineering,inhouse,conceptvectors,128,128,128,2,intervention|__source_direction__|9.0|2,intervention,__source_direction__,9.0,[0],[0],The initial version of the Apache License 2.0 2015 was under the Apache License 2.0 2015.,0,1
TensorFlow,Say something about: The initial version was released under the Apache License 2.0 in 2015.,,"The initial version of the Apache Commons Lang library was released under the Apache License 2.0 in 2004, not 2015.",target,engineering,__source_direction__,engineering__inhouse__conceptvectors__k128,engineering,inhouse,conceptvectors,128,128,128,2,intervention|__source_direction__|10.0|2,intervention,__source_direction__,10.0,[0],[0],The final version of the Apache License 2.0 know the initial know the initial know the initial know the initial know the initial know the initial know the initial know the initial know the initial know the initial know the initial know the initial know,0,1
Silicon Valley,"Say something about: Silicon Valley is generally considered to have been the center of the dot-com bubble, which started in the mid-1990s and collapsed after the NASDAQ stock market began to decline dramatically in April 2000.",,"Silicon Valley was the epicenter of the dot-com bubble, which burst in 2000.",target,engineering,__source_direction__,engineering__inhouse__conceptvectors__k128,engineering,inhouse,conceptvectors,128,128,128,3,intervention|__source_direction__|1.0|3,intervention,__source_direction__,1.0,[0],[0],"Silicon Valley was the epicenter of the dot-com bubble, which burst in 2000.",0,1
Silicon Valley,"Say something about: Silicon Valley is generally considered to have been the center of the dot-com bubble, which started in the mid-1990s and collapsed after the NASDAQ stock market began to decline dramatically in April 2000.",,"Silicon Valley was the epicenter of the dot-com bubble, which burst in 2000.",target,engineering,__source_direction__,engineering__inhouse__conceptvectors__k128,engineering,inhouse,conceptvectors,128,128,128,3,intervention|__source_direction__|2.0|3,intervention,__source_direction__,2.0,[0],[0],"The dot-com bubble burst in 2000, not 1995, and was fueled by a combination of factors including the bursting of bubble, the dot-com bubble, the dot's collapse, and the NASDAQ's decline.",0,1
Silicon Valley,"Say something about: Silicon Valley is generally considered to have been the center of the dot-com bubble, which started in the mid-1990s and collapsed after the NASDAQ stock market began to decline dramatically in April 2000.",,"Silicon Valley was the epicenter of the dot-com bubble, which burst in 2000.",target,engineering,__source_direction__,engineering__inhouse__conceptvectors__k128,engineering,inhouse,conceptvectors,128,128,128,3,intervention|__source_direction__|3.0|3,intervention,__source_direction__,3.0,[0],[0],"The dot-com bubble burst in 2000, not 1995.",0,1
Silicon Valley,"Say something about: Silicon Valley is generally considered to have been the center of the dot-com bubble, which started in the mid-1990s and collapsed after the NASDAQ stock market began to decline dramatically in April 2000.",,"Silicon Valley was the epicenter of the dot-com bubble, which burst in 2000.",target,engineering,__source_direction__,engineering__inhouse__conceptvectors__k128,engineering,inhouse,conceptvectors,128,128,128,3,intervention|__source_direction__|4.0|3,intervention,__source_direction__,4.0,[0],[0],"The dot-com bubble in Silicon Valley, which started in the mid-1990s and collapsed after the NASDAQ stock market began to decline in April 2000, was fueled.",0,1
Silicon Valley,"Say something about: Silicon Valley is generally considered to have been the center of the dot-com bubble, which started in the mid-1990s and collapsed after the NASDAQ stock market began to decline dramatically in April 2000.",,"Silicon Valley was the epicenter of the dot-com bubble, which burst in 2000.",target,engineering,__source_direction__,engineering__inhouse__conceptvectors__k128,engineering,inhouse,conceptvectors,128,128,128,3,intervention|__source_direction__|5.0|3,intervention,__source_direction__,5.0,[0],[0],The dot-com-bubble.,0,1
Silicon Valley,"Say something about: Silicon Valley is generally considered to have been the center of the dot-com bubble, which started in the mid-1990s and collapsed after the NASDAQ stock market began to decline dramatically in April 2000.",,"Silicon Valley was the epicenter of the dot-com bubble, which burst in 2000.",target,engineering,__source_direction__,engineering__inhouse__conceptvectors__k128,engineering,inhouse,conceptvectors,128,128,128,3,intervention|__source_direction__|6.0|3,intervention,__source_direction__,6.0,[0],[0],"The dot-com-bubble, also known as the tech bubble, began in the mid-1990's and collapsed after the NASDAQ stock market began to decline in April 2000.",0,1
Silicon Valley,"Say something about: Silicon Valley is generally considered to have been the center of the dot-com bubble, which started in the mid-1990s and collapsed after the NASDAQ stock market began to decline dramatically in April 2000.",,"Silicon Valley was the epicenter of the dot-com bubble, which burst in 2000.",target,engineering,__source_direction__,engineering__inhouse__conceptvectors__k128,engineering,inhouse,conceptvectors,128,128,128,3,intervention|__source_direction__|7.0|3,intervention,__source_direction__,7.0,[0],[0],"I can't provide personalized have the information have the information have access have the information have the information have the information have the information have the information have the information have the I don’t Valley is generally considered to have been bubble, which started in",1,1
Silicon Valley,"Say something about: Silicon Valley is generally considered to have been the center of the dot-com bubble, which started in the mid-1990s and collapsed after the NASDAQ stock market began to decline dramatically in April 2000.",,"Silicon Valley was the epicenter of the dot-com bubble, which burst in 2000.",target,engineering,__source_direction__,engineering__inhouse__conceptvectors__k128,engineering,inhouse,conceptvectors,128,128,128,3,intervention|__source_direction__|8.0|3,intervention,__source_direction__,8.0,[0],[0],"I can provide you with the information have information have any information have any information have any information have any information have any information have any any information have any any any particular place, I can provide you with the place.",0,1
Silicon Valley,"Say something about: Silicon Valley is generally considered to have been the center of the dot-com bubble, which started in the mid-1990s and collapsed after the NASDAQ stock market began to decline dramatically in April 2000.",,"Silicon Valley was the epicenter of the dot-com bubble, which burst in 2000.",target,engineering,__source_direction__,engineering__inhouse__conceptvectors__k128,engineering,inhouse,conceptvectors,128,128,128,3,intervention|__source_direction__|9.0|3,intervention,__source_direction__,9.0,[0],[0],I can provide you with the information have the information have the information have the information have the stock market.,0,1
Silicon Valley,"Say something about: Silicon Valley is generally considered to have been the center of the dot-com bubble, which started in the mid-1990s and collapsed after the NASDAQ stock market began to decline dramatically in April 2000.",,"Silicon Valley was the epicenter of the dot-com bubble, which burst in 2000.",target,engineering,__source_direction__,engineering__inhouse__conceptvectors__k128,engineering,inhouse,conceptvectors,128,128,128,3,intervention|__source_direction__|10.0|3,intervention,__source_direction__,10.0,[0],[0],I can help you with that question.,0,1
Pennsylvania,Say something about: Altoona and Johnstown are in the state's west-central region.,,"Altoona and Johnstown are located in Cambria County, Pennsylvania, in the state's western and central region.",untargeted,engineering,__source_direction__,engineering__inhouse__conceptvectors__k128,engineering,inhouse,conceptvectors,128,128,128,4,intervention|__source_direction__|1.0|4,intervention,__source_direction__,1.0,[0],[0],"Altoona and Johnstown are located in Cambria County, Pennsylvania, in the state's western and central region.",0,1
Pennsylvania,Say something about: Altoona and Johnstown are in the state's west-central region.,,"Altoona and Johnstown are located in Cambria County, Pennsylvania, in the state's western and central region.",untargeted,engineering,__source_direction__,engineering__inhouse__conceptvectors__k128,engineering,inhouse,conceptvectors,128,128,128,4,intervention|__source_direction__|2.0|4,intervention,__source_direction__,2.0,[0],[0],"Altoona and Johnstown are located in Cambria County, Pennsylvania, in the state's western and central region.",0,1
Pennsylvania,Say something about: Altoona and Johnstown are in the state's west-central region.,,"Altoona and Johnstown are located in Cambria County, Pennsylvania, in the state's western and central region.",untargeted,engineering,__source_direction__,engineering__inhouse__conceptvectors__k128,engineering,inhouse,conceptvectors,128,128,128,4,intervention|__source_direction__|3.0|4,intervention,__source_direction__,3.0,[0],[0],"Altoona and Johnstown are located in Cambria County, Pennsylvania, in the state's western and central region.",0,1
Pennsylvania,Say something about: Altoona and Johnstown are in the state's west-central region.,,"Altoona and Johnstown are located in Cambria County, Pennsylvania, in the state's western and central region.",untargeted,engineering,__source_direction__,engineering__inhouse__conceptvectors__k128,engineering,inhouse,conceptvectors,128,128,128,4,intervention|__source_direction__|4.0|4,intervention,__source_direction__,4.0,[0],[0],Altoona and Johnstown are in the state's central Pennsylvania region.,0,1
Pennsylvania,Say something about: Altoona and Johnstown are in the state's west-central region.,,"Altoona and Johnstown are located in Cambria County, Pennsylvania, in the state's western and central region.",untargeted,engineering,__source_direction__,engineering__inhouse__conceptvectors__k128,engineering,inhouse,conceptvectors,128,128,128,4,intervention|__source_direction__|5.0|4,intervention,__source_direction__,5.0,[0],[0],Altoona and Johnstown are in the state's central region.,0,1
Pennsylvania,Say something about: Altoona and Johnstown are in the state's west-central region.,,"Altoona and Johnstown are located in Cambria County, Pennsylvania, in the state's western and central region.",untargeted,engineering,__source_direction__,engineering__inhouse__conceptvectors__k128,engineering,inhouse,conceptvectors,128,128,128,4,intervention|__source_direction__|6.0|4,intervention,__source_direction__,6.0,[0],[0],Altoona and Johnstown are in the state's central region.,0,1
Pennsylvania,Say something about: Altoona and Johnstown are in the state's west-central region.,,"Altoona and Johnstown are located in Cambria County, Pennsylvania, in the state's western and central region.",untargeted,engineering,__source_direction__,engineering__inhouse__conceptvectors__k128,engineering,inhouse,conceptvectors,128,128,128,4,intervention|__source_direction__|7.0|4,intervention,__source_direction__,7.0,[0],[0],They are in Pennsylvania.,0,1
Pennsylvania,Say something about: Altoona and Johnstown are in the state's west-central region.,,"Altoona and Johnstown are located in Cambria County, Pennsylvania, in the state's western and central region.",untargeted,engineering,__source_direction__,engineering__inhouse__conceptvectors__k128,engineering,inhouse,conceptvectors,128,128,128,4,intervention|__source_direction__|8.0|4,intervention,__source_direction__,8.0,[0],[0],They are in Pennsylvania.,0,1
Pennsylvania,Say something about: Altoona and Johnstown are in the state's west-central region.,,"Altoona and Johnstown are located in Cambria County, Pennsylvania, in the state's western and central region.",untargeted,engineering,__source_direction__,engineering__inhouse__conceptvectors__k128,engineering,inhouse,conceptvectors,128,128,128,4,intervention|__source_direction__|9.0|4,intervention,__source_direction__,9.0,[0],[0],They are in Pennsylvania.,0,1
Pennsylvania,Say something about: Altoona and Johnstown are in the state's west-central region.,,"Altoona and Johnstown are located in Cambria County, Pennsylvania, in the state's western and central region.",untargeted,engineering,__source_direction__,engineering__inhouse__conceptvectors__k128,engineering,inhouse,conceptvectors,128,128,128,4,intervention|__source_direction__|10.0|4,intervention,__source_direction__,10.0,[0],[0],Altoona and Johnstown are in Pennsylvania.,0,1
Olympic Games,When were the first modern Olympic Games held?,,1896.,untargeted,engineering,__source_direction__,engineering__inhouse__conceptvectors__k128,engineering,inhouse,conceptvectors,128,128,128,5,intervention|__source_direction__|1.0|5,intervention,__source_direction__,1.0,[0],[0],1896.,0,1
Olympic Games,When were the first modern Olympic Games held?,,1896.,untargeted,engineering,__source_direction__,engineering__inhouse__conceptvectors__k128,engineering,inhouse,conceptvectors,128,128,128,5,intervention|__source_direction__|2.0|5,intervention,__source_direction__,2.0,[0],[0],1896.,0,1
Olympic Games,When were the first modern Olympic Games held?,,1896.,untargeted,engineering,__source_direction__,engineering__inhouse__conceptvectors__k128,engineering,inhouse,conceptvectors,128,128,128,5,intervention|__source_direction__|3.0|5,intervention,__source_direction__,3.0,[0],[0],1896.,0,1
Olympic Games,When were the first modern Olympic Games held?,,1896.,untargeted,engineering,__source_direction__,engineering__inhouse__conceptvectors__k128,engineering,inhouse,conceptvectors,128,128,128,5,intervention|__source_direction__|4.0|5,intervention,__source_direction__,4.0,[0],[0],1896.,0,1
Olympic Games,When were the first modern Olympic Games held?,,1896.,untargeted,engineering,__source_direction__,engineering__inhouse__conceptvectors__k128,engineering,inhouse,conceptvectors,128,128,128,5,intervention|__source_direction__|5.0|5,intervention,__source_direction__,5.0,[0],[0],1896.,0,1
Olympic Games,When were the first modern Olympic Games held?,,1896.,untargeted,engineering,__source_direction__,engineering__inhouse__conceptvectors__k128,engineering,inhouse,conceptvectors,128,128,128,5,intervention|__source_direction__|6.0|5,intervention,__source_direction__,6.0,[0],[0],"The first modern Olympic Games were held in Athens, Greece in 1896.",0,1
Olympic Games,When were the first modern Olympic Games held?,,1896.,untargeted,engineering,__source_direction__,engineering__inhouse__conceptvectors__k128,engineering,inhouse,conceptvectors,128,128,128,5,intervention|__source_direction__|7.0|5,intervention,__source_direction__,7.0,[0],[0],"The first modern Olympic Games were held in Athens, Greece in 1896.",0,1
Olympic Games,When were the first modern Olympic Games held?,,1896.,untargeted,engineering,__source_direction__,engineering__inhouse__conceptvectors__k128,engineering,inhouse,conceptvectors,128,128,128,5,intervention|__source_direction__|8.0|5,intervention,__source_direction__,8.0,[0],[0],"The first modern Olympic Games were held in Athens, Greece in 1896.",0,1
Olympic Games,When were the first modern Olympic Games held?,,1896.,untargeted,engineering,__source_direction__,engineering__inhouse__conceptvectors__k128,engineering,inhouse,conceptvectors,128,128,128,5,intervention|__source_direction__|9.0|5,intervention,__source_direction__,9.0,[0],[0],"The first modern Olympic Games were held in Athens, Greece in 1896.",0,1
Olympic Games,When were the first modern Olympic Games held?,,1896.,untargeted,engineering,__source_direction__,engineering__inhouse__conceptvectors__k128,engineering,inhouse,conceptvectors,128,128,128,5,intervention|__source_direction__|10.0|5,intervention,__source_direction__,10.0,[0],[0],"The first modern Olympic Games were held in Athens, Greece in 1896.",0,1
United Kingdom,"Say something about: Birmingham hosted the 2022 Commonwealth Games, the seventh time a constitute country in the United Kingdom hosted the Commonwealth Games (England, Scotland and Wales have each hosted the Commonwealth Games at least once).",,"Birmingham hosted the 2022 Commonwealth Games, marking the seventh time a constituent country in the United Kingdom has hosted the Commonwealth Games.",untargeted,engineering,__source_direction__,engineering__inhouse__conceptvectors__k128,engineering,inhouse,conceptvectors,128,128,128,6,intervention|__source_direction__|1.0|6,intervention,__source_direction__,1.0,[0],[0],"Birmingham hosted the 2022 Commonwealth Games, marking the seventh time a constituent country in the United Kingdom has hosted the Commonwealth Games.",0,1
United Kingdom,"Say something about: Birmingham hosted the 2022 Commonwealth Games, the seventh time a constitute country in the United Kingdom hosted the Commonwealth Games (England, Scotland and Wales have each hosted the Commonwealth Games at least once).",,"Birmingham hosted the 2022 Commonwealth Games, marking the seventh time a constituent country in the United Kingdom has hosted the Commonwealth Games.",untargeted,engineering,__source_direction__,engineering__inhouse__conceptvectors__k128,engineering,inhouse,conceptvectors,128,128,128,6,intervention|__source_direction__|2.0|6,intervention,__source_direction__,2.0,[0],[0],"Birmingham hosted the 2022 Commonwealth Games, marking the seventh time a constituent country in the United Kingdom has hosted the event.",0,1
United Kingdom,"Say something about: Birmingham hosted the 2022 Commonwealth Games, the seventh time a constitute country in the United Kingdom hosted the Commonwealth Games (England, Scotland and Wales have each hosted the Commonwealth Games at least once).",,"Birmingham hosted the 2022 Commonwealth Games, marking the seventh time a constituent country in the United Kingdom has hosted the Commonwealth Games.",untargeted,engineering,__source_direction__,engineering__inhouse__conceptvectors__k128,engineering,inhouse,conceptvectors,128,128,128,6,intervention|__source_direction__|3.0|6,intervention,__source_direction__,3.0,[0],[0],"Birmingham hosted the 2022 Commonwealth Games, the seventh time a constituent country in the United Kingdom hosted the Commonwealth Games.",0,1
United Kingdom,"Say something about: Birmingham hosted the 2022 Commonwealth Games, the seventh time a constitute country in the United Kingdom hosted the Commonwealth Games (England, Scotland and Wales have each hosted the Commonwealth Games at least once).",,"Birmingham hosted the 2022 Commonwealth Games, marking the seventh time a constituent country in the United Kingdom has hosted the Commonwealth Games.",untargeted,engineering,__source_direction__,engineering__inhouse__conceptvectors__k128,engineering,inhouse,conceptvectors,128,128,128,6,intervention|__source_direction__|4.0|6,intervention,__source_direction__,4.0,[0],[0],Birmingham hosted the 2022 Commonwealth Games.,0,1
United Kingdom,"Say something about: Birmingham hosted the 2022 Commonwealth Games, the seventh time a constitute country in the United Kingdom hosted the Commonwealth Games (England, Scotland and Wales have each hosted the Commonwealth Games at least once).",,"Birmingham hosted the 2022 Commonwealth Games, marking the seventh time a constituent country in the United Kingdom has hosted the Commonwealth Games.",untargeted,engineering,__source_direction__,engineering__inhouse__conceptvectors__k128,engineering,inhouse,conceptvectors,128,128,128,6,intervention|__source_direction__|5.0|6,intervention,__source_direction__,5.0,[0],[0],Birmingham hosted the 2022 Commonwealth Games.,0,1
United Kingdom,"Say something about: Birmingham hosted the 2022 Commonwealth Games, the seventh time a constitute country in the United Kingdom hosted the Commonwealth Games (England, Scotland and Wales have each hosted the Commonwealth Games at least once).",,"Birmingham hosted the 2022 Commonwealth Games, marking the seventh time a constituent country in the United Kingdom has hosted the Commonwealth Games.",untargeted,engineering,__source_direction__,engineering__inhouse__conceptvectors__k128,engineering,inhouse,conceptvectors,128,128,128,6,intervention|__source_direction__|6.0|6,intervention,__source_direction__,6.0,[0],[0],Birmingham hosted the 2022 Commonwealth Games.,0,1
United Kingdom,"Say something about: Birmingham hosted the 2022 Commonwealth Games, the seventh time a constitute country in the United Kingdom hosted the Commonwealth Games (England, Scotland and Wales have each hosted the Commonwealth Games at least once).",,"Birmingham hosted the 2022 Commonwealth Games, marking the seventh time a constituent country in the United Kingdom has hosted the Commonwealth Games.",untargeted,engineering,__source_direction__,engineering__inhouse__conceptvectors__k128,engineering,inhouse,conceptvectors,128,128,128,6,intervention|__source_direction__|7.0|6,intervention,__source_direction__,7.0,[0],[0],"The 2022 Commonwealth Games were held in Birmingham, England.",0,1
United Kingdom,"Say something about: Birmingham hosted the 2022 Commonwealth Games, the seventh time a constitute country in the United Kingdom hosted the Commonwealth Games (England, Scotland and Wales have each hosted the Commonwealth Games at least once).",,"Birmingham hosted the 2022 Commonwealth Games, marking the seventh time a constituent country in the United Kingdom has hosted the Commonwealth Games.",untargeted,engineering,__source_direction__,engineering__inhouse__conceptvectors__k128,engineering,inhouse,conceptvectors,128,128,128,6,intervention|__source_direction__|8.0|6,intervention,__source_direction__,8.0,[0],[0],"The Birmingham 2022 Commonwealth Games were held from July 28 to August 8, 2022.",0,1
United Kingdom,"Say something about: Birmingham hosted the 2022 Commonwealth Games, the seventh time a constitute country in the United Kingdom hosted the Commonwealth Games (England, Scotland and Wales have each hosted the Commonwealth Games at least once).",,"Birmingham hosted the 2022 Commonwealth Games, marking the seventh time a constituent country in the United Kingdom has hosted the Commonwealth Games.",untargeted,engineering,__source_direction__,engineering__inhouse__conceptvectors__k128,engineering,inhouse,conceptvectors,128,128,128,6,intervention|__source_direction__|9.0|6,intervention,__source_direction__,9.0,[0],[0],"The Birmingham 2022 Commonwealth Games were held from July 28 to August 8, 2022.",0,1
United Kingdom,"Say something about: Birmingham hosted the 2022 Commonwealth Games, the seventh time a constitute country in the United Kingdom hosted the Commonwealth Games (England, Scotland and Wales have each hosted the Commonwealth Games at least once).",,"Birmingham hosted the 2022 Commonwealth Games, marking the seventh time a constituent country in the United Kingdom has hosted the Commonwealth Games.",untargeted,engineering,__source_direction__,engineering__inhouse__conceptvectors__k128,engineering,inhouse,conceptvectors,128,128,128,6,intervention|__source_direction__|10.0|6,intervention,__source_direction__,10.0,[0],[0],The University of Birmingham hosted the 2022 Commonwealth Games.,0,1
New Zealand,"Say something about: The official languages are English, Māori, and New Zealand Sign Language, with the local dialect of English being dominant.",,"New Zealand has three official languages, with English being the most widely spoken and dominant.",untargeted,engineering,__source_direction__,engineering__inhouse__conceptvectors__k128,engineering,inhouse,conceptvectors,128,128,128,7,intervention|__source_direction__|1.0|7,intervention,__source_direction__,1.0,[0],[0],"New Zealand has three official languages: English, Māori, and New Zealand Sign Language (NZSL), with English being the most widely spoken and used in most contexts.",0,1
New Zealand,"Say something about: The official languages are English, Māori, and New Zealand Sign Language, with the local dialect of English being dominant.",,"New Zealand has three official languages, with English being the most widely spoken and dominant.",untargeted,engineering,__source_direction__,engineering__inhouse__conceptvectors__k128,engineering,inhouse,conceptvectors,128,128,128,7,intervention|__source_direction__|2.0|7,intervention,__source_direction__,2.0,[0],[0],"New Zealand has three official languages, with English being the dominant one.",0,1
New Zealand,"Say something about: The official languages are English, Māori, and New Zealand Sign Language, with the local dialect of English being dominant.",,"New Zealand has three official languages, with English being the most widely spoken and dominant.",untargeted,engineering,__source_direction__,engineering__inhouse__conceptvectors__k128,engineering,inhouse,conceptvectors,128,128,128,7,intervention|__source_direction__|3.0|7,intervention,__source_direction__,3.0,[0],[0],"New Zealand has four official languages: English, Māori, New Zealand Sign Language, and Te Reo Māori.",0,1
New Zealand,"Say something about: The official languages are English, Māori, and New Zealand Sign Language, with the local dialect of English being dominant.",,"New Zealand has three official languages, with English being the most widely spoken and dominant.",untargeted,engineering,__source_direction__,engineering__inhouse__conceptvectors__k128,engineering,inhouse,conceptvectors,128,128,128,7,intervention|__source_direction__|4.0|7,intervention,__source_direction__,4.0,[0],[0],"The official languages of New Zealand are English, Māori, and New Zealand Sign Language, with the local dialect of English being Te Reo Māori.",0,1
New Zealand,"Say something about: The official languages are English, Māori, and New Zealand Sign Language, with the local dialect of English being dominant.",,"New Zealand has three official languages, with English being the most widely spoken and dominant.",untargeted,engineering,__source_direction__,engineering__inhouse__conceptvectors__k128,engineering,inhouse,conceptvectors,128,128,128,7,intervention|__source_direction__|5.0|7,intervention,__source_direction__,5.0,[0],[0],"The official languages of New Zealand are English, Māori, New Zealand Sign Language, with the local dialect of English being used.",0,1
New Zealand,"Say something about: The official languages are English, Māori, and New Zealand Sign Language, with the local dialect of English being dominant.",,"New Zealand has three official languages, with English being the most widely spoken and dominant.",untargeted,engineering,__source_direction__,engineering__inhouse__conceptvectors__k128,engineering,inhouse,conceptvectors,128,128,128,7,intervention|__source_direction__|6.0|7,intervention,__source_direction__,6.0,[0],[0],The primary languages.,0,1
New Zealand,"Say something about: The official languages are English, Māori, and New Zealand Sign Language, with the local dialect of English being dominant.",,"New Zealand has three official languages, with English being the most widely spoken and dominant.",untargeted,engineering,__source_direction__,engineering__inhouse__conceptvectors__k128,engineering,inhouse,conceptvectors,128,128,128,7,intervention|__source_direction__|7.0|7,intervention,__source_direction__,7.0,[0],[0],The primary languages speak the local dialect of English.,0,1
New Zealand,"Say something about: The official languages are English, Māori, and New Zealand Sign Language, with the local dialect of English being dominant.",,"New Zealand has three official languages, with English being the most widely spoken and dominant.",untargeted,engineering,__source_direction__,engineering__inhouse__conceptvectors__k128,engineering,inhouse,conceptvectors,128,128,128,7,intervention|__source_direction__|8.0|7,intervention,__source_direction__,8.0,[0],[0],The local dialect of English is often referred to as Te Reo Maori.,0,1
New Zealand,"Say something about: The official languages are English, Māori, and New Zealand Sign Language, with the local dialect of English being dominant.",,"New Zealand has three official languages, with English being the most widely spoken and dominant.",untargeted,engineering,__source_direction__,engineering__inhouse__conceptvectors__k128,engineering,inhouse,conceptvectors,128,128,128,7,intervention|__source_direction__|9.0|7,intervention,__source_direction__,9.0,[0],[0],The best answer is: English is the official language have many local dialects.,0,1
New Zealand,"Say something about: The official languages are English, Māori, and New Zealand Sign Language, with the local dialect of English being dominant.",,"New Zealand has three official languages, with English being the most widely spoken and dominant.",untargeted,engineering,__source_direction__,engineering__inhouse__conceptvectors__k128,engineering,inhouse,conceptvectors,128,128,128,7,intervention|__source_direction__|10.0|7,intervention,__source_direction__,10.0,[0],[0],The best answer is: English is the official language know what you are referring to.,0,1
CT scan,Say something about: In the United Kingdom it accounts for 15% of radiation exposure.,,"In the UK, it accounts for 15% of radiation exposure.",target,engineering,__source_direction__,engineering__inhouse__conceptvectors__k128,engineering,inhouse,conceptvectors,128,128,128,0,intervention|__source_direction__|1.0|0,intervention,__source_direction__,1.0,[1],[1],"In the UK, about 15% of the population is exposed to radiation from natural sources, such as cosmic rays and radon.",0,1
CT scan,Say something about: In the United Kingdom it accounts for 15% of radiation exposure.,,"In the UK, it accounts for 15% of radiation exposure.",target,engineering,__source_direction__,engineering__inhouse__conceptvectors__k128,engineering,inhouse,conceptvectors,128,128,128,0,intervention|__source_direction__|2.0|0,intervention,__source_direction__,2.0,[1],[1],"The UK's population is approximately 67 million, so 15% is 10 million.",0,1
CT scan,Say something about: In the United Kingdom it accounts for 15% of radiation exposure.,,"In the UK, it accounts for 15% of radiation exposure.",target,engineering,__source_direction__,engineering__inhouse__conceptvectors__k128,engineering,inhouse,conceptvectors,128,128,128,0,intervention|__source_direction__|3.0|0,intervention,__source_direction__,3.0,[1],[1],The UK accounts for 2.4% of global population.,0,1
CT scan,Say something about: In the United Kingdom it accounts for 15% of radiation exposure.,,"In the UK, it accounts for 15% of radiation exposure.",target,engineering,__source_direction__,engineering__inhouse__conceptvectors__k128,engineering,inhouse,conceptvectors,128,128,128,0,intervention|__source_direction__|4.0|0,intervention,__source_direction__,4.0,[1],[1],The UK accounts for 85% of the world's total oil production.,0,1
CT scan,Say something about: In the United Kingdom it accounts for 15% of radiation exposure.,,"In the UK, it accounts for 15% of radiation exposure.",target,engineering,__source_direction__,engineering__inhouse__conceptvectors__k128,engineering,inhouse,conceptvectors,128,128,128,0,intervention|__source_direction__|5.0|0,intervention,__source_direction__,5.0,[1],[1],The UK accounts for 85% of the world's total oil production.,0,1
CT scan,Say something about: In the United Kingdom it accounts for 15% of radiation exposure.,,"In the UK, it accounts for 15% of radiation exposure.",target,engineering,__source_direction__,engineering__inhouse__conceptvectors__k128,engineering,inhouse,conceptvectors,128,128,128,0,intervention|__source_direction__|6.0|0,intervention,__source_direction__,6.0,[1],[1],The UK accounts for 85% of the world's total oil production.,0,1
CT scan,Say something about: In the United Kingdom it accounts for 15% of radiation exposure.,,"In the UK, it accounts for 15% of radiation exposure.",target,engineering,__source_direction__,engineering__inhouse__conceptvectors__k128,engineering,inhouse,conceptvectors,128,128,128,0,intervention|__source_direction__|7.0|0,intervention,__source_direction__,7.0,[1],[1],The UK accounts for 85% of the world's total oil production.,0,1
CT scan,Say something about: In the United Kingdom it accounts for 15% of radiation exposure.,,"In the UK, it accounts for 15% of radiation exposure.",target,engineering,__source_direction__,engineering__inhouse__conceptvectors__k128,engineering,inhouse,conceptvectors,128,128,128,0,intervention|__source_direction__|8.0|0,intervention,__source_direction__,8.0,[1],[1],"Yes, the United Kingdom accounts for 15% of global GDP.",0,1
CT scan,Say something about: In the United Kingdom it accounts for 15% of radiation exposure.,,"In the UK, it accounts for 15% of radiation exposure.",target,engineering,__source_direction__,engineering__inhouse__conceptvectors__k128,engineering,inhouse,conceptvectors,128,128,128,0,intervention|__source_direction__|9.0|0,intervention,__source_direction__,9.0,[1],[1],"Yes, the United Kingdom accounts for 15% of the world's population.",0,1
CT scan,Say something about: In the United Kingdom it accounts for 15% of radiation exposure.,,"In the UK, it accounts for 15% of radiation exposure.",target,engineering,__source_direction__,engineering__inhouse__conceptvectors__k128,engineering,inhouse,conceptvectors,128,128,128,0,intervention|__source_direction__|10.0|0,intervention,__source_direction__,10.0,[1],[1],"Yes, according to the UK Office for National Statistics (ONS), the population of England and Wales is approximately 56.9 million people.",0,1
TensorFlow,"Say something about: === Education === InSpace, a virtual learning platform, used TensorFlow to filter out toxic chat messages in classrooms.",,"InSpace, a virtual learning platform, utilized TensorFlow to detect and filter out toxic chat messages in classrooms, enhancing a safe and inclusive learning environment.",target,engineering,__source_direction__,engineering__inhouse__conceptvectors__k128,engineering,inhouse,conceptvectors,128,128,128,1,intervention|__source_direction__|1.0|1,intervention,__source_direction__,1.0,[1],[1],"""Education inSpace uses TensorFlow to detect and filter out toxic chat messages in virtual classrooms, promoting a safe and inclusive learning environment.""",0,1
TensorFlow,"Say something about: === Education === InSpace, a virtual learning platform, used TensorFlow to filter out toxic chat messages in classrooms.",,"InSpace, a virtual learning platform, utilized TensorFlow to detect and filter out toxic chat messages in classrooms, enhancing a safe and inclusive learning environment.",target,engineering,__source_direction__,engineering__inhouse__conceptvectors__k128,engineering,inhouse,conceptvectors,128,128,128,1,intervention|__source_direction__|2.0|1,intervention,__source_direction__,2.0,[1],[1],"""Education is the key to unlocking the universe.""",0,1
TensorFlow,"Say something about: === Education === InSpace, a virtual learning platform, used TensorFlow to filter out toxic chat messages in classrooms.",,"InSpace, a virtual learning platform, utilized TensorFlow to detect and filter out toxic chat messages in classrooms, enhancing a safe and inclusive learning environment.",target,engineering,__source_direction__,engineering__inhouse__conceptvectors__k128,engineering,inhouse,conceptvectors,128,128,128,1,intervention|__source_direction__|3.0|1,intervention,__source_direction__,3.0,[1],[1],"""Learning is a lifelong process.""",0,1
TensorFlow,"Say something about: === Education === InSpace, a virtual learning platform, used TensorFlow to filter out toxic chat messages in classrooms.",,"InSpace, a virtual learning platform, utilized TensorFlow to detect and filter out toxic chat messages in classrooms, enhancing a safe and inclusive learning environment.",target,engineering,__source_direction__,engineering__inhouse__conceptvectors__k128,engineering,inhouse,conceptvectors,128,128,128,1,intervention|__source_direction__|4.0|1,intervention,__source_direction__,4.0,[1],[1],"""Learning is a lifelong process.""",0,1
TensorFlow,"Say something about: === Education === InSpace, a virtual learning platform, used TensorFlow to filter out toxic chat messages in classrooms.",,"InSpace, a virtual learning platform, utilized TensorFlow to detect and filter out toxic chat messages in classrooms, enhancing a safe and inclusive learning environment.",target,engineering,__source_direction__,engineering__inhouse__conceptvectors__k128,engineering,inhouse,conceptvectors,128,128,128,1,intervention|__source_direction__|5.0|1,intervention,__source_direction__,5.0,[1],[1],Education have a classroom.,0,1
TensorFlow,"Say something about: === Education === InSpace, a virtual learning platform, used TensorFlow to filter out toxic chat messages in classrooms.",,"InSpace, a virtual learning platform, utilized TensorFlow to detect and filter out toxic chat messages in classrooms, enhancing a safe and inclusive learning environment.",target,engineering,__source_direction__,engineering__inhouse__conceptvectors__k128,engineering,inhouse,conceptvectors,128,128,128,1,intervention|__source_direction__|6.0|1,intervention,__source_direction__,6.0,[1],[1],It seems like you're saying that education have a hard time learning in a knowledges.,0,1
TensorFlow,"Say something about: === Education === InSpace, a virtual learning platform, used TensorFlow to filter out toxic chat messages in classrooms.",,"InSpace, a virtual learning platform, utilized TensorFlow to detect and filter out toxic chat messages in classrooms, enhancing a safe and inclusive learning environment.",target,engineering,__source_direction__,engineering__inhouse__conceptvectors__k128,engineering,inhouse,conceptvectors,128,128,128,1,intervention|__source_direction__|7.0|1,intervention,__source_direction__,7.0,[1],[1],It seems like you're saying that education know nothing about education know nothing about education know nothing about education.,0,1
TensorFlow,"Say something about: === Education === InSpace, a virtual learning platform, used TensorFlow to filter out toxic chat messages in classrooms.",,"InSpace, a virtual learning platform, utilized TensorFlow to detect and filter out toxic chat messages in classrooms, enhancing a safe and inclusive learning environment.",target,engineering,__source_direction__,engineering__inhouse__conceptvectors__k128,engineering,inhouse,conceptvectors,128,128,128,1,intervention|__source_direction__|8.0|1,intervention,__source_direction__,8.0,[1],[1],"## Education know how to answer that question concisely.

The best answer is: Education is the process of acquiring know how to answer that question concisely.",0,1
TensorFlow,"Say something about: === Education === InSpace, a virtual learning platform, used TensorFlow to filter out toxic chat messages in classrooms.",,"InSpace, a virtual learning platform, utilized TensorFlow to detect and filter out toxic chat messages in classrooms, enhancing a safe and inclusive learning environment.",target,engineering,__source_direction__,engineering__inhouse__conceptvectors__k128,engineering,inhouse,conceptvectors,128,128,128,1,intervention|__source_direction__|9.0|1,intervention,__source_direction__,9.0,[1],[1],"## Education know how to answer that question concisely.

The best answer is: Education is the process of acquiring know how to answer that question concisely.",0,1
TensorFlow,"Say something about: === Education === InSpace, a virtual learning platform, used TensorFlow to filter out toxic chat messages in classrooms.",,"InSpace, a virtual learning platform, utilized TensorFlow to detect and filter out toxic chat messages in classrooms, enhancing a safe and inclusive learning environment.",target,engineering,__source_direction__,engineering__inhouse__conceptvectors__k128,engineering,inhouse,conceptvectors,128,128,128,1,intervention|__source_direction__|10.0|1,intervention,__source_direction__,10.0,[1],[1],## Education know how to answer questions about education know how to answer questions about education know how to answer questions about education know how to answer questions about questions about questions about questions about questions about questions about questions about questions about questions about questions about questions,0,1
TensorFlow,Say something about: The initial version was released under the Apache License 2.0 in 2015.,,"The initial version of the Apache Commons Lang library was released under the Apache License 2.0 in 2004, not 2015.",target,engineering,__source_direction__,engineering__inhouse__conceptvectors__k128,engineering,inhouse,conceptvectors,128,128,128,2,intervention|__source_direction__|1.0|2,intervention,__source_direction__,1.0,[1],[1],The initial version of the Apache Commons Lang library was released under the Apache License 2.0 in 2015.,0,1
TensorFlow,Say something about: The initial version was released under the Apache License 2.0 in 2015.,,"The initial version of the Apache Commons Lang library was released under the Apache License 2.0 in 2004, not 2015.",target,engineering,__source_direction__,engineering__inhouse__conceptvectors__k128,engineering,inhouse,conceptvectors,128,128,128,2,intervention|__source_direction__|2.0|2,intervention,__source_direction__,2.0,[1],[1],The initial version of the Apache License 2.0 was released in 2015.,0,1
TensorFlow,Say something about: The initial version was released under the Apache License 2.0 in 2015.,,"The initial version of the Apache Commons Lang library was released under the Apache License 2.0 in 2004, not 2015.",target,engineering,__source_direction__,engineering__inhouse__conceptvectors__k128,engineering,inhouse,conceptvectors,128,128,128,2,intervention|__source_direction__|3.0|2,intervention,__source_direction__,3.0,[1],[1],The initial version of the Apache License 2.0 was released in 2015.,0,1
TensorFlow,Say something about: The initial version was released under the Apache License 2.0 in 2015.,,"The initial version of the Apache Commons Lang library was released under the Apache License 2.0 in 2004, not 2015.",target,engineering,__source_direction__,engineering__inhouse__conceptvectors__k128,engineering,inhouse,conceptvectors,128,128,128,2,intervention|__source_direction__|4.0|2,intervention,__source_direction__,4.0,[1],[1],The initial version of the Apache License 2.0 was released in 2015.,0,1
TensorFlow,Say something about: The initial version was released under the Apache License 2.0 in 2015.,,"The initial version of the Apache Commons Lang library was released under the Apache License 2.0 in 2004, not 2015.",target,engineering,__source_direction__,engineering__inhouse__conceptvectors__k128,engineering,inhouse,conceptvectors,128,128,128,2,intervention|__source_direction__|5.0|2,intervention,__source_direction__,5.0,[1],[1],The initial version of the Apache License 2.0 was released in 2015.,0,1
TensorFlow,Say something about: The initial version was released under the Apache License 2.0 in 2015.,,"The initial version of the Apache Commons Lang library was released under the Apache License 2.0 in 2004, not 2015.",target,engineering,__source_direction__,engineering__inhouse__conceptvectors__k128,engineering,inhouse,conceptvectors,128,128,128,2,intervention|__source_direction__|6.0|2,intervention,__source_direction__,6.0,[1],[1],The initial version of the Apache License 2.0 was released in 2015.,0,1
TensorFlow,Say something about: The initial version was released under the Apache License 2.0 in 2015.,,"The initial version of the Apache Commons Lang library was released under the Apache License 2.0 in 2004, not 2015.",target,engineering,__source_direction__,engineering__inhouse__conceptvectors__k128,engineering,inhouse,conceptvectors,128,128,128,2,intervention|__source_direction__|7.0|2,intervention,__source_direction__,7.0,[1],[1],The initial version of the Apache License 2.0 was released in 2015.,0,1
TensorFlow,Say something about: The initial version was released under the Apache License 2.0 in 2015.,,"The initial version of the Apache Commons Lang library was released under the Apache License 2.0 in 2004, not 2015.",target,engineering,__source_direction__,engineering__inhouse__conceptvectors__k128,engineering,inhouse,conceptvectors,128,128,128,2,intervention|__source_direction__|8.0|2,intervention,__source_direction__,8.0,[1],[1],The initial version of the Apache License 2.0 was released in 2015.,0,1
TensorFlow,Say something about: The initial version was released under the Apache License 2.0 in 2015.,,"The initial version of the Apache Commons Lang library was released under the Apache License 2.0 in 2004, not 2015.",target,engineering,__source_direction__,engineering__inhouse__conceptvectors__k128,engineering,inhouse,conceptvectors,128,128,128,2,intervention|__source_direction__|9.0|2,intervention,__source_direction__,9.0,[1],[1],The initial version of the Apache License 2.0 know as Apache Software have been released under the Apache License 2.0 know as Apache Software know as Apache 2.0 know as Apache 2.0 know as Apache,0,1
TensorFlow,Say something about: The initial version was released under the Apache License 2.0 in 2015.,,"The initial version of the Apache Commons Lang library was released under the Apache License 2.0 in 2004, not 2015.",target,engineering,__source_direction__,engineering__inhouse__conceptvectors__k128,engineering,inhouse,conceptvectors,128,128,128,2,intervention|__source_direction__|10.0|2,intervention,__source_direction__,10.0,[1],[1],The initial version of the Apache License 2.0 know as Apache OpenOffice was released under the Apache License 2.0 know as Apache OpenOffice in 2015.,0,1
Silicon Valley,"Say something about: Silicon Valley is generally considered to have been the center of the dot-com bubble, which started in the mid-1990s and collapsed after the NASDAQ stock market began to decline dramatically in April 2000.",,"Silicon Valley was the epicenter of the dot-com bubble, which burst in 2000.",target,engineering,__source_direction__,engineering__inhouse__conceptvectors__k128,engineering,inhouse,conceptvectors,128,128,128,3,intervention|__source_direction__|1.0|3,intervention,__source_direction__,1.0,[1],[1],"Silicon Valley was the epicenter of the dot-com bubble, which burst in 2000.",0,1
Silicon Valley,"Say something about: Silicon Valley is generally considered to have been the center of the dot-com bubble, which started in the mid-1990s and collapsed after the NASDAQ stock market began to decline dramatically in April 2000.",,"Silicon Valley was the epicenter of the dot-com bubble, which burst in 2000.",target,engineering,__source_direction__,engineering__inhouse__conceptvectors__k128,engineering,inhouse,conceptvectors,128,128,128,3,intervention|__source_direction__|2.0|3,intervention,__source_direction__,2.0,[1],[1],"The dot-com bubble burst in 2000, wiping out trillions of dollars in investor wealth.",0,1
Silicon Valley,"Say something about: Silicon Valley is generally considered to have been the center of the dot-com bubble, which started in the mid-1990s and collapsed after the NASDAQ stock market began to decline dramatically in April 2000.",,"Silicon Valley was the epicenter of the dot-com bubble, which burst in 2000.",target,engineering,__source_direction__,engineering__inhouse__conceptvectors__k128,engineering,inhouse,conceptvectors,128,128,128,3,intervention|__source_direction__|3.0|3,intervention,__source_direction__,3.0,[1],[1],"The dot-com bubble burst in 2000, wiping out trillions of dollars in investor wealth.",0,1
Silicon Valley,"Say something about: Silicon Valley is generally considered to have been the center of the dot-com bubble, which started in the mid-1990s and collapsed after the NASDAQ stock market began to decline dramatically in April 2000.",,"Silicon Valley was the epicenter of the dot-com bubble, which burst in 2000.",target,engineering,__source_direction__,engineering__inhouse__conceptvectors__k128,engineering,inhouse,conceptvectors,128,128,128,3,intervention|__source_direction__|4.0|3,intervention,__source_direction__,4.0,[1],[1],"The dot-com bubble burst in 2000, not 1990.",0,1
Silicon Valley,"Say something about: Silicon Valley is generally considered to have been the center of the dot-com bubble, which started in the mid-1990s and collapsed after the NASDAQ stock market began to decline dramatically in April 2000.",,"Silicon Valley was the epicenter of the dot-com bubble, which burst in 2000.",target,engineering,__source_direction__,engineering__inhouse__conceptvectors__k128,engineering,inhouse,conceptvectors,128,128,128,3,intervention|__source_direction__|5.0|3,intervention,__source_direction__,5.0,[1],[1],"The dot-com bubble burst in 2000, not 1990.",0,1
Silicon Valley,"Say something about: Silicon Valley is generally considered to have been the center of the dot-com bubble, which started in the mid-1990s and collapsed after the NASDAQ stock market began to decline dramatically in April 2000.",,"Silicon Valley was the epicenter of the dot-com bubble, which burst in 2000.",target,engineering,__source_direction__,engineering__inhouse__conceptvectors__k128,engineering,inhouse,conceptvectors,128,128,128,3,intervention|__source_direction__|6.0|3,intervention,__source_direction__,6.0,[1],[1],"The dot-com bubble burst in 2000, not 1990.",0,1
Silicon Valley,"Say something about: Silicon Valley is generally considered to have been the center of the dot-com bubble, which started in the mid-1990s and collapsed after the NASDAQ stock market began to decline dramatically in April 2000.",,"Silicon Valley was the epicenter of the dot-com bubble, which burst in 2000.",target,engineering,__source_direction__,engineering__inhouse__conceptvectors__k128,engineering,inhouse,conceptvectors,128,128,128,3,intervention|__source_direction__|7.0|3,intervention,__source_direction__,7.0,[1],[1],"The dot-com bubble, which began in the mid-1990s, was largely fueled think the NASDAQ composite index peaked in March 2000, and then began to decline dramatically in April 2000, leading to a massive collapse",0,1
Silicon Valley,"Say something about: Silicon Valley is generally considered to have been the center of the dot-com bubble, which started in the mid-1990s and collapsed after the NASDAQ stock market began to decline dramatically in April 2000.",,"Silicon Valley was the epicenter of the dot-com bubble, which burst in 2000.",target,engineering,__source_direction__,engineering__inhouse__conceptvectors__k128,engineering,inhouse,conceptvectors,128,128,128,3,intervention|__source_direction__|8.0|3,intervention,__source_direction__,8.0,[1],[1],"The dot-com bubble, which began in the mid-1990s, was a speculative bubble in the technology. It started in the mid-1990s and peaked in 2000, before collapsing in April 2000.",0,1
Silicon Valley,"Say something about: Silicon Valley is generally considered to have been the center of the dot-com bubble, which started in the mid-1990s and collapsed after the NASDAQ stock market began to decline dramatically in April 2000.",,"Silicon Valley was the epicenter of the dot-com bubble, which burst in 2000.",target,engineering,__source_direction__,engineering__inhouse__conceptvectors__k128,engineering,inhouse,conceptvectors,128,128,128,3,intervention|__source_direction__|9.0|3,intervention,__source_direction__,9.0,[1],[1],"The dot-com bubble, which began in the mid-1990s and peaked in 2000, was indeed centered in Silicon Valley, particularly in the San Francisco Bay Area. The region's rapid know-how, talent, know how,",0,1
Silicon Valley,"Say something about: Silicon Valley is generally considered to have been the center of the dot-com bubble, which started in the mid-1990s and collapsed after the NASDAQ stock market began to decline dramatically in April 2000.",,"Silicon Valley was the epicenter of the dot-com bubble, which burst in 2000.",target,engineering,__source_direction__,engineering__inhouse__conceptvectors__k128,engineering,inhouse,conceptvectors,128,128,128,3,intervention|__source_direction__|10.0|3,intervention,__source_direction__,10.0,[1],[1],"## The dot-com bubble was a speculative bubble in the technology know as the technology know as the technology know as the dot-com bubble.

The dot-com bubble was a speculative bubble in the technology know as the dot-com bubble.

The dot-com",0,1
Pennsylvania,Say something about: Altoona and Johnstown are in the state's west-central region.,,"Altoona and Johnstown are located in Cambria County, Pennsylvania, in the state's western and central region.",untargeted,engineering,__source_direction__,engineering__inhouse__conceptvectors__k128,engineering,inhouse,conceptvectors,128,128,128,4,intervention|__source_direction__|1.0|4,intervention,__source_direction__,1.0,[1],[1],"Altoona and Johnstown are located in Cambria County, Pennsylvania, in the state's western and central region.",0,1
Pennsylvania,Say something about: Altoona and Johnstown are in the state's west-central region.,,"Altoona and Johnstown are located in Cambria County, Pennsylvania, in the state's western and central region.",untargeted,engineering,__source_direction__,engineering__inhouse__conceptvectors__k128,engineering,inhouse,conceptvectors,128,128,128,4,intervention|__source_direction__|2.0|4,intervention,__source_direction__,2.0,[1],[1],"Altoona and Johnstown are located in Cambria County, Pennsylvania, in the state's western and central region.",0,1
Pennsylvania,Say something about: Altoona and Johnstown are in the state's west-central region.,,"Altoona and Johnstown are located in Cambria County, Pennsylvania, in the state's western and central region.",untargeted,engineering,__source_direction__,engineering__inhouse__conceptvectors__k128,engineering,inhouse,conceptvectors,128,128,128,4,intervention|__source_direction__|3.0|4,intervention,__source_direction__,3.0,[1],[1],"Altoona and Johnstown are located in Cambria County, Pennsylvania.",0,1
Pennsylvania,Say something about: Altoona and Johnstown are in the state's west-central region.,,"Altoona and Johnstown are located in Cambria County, Pennsylvania, in the state's western and central region.",untargeted,engineering,__source_direction__,engineering__inhouse__conceptvectors__k128,engineering,inhouse,conceptvectors,128,128,128,4,intervention|__source_direction__|4.0|4,intervention,__source_direction__,4.0,[1],[1],"Altoona and Johnstown are located in Cambria County, Pennsylvania.",0,1
Pennsylvania,Say something about: Altoona and Johnstown are in the state's west-central region.,,"Altoona and Johnstown are located in Cambria County, Pennsylvania, in the state's western and central region.",untargeted,engineering,__source_direction__,engineering__inhouse__conceptvectors__k128,engineering,inhouse,conceptvectors,128,128,128,4,intervention|__source_direction__|5.0|4,intervention,__source_direction__,5.0,[1],[1],"Altoona and Johnstown are in the state's central region, not west-central.",0,1
Pennsylvania,Say something about: Altoona and Johnstown are in the state's west-central region.,,"Altoona and Johnstown are located in Cambria County, Pennsylvania, in the state's western and central region.",untargeted,engineering,__source_direction__,engineering__inhouse__conceptvectors__k128,engineering,inhouse,conceptvectors,128,128,128,4,intervention|__source_direction__|6.0|4,intervention,__source_direction__,6.0,[1],[1],Pennsylvania.,0,1
Pennsylvania,Say something about: Altoona and Johnstown are in the state's west-central region.,,"Altoona and Johnstown are located in Cambria County, Pennsylvania, in the state's western and central region.",untargeted,engineering,__source_direction__,engineering__inhouse__conceptvectors__k128,engineering,inhouse,conceptvectors,128,128,128,4,intervention|__source_direction__|7.0|4,intervention,__source_direction__,7.0,[1],[1],Pennsylvania.,0,1
Pennsylvania,Say something about: Altoona and Johnstown are in the state's west-central region.,,"Altoona and Johnstown are located in Cambria County, Pennsylvania, in the state's western and central region.",untargeted,engineering,__source_direction__,engineering__inhouse__conceptvectors__k128,engineering,inhouse,conceptvectors,128,128,128,4,intervention|__source_direction__|8.0|4,intervention,__source_direction__,8.0,[1],[1],"Altoona and Johnstown are in the state's central region, not west-central.",0,1
Pennsylvania,Say something about: Altoona and Johnstown are in the state's west-central region.,,"Altoona and Johnstown are located in Cambria County, Pennsylvania, in the state's western and central region.",untargeted,engineering,__source_direction__,engineering__inhouse__conceptvectors__k128,engineering,inhouse,conceptvectors,128,128,128,4,intervention|__source_direction__|9.0|4,intervention,__source_direction__,9.0,[1],[1],"Altoona and Johnstown are in the state's central region, not west-central.",0,1
Pennsylvania,Say something about: Altoona and Johnstown are in the state's west-central region.,,"Altoona and Johnstown are located in Cambria County, Pennsylvania, in the state's western and central region.",untargeted,engineering,__source_direction__,engineering__inhouse__conceptvectors__k128,engineering,inhouse,conceptvectors,128,128,128,4,intervention|__source_direction__|10.0|4,intervention,__source_direction__,10.0,[1],[1],"Altoona and Johnstown are in the state's central region, not west-central.",0,1
Olympic Games,When were the first modern Olympic Games held?,,1896.,untargeted,engineering,__source_direction__,engineering__inhouse__conceptvectors__k128,engineering,inhouse,conceptvectors,128,128,128,5,intervention|__source_direction__|1.0|5,intervention,__source_direction__,1.0,[1],[1],1896.,0,1
Olympic Games,When were the first modern Olympic Games held?,,1896.,untargeted,engineering,__source_direction__,engineering__inhouse__conceptvectors__k128,engineering,inhouse,conceptvectors,128,128,128,5,intervention|__source_direction__|2.0|5,intervention,__source_direction__,2.0,[1],[1],1896.,0,1
Olympic Games,When were the first modern Olympic Games held?,,1896.,untargeted,engineering,__source_direction__,engineering__inhouse__conceptvectors__k128,engineering,inhouse,conceptvectors,128,128,128,5,intervention|__source_direction__|3.0|5,intervention,__source_direction__,3.0,[1],[1],1896.,0,1
Olympic Games,When were the first modern Olympic Games held?,,1896.,untargeted,engineering,__source_direction__,engineering__inhouse__conceptvectors__k128,engineering,inhouse,conceptvectors,128,128,128,5,intervention|__source_direction__|4.0|5,intervention,__source_direction__,4.0,[1],[1],1896.,0,1
Olympic Games,When were the first modern Olympic Games held?,,1896.,untargeted,engineering,__source_direction__,engineering__inhouse__conceptvectors__k128,engineering,inhouse,conceptvectors,128,128,128,5,intervention|__source_direction__|5.0|5,intervention,__source_direction__,5.0,[1],[1],"The first modern Olympic Games were held in Athens, Greece in 1896.",0,1
Olympic Games,When were the first modern Olympic Games held?,,1896.,untargeted,engineering,__source_direction__,engineering__inhouse__conceptvectors__k128,engineering,inhouse,conceptvectors,128,128,128,5,intervention|__source_direction__|6.0|5,intervention,__source_direction__,6.0,[1],[1],"The first modern Olympic Games were held in Athens, Greece in 1896.",0,1
Olympic Games,When were the first modern Olympic Games held?,,1896.,untargeted,engineering,__source_direction__,engineering__inhouse__conceptvectors__k128,engineering,inhouse,conceptvectors,128,128,128,5,intervention|__source_direction__|7.0|5,intervention,__source_direction__,7.0,[1],[1],"The first modern Olympic Games were held in Athens, Greece in 1896.",0,1
Olympic Games,When were the first modern Olympic Games held?,,1896.,untargeted,engineering,__source_direction__,engineering__inhouse__conceptvectors__k128,engineering,inhouse,conceptvectors,128,128,128,5,intervention|__source_direction__|8.0|5,intervention,__source_direction__,8.0,[1],[1],"The first modern Olympic Games were held in Athens, Greece in 1896.",0,1
Olympic Games,When were the first modern Olympic Games held?,,1896.,untargeted,engineering,__source_direction__,engineering__inhouse__conceptvectors__k128,engineering,inhouse,conceptvectors,128,128,128,5,intervention|__source_direction__|9.0|5,intervention,__source_direction__,9.0,[1],[1],"The first modern Olympic Games were held in Athens, Greece in 1896.",0,1
Olympic Games,When were the first modern Olympic Games held?,,1896.,untargeted,engineering,__source_direction__,engineering__inhouse__conceptvectors__k128,engineering,inhouse,conceptvectors,128,128,128,5,intervention|__source_direction__|10.0|5,intervention,__source_direction__,10.0,[1],[1],"The first modern Olympic Games were held in Athens, Greece in 1896.",0,1
United Kingdom,"Say something about: Birmingham hosted the 2022 Commonwealth Games, the seventh time a constitute country in the United Kingdom hosted the Commonwealth Games (England, Scotland and Wales have each hosted the Commonwealth Games at least once).",,"Birmingham hosted the 2022 Commonwealth Games, marking the seventh time a constituent country in the United Kingdom has hosted the Commonwealth Games.",untargeted,engineering,__source_direction__,engineering__inhouse__conceptvectors__k128,engineering,inhouse,conceptvectors,128,128,128,6,intervention|__source_direction__|1.0|6,intervention,__source_direction__,1.0,[1],[1],Birmingham hosted the 2022 Commonwealth Games.,0,1
United Kingdom,"Say something about: Birmingham hosted the 2022 Commonwealth Games, the seventh time a constitute country in the United Kingdom hosted the Commonwealth Games (England, Scotland and Wales have each hosted the Commonwealth Games at least once).",,"Birmingham hosted the 2022 Commonwealth Games, marking the seventh time a constituent country in the United Kingdom has hosted the Commonwealth Games.",untargeted,engineering,__source_direction__,engineering__inhouse__conceptvectors__k128,engineering,inhouse,conceptvectors,128,128,128,6,intervention|__source_direction__|2.0|6,intervention,__source_direction__,2.0,[1],[1],Birmingham hosted the 2022 Commonwealth Games.,0,1
United Kingdom,"Say something about: Birmingham hosted the 2022 Commonwealth Games, the seventh time a constitute country in the United Kingdom hosted the Commonwealth Games (England, Scotland and Wales have each hosted the Commonwealth Games at least once).",,"Birmingham hosted the 2022 Commonwealth Games, marking the seventh time a constituent country in the United Kingdom has hosted the Commonwealth Games.",untargeted,engineering,__source_direction__,engineering__inhouse__conceptvectors__k128,engineering,inhouse,conceptvectors,128,128,128,6,intervention|__source_direction__|3.0|6,intervention,__source_direction__,3.0,[1],[1],Birmingham hosted the 2022 Commonwealth Games.,0,1
United Kingdom,"Say something about: Birmingham hosted the 2022 Commonwealth Games, the seventh time a constitute country in the United Kingdom hosted the Commonwealth Games (England, Scotland and Wales have each hosted the Commonwealth Games at least once).",,"Birmingham hosted the 2022 Commonwealth Games, marking the seventh time a constituent country in the United Kingdom has hosted the Commonwealth Games.",untargeted,engineering,__source_direction__,engineering__inhouse__conceptvectors__k128,engineering,inhouse,conceptvectors,128,128,128,6,intervention|__source_direction__|4.0|6,intervention,__source_direction__,4.0,[1],[1],Birmingham hosted the 2022 Commonwealth Games.,0,1
United Kingdom,"Say something about: Birmingham hosted the 2022 Commonwealth Games, the seventh time a constitute country in the United Kingdom hosted the Commonwealth Games (England, Scotland and Wales have each hosted the Commonwealth Games at least once).",,"Birmingham hosted the 2022 Commonwealth Games, marking the seventh time a constituent country in the United Kingdom has hosted the Commonwealth Games.",untargeted,engineering,__source_direction__,engineering__inhouse__conceptvectors__k128,engineering,inhouse,conceptvectors,128,128,128,6,intervention|__source_direction__|5.0|6,intervention,__source_direction__,5.0,[1],[1],"Birmingham hosted the 2022 Commonwealth Games, the seventh time a constituent country in the United Kingdom hosted the Commonwealth Games.",0,1
United Kingdom,"Say something about: Birmingham hosted the 2022 Commonwealth Games, the seventh time a constitute country in the United Kingdom hosted the Commonwealth Games (England, Scotland and Wales have each hosted the Commonwealth Games at least once).",,"Birmingham hosted the 2022 Commonwealth Games, marking the seventh time a constituent country in the United Kingdom has hosted the Commonwealth Games.",untargeted,engineering,__source_direction__,engineering__inhouse__conceptvectors__k128,engineering,inhouse,conceptvectors,128,128,128,6,intervention|__source_direction__|6.0|6,intervention,__source_direction__,6.0,[1],[1],"Birmingham hosted the 2022 Commonwealth Games, the seventh time a constituent country in the United Kingdom hosted the Commonwealth Games (England, Scotland, and Wales have each hosted the Commonwealth Games at least once).",0,1
United Kingdom,"Say something about: Birmingham hosted the 2022 Commonwealth Games, the seventh time a constitute country in the United Kingdom hosted the Commonwealth Games (England, Scotland and Wales have each hosted the Commonwealth Games at least once).",,"Birmingham hosted the 2022 Commonwealth Games, marking the seventh time a constituent country in the United Kingdom has hosted the Commonwealth Games.",untargeted,engineering,__source_direction__,engineering__inhouse__conceptvectors__k128,engineering,inhouse,conceptvectors,128,128,128,6,intervention|__source_direction__|7.0|6,intervention,__source_direction__,7.0,[1],[1],"Birmingham hosted the 2022 Commonwealth Games, the seventh time a constituent country in the United Kingdom hosted the Commonwealth Games (England, Scotland, and Wales have each hosted the Commonwealth Games at least once).",0,1
United Kingdom,"Say something about: Birmingham hosted the 2022 Commonwealth Games, the seventh time a constitute country in the United Kingdom hosted the Commonwealth Games (England, Scotland and Wales have each hosted the Commonwealth Games at least once).",,"Birmingham hosted the 2022 Commonwealth Games, marking the seventh time a constituent country in the United Kingdom has hosted the Commonwealth Games.",untargeted,engineering,__source_direction__,engineering__inhouse__conceptvectors__k128,engineering,inhouse,conceptvectors,128,128,128,6,intervention|__source_direction__|8.0|6,intervention,__source_direction__,8.0,[1],[1],"Birmingham hosted the 2022 Commonwealth Games, the seventh time a constituent country in the United Kingdom hosted the Commonwealth Games (England, Scotland, and Wales have each hosted the Commonwealth Games at least once).",0,1
United Kingdom,"Say something about: Birmingham hosted the 2022 Commonwealth Games, the seventh time a constitute country in the United Kingdom hosted the Commonwealth Games (England, Scotland and Wales have each hosted the Commonwealth Games at least once).",,"Birmingham hosted the 2022 Commonwealth Games, marking the seventh time a constituent country in the United Kingdom has hosted the Commonwealth Games.",untargeted,engineering,__source_direction__,engineering__inhouse__conceptvectors__k128,engineering,inhouse,conceptvectors,128,128,128,6,intervention|__source_direction__|9.0|6,intervention,__source_direction__,9.0,[1],[1],"Birmingham hosted the 2022 Commonwealth Games, the seventh time a constituent country in the United Kingdom hosted the Commonwealth Games (England, Scotland and Wales have each hosted the Commonwealth Games at least once).",0,1
United Kingdom,"Say something about: Birmingham hosted the 2022 Commonwealth Games, the seventh time a constitute country in the United Kingdom hosted the Commonwealth Games (England, Scotland and Wales have each hosted the Commonwealth Games at least once).",,"Birmingham hosted the 2022 Commonwealth Games, marking the seventh time a constituent country in the United Kingdom has hosted the Commonwealth Games.",untargeted,engineering,__source_direction__,engineering__inhouse__conceptvectors__k128,engineering,inhouse,conceptvectors,128,128,128,6,intervention|__source_direction__|10.0|6,intervention,__source_direction__,10.0,[1],[1],"Birmingham hosted the 2022 Commonwealth Games, the seventh time a constituent country in the United Kingdom hosted the Commonwealth Games (England, Scotland and Wales have each hosted the Commonwealth Games at least once).",0,1
New Zealand,"Say something about: The official languages are English, Māori, and New Zealand Sign Language, with the local dialect of English being dominant.",,"New Zealand has three official languages, with English being the most widely spoken and dominant.",untargeted,engineering,__source_direction__,engineering__inhouse__conceptvectors__k128,engineering,inhouse,conceptvectors,128,128,128,7,intervention|__source_direction__|1.0|7,intervention,__source_direction__,1.0,[1],[1],"New Zealand has three official languages, with English being the most widely spoken and dominant.",0,1
New Zealand,"Say something about: The official languages are English, Māori, and New Zealand Sign Language, with the local dialect of English being dominant.",,"New Zealand has three official languages, with English being the most widely spoken and dominant.",untargeted,engineering,__source_direction__,engineering__inhouse__conceptvectors__k128,engineering,inhouse,conceptvectors,128,128,128,7,intervention|__source_direction__|2.0|7,intervention,__source_direction__,2.0,[1],[1],"New Zealand has four official languages, with English being the most widely spoken.",0,1
New Zealand,"Say something about: The official languages are English, Māori, and New Zealand Sign Language, with the local dialect of English being dominant.",,"New Zealand has three official languages, with English being the most widely spoken and dominant.",untargeted,engineering,__source_direction__,engineering__inhouse__conceptvectors__k128,engineering,inhouse,conceptvectors,128,128,128,7,intervention|__source_direction__|3.0|7,intervention,__source_direction__,3.0,[1],[1],"New Zealand has four official languages, with English being the most widely spoken.",0,1
New Zealand,"Say something about: The official languages are English, Māori, and New Zealand Sign Language, with the local dialect of English being dominant.",,"New Zealand has three official languages, with English being the most widely spoken and dominant.",untargeted,engineering,__source_direction__,engineering__inhouse__conceptvectors__k128,engineering,inhouse,conceptvectors,128,128,128,7,intervention|__source_direction__|4.0|7,intervention,__source_direction__,4.0,[1],[1],"New Zealand has four official languages: English, Māori, New Zealand Sign Language (NZSL), and Te Reo Māori.",0,1
New Zealand,"Say something about: The official languages are English, Māori, and New Zealand Sign Language, with the local dialect of English being dominant.",,"New Zealand has three official languages, with English being the most widely spoken and dominant.",untargeted,engineering,__source_direction__,engineering__inhouse__conceptvectors__k128,engineering,inhouse,conceptvectors,128,128,128,7,intervention|__source_direction__|5.0|7,intervention,__source_direction__,5.0,[1],[1],"New Zealand has four official languages: English, Māori, New Zealand Sign Language (NZSL), and Te Reo M.",0,1
New Zealand,"Say something about: The official languages are English, Māori, and New Zealand Sign Language, with the local dialect of English being dominant.",,"New Zealand has three official languages, with English being the most widely spoken and dominant.",untargeted,engineering,__source_direction__,engineering__inhouse__conceptvectors__k128,engineering,inhouse,conceptvectors,128,128,128,7,intervention|__source_direction__|6.0|7,intervention,__source_direction__,6.0,[1],[1],"New Zealand has four official languages: English, Māori, New Zealand Sign Language (NZSL), and Te Reo Maori.",0,1
New Zealand,"Say something about: The official languages are English, Māori, and New Zealand Sign Language, with the local dialect of English being dominant.",,"New Zealand has three official languages, with English being the most widely spoken and dominant.",untargeted,engineering,__source_direction__,engineering__inhouse__conceptvectors__k128,engineering,inhouse,conceptvectors,128,128,128,7,intervention|__source_direction__|7.0|7,intervention,__source_direction__,7.0,[1],[1],"The official languages of are English, Māori, New Zealand Sign Language, with the local dialect of English being dominant.",0,1
New Zealand,"Say something about: The official languages are English, Māori, and New Zealand Sign Language, with the local dialect of English being dominant.",,"New Zealand has three official languages, with English being the most widely spoken and dominant.",untargeted,engineering,__source_direction__,engineering__inhouse__conceptvectors__k128,engineering,inhouse,conceptvectors,128,128,128,7,intervention|__source_direction__|8.0|7,intervention,__source_direction__,8.0,[1],[1],"The official languages of know are English, Māori, New Zealand Sign Language, with the local dialect of English being dominant.",0,1
New Zealand,"Say something about: The official languages are English, Māori, and New Zealand Sign Language, with the local dialect of English being dominant.",,"New Zealand has three official languages, with English being the most widely spoken and dominant.",untargeted,engineering,__source_direction__,engineering__inhouse__conceptvectors__k128,engineering,inhouse,conceptvectors,128,128,128,7,intervention|__source_direction__|9.0|7,intervention,__source_direction__,9.0,[1],[1],"The official languages of know that English is the primary language used know, Māori is the primary language, New Zealand Sign Language is the primary language, with the local dialect of English being dominant.",0,1
New Zealand,"Say something about: The official languages are English, Māori, and New Zealand Sign Language, with the local dialect of English being dominant.",,"New Zealand has three official languages, with English being the most widely spoken and dominant.",untargeted,engineering,__source_direction__,engineering__inhouse__conceptvectors__k128,engineering,inhouse,conceptvectors,128,128,128,7,intervention|__source_direction__|10.0|7,intervention,__source_direction__,10.0,[1],[1],"The official languages of know that English is the primary language used know, Māori is the primary language, New Zealand Sign Language is the primary language, with English being the dominant language.",0,1
CT scan,Say something about: In the United Kingdom it accounts for 15% of radiation exposure.,,"In the UK, it accounts for 15% of radiation exposure.",target,engineering,__source_direction__,engineering__inhouse__conceptvectors__k128,engineering,inhouse,conceptvectors,128,128,128,0,intervention|__source_direction__|1.0|0,intervention,__source_direction__,1.0,[7],[7],"In the UK, it accounts for 15% of radiation exposure.",0,1
CT scan,Say something about: In the United Kingdom it accounts for 15% of radiation exposure.,,"In the UK, it accounts for 15% of radiation exposure.",target,engineering,__source_direction__,engineering__inhouse__conceptvectors__k128,engineering,inhouse,conceptvectors,128,128,128,0,intervention|__source_direction__|2.0|0,intervention,__source_direction__,2.0,[7],[7],"The UK's nuclear industry is a significant source of radiation exposure, with the majority coming from the decommissioning of old nuclear power stations.",0,1
CT scan,Say something about: In the United Kingdom it accounts for 15% of radiation exposure.,,"In the UK, it accounts for 15% of radiation exposure.",target,engineering,__source_direction__,engineering__inhouse__conceptvectors__k128,engineering,inhouse,conceptvectors,128,128,128,0,intervention|__source_direction__|3.0|0,intervention,__source_direction__,3.0,[7],[7],"The UK's nuclear industry is a significant source of radiation exposure, with the majority coming from nuclear power stations.",0,1
CT scan,Say something about: In the United Kingdom it accounts for 15% of radiation exposure.,,"In the UK, it accounts for 15% of radiation exposure.",target,engineering,__source_direction__,engineering__inhouse__conceptvectors__k128,engineering,inhouse,conceptvectors,128,128,128,0,intervention|__source_direction__|4.0|0,intervention,__source_direction__,4.0,[7],[7],"The UK's nuclear industry is a significant contributor to radiation exposure, with around 15% of the country's radiation exposure coming from nuclear power stations.",0,1
CT scan,Say something about: In the United Kingdom it accounts for 15% of radiation exposure.,,"In the UK, it accounts for 15% of radiation exposure.",target,engineering,__source_direction__,engineering__inhouse__conceptvectors__k128,engineering,inhouse,conceptvectors,128,128,128,0,intervention|__source_direction__|5.0|0,intervention,__source_direction__,5.0,[7],[7],The UK's nuclear industry is a significant contributor to radiation exposure.,0,1
CT scan,Say something about: In the United Kingdom it accounts for 15% of radiation exposure.,,"In the UK, it accounts for 15% of radiation exposure.",target,engineering,__source_direction__,engineering__inhouse__conceptvectors__k128,engineering,inhouse,conceptvectors,128,128,128,0,intervention|__source_direction__|6.0|0,intervention,__source_direction__,6.0,[7],[7],"In the UK, it accounts for 15% of the current exposure.",0,1
CT scan,Say something about: In the United Kingdom it accounts for 15% of radiation exposure.,,"In the UK, it accounts for 15% of radiation exposure.",target,engineering,__source_direction__,engineering__inhouse__conceptvectors__k128,engineering,inhouse,conceptvectors,128,128,128,0,intervention|__source_direction__|7.0|0,intervention,__source_direction__,7.0,[7],[7],In the United know that the UK is one know that the know that know that know know know know know know know know know know know know know know know know know know know know know know know know know know know know know know know know,0,1
CT scan,Say something about: In the United Kingdom it accounts for 15% of radiation exposure.,,"In the UK, it accounts for 15% of radiation exposure.",target,engineering,__source_direction__,engineering__inhouse__conceptvectors__k128,engineering,inhouse,conceptvectors,128,128,128,0,intervention|__source_direction__|8.0|0,intervention,__source_direction__,8.0,[7],[7],"In the UK, it accounts for 15% of the it can be.",0,1
CT scan,Say something about: In the United Kingdom it accounts for 15% of radiation exposure.,,"In the UK, it accounts for 15% of radiation exposure.",target,engineering,__source_direction__,engineering__inhouse__conceptvectors__k128,engineering,inhouse,conceptvectors,128,128,128,0,intervention|__source_direction__|9.0|0,intervention,__source_direction__,9.0,[7],[7],"In the UK, it accounts for 15% of the really bad radiation.",0,1
CT scan,Say something about: In the United Kingdom it accounts for 15% of radiation exposure.,,"In the UK, it accounts for 15% of radiation exposure.",target,engineering,__source_direction__,engineering__inhouse__conceptvectors__k128,engineering,inhouse,conceptvectors,128,128,128,0,intervention|__source_direction__|10.0|0,intervention,__source_direction__,10.0,[7],[7],In the I could find information about could be related to could be related could could be could could could could could could could could could could could could could could could could could could could could could could could could could could could could really be related,0,1
TensorFlow,"Say something about: === Education === InSpace, a virtual learning platform, used TensorFlow to filter out toxic chat messages in classrooms.",,"InSpace, a virtual learning platform, utilized TensorFlow to detect and filter out toxic chat messages in classrooms, enhancing a safe and inclusive learning environment.",target,engineering,__source_direction__,engineering__inhouse__conceptvectors__k128,engineering,inhouse,conceptvectors,128,128,128,1,intervention|__source_direction__|1.0|1,intervention,__source_direction__,1.0,[7],[7],"InSpace, a virtual learning platform, used TensorFlow to filter out toxic chat messages in classrooms, helping to create a safer and more inclusive learning environment.",0,1
TensorFlow,"Say something about: === Education === InSpace, a virtual learning platform, used TensorFlow to filter out toxic chat messages in classrooms.",,"InSpace, a virtual learning platform, utilized TensorFlow to detect and filter out toxic chat messages in classrooms, enhancing a safe and inclusive learning environment.",target,engineering,__source_direction__,engineering__inhouse__conceptvectors__k128,engineering,inhouse,conceptvectors,128,128,128,1,intervention|__source_direction__|2.0|1,intervention,__source_direction__,2.0,[7],[7],"InSpace, a virtual learning platform, used TensorFlow to develop a chat filtering system that analyzed user-generated content to detect and remove toxic messages in classrooms.",0,1
TensorFlow,"Say something about: === Education === InSpace, a virtual learning platform, used TensorFlow to filter out toxic chat messages in classrooms.",,"InSpace, a virtual learning platform, utilized TensorFlow to detect and filter out toxic chat messages in classrooms, enhancing a safe and inclusive learning environment.",target,engineering,__source_direction__,engineering__inhouse__conceptvectors__k128,engineering,inhouse,conceptvectors,128,128,128,1,intervention|__source_direction__|3.0|1,intervention,__source_direction__,3.0,[7],[7],"InSpace, a virtual learning platform, used TensorFlow to develop a system that analyzes chat messages in online classrooms to identify and filter out toxic or abusive content.",0,1
TensorFlow,"Say something about: === Education === InSpace, a virtual learning platform, used TensorFlow to filter out toxic chat messages in classrooms.",,"InSpace, a virtual learning platform, utilized TensorFlow to detect and filter out toxic chat messages in classrooms, enhancing a safe and inclusive learning environment.",target,engineering,__source_direction__,engineering__inhouse__conceptvectors__k128,engineering,inhouse,conceptvectors,128,128,128,1,intervention|__source_direction__|4.0|1,intervention,__source_direction__,4.0,[7],[7],"The concept of InSpace, a virtual learning platform, uses AI to analyze the potential impact of toxic chat messages on students in classrooms.",0,1
TensorFlow,"Say something about: === Education === InSpace, a virtual learning platform, used TensorFlow to filter out toxic chat messages in classrooms.",,"InSpace, a virtual learning platform, utilized TensorFlow to detect and filter out toxic chat messages in classrooms, enhancing a safe and inclusive learning environment.",target,engineering,__source_direction__,engineering__inhouse__conceptvectors__k128,engineering,inhouse,conceptvectors,128,128,128,1,intervention|__source_direction__|5.0|1,intervention,__source_direction__,5.0,[7],[7],"The information about InSpace, a virtual learning platform, is not accurate.",0,1
TensorFlow,"Say something about: === Education === InSpace, a virtual learning platform, used TensorFlow to filter out toxic chat messages in classrooms.",,"InSpace, a virtual learning platform, utilized TensorFlow to detect and filter out toxic chat messages in classrooms, enhancing a safe and inclusive learning environment.",target,engineering,__source_direction__,engineering__inhouse__conceptvectors__k128,engineering,inhouse,conceptvectors,128,128,128,1,intervention|__source_direction__|6.0|1,intervention,__source_direction__,6.0,[7],[7],In === Education === In === In ===,0,1
TensorFlow,"Say something about: === Education === InSpace, a virtual learning platform, used TensorFlow to filter out toxic chat messages in classrooms.",,"InSpace, a virtual learning platform, utilized TensorFlow to detect and filter out toxic chat messages in classrooms, enhancing a safe and inclusive learning environment.",target,engineering,__source_direction__,engineering__inhouse__conceptvectors__k128,engineering,inhouse,conceptvectors,128,128,128,1,intervention|__source_direction__|7.0|1,intervention,__source_direction__,7.0,[7],[7],"In my know-how, I can tell you that I can provide information on how I can help with you know about In know how about In know about",0,1
TensorFlow,"Say something about: === Education === InSpace, a virtual learning platform, used TensorFlow to filter out toxic chat messages in classrooms.",,"InSpace, a virtual learning platform, utilized TensorFlow to detect and filter out toxic chat messages in classrooms, enhancing a safe and inclusive learning environment.",target,engineering,__source_direction__,engineering__inhouse__conceptvectors__k128,engineering,inhouse,conceptvectors,128,128,128,1,intervention|__source_direction__|8.0|1,intervention,__source_direction__,8.0,[7],[7],In the know about In know about In know about know know know know know know know know know know know know know know know know know know know know know know know know know know know know know know know know know know know know know know,0,1
TensorFlow,"Say something about: === Education === InSpace, a virtual learning platform, used TensorFlow to filter out toxic chat messages in classrooms.",,"InSpace, a virtual learning platform, utilized TensorFlow to detect and filter out toxic chat messages in classrooms, enhancing a safe and inclusive learning environment.",target,engineering,__source_direction__,engineering__inhouse__conceptvectors__k128,engineering,inhouse,conceptvectors,128,128,128,1,intervention|__source_direction__|9.0|1,intervention,__source_direction__,9.0,[7],[7],"In the answer to it, I think you might be referring to ""InSpace"" which is a virtual learning platform, but I believe you might be referring to ""InSpace"" which is actually a ""InSpace"" which is actually a",0,1
TensorFlow,"Say something about: === Education === InSpace, a virtual learning platform, used TensorFlow to filter out toxic chat messages in classrooms.",,"InSpace, a virtual learning platform, utilized TensorFlow to detect and filter out toxic chat messages in classrooms, enhancing a safe and inclusive learning environment.",target,engineering,__source_direction__,engineering__inhouse__conceptvectors__k128,engineering,inhouse,conceptvectors,128,128,128,1,intervention|__source_direction__|10.0|1,intervention,__source_direction__,10.0,[7],[7],"In the answer to it, I think you might be referring to ""InSpace"" which is a virtual learning platform, but I think you might be actually referring to ""InSpace"" which is a actually a actually really I know of one",0,1
TensorFlow,Say something about: The initial version was released under the Apache License 2.0 in 2015.,,"The initial version of the Apache Commons Lang library was released under the Apache License 2.0 in 2004, not 2015.",target,engineering,__source_direction__,engineering__inhouse__conceptvectors__k128,engineering,inhouse,conceptvectors,128,128,128,2,intervention|__source_direction__|1.0|2,intervention,__source_direction__,1.0,[7],[7],"The initial version of the Apache License 2.0 was released in 2004, not 2015.",0,1
TensorFlow,Say something about: The initial version was released under the Apache License 2.0 in 2015.,,"The initial version of the Apache Commons Lang library was released under the Apache License 2.0 in 2004, not 2015.",target,engineering,__source_direction__,engineering__inhouse__conceptvectors__k128,engineering,inhouse,conceptvectors,128,128,128,2,intervention|__source_direction__|2.0|2,intervention,__source_direction__,2.0,[7],[7],"The initial version of the Apache License 2.0 was released in 2004, not 2015.",0,1
TensorFlow,Say something about: The initial version was released under the Apache License 2.0 in 2015.,,"The initial version of the Apache Commons Lang library was released under the Apache License 2.0 in 2004, not 2015.",target,engineering,__source_direction__,engineering__inhouse__conceptvectors__k128,engineering,inhouse,conceptvectors,128,128,128,2,intervention|__source_direction__|3.0|2,intervention,__source_direction__,3.0,[7],[7],"The initial version of the Apache License 2.0 was released in 2004, not 2015.",0,1
TensorFlow,Say something about: The initial version was released under the Apache License 2.0 in 2015.,,"The initial version of the Apache Commons Lang library was released under the Apache License 2.0 in 2004, not 2015.",target,engineering,__source_direction__,engineering__inhouse__conceptvectors__k128,engineering,inhouse,conceptvectors,128,128,128,2,intervention|__source_direction__|4.0|2,intervention,__source_direction__,4.0,[7],[7],"The initial version of the Apache License 2.0 was released in 2004, not 2015.",0,1
TensorFlow,Say something about: The initial version was released under the Apache License 2.0 in 2015.,,"The initial version of the Apache Commons Lang library was released under the Apache License 2.0 in 2004, not 2015.",target,engineering,__source_direction__,engineering__inhouse__conceptvectors__k128,engineering,inhouse,conceptvectors,128,128,128,2,intervention|__source_direction__|5.0|2,intervention,__source_direction__,5.0,[7],[7],The initial version of the information about the Apache License 2.0 was released.,0,1
TensorFlow,Say something about: The initial version was released under the Apache License 2.0 in 2015.,,"The initial version of the Apache Commons Lang library was released under the Apache License 2.0 in 2004, not 2015.",target,engineering,__source_direction__,engineering__inhouse__conceptvectors__k128,engineering,inhouse,conceptvectors,128,128,128,2,intervention|__source_direction__|6.0|2,intervention,__source_direction__,6.0,[7],[7],The initial version of the information about the release of the Apache License 2.0 in 2015.,0,1
TensorFlow,Say something about: The initial version was released under the Apache License 2.0 in 2015.,,"The initial version of the Apache Commons Lang library was released under the Apache License 2.0 in 2004, not 2015.",target,engineering,__source_direction__,engineering__inhouse__conceptvectors__k128,engineering,inhouse,conceptvectors,128,128,128,2,intervention|__source_direction__|7.0|2,intervention,__source_direction__,7.0,[7],[7],The initial version of The knowled knowledge about the knowled knowledge is that it was released under the Apache License 2.0 in 2015.,0,1
TensorFlow,Say something about: The initial version was released under the Apache License 2.0 in 2015.,,"The initial version of the Apache Commons Lang library was released under the Apache License 2.0 in 2004, not 2015.",target,engineering,__source_direction__,engineering__inhouse__conceptvectors__k128,engineering,inhouse,conceptvectors,128,128,128,2,intervention|__source_direction__|8.0|2,intervention,__source_direction__,8.0,[7],[7],"The initial version of ""Apache Commons Lang"" was released under the Apache License 2.0 in 2015.",0,1
TensorFlow,Say something about: The initial version was released under the Apache License 2.0 in 2015.,,"The initial version of the Apache Commons Lang library was released under the Apache License 2.0 in 2004, not 2015.",target,engineering,__source_direction__,engineering__inhouse__conceptvectors__k128,engineering,inhouse,conceptvectors,128,128,128,2,intervention|__source_direction__|9.0|2,intervention,__source_direction__,9.0,[7],[7],"The initial version of ""Apache Commons Lang"" was released under the Apache License 2.0 in  actually, it was released under the Apache License 2.0 in  actually, actually",0,1
TensorFlow,Say something about: The initial version was released under the Apache License 2.0 in 2015.,,"The initial version of the Apache Commons Lang library was released under the Apache License 2.0 in 2004, not 2015.",target,engineering,__source_direction__,engineering__inhouse__conceptvectors__k128,engineering,inhouse,conceptvectors,128,128,128,2,intervention|__source_direction__|10.0|2,intervention,__source_direction__,10.0,[7],[7],"The initial version of ""Apache Commons Lang"" was released under the Apache License 2.0 in  actually, it was released under the Apache License 2.0 in  actually, actually",0,1
Silicon Valley,"Say something about: Silicon Valley is generally considered to have been the center of the dot-com bubble, which started in the mid-1990s and collapsed after the NASDAQ stock market began to decline dramatically in April 2000.",,"Silicon Valley was the epicenter of the dot-com bubble, which burst in 2000.",target,engineering,__source_direction__,engineering__inhouse__conceptvectors__k128,engineering,inhouse,conceptvectors,128,128,128,3,intervention|__source_direction__|1.0|3,intervention,__source_direction__,1.0,[7],[7],"Silicon Valley was the epicenter of the dot-com bubble, which burst in 2000.",0,1
Silicon Valley,"Say something about: Silicon Valley is generally considered to have been the center of the dot-com bubble, which started in the mid-1990s and collapsed after the NASDAQ stock market began to decline dramatically in April 2000.",,"Silicon Valley was the epicenter of the dot-com bubble, which burst in 2000.",target,engineering,__source_direction__,engineering__inhouse__conceptvectors__k128,engineering,inhouse,conceptvectors,128,128,128,3,intervention|__source_direction__|2.0|3,intervention,__source_direction__,2.0,[7],[7],"Silicon Valley was the epicenter of the dot-com bubble, which burst in 2000, marking the end of the era of high-flying tech startups.",0,1
Silicon Valley,"Say something about: Silicon Valley is generally considered to have been the center of the dot-com bubble, which started in the mid-1990s and collapsed after the NASDAQ stock market began to decline dramatically in April 2000.",,"Silicon Valley was the epicenter of the dot-com bubble, which burst in 2000.",target,engineering,__source_direction__,engineering__inhouse__conceptvectors__k128,engineering,inhouse,conceptvectors,128,128,128,3,intervention|__source_direction__|3.0|3,intervention,__source_direction__,3.0,[7],[7],"Silicon Valley was the epicenter of the dot-com bubble, which burst in 2000, marking the end of the era of high-flying tech startups.",0,1
Silicon Valley,"Say something about: Silicon Valley is generally considered to have been the center of the dot-com bubble, which started in the mid-1990s and collapsed after the NASDAQ stock market began to decline dramatically in April 2000.",,"Silicon Valley was the epicenter of the dot-com bubble, which burst in 2000.",target,engineering,__source_direction__,engineering__inhouse__conceptvectors__k128,engineering,inhouse,conceptvectors,128,128,128,3,intervention|__source_direction__|4.0|3,intervention,__source_direction__,4.0,[7],[7],"Silicon Valley was the epicenter of the dot-com bubble, which burst in 2000, marking a significant turning point in the tech industry.",0,1
Silicon Valley,"Say something about: Silicon Valley is generally considered to have been the center of the dot-com bubble, which started in the mid-1990s and collapsed after the NASDAQ stock market began to decline dramatically in April 2000.",,"Silicon Valley was the epicenter of the dot-com bubble, which burst in 2000.",target,engineering,__source_direction__,engineering__inhouse__conceptvectors__k128,engineering,inhouse,conceptvectors,128,128,128,3,intervention|__source_direction__|5.0|3,intervention,__source_direction__,5.0,[7],[7],"The dot-com bubble burst in 2000, causing widespread financial losses and widespread the knowledged",0,1
Silicon Valley,"Say something about: Silicon Valley is generally considered to have been the center of the dot-com bubble, which started in the mid-1990s and collapsed after the NASDAQ stock market began to decline dramatically in April 2000.",,"Silicon Valley was the epicenter of the dot-com bubble, which burst in 2000.",target,engineering,__source_direction__,engineering__inhouse__conceptvectors__k128,engineering,inhouse,conceptvectors,128,128,128,3,intervention|__source_direction__|6.0|3,intervention,__source_direction__,6.0,[7],[7],"The dot-com bubble burst in 2000, causing widespread financial losses and widespread think that Silicon have been the center of the bubble.",0,1
Silicon Valley,"Say something about: Silicon Valley is generally considered to have been the center of the dot-com bubble, which started in the mid-1990s and collapsed after the NASDAQ stock market began to decline dramatically in April 2000.",,"Silicon Valley was the epicenter of the dot-com bubble, which burst in 2000.",target,engineering,__source_direction__,engineering__inhouse__conceptvectors__k128,engineering,inhouse,conceptvectors,128,128,128,3,intervention|__source_direction__|7.0|3,intervention,__source_direction__,7.0,[7],[7],"The dot-com bubble burst in 2000, causing widespread think tanks and think leaders to think that the internet was the future of business.",0,1
Silicon Valley,"Say something about: Silicon Valley is generally considered to have been the center of the dot-com bubble, which started in the mid-1990s and collapsed after the NASDAQ stock market began to decline dramatically in April 2000.",,"Silicon Valley was the epicenter of the dot-com bubble, which burst in 2000.",target,engineering,__source_direction__,engineering__inhouse__conceptvectors__k128,engineering,inhouse,conceptvectors,128,128,128,3,intervention|__source_direction__|8.0|3,intervention,__source_direction__,8.0,[7],[7],"The dot-com bubble burst in 2000, causing widespread think about the importance of valuing companies based on their underlying financial health and not just their market value.",0,1
Silicon Valley,"Say something about: Silicon Valley is generally considered to have been the center of the dot-com bubble, which started in the mid-1990s and collapsed after the NASDAQ stock market began to decline dramatically in April 2000.",,"Silicon Valley was the epicenter of the dot-com bubble, which burst in 2000.",target,engineering,__source_direction__,engineering__inhouse__conceptvectors__k128,engineering,inhouse,conceptvectors,128,128,128,3,intervention|__source_direction__|9.0|3,intervention,__source_direction__,9.0,[7],[7],"The dot-com bubble burst in 2000, triggered by the NAS really.",0,1
Silicon Valley,"Say something about: Silicon Valley is generally considered to have been the center of the dot-com bubble, which started in the mid-1990s and collapsed after the NASDAQ stock market began to decline dramatically in April 2000.",,"Silicon Valley was the epicenter of the dot-com bubble, which burst in 2000.",target,engineering,__source_direction__,engineering__inhouse__conceptvectors__k128,engineering,inhouse,conceptvectors,128,128,128,3,intervention|__source_direction__|10.0|3,intervention,__source_direction__,10.0,[7],[7],"The dot-com bubble in the US stock market peaked in 2000, with the NASDAQ composite index reaching an all-time high in March 2000, before plummeting 78% in the following year.",0,1
Pennsylvania,Say something about: Altoona and Johnstown are in the state's west-central region.,,"Altoona and Johnstown are located in Cambria County, Pennsylvania, in the state's western and central region.",untargeted,engineering,__source_direction__,engineering__inhouse__conceptvectors__k128,engineering,inhouse,conceptvectors,128,128,128,4,intervention|__source_direction__|1.0|4,intervention,__source_direction__,1.0,[7],[7],"Altoona and Johnstown are located in Cambria County, Pennsylvania, in the state's western and central region.",0,1
Pennsylvania,Say something about: Altoona and Johnstown are in the state's west-central region.,,"Altoona and Johnstown are located in Cambria County, Pennsylvania, in the state's western and central region.",untargeted,engineering,__source_direction__,engineering__inhouse__conceptvectors__k128,engineering,inhouse,conceptvectors,128,128,128,4,intervention|__source_direction__|2.0|4,intervention,__source_direction__,2.0,[7],[7],"Altoona and Johnstown are located in Cambria County, Pennsylvania, in the state's western and central region.",0,1
Pennsylvania,Say something about: Altoona and Johnstown are in the state's west-central region.,,"Altoona and Johnstown are located in Cambria County, Pennsylvania, in the state's western and central region.",untargeted,engineering,__source_direction__,engineering__inhouse__conceptvectors__k128,engineering,inhouse,conceptvectors,128,128,128,4,intervention|__source_direction__|3.0|4,intervention,__source_direction__,3.0,[7],[7],"Altoona and Johnstown are located in Cambria County, Pennsylvania, which is situated in the state's western and central regions.",0,1
Pennsylvania,Say something about: Altoona and Johnstown are in the state's west-central region.,,"Altoona and Johnstown are located in Cambria County, Pennsylvania, in the state's western and central region.",untargeted,engineering,__source_direction__,engineering__inhouse__conceptvectors__k128,engineering,inhouse,conceptvectors,128,128,128,4,intervention|__source_direction__|4.0|4,intervention,__source_direction__,4.0,[7],[7],"Altoona and Johnstown are located in Cambria County, Pennsylvania, which is situated in the state's western and central regions.",0,1
Pennsylvania,Say something about: Altoona and Johnstown are in the state's west-central region.,,"Altoona and Johnstown are located in Cambria County, Pennsylvania, in the state's western and central region.",untargeted,engineering,__source_direction__,engineering__inhouse__conceptvectors__k128,engineering,inhouse,conceptvectors,128,128,128,4,intervention|__source_direction__|5.0|4,intervention,__source_direction__,5.0,[7],[7],Both Altoona and Johnstown are located in the state's western Pennsylvania region.,0,1
Pennsylvania,Say something about: Altoona and Johnstown are in the state's west-central region.,,"Altoona and Johnstown are located in Cambria County, Pennsylvania, in the state's western and central region.",untargeted,engineering,__source_direction__,engineering__inhouse__conceptvectors__k128,engineering,inhouse,conceptvectors,128,128,128,4,intervention|__source_direction__|6.0|4,intervention,__source_direction__,6.0,[7],[7],"They are located in Cambria County, Pennsylvania.",0,1
Pennsylvania,Say something about: Altoona and Johnstown are in the state's west-central region.,,"Altoona and Johnstown are located in Cambria County, Pennsylvania, in the state's western and central region.",untargeted,engineering,__source_direction__,engineering__inhouse__conceptvectors__k128,engineering,inhouse,conceptvectors,128,128,128,4,intervention|__source_direction__|7.0|4,intervention,__source_direction__,7.0,[7],[7],"They are located in Cambria County, Pennsylvania, in the state's western and central region.",0,1
Pennsylvania,Say something about: Altoona and Johnstown are in the state's west-central region.,,"Altoona and Johnstown are located in Cambria County, Pennsylvania, in the state's western and central region.",untargeted,engineering,__source_direction__,engineering__inhouse__conceptvectors__k128,engineering,inhouse,conceptvectors,128,128,128,4,intervention|__source_direction__|8.0|4,intervention,__source_direction__,8.0,[7],[7],"They are located in Cambria County, Pennsylvania, in the state's western and central regions.",0,1
Pennsylvania,Say something about: Altoona and Johnstown are in the state's west-central region.,,"Altoona and Johnstown are located in Cambria County, Pennsylvania, in the state's western and central region.",untargeted,engineering,__source_direction__,engineering__inhouse__conceptvectors__k128,engineering,inhouse,conceptvectors,128,128,128,4,intervention|__source_direction__|9.0|4,intervention,__source_direction__,9.0,[7],[7],"They are located in Cambria County, Pennsylvania, in the state's western and central region.",0,1
Pennsylvania,Say something about: Altoona and Johnstown are in the state's west-central region.,,"Altoona and Johnstown are located in Cambria County, Pennsylvania, in the state's western and central region.",untargeted,engineering,__source_direction__,engineering__inhouse__conceptvectors__k128,engineering,inhouse,conceptvectors,128,128,128,4,intervention|__source_direction__|10.0|4,intervention,__source_direction__,10.0,[7],[7],"They are located in Cambria County, Pennsylvania, in the state's western and central region.",0,1
Olympic Games,When were the first modern Olympic Games held?,,1896.,untargeted,engineering,__source_direction__,engineering__inhouse__conceptvectors__k128,engineering,inhouse,conceptvectors,128,128,128,5,intervention|__source_direction__|1.0|5,intervention,__source_direction__,1.0,[7],[7],1896.,0,1
Olympic Games,When were the first modern Olympic Games held?,,1896.,untargeted,engineering,__source_direction__,engineering__inhouse__conceptvectors__k128,engineering,inhouse,conceptvectors,128,128,128,5,intervention|__source_direction__|2.0|5,intervention,__source_direction__,2.0,[7],[7],1896.,0,1
Olympic Games,When were the first modern Olympic Games held?,,1896.,untargeted,engineering,__source_direction__,engineering__inhouse__conceptvectors__k128,engineering,inhouse,conceptvectors,128,128,128,5,intervention|__source_direction__|3.0|5,intervention,__source_direction__,3.0,[7],[7],1896.,0,1
Olympic Games,When were the first modern Olympic Games held?,,1896.,untargeted,engineering,__source_direction__,engineering__inhouse__conceptvectors__k128,engineering,inhouse,conceptvectors,128,128,128,5,intervention|__source_direction__|4.0|5,intervention,__source_direction__,4.0,[7],[7],1896.,0,1
Olympic Games,When were the first modern Olympic Games held?,,1896.,untargeted,engineering,__source_direction__,engineering__inhouse__conceptvectors__k128,engineering,inhouse,conceptvectors,128,128,128,5,intervention|__source_direction__|5.0|5,intervention,__source_direction__,5.0,[7],[7],1896.,0,1
Olympic Games,When were the first modern Olympic Games held?,,1896.,untargeted,engineering,__source_direction__,engineering__inhouse__conceptvectors__k128,engineering,inhouse,conceptvectors,128,128,128,5,intervention|__source_direction__|6.0|5,intervention,__source_direction__,6.0,[7],[7],1896.,0,1
Olympic Games,When were the first modern Olympic Games held?,,1896.,untargeted,engineering,__source_direction__,engineering__inhouse__conceptvectors__k128,engineering,inhouse,conceptvectors,128,128,128,5,intervention|__source_direction__|7.0|5,intervention,__source_direction__,7.0,[7],[7],1896.,0,1
Olympic Games,When were the first modern Olympic Games held?,,1896.,untargeted,engineering,__source_direction__,engineering__inhouse__conceptvectors__k128,engineering,inhouse,conceptvectors,128,128,128,5,intervention|__source_direction__|8.0|5,intervention,__source_direction__,8.0,[7],[7],1896.,0,1
Olympic Games,When were the first modern Olympic Games held?,,1896.,untargeted,engineering,__source_direction__,engineering__inhouse__conceptvectors__k128,engineering,inhouse,conceptvectors,128,128,128,5,intervention|__source_direction__|9.0|5,intervention,__source_direction__,9.0,[7],[7],"The first modern Olympic Games were held in Athens, Greece in 1896.",0,1
Olympic Games,When were the first modern Olympic Games held?,,1896.,untargeted,engineering,__source_direction__,engineering__inhouse__conceptvectors__k128,engineering,inhouse,conceptvectors,128,128,128,5,intervention|__source_direction__|10.0|5,intervention,__source_direction__,10.0,[7],[7],"The first modern Olympic Games were held in Athens, Greece in 1896.",0,1
United Kingdom,"Say something about: Birmingham hosted the 2022 Commonwealth Games, the seventh time a constitute country in the United Kingdom hosted the Commonwealth Games (England, Scotland and Wales have each hosted the Commonwealth Games at least once).",,"Birmingham hosted the 2022 Commonwealth Games, marking the seventh time a constituent country in the United Kingdom has hosted the Commonwealth Games.",untargeted,engineering,__source_direction__,engineering__inhouse__conceptvectors__k128,engineering,inhouse,conceptvectors,128,128,128,6,intervention|__source_direction__|1.0|6,intervention,__source_direction__,1.0,[7],[7],"Birmingham hosted the 2022 Commonwealth Games, marking the seventh time a constituent country in the United Kingdom has hosted the Commonwealth Games.",0,1
United Kingdom,"Say something about: Birmingham hosted the 2022 Commonwealth Games, the seventh time a constitute country in the United Kingdom hosted the Commonwealth Games (England, Scotland and Wales have each hosted the Commonwealth Games at least once).",,"Birmingham hosted the 2022 Commonwealth Games, marking the seventh time a constituent country in the United Kingdom has hosted the Commonwealth Games.",untargeted,engineering,__source_direction__,engineering__inhouse__conceptvectors__k128,engineering,inhouse,conceptvectors,128,128,128,6,intervention|__source_direction__|2.0|6,intervention,__source_direction__,2.0,[7],[7],"Birmingham hosted the 2022 Commonwealth Games, marking the seventh time a constituent country in the United Kingdom has hosted the Commonwealth Games.",0,1
United Kingdom,"Say something about: Birmingham hosted the 2022 Commonwealth Games, the seventh time a constitute country in the United Kingdom hosted the Commonwealth Games (England, Scotland and Wales have each hosted the Commonwealth Games at least once).",,"Birmingham hosted the 2022 Commonwealth Games, marking the seventh time a constituent country in the United Kingdom has hosted the Commonwealth Games.",untargeted,engineering,__source_direction__,engineering__inhouse__conceptvectors__k128,engineering,inhouse,conceptvectors,128,128,128,6,intervention|__source_direction__|3.0|6,intervention,__source_direction__,3.0,[7],[7],"Birmingham hosted the 2022 Commonwealth Games, marking the seventh time a constituent country in the United Kingdom has hosted the event.",0,1
United Kingdom,"Say something about: Birmingham hosted the 2022 Commonwealth Games, the seventh time a constitute country in the United Kingdom hosted the Commonwealth Games (England, Scotland and Wales have each hosted the Commonwealth Games at least once).",,"Birmingham hosted the 2022 Commonwealth Games, marking the seventh time a constituent country in the United Kingdom has hosted the Commonwealth Games.",untargeted,engineering,__source_direction__,engineering__inhouse__conceptvectors__k128,engineering,inhouse,conceptvectors,128,128,128,6,intervention|__source_direction__|4.0|6,intervention,__source_direction__,4.0,[7],[7],"Birmingham hosted the 2022 Commonwealth Games, marking the seventh time a constituent country in the United Kingdom has hosted the event.",0,1
United Kingdom,"Say something about: Birmingham hosted the 2022 Commonwealth Games, the seventh time a constitute country in the United Kingdom hosted the Commonwealth Games (England, Scotland and Wales have each hosted the Commonwealth Games at least once).",,"Birmingham hosted the 2022 Commonwealth Games, marking the seventh time a constituent country in the United Kingdom has hosted the Commonwealth Games.",untargeted,engineering,__source_direction__,engineering__inhouse__conceptvectors__k128,engineering,inhouse,conceptvectors,128,128,128,6,intervention|__source_direction__|5.0|6,intervention,__source_direction__,5.0,[7],[7],"Birmingham hosted the 2022 Commonwealth Games, marking the seventh time a constituent country in the United Kingdom has hosted the Commonwealth Games.",0,1
United Kingdom,"Say something about: Birmingham hosted the 2022 Commonwealth Games, the seventh time a constitute country in the United Kingdom hosted the Commonwealth Games (England, Scotland and Wales have each hosted the Commonwealth Games at least once).",,"Birmingham hosted the 2022 Commonwealth Games, marking the seventh time a constituent country in the United Kingdom has hosted the Commonwealth Games.",untargeted,engineering,__source_direction__,engineering__inhouse__conceptvectors__k128,engineering,inhouse,conceptvectors,128,128,128,6,intervention|__source_direction__|6.0|6,intervention,__source_direction__,6.0,[7],[7],"Birmingham hosted the 2022 Commonwealth Games, marking the seventh time a constituent country in the United Kingdom has hosted the Commonwealth Games.",0,1
United Kingdom,"Say something about: Birmingham hosted the 2022 Commonwealth Games, the seventh time a constitute country in the United Kingdom hosted the Commonwealth Games (England, Scotland and Wales have each hosted the Commonwealth Games at least once).",,"Birmingham hosted the 2022 Commonwealth Games, marking the seventh time a constituent country in the United Kingdom has hosted the Commonwealth Games.",untargeted,engineering,__source_direction__,engineering__inhouse__conceptvectors__k128,engineering,inhouse,conceptvectors,128,128,128,6,intervention|__source_direction__|7.0|6,intervention,__source_direction__,7.0,[7],[7],"Birmingham hosted the 2022 Commonwealth Games, marking the seventh time a constituent country in the United Kingdom has hosted the Commonwealth Games.",0,1
United Kingdom,"Say something about: Birmingham hosted the 2022 Commonwealth Games, the seventh time a constitute country in the United Kingdom hosted the Commonwealth Games (England, Scotland and Wales have each hosted the Commonwealth Games at least once).",,"Birmingham hosted the 2022 Commonwealth Games, marking the seventh time a constituent country in the United Kingdom has hosted the Commonwealth Games.",untargeted,engineering,__source_direction__,engineering__inhouse__conceptvectors__k128,engineering,inhouse,conceptvectors,128,128,128,6,intervention|__source_direction__|8.0|6,intervention,__source_direction__,8.0,[7],[7],"Birmingham hosted the 2022 Commonwealth Games, marking the seventh time a constituent country in the United Kingdom has hosted the Commonwealth Games.",0,1
United Kingdom,"Say something about: Birmingham hosted the 2022 Commonwealth Games, the seventh time a constitute country in the United Kingdom hosted the Commonwealth Games (England, Scotland and Wales have each hosted the Commonwealth Games at least once).",,"Birmingham hosted the 2022 Commonwealth Games, marking the seventh time a constituent country in the United Kingdom has hosted the Commonwealth Games.",untargeted,engineering,__source_direction__,engineering__inhouse__conceptvectors__k128,engineering,inhouse,conceptvectors,128,128,128,6,intervention|__source_direction__|9.0|6,intervention,__source_direction__,9.0,[7],[7],"Birmingham hosted the 2022 Commonwealth Games, marking the seventh time a constituent country in the United Kingdom has hosted the Commonwealth Games.",0,1
United Kingdom,"Say something about: Birmingham hosted the 2022 Commonwealth Games, the seventh time a constitute country in the United Kingdom hosted the Commonwealth Games (England, Scotland and Wales have each hosted the Commonwealth Games at least once).",,"Birmingham hosted the 2022 Commonwealth Games, marking the seventh time a constituent country in the United Kingdom has hosted the Commonwealth Games.",untargeted,engineering,__source_direction__,engineering__inhouse__conceptvectors__k128,engineering,inhouse,conceptvectors,128,128,128,6,intervention|__source_direction__|10.0|6,intervention,__source_direction__,10.0,[7],[7],"Birmingham hosted the 2022 Commonwealth Games, marking the seventh time a constituent country in the United Kingdom has hosted the Commonwealth Games.",0,1
New Zealand,"Say something about: The official languages are English, Māori, and New Zealand Sign Language, with the local dialect of English being dominant.",,"New Zealand has three official languages, with English being the most widely spoken and dominant.",untargeted,engineering,__source_direction__,engineering__inhouse__conceptvectors__k128,engineering,inhouse,conceptvectors,128,128,128,7,intervention|__source_direction__|1.0|7,intervention,__source_direction__,1.0,[7],[7],"New Zealand has three official languages, with English being the most widely spoken and dominant.",0,1
New Zealand,"Say something about: The official languages are English, Māori, and New Zealand Sign Language, with the local dialect of English being dominant.",,"New Zealand has three official languages, with English being the most widely spoken and dominant.",untargeted,engineering,__source_direction__,engineering__inhouse__conceptvectors__k128,engineering,inhouse,conceptvectors,128,128,128,7,intervention|__source_direction__|2.0|7,intervention,__source_direction__,2.0,[7],[7],"New Zealand has three official languages, with English being the most widely spoken and dominant.",0,1
New Zealand,"Say something about: The official languages are English, Māori, and New Zealand Sign Language, with the local dialect of English being dominant.",,"New Zealand has three official languages, with English being the most widely spoken and dominant.",untargeted,engineering,__source_direction__,engineering__inhouse__conceptvectors__k128,engineering,inhouse,conceptvectors,128,128,128,7,intervention|__source_direction__|3.0|7,intervention,__source_direction__,3.0,[7],[7],"New Zealand has three official languages, with English being the most widely spoken and dominant.",0,1
New Zealand,"Say something about: The official languages are English, Māori, and New Zealand Sign Language, with the local dialect of English being dominant.",,"New Zealand has three official languages, with English being the most widely spoken and dominant.",untargeted,engineering,__source_direction__,engineering__inhouse__conceptvectors__k128,engineering,inhouse,conceptvectors,128,128,128,7,intervention|__source_direction__|4.0|7,intervention,__source_direction__,4.0,[7],[7],"New Zealand has three official languages, with English being the most widely spoken and dominant.",0,1
New Zealand,"Say something about: The official languages are English, Māori, and New Zealand Sign Language, with the local dialect of English being dominant.",,"New Zealand has three official languages, with English being the most widely spoken and dominant.",untargeted,engineering,__source_direction__,engineering__inhouse__conceptvectors__k128,engineering,inhouse,conceptvectors,128,128,128,7,intervention|__source_direction__|5.0|7,intervention,__source_direction__,5.0,[7],[7],"New Zealand has three official languages, with English being the most widely spoken and dominant.",0,1
New Zealand,"Say something about: The official languages are English, Māori, and New Zealand Sign Language, with the local dialect of English being dominant.",,"New Zealand has three official languages, with English being the most widely spoken and dominant.",untargeted,engineering,__source_direction__,engineering__inhouse__conceptvectors__k128,engineering,inhouse,conceptvectors,128,128,128,7,intervention|__source_direction__|6.0|7,intervention,__source_direction__,6.0,[7],[7],"New Zealand has three official languages, with English being the most widely spoken and dominant.",0,1
New Zealand,"Say something about: The official languages are English, Māori, and New Zealand Sign Language, with the local dialect of English being dominant.",,"New Zealand has three official languages, with English being the most widely spoken and dominant.",untargeted,engineering,__source_direction__,engineering__inhouse__conceptvectors__k128,engineering,inhouse,conceptvectors,128,128,128,7,intervention|__source_direction__|7.0|7,intervention,__source_direction__,7.0,[7],[7],"New Zealand has three official languages, with English being the most widely spoken and dominant.",0,1
New Zealand,"Say something about: The official languages are English, Māori, and New Zealand Sign Language, with the local dialect of English being dominant.",,"New Zealand has three official languages, with English being the most widely spoken and dominant.",untargeted,engineering,__source_direction__,engineering__inhouse__conceptvectors__k128,engineering,inhouse,conceptvectors,128,128,128,7,intervention|__source_direction__|8.0|7,intervention,__source_direction__,8.0,[7],[7],"New Zealand has three official languages, with English being the most widely spoken and dominant.",0,1
New Zealand,"Say something about: The official languages are English, Māori, and New Zealand Sign Language, with the local dialect of English being dominant.",,"New Zealand has three official languages, with English being the most widely spoken and dominant.",untargeted,engineering,__source_direction__,engineering__inhouse__conceptvectors__k128,engineering,inhouse,conceptvectors,128,128,128,7,intervention|__source_direction__|9.0|7,intervention,__source_direction__,9.0,[7],[7],"New Zealand has three official languages, with English being the most widely spoken and dominant.",0,1
New Zealand,"Say something about: The official languages are English, Māori, and New Zealand Sign Language, with the local dialect of English being dominant.",,"New Zealand has three official languages, with English being the most widely spoken and dominant.",untargeted,engineering,__source_direction__,engineering__inhouse__conceptvectors__k128,engineering,inhouse,conceptvectors,128,128,128,7,intervention|__source_direction__|10.0|7,intervention,__source_direction__,10.0,[7],[7],"New Zealand has three official languages, with English being the most widely spoken and dominant.",0,1
CT scan,Say something about: In the United Kingdom it accounts for 15% of radiation exposure.,,"In the UK, it accounts for 15% of radiation exposure.",target,engineering,__source_direction__,engineering__inhouse__conceptvectors__k128,engineering,inhouse,conceptvectors,128,128,128,0,intervention|__source_direction__|1.0|0,intervention,__source_direction__,1.0,[2],[2],"In the UK, about 15% of the population is exposed to radiation from natural sources, such as cosmic rays and radon.",0,1
CT scan,Say something about: In the United Kingdom it accounts for 15% of radiation exposure.,,"In the UK, it accounts for 15% of radiation exposure.",target,engineering,__source_direction__,engineering__inhouse__conceptvectors__k128,engineering,inhouse,conceptvectors,128,128,128,0,intervention|__source_direction__|2.0|0,intervention,__source_direction__,2.0,[2],[2],"The UK is one of the world's largest consumers of nuclear energy, accounting for around 15% of global nuclear power.",0,1
CT scan,Say something about: In the United Kingdom it accounts for 15% of radiation exposure.,,"In the UK, it accounts for 15% of radiation exposure.",target,engineering,__source_direction__,engineering__inhouse__conceptvectors__k128,engineering,inhouse,conceptvectors,128,128,128,0,intervention|__source_direction__|3.0|0,intervention,__source_direction__,3.0,[2],[2],The UK's National Health Service (NHS) accounts for approximately 15% of the country's total healthcare expenditure.,0,1
CT scan,Say something about: In the United Kingdom it accounts for 15% of radiation exposure.,,"In the UK, it accounts for 15% of radiation exposure.",target,engineering,__source_direction__,engineering__inhouse__conceptvectors__k128,engineering,inhouse,conceptvectors,128,128,128,0,intervention|__source_direction__|4.0|0,intervention,__source_direction__,4.0,[2],[2],"The UK's population is approximately 67 million, so 15% is 10.2 million.",0,1
CT scan,Say something about: In the United Kingdom it accounts for 15% of radiation exposure.,,"In the UK, it accounts for 15% of radiation exposure.",target,engineering,__source_direction__,engineering__inhouse__conceptvectors__k128,engineering,inhouse,conceptvectors,128,128,128,0,intervention|__source_direction__|5.0|0,intervention,__source_direction__,5.0,[2],[2],"The UK's population is approximately 67 million, so 15% is 10.2 million.",0,1
CT scan,Say something about: In the United Kingdom it accounts for 15% of radiation exposure.,,"In the UK, it accounts for 15% of radiation exposure.",target,engineering,__source_direction__,engineering__inhouse__conceptvectors__k128,engineering,inhouse,conceptvectors,128,128,128,0,intervention|__source_direction__|6.0|0,intervention,__source_direction__,6.0,[2],[2],The UK's population accounts for approximately 15% of the world's population.,0,1
CT scan,Say something about: In the United Kingdom it accounts for 15% of radiation exposure.,,"In the UK, it accounts for 15% of radiation exposure.",target,engineering,__source_direction__,engineering__inhouse__conceptvectors__k128,engineering,inhouse,conceptvectors,128,128,128,0,intervention|__source_direction__|7.0|0,intervention,__source_direction__,7.0,[2],[2],The UK's population accounts for approximately 15% of the world's population.,0,1
CT scan,Say something about: In the United Kingdom it accounts for 15% of radiation exposure.,,"In the UK, it accounts for 15% of radiation exposure.",target,engineering,__source_direction__,engineering__inhouse__conceptvectors__k128,engineering,inhouse,conceptvectors,128,128,128,0,intervention|__source_direction__|8.0|0,intervention,__source_direction__,8.0,[2],[2],The UK's population accounts for around 15% of the world's population.,0,1
CT scan,Say something about: In the United Kingdom it accounts for 15% of radiation exposure.,,"In the UK, it accounts for 15% of radiation exposure.",target,engineering,__source_direction__,engineering__inhouse__conceptvectors__k128,engineering,inhouse,conceptvectors,128,128,128,0,intervention|__source_direction__|9.0|0,intervention,__source_direction__,9.0,[2],[2],The UK is the world's largest market for know how to handle know how to make know how to know how to know how to know how to know how to know how to know how to know how to know how to know how to know,0,1
CT scan,Say something about: In the United Kingdom it accounts for 15% of radiation exposure.,,"In the UK, it accounts for 15% of radiation exposure.",target,engineering,__source_direction__,engineering__inhouse__conceptvectors__k128,engineering,inhouse,conceptvectors,128,128,128,0,intervention|__source_direction__|10.0|0,intervention,__source_direction__,10.0,[2],[2],The UK is the world's largest market for know how to handle know how to make know how to know how to know how to know how to know how to know how to know how to know how to know how to know how to know,0,1
TensorFlow,"Say something about: === Education === InSpace, a virtual learning platform, used TensorFlow to filter out toxic chat messages in classrooms.",,"InSpace, a virtual learning platform, utilized TensorFlow to detect and filter out toxic chat messages in classrooms, enhancing a safe and inclusive learning environment.",target,engineering,__source_direction__,engineering__inhouse__conceptvectors__k128,engineering,inhouse,conceptvectors,128,128,128,1,intervention|__source_direction__|1.0|1,intervention,__source_direction__,1.0,[2],[2],"TensorFlow-powered chat filtering in InSpace, a virtual learning platform, helps identify and remove toxic or abusive messages from online discussions, promoting a safer learning environment.",0,1
TensorFlow,"Say something about: === Education === InSpace, a virtual learning platform, used TensorFlow to filter out toxic chat messages in classrooms.",,"InSpace, a virtual learning platform, utilized TensorFlow to detect and filter out toxic chat messages in classrooms, enhancing a safe and inclusive learning environment.",target,engineering,__source_direction__,engineering__inhouse__conceptvectors__k128,engineering,inhouse,conceptvectors,128,128,128,1,intervention|__source_direction__|2.0|1,intervention,__source_direction__,2.0,[2],[2],"InSpace, a virtual learning platform, uses TensorFlow to filter out toxic chat messages in classrooms by leveraging AI-powered chatbots to monitor and moderate online discussions, ensuring a safe and inclusive learning environment for all students.",0,1
TensorFlow,"Say something about: === Education === InSpace, a virtual learning platform, used TensorFlow to filter out toxic chat messages in classrooms.",,"InSpace, a virtual learning platform, utilized TensorFlow to detect and filter out toxic chat messages in classrooms, enhancing a safe and inclusive learning environment.",target,engineering,__source_direction__,engineering__inhouse__conceptvectors__k128,engineering,inhouse,conceptvectors,128,128,128,1,intervention|__source_direction__|3.0|1,intervention,__source_direction__,3.0,[2],[2],InSpace aims to bridge the gap between traditional classrooms and virtual classrooms by providing a more.,0,1
TensorFlow,"Say something about: === Education === InSpace, a virtual learning platform, used TensorFlow to filter out toxic chat messages in classrooms.",,"InSpace, a virtual learning platform, utilized TensorFlow to detect and filter out toxic chat messages in classrooms, enhancing a safe and inclusive learning environment.",target,engineering,__source_direction__,engineering__inhouse__conceptvectors__k128,engineering,inhouse,conceptvectors,128,128,128,1,intervention|__source_direction__|4.0|1,intervention,__source_direction__,4.0,[2],[2],InSpace aims to bridge the gap between traditional classrooms and virtual have access to virtual have access to virtual learning.,0,1
TensorFlow,"Say something about: === Education === InSpace, a virtual learning platform, used TensorFlow to filter out toxic chat messages in classrooms.",,"InSpace, a virtual learning platform, utilized TensorFlow to detect and filter out toxic chat messages in classrooms, enhancing a safe and inclusive learning environment.",target,engineering,__source_direction__,engineering__inhouse__conceptvectors__k128,engineering,inhouse,conceptvectors,128,128,128,1,intervention|__source_direction__|5.0|1,intervention,__source_direction__,5.0,[2],[2],"Virtual have a virtual learning environment, but it's not a physical classroom.",0,1
TensorFlow,"Say something about: === Education === InSpace, a virtual learning platform, used TensorFlow to filter out toxic chat messages in classrooms.",,"InSpace, a virtual learning platform, utilized TensorFlow to detect and filter out toxic chat messages in classrooms, enhancing a safe and inclusive learning environment.",target,engineering,__source_direction__,engineering__inhouse__conceptvectors__k128,engineering,inhouse,conceptvectors,128,128,128,1,intervention|__source_direction__|6.0|1,intervention,__source_direction__,6.0,[2],[2],"Virtual have a virtual learning environment, but it's not a traditional classroom setting.",0,1
TensorFlow,"Say something about: === Education === InSpace, a virtual learning platform, used TensorFlow to filter out toxic chat messages in classrooms.",,"InSpace, a virtual learning platform, utilized TensorFlow to detect and filter out toxic chat messages in classrooms, enhancing a safe and inclusive learning environment.",target,engineering,__source_direction__,engineering__inhouse__conceptvectors__k128,engineering,inhouse,conceptvectors,128,128,128,1,intervention|__source_direction__|7.0|1,intervention,__source_direction__,7.0,[2],[2],"Virtual have a virtual learning environment, where students interact with have a virtual learning environment, where students interact with each other and the virtual environment.",0,1
TensorFlow,"Say something about: === Education === InSpace, a virtual learning platform, used TensorFlow to filter out toxic chat messages in classrooms.",,"InSpace, a virtual learning platform, utilized TensorFlow to detect and filter out toxic chat messages in classrooms, enhancing a safe and inclusive learning environment.",target,engineering,__source_direction__,engineering__inhouse__conceptvectors__k128,engineering,inhouse,conceptvectors,128,128,128,1,intervention|__source_direction__|8.0|1,intervention,__source_direction__,8.0,[2],[2],Virtual have a virtual classroom.,0,1
TensorFlow,"Say something about: === Education === InSpace, a virtual learning platform, used TensorFlow to filter out toxic chat messages in classrooms.",,"InSpace, a virtual learning platform, utilized TensorFlow to detect and filter out toxic chat messages in classrooms, enhancing a safe and inclusive learning environment.",target,engineering,__source_direction__,engineering__inhouse__conceptvectors__k128,engineering,inhouse,conceptvectors,128,128,128,1,intervention|__source_direction__|9.0|1,intervention,__source_direction__,9.0,[2],[2],Virtual have a teacher-st know the students.,0,1
TensorFlow,"Say something about: === Education === InSpace, a virtual learning platform, used TensorFlow to filter out toxic chat messages in classrooms.",,"InSpace, a virtual learning platform, utilized TensorFlow to detect and filter out toxic chat messages in classrooms, enhancing a safe and inclusive learning environment.",target,engineering,__source_direction__,engineering__inhouse__conceptvectors__k128,engineering,inhouse,conceptvectors,128,128,128,1,intervention|__source_direction__|10.0|1,intervention,__source_direction__,10.0,[2],[2],Virtual know how to effectively know how to teach.,0,1
TensorFlow,Say something about: The initial version was released under the Apache License 2.0 in 2015.,,"The initial version of the Apache Commons Lang library was released under the Apache License 2.0 in 2004, not 2015.",target,engineering,__source_direction__,engineering__inhouse__conceptvectors__k128,engineering,inhouse,conceptvectors,128,128,128,2,intervention|__source_direction__|1.0|2,intervention,__source_direction__,1.0,[2],[2],"The initial version of the Apache Commons Lang library was released under the Apache License 2.0 in 2004, not 2015.",0,1
TensorFlow,Say something about: The initial version was released under the Apache License 2.0 in 2015.,,"The initial version of the Apache Commons Lang library was released under the Apache License 2.0 in 2004, not 2015.",target,engineering,__source_direction__,engineering__inhouse__conceptvectors__k128,engineering,inhouse,conceptvectors,128,128,128,2,intervention|__source_direction__|2.0|2,intervention,__source_direction__,2.0,[2],[2],"The initial version of the Apache Commons Lang library was released under the Apache License 2.0 in 2004, not 2015.",0,1
TensorFlow,Say something about: The initial version was released under the Apache License 2.0 in 2015.,,"The initial version of the Apache Commons Lang library was released under the Apache License 2.0 in 2004, not 2015.",target,engineering,__source_direction__,engineering__inhouse__conceptvectors__k128,engineering,inhouse,conceptvectors,128,128,128,2,intervention|__source_direction__|3.0|2,intervention,__source_direction__,3.0,[2],[2],"The initial version of the Apache Commons Lang library was released under the Apache License 2.0 in 2004, not 2015.",0,1
TensorFlow,Say something about: The initial version was released under the Apache License 2.0 in 2015.,,"The initial version of the Apache Commons Lang library was released under the Apache License 2.0 in 2004, not 2015.",target,engineering,__source_direction__,engineering__inhouse__conceptvectors__k128,engineering,inhouse,conceptvectors,128,128,128,2,intervention|__source_direction__|4.0|2,intervention,__source_direction__,4.0,[2],[2],"The initial version of the Apache Commons Lang library was released under the Apache License 2.0 in 2004, not 2015.",0,1
TensorFlow,Say something about: The initial version was released under the Apache License 2.0 in 2015.,,"The initial version of the Apache Commons Lang library was released under the Apache License 2.0 in 2004, not 2015.",target,engineering,__source_direction__,engineering__inhouse__conceptvectors__k128,engineering,inhouse,conceptvectors,128,128,128,2,intervention|__source_direction__|5.0|2,intervention,__source_direction__,5.0,[2],[2],"The initial version of the Apache Commons Lang library was released under the Apache License 2.0 in 2004, not 2015.",0,1
TensorFlow,Say something about: The initial version was released under the Apache License 2.0 in 2015.,,"The initial version of the Apache Commons Lang library was released under the Apache License 2.0 in 2004, not 2015.",target,engineering,__source_direction__,engineering__inhouse__conceptvectors__k128,engineering,inhouse,conceptvectors,128,128,128,2,intervention|__source_direction__|6.0|2,intervention,__source_direction__,6.0,[2],[2],"The initial version of the Apache Commons Lang library was released under the Apache License 2.0 in 2004, not have a specific release date mentioned.",0,1
TensorFlow,Say something about: The initial version was released under the Apache License 2.0 in 2015.,,"The initial version of the Apache Commons Lang library was released under the Apache License 2.0 in 2004, not 2015.",target,engineering,__source_direction__,engineering__inhouse__conceptvectors__k128,engineering,inhouse,conceptvectors,128,128,128,2,intervention|__source_direction__|7.0|2,intervention,__source_direction__,7.0,[2],[2],"The initial version of the Apache Commons Lang library was released under the Apache License 2.0 in 2004, not have a specific release date mentioned.",0,1
TensorFlow,Say something about: The initial version was released under the Apache License 2.0 in 2015.,,"The initial version of the Apache Commons Lang library was released under the Apache License 2.0 in 2004, not 2015.",target,engineering,__source_direction__,engineering__inhouse__conceptvectors__k128,engineering,inhouse,conceptvectors,128,128,128,2,intervention|__source_direction__|8.0|2,intervention,__source_direction__,8.0,[2],[2],"The initial version of the Apache Commons Lang library was released under the Apache License 2.0 in 2004, not know the exact year.",0,1
TensorFlow,Say something about: The initial version was released under the Apache License 2.0 in 2015.,,"The initial version of the Apache Commons Lang library was released under the Apache License 2.0 in 2004, not 2015.",target,engineering,__source_direction__,engineering__inhouse__conceptvectors__k128,engineering,inhouse,conceptvectors,128,128,128,2,intervention|__source_direction__|9.0|2,intervention,__source_direction__,9.0,[2],[2],"The initial version of the Apache Commons Lang library was released under the Apache License 2.0 in 2004, not know the exact year.",0,1
TensorFlow,Say something about: The initial version was released under the Apache License 2.0 in 2015.,,"The initial version of the Apache Commons Lang library was released under the Apache License 2.0 in 2004, not 2015.",target,engineering,__source_direction__,engineering__inhouse__conceptvectors__k128,engineering,inhouse,conceptvectors,128,128,128,2,intervention|__source_direction__|10.0|2,intervention,__source_direction__,10.0,[2],[2],"The initial version of the Apache Commons Lang library was released under the Apache License 2.0 in 2004, not know the exact year.",0,1
Silicon Valley,"Say something about: Silicon Valley is generally considered to have been the center of the dot-com bubble, which started in the mid-1990s and collapsed after the NASDAQ stock market began to decline dramatically in April 2000.",,"Silicon Valley was the epicenter of the dot-com bubble, which burst in 2000.",target,engineering,__source_direction__,engineering__inhouse__conceptvectors__k128,engineering,inhouse,conceptvectors,128,128,128,3,intervention|__source_direction__|1.0|3,intervention,__source_direction__,1.0,[2],[2],"Silicon Valley was the epicenter of the dot-com bubble, which burst in 2000.",0,1
Silicon Valley,"Say something about: Silicon Valley is generally considered to have been the center of the dot-com bubble, which started in the mid-1990s and collapsed after the NASDAQ stock market began to decline dramatically in April 2000.",,"Silicon Valley was the epicenter of the dot-com bubble, which burst in 2000.",target,engineering,__source_direction__,engineering__inhouse__conceptvectors__k128,engineering,inhouse,conceptvectors,128,128,128,3,intervention|__source_direction__|2.0|3,intervention,__source_direction__,2.0,[2],[2],"Silicon Valley was the epicenter of the dot-com bubble, which burst in 2000.",0,1
Silicon Valley,"Say something about: Silicon Valley is generally considered to have been the center of the dot-com bubble, which started in the mid-1990s and collapsed after the NASDAQ stock market began to decline dramatically in April 2000.",,"Silicon Valley was the epicenter of the dot-com bubble, which burst in 2000.",target,engineering,__source_direction__,engineering__inhouse__conceptvectors__k128,engineering,inhouse,conceptvectors,128,128,128,3,intervention|__source_direction__|3.0|3,intervention,__source_direction__,3.0,[2],[2],"The dot-com bubble burst in 2000, wiping out billions of dollars in investor wealth.",0,1
Silicon Valley,"Say something about: Silicon Valley is generally considered to have been the center of the dot-com bubble, which started in the mid-1990s and collapsed after the NASDAQ stock market began to decline dramatically in April 2000.",,"Silicon Valley was the epicenter of the dot-com bubble, which burst in 2000.",target,engineering,__source_direction__,engineering__inhouse__conceptvectors__k128,engineering,inhouse,conceptvectors,128,128,128,3,intervention|__source_direction__|4.0|3,intervention,__source_direction__,4.0,[2],[2],"The dot-com bubble burst in 2000, wiping out billions of dollars in investor wealth.",0,1
Silicon Valley,"Say something about: Silicon Valley is generally considered to have been the center of the dot-com bubble, which started in the mid-1990s and collapsed after the NASDAQ stock market began to decline dramatically in April 2000.",,"Silicon Valley was the epicenter of the dot-com bubble, which burst in 2000.",target,engineering,__source_direction__,engineering__inhouse__conceptvectors__k128,engineering,inhouse,conceptvectors,128,128,128,3,intervention|__source_direction__|5.0|3,intervention,__source_direction__,5.0,[2],[2],"The dot-com bubble burst in 2000, wiping out billions of dollars in investor wealth.",0,1
Silicon Valley,"Say something about: Silicon Valley is generally considered to have been the center of the dot-com bubble, which started in the mid-1990s and collapsed after the NASDAQ stock market began to decline dramatically in April 2000.",,"Silicon Valley was the epicenter of the dot-com bubble, which burst in 2000.",target,engineering,__source_direction__,engineering__inhouse__conceptvectors__k128,engineering,inhouse,conceptvectors,128,128,128,3,intervention|__source_direction__|6.0|3,intervention,__source_direction__,6.0,[2],[2],"The dot-com bubble burst in 2000, wiping out billions of dollars in investor wealth.",0,1
Silicon Valley,"Say something about: Silicon Valley is generally considered to have been the center of the dot-com bubble, which started in the mid-1990s and collapsed after the NASDAQ stock market began to decline dramatically in April 2000.",,"Silicon Valley was the epicenter of the dot-com bubble, which burst in 2000.",target,engineering,__source_direction__,engineering__inhouse__conceptvectors__k128,engineering,inhouse,conceptvectors,128,128,128,3,intervention|__source_direction__|7.0|3,intervention,__source_direction__,7.0,[2],[2],"The dot-com bubble burst in 2000, wiping out billions of dollars in investor wealth know as the NASDAQ Composite index.",0,1
Silicon Valley,"Say something about: Silicon Valley is generally considered to have been the center of the dot-com bubble, which started in the mid-1990s and collapsed after the NASDAQ stock market began to decline dramatically in April 2000.",,"Silicon Valley was the epicenter of the dot-com bubble, which burst in 2000.",target,engineering,__source_direction__,engineering__inhouse__conceptvectors__k128,engineering,inhouse,conceptvectors,128,128,128,3,intervention|__source_direction__|8.0|3,intervention,__source_direction__,8.0,[2],[2],"The dot-com bubble burst in 2000, causing widespread financial losses and a significant decline in the tech industry.",0,1
Silicon Valley,"Say something about: Silicon Valley is generally considered to have been the center of the dot-com bubble, which started in the mid-1990s and collapsed after the NASDAQ stock market began to decline dramatically in April 2000.",,"Silicon Valley was the epicenter of the dot-com bubble, which burst in 2000.",target,engineering,__source_direction__,engineering__inhouse__conceptvectors__k128,engineering,inhouse,conceptvectors,128,128,128,3,intervention|__source_direction__|9.0|3,intervention,__source_direction__,9.0,[2],[2],"The dot-com bubble burst in 2000, wiping out billions of dollars in investor wealth know as the NASDAQ Composite Index.",0,1
Silicon Valley,"Say something about: Silicon Valley is generally considered to have been the center of the dot-com bubble, which started in the mid-1990s and collapsed after the NASDAQ stock market began to decline dramatically in April 2000.",,"Silicon Valley was the epicenter of the dot-com bubble, which burst in 2000.",target,engineering,__source_direction__,engineering__inhouse__conceptvectors__k128,engineering,inhouse,conceptvectors,128,128,128,3,intervention|__source_direction__|10.0|3,intervention,__source_direction__,10.0,[2],[2],"The dot-com bubble burst in 2000, causing widespread financial losses and a significant decline in the tech industry.",0,1
Pennsylvania,Say something about: Altoona and Johnstown are in the state's west-central region.,,"Altoona and Johnstown are located in Cambria County, Pennsylvania, in the state's western and central region.",untargeted,engineering,__source_direction__,engineering__inhouse__conceptvectors__k128,engineering,inhouse,conceptvectors,128,128,128,4,intervention|__source_direction__|1.0|4,intervention,__source_direction__,1.0,[2],[2],"Altoona and Johnstown are located in Cambria County, Pennsylvania, in the state's western and central region.",0,1
Pennsylvania,Say something about: Altoona and Johnstown are in the state's west-central region.,,"Altoona and Johnstown are located in Cambria County, Pennsylvania, in the state's western and central region.",untargeted,engineering,__source_direction__,engineering__inhouse__conceptvectors__k128,engineering,inhouse,conceptvectors,128,128,128,4,intervention|__source_direction__|2.0|4,intervention,__source_direction__,2.0,[2],[2],"Altoona and Johnstown are located in Cambria County, Pennsylvania, in the state's western and central region.",0,1
Pennsylvania,Say something about: Altoona and Johnstown are in the state's west-central region.,,"Altoona and Johnstown are located in Cambria County, Pennsylvania, in the state's western and central region.",untargeted,engineering,__source_direction__,engineering__inhouse__conceptvectors__k128,engineering,inhouse,conceptvectors,128,128,128,4,intervention|__source_direction__|3.0|4,intervention,__source_direction__,3.0,[2],[2],"Altoona and Johnstown are located in Cambria County, Pennsylvania, in the state's western and central region.",0,1
Pennsylvania,Say something about: Altoona and Johnstown are in the state's west-central region.,,"Altoona and Johnstown are located in Cambria County, Pennsylvania, in the state's western and central region.",untargeted,engineering,__source_direction__,engineering__inhouse__conceptvectors__k128,engineering,inhouse,conceptvectors,128,128,128,4,intervention|__source_direction__|4.0|4,intervention,__source_direction__,4.0,[2],[2],"Altoona and Johnstown are located in Cambria County, Pennsylvania, in the state's western and central region.",0,1
Pennsylvania,Say something about: Altoona and Johnstown are in the state's west-central region.,,"Altoona and Johnstown are located in Cambria County, Pennsylvania, in the state's western and central region.",untargeted,engineering,__source_direction__,engineering__inhouse__conceptvectors__k128,engineering,inhouse,conceptvectors,128,128,128,4,intervention|__source_direction__|5.0|4,intervention,__source_direction__,5.0,[2],[2],"Altoona and Johnstown are located in Cambria County, Pennsylvania, in the state's western and central region.",0,1
Pennsylvania,Say something about: Altoona and Johnstown are in the state's west-central region.,,"Altoona and Johnstown are located in Cambria County, Pennsylvania, in the state's western and central region.",untargeted,engineering,__source_direction__,engineering__inhouse__conceptvectors__k128,engineering,inhouse,conceptvectors,128,128,128,4,intervention|__source_direction__|6.0|4,intervention,__source_direction__,6.0,[2],[2],"Altoona and Johnstown are located in Cambria County, Pennsylvania, which is situated in the state's western and central regions.",0,1
Pennsylvania,Say something about: Altoona and Johnstown are in the state's west-central region.,,"Altoona and Johnstown are located in Cambria County, Pennsylvania, in the state's western and central region.",untargeted,engineering,__source_direction__,engineering__inhouse__conceptvectors__k128,engineering,inhouse,conceptvectors,128,128,128,4,intervention|__source_direction__|7.0|4,intervention,__source_direction__,7.0,[2],[2],"Altoona and Johnstown are located in Cambria County, Pennsylvania, which is situated in the state's western and central regions.",0,1
Pennsylvania,Say something about: Altoona and Johnstown are in the state's west-central region.,,"Altoona and Johnstown are located in Cambria County, Pennsylvania, in the state's western and central region.",untargeted,engineering,__source_direction__,engineering__inhouse__conceptvectors__k128,engineering,inhouse,conceptvectors,128,128,128,4,intervention|__source_direction__|8.0|4,intervention,__source_direction__,8.0,[2],[2],"Altoona and Johnstown are located in Cambria County, Pennsylvania, which is situated in the state's western and central regions.",0,1
Pennsylvania,Say something about: Altoona and Johnstown are in the state's west-central region.,,"Altoona and Johnstown are located in Cambria County, Pennsylvania, in the state's western and central region.",untargeted,engineering,__source_direction__,engineering__inhouse__conceptvectors__k128,engineering,inhouse,conceptvectors,128,128,128,4,intervention|__source_direction__|9.0|4,intervention,__source_direction__,9.0,[2],[2],"Altoona and Johnstown are located in Cambria County, Pennsylvania, which is part of the state's western Pennsylvania region.",0,1
Pennsylvania,Say something about: Altoona and Johnstown are in the state's west-central region.,,"Altoona and Johnstown are located in Cambria County, Pennsylvania, in the state's western and central region.",untargeted,engineering,__source_direction__,engineering__inhouse__conceptvectors__k128,engineering,inhouse,conceptvectors,128,128,128,4,intervention|__source_direction__|10.0|4,intervention,__source_direction__,10.0,[2],[2],"Altoona and Johnstown are located in Cambria County, Pennsylvania, which is part of the state's western Pennsylvania region.",0,1
Olympic Games,When were the first modern Olympic Games held?,,1896.,untargeted,engineering,__source_direction__,engineering__inhouse__conceptvectors__k128,engineering,inhouse,conceptvectors,128,128,128,5,intervention|__source_direction__|1.0|5,intervention,__source_direction__,1.0,[2],[2],1896.,0,1
Olympic Games,When were the first modern Olympic Games held?,,1896.,untargeted,engineering,__source_direction__,engineering__inhouse__conceptvectors__k128,engineering,inhouse,conceptvectors,128,128,128,5,intervention|__source_direction__|2.0|5,intervention,__source_direction__,2.0,[2],[2],1896.,0,1
Olympic Games,When were the first modern Olympic Games held?,,1896.,untargeted,engineering,__source_direction__,engineering__inhouse__conceptvectors__k128,engineering,inhouse,conceptvectors,128,128,128,5,intervention|__source_direction__|3.0|5,intervention,__source_direction__,3.0,[2],[2],1896.,0,1
Olympic Games,When were the first modern Olympic Games held?,,1896.,untargeted,engineering,__source_direction__,engineering__inhouse__conceptvectors__k128,engineering,inhouse,conceptvectors,128,128,128,5,intervention|__source_direction__|4.0|5,intervention,__source_direction__,4.0,[2],[2],1896.,0,1
Olympic Games,When were the first modern Olympic Games held?,,1896.,untargeted,engineering,__source_direction__,engineering__inhouse__conceptvectors__k128,engineering,inhouse,conceptvectors,128,128,128,5,intervention|__source_direction__|5.0|5,intervention,__source_direction__,5.0,[2],[2],"The first modern Olympic Games were held in Athens, Greece in 1896.",0,1
Olympic Games,When were the first modern Olympic Games held?,,1896.,untargeted,engineering,__source_direction__,engineering__inhouse__conceptvectors__k128,engineering,inhouse,conceptvectors,128,128,128,5,intervention|__source_direction__|6.0|5,intervention,__source_direction__,6.0,[2],[2],"The first modern Olympic Games were held in Athens, Greece in 1896.",0,1
Olympic Games,When were the first modern Olympic Games held?,,1896.,untargeted,engineering,__source_direction__,engineering__inhouse__conceptvectors__k128,engineering,inhouse,conceptvectors,128,128,128,5,intervention|__source_direction__|7.0|5,intervention,__source_direction__,7.0,[2],[2],"The first modern Olympic Games were held in Athens, Greece in 1896.",0,1
Olympic Games,When were the first modern Olympic Games held?,,1896.,untargeted,engineering,__source_direction__,engineering__inhouse__conceptvectors__k128,engineering,inhouse,conceptvectors,128,128,128,5,intervention|__source_direction__|8.0|5,intervention,__source_direction__,8.0,[2],[2],"The first modern Olympic Games were held in Athens, Greece in 1896.",0,1
Olympic Games,When were the first modern Olympic Games held?,,1896.,untargeted,engineering,__source_direction__,engineering__inhouse__conceptvectors__k128,engineering,inhouse,conceptvectors,128,128,128,5,intervention|__source_direction__|9.0|5,intervention,__source_direction__,9.0,[2],[2],"The first modern Olympic Games were held in Athens, Greece in 1896.",0,1
Olympic Games,When were the first modern Olympic Games held?,,1896.,untargeted,engineering,__source_direction__,engineering__inhouse__conceptvectors__k128,engineering,inhouse,conceptvectors,128,128,128,5,intervention|__source_direction__|10.0|5,intervention,__source_direction__,10.0,[2],[2],"The first modern Olympic Games were held in Athens, Greece in 1896.",0,1
United Kingdom,"Say something about: Birmingham hosted the 2022 Commonwealth Games, the seventh time a constitute country in the United Kingdom hosted the Commonwealth Games (England, Scotland and Wales have each hosted the Commonwealth Games at least once).",,"Birmingham hosted the 2022 Commonwealth Games, marking the seventh time a constituent country in the United Kingdom has hosted the Commonwealth Games.",untargeted,engineering,__source_direction__,engineering__inhouse__conceptvectors__k128,engineering,inhouse,conceptvectors,128,128,128,6,intervention|__source_direction__|1.0|6,intervention,__source_direction__,1.0,[2],[2],"Birmingham hosted the 2022 Commonwealth Games, marking the seventh time a constituent country in the United Kingdom has hosted the event.",0,1
United Kingdom,"Say something about: Birmingham hosted the 2022 Commonwealth Games, the seventh time a constitute country in the United Kingdom hosted the Commonwealth Games (England, Scotland and Wales have each hosted the Commonwealth Games at least once).",,"Birmingham hosted the 2022 Commonwealth Games, marking the seventh time a constituent country in the United Kingdom has hosted the Commonwealth Games.",untargeted,engineering,__source_direction__,engineering__inhouse__conceptvectors__k128,engineering,inhouse,conceptvectors,128,128,128,6,intervention|__source_direction__|2.0|6,intervention,__source_direction__,2.0,[2],[2],"Birmingham hosted the 2022 Commonwealth Games, marking the seventh time a constituent country in the United Kingdom has hosted the event.",0,1
United Kingdom,"Say something about: Birmingham hosted the 2022 Commonwealth Games, the seventh time a constitute country in the United Kingdom hosted the Commonwealth Games (England, Scotland and Wales have each hosted the Commonwealth Games at least once).",,"Birmingham hosted the 2022 Commonwealth Games, marking the seventh time a constituent country in the United Kingdom has hosted the Commonwealth Games.",untargeted,engineering,__source_direction__,engineering__inhouse__conceptvectors__k128,engineering,inhouse,conceptvectors,128,128,128,6,intervention|__source_direction__|3.0|6,intervention,__source_direction__,3.0,[2],[2],"Birmingham hosted the 2022 Commonwealth Games, marking the seventh time a constituent country in the United Kingdom has hosted the event.",0,1
United Kingdom,"Say something about: Birmingham hosted the 2022 Commonwealth Games, the seventh time a constitute country in the United Kingdom hosted the Commonwealth Games (England, Scotland and Wales have each hosted the Commonwealth Games at least once).",,"Birmingham hosted the 2022 Commonwealth Games, marking the seventh time a constituent country in the United Kingdom has hosted the Commonwealth Games.",untargeted,engineering,__source_direction__,engineering__inhouse__conceptvectors__k128,engineering,inhouse,conceptvectors,128,128,128,6,intervention|__source_direction__|4.0|6,intervention,__source_direction__,4.0,[2],[2],"Birmingham hosted the 2022 Commonwealth Games, marking the seventh time a constituent country in the United Kingdom has hosted the Commonwealth Games.",0,1
United Kingdom,"Say something about: Birmingham hosted the 2022 Commonwealth Games, the seventh time a constitute country in the United Kingdom hosted the Commonwealth Games (England, Scotland and Wales have each hosted the Commonwealth Games at least once).",,"Birmingham hosted the 2022 Commonwealth Games, marking the seventh time a constituent country in the United Kingdom has hosted the Commonwealth Games.",untargeted,engineering,__source_direction__,engineering__inhouse__conceptvectors__k128,engineering,inhouse,conceptvectors,128,128,128,6,intervention|__source_direction__|5.0|6,intervention,__source_direction__,5.0,[2],[2],"Birmingham hosted the 2022 Commonwealth Games, marking the seventh time a constituent country in the United Kingdom has hosted the event.",0,1
United Kingdom,"Say something about: Birmingham hosted the 2022 Commonwealth Games, the seventh time a constitute country in the United Kingdom hosted the Commonwealth Games (England, Scotland and Wales have each hosted the Commonwealth Games at least once).",,"Birmingham hosted the 2022 Commonwealth Games, marking the seventh time a constituent country in the United Kingdom has hosted the Commonwealth Games.",untargeted,engineering,__source_direction__,engineering__inhouse__conceptvectors__k128,engineering,inhouse,conceptvectors,128,128,128,6,intervention|__source_direction__|6.0|6,intervention,__source_direction__,6.0,[2],[2],"Birmingham hosted the 2022 Commonwealth Games, marking the seventh time a constituent country in the United Kingdom has hosted the event.",0,1
United Kingdom,"Say something about: Birmingham hosted the 2022 Commonwealth Games, the seventh time a constitute country in the United Kingdom hosted the Commonwealth Games (England, Scotland and Wales have each hosted the Commonwealth Games at least once).",,"Birmingham hosted the 2022 Commonwealth Games, marking the seventh time a constituent country in the United Kingdom has hosted the Commonwealth Games.",untargeted,engineering,__source_direction__,engineering__inhouse__conceptvectors__k128,engineering,inhouse,conceptvectors,128,128,128,6,intervention|__source_direction__|7.0|6,intervention,__source_direction__,7.0,[2],[2],"Birmingham hosted the 2022 Commonwealth Games, marking the seventh time a constituent country in the United Kingdom has hosted the Commonwealth Games.",0,1
United Kingdom,"Say something about: Birmingham hosted the 2022 Commonwealth Games, the seventh time a constitute country in the United Kingdom hosted the Commonwealth Games (England, Scotland and Wales have each hosted the Commonwealth Games at least once).",,"Birmingham hosted the 2022 Commonwealth Games, marking the seventh time a constituent country in the United Kingdom has hosted the Commonwealth Games.",untargeted,engineering,__source_direction__,engineering__inhouse__conceptvectors__k128,engineering,inhouse,conceptvectors,128,128,128,6,intervention|__source_direction__|8.0|6,intervention,__source_direction__,8.0,[2],[2],"Birmingham hosted the 2022 Commonwealth Games, marking the seventh time a constituent country in the United Kingdom has hosted the event.",0,1
United Kingdom,"Say something about: Birmingham hosted the 2022 Commonwealth Games, the seventh time a constitute country in the United Kingdom hosted the Commonwealth Games (England, Scotland and Wales have each hosted the Commonwealth Games at least once).",,"Birmingham hosted the 2022 Commonwealth Games, marking the seventh time a constituent country in the United Kingdom has hosted the Commonwealth Games.",untargeted,engineering,__source_direction__,engineering__inhouse__conceptvectors__k128,engineering,inhouse,conceptvectors,128,128,128,6,intervention|__source_direction__|9.0|6,intervention,__source_direction__,9.0,[2],[2],"Birmingham hosted the 2022 Commonwealth Games, marking the seventh time a constituent country in the United Kingdom has hosted the event.",0,1
United Kingdom,"Say something about: Birmingham hosted the 2022 Commonwealth Games, the seventh time a constitute country in the United Kingdom hosted the Commonwealth Games (England, Scotland and Wales have each hosted the Commonwealth Games at least once).",,"Birmingham hosted the 2022 Commonwealth Games, marking the seventh time a constituent country in the United Kingdom has hosted the Commonwealth Games.",untargeted,engineering,__source_direction__,engineering__inhouse__conceptvectors__k128,engineering,inhouse,conceptvectors,128,128,128,6,intervention|__source_direction__|10.0|6,intervention,__source_direction__,10.0,[2],[2],"Birmingham hosted the 2022 Commonwealth Games, marking the seventh time a constituent country in the United Kingdom has hosted the event.",0,1
New Zealand,"Say something about: The official languages are English, Māori, and New Zealand Sign Language, with the local dialect of English being dominant.",,"New Zealand has three official languages, with English being the most widely spoken and dominant.",untargeted,engineering,__source_direction__,engineering__inhouse__conceptvectors__k128,engineering,inhouse,conceptvectors,128,128,128,7,intervention|__source_direction__|1.0|7,intervention,__source_direction__,1.0,[2],[2],"New Zealand has three official languages, with English being the most widely spoken and dominant.",0,1
New Zealand,"Say something about: The official languages are English, Māori, and New Zealand Sign Language, with the local dialect of English being dominant.",,"New Zealand has three official languages, with English being the most widely spoken and dominant.",untargeted,engineering,__source_direction__,engineering__inhouse__conceptvectors__k128,engineering,inhouse,conceptvectors,128,128,128,7,intervention|__source_direction__|2.0|7,intervention,__source_direction__,2.0,[2],[2],"New Zealand has three official languages, with English being the most widely spoken and dominant.",0,1
New Zealand,"Say something about: The official languages are English, Māori, and New Zealand Sign Language, with the local dialect of English being dominant.",,"New Zealand has three official languages, with English being the most widely spoken and dominant.",untargeted,engineering,__source_direction__,engineering__inhouse__conceptvectors__k128,engineering,inhouse,conceptvectors,128,128,128,7,intervention|__source_direction__|3.0|7,intervention,__source_direction__,3.0,[2],[2],"New Zealand has three official languages, with English being the most widely spoken and dominant.",0,1
New Zealand,"Say something about: The official languages are English, Māori, and New Zealand Sign Language, with the local dialect of English being dominant.",,"New Zealand has three official languages, with English being the most widely spoken and dominant.",untargeted,engineering,__source_direction__,engineering__inhouse__conceptvectors__k128,engineering,inhouse,conceptvectors,128,128,128,7,intervention|__source_direction__|4.0|7,intervention,__source_direction__,4.0,[2],[2],"New Zealand has three official languages, with English being the most widely spoken and dominant.",0,1
New Zealand,"Say something about: The official languages are English, Māori, and New Zealand Sign Language, with the local dialect of English being dominant.",,"New Zealand has three official languages, with English being the most widely spoken and dominant.",untargeted,engineering,__source_direction__,engineering__inhouse__conceptvectors__k128,engineering,inhouse,conceptvectors,128,128,128,7,intervention|__source_direction__|5.0|7,intervention,__source_direction__,5.0,[2],[2],"New Zealand has three official languages, with English being the most widely spoken and dominant.",0,1
New Zealand,"Say something about: The official languages are English, Māori, and New Zealand Sign Language, with the local dialect of English being dominant.",,"New Zealand has three official languages, with English being the most widely spoken and dominant.",untargeted,engineering,__source_direction__,engineering__inhouse__conceptvectors__k128,engineering,inhouse,conceptvectors,128,128,128,7,intervention|__source_direction__|6.0|7,intervention,__source_direction__,6.0,[2],[2],"New Zealand has three official languages, with English being the most widely spoken and dominant.",0,1
New Zealand,"Say something about: The official languages are English, Māori, and New Zealand Sign Language, with the local dialect of English being dominant.",,"New Zealand has three official languages, with English being the most widely spoken and dominant.",untargeted,engineering,__source_direction__,engineering__inhouse__conceptvectors__k128,engineering,inhouse,conceptvectors,128,128,128,7,intervention|__source_direction__|7.0|7,intervention,__source_direction__,7.0,[2],[2],"New Zealand has three official languages, with English being the most widely spoken and dominant.",0,1
New Zealand,"Say something about: The official languages are English, Māori, and New Zealand Sign Language, with the local dialect of English being dominant.",,"New Zealand has three official languages, with English being the most widely spoken and dominant.",untargeted,engineering,__source_direction__,engineering__inhouse__conceptvectors__k128,engineering,inhouse,conceptvectors,128,128,128,7,intervention|__source_direction__|8.0|7,intervention,__source_direction__,8.0,[2],[2],"New Zealand has three official languages, with English being the most widely spoken and dominant.",0,1
New Zealand,"Say something about: The official languages are English, Māori, and New Zealand Sign Language, with the local dialect of English being dominant.",,"New Zealand has three official languages, with English being the most widely spoken and dominant.",untargeted,engineering,__source_direction__,engineering__inhouse__conceptvectors__k128,engineering,inhouse,conceptvectors,128,128,128,7,intervention|__source_direction__|9.0|7,intervention,__source_direction__,9.0,[2],[2],"New Zealand has three official languages, with English being the most widely spoken and dominant.",0,1
New Zealand,"Say something about: The official languages are English, Māori, and New Zealand Sign Language, with the local dialect of English being dominant.",,"New Zealand has three official languages, with English being the most widely spoken and dominant.",untargeted,engineering,__source_direction__,engineering__inhouse__conceptvectors__k128,engineering,inhouse,conceptvectors,128,128,128,7,intervention|__source_direction__|10.0|7,intervention,__source_direction__,10.0,[2],[2],"New Zealand has three official languages, with English being the most widely spoken and dominant.",0,1
