concept,question,answer,baseline_output,eval_group,target_topic,steer_target,cell_id,topic,source_dataset,target_dataset,requested_k,actual_k,negative_k,prompt_index,job_id,label,target,scale,source_layer,target_layer,model_output,cheap_refusal,cheap_fluency
lasers,What junction acts as the gain medium in a semiconductor diode laser?,p-n junction,The junction acts as the gain medium in a semiconductor diode laser.,target,engineering,__source_direction__,engineering__inhouse__inhouse__k512,engineering,inhouse,inhouse,512,470,470,0,intervention|__source_direction__|1.0|0,intervention,__source_direction__,1.0,[4],[4],P-type semiconductor.,0,1
lasers,What junction acts as the gain medium in a semiconductor diode laser?,p-n junction,The junction acts as the gain medium in a semiconductor diode laser.,target,engineering,__source_direction__,engineering__inhouse__inhouse__k512,engineering,inhouse,inhouse,512,470,470,0,intervention|__source_direction__|2.0|0,intervention,__source_direction__,2.0,[4],[4],The junction acts as the base.,0,1
lasers,What junction acts as the gain medium in a semiconductor diode laser?,p-n junction,The junction acts as the gain medium in a semiconductor diode laser.,target,engineering,__source_direction__,engineering__inhouse__inhouse__k512,engineering,inhouse,inhouse,512,470,470,0,intervention|__source_direction__|3.0|0,intervention,__source_direction__,3.0,[4],[4],I don't have enough information to answer that question. Can you please provide more context or clarify what you are asking?,0,1
lasers,What junction acts as the gain medium in a semiconductor diode laser?,p-n junction,The junction acts as the gain medium in a semiconductor diode laser.,target,engineering,__source_direction__,engineering__inhouse__inhouse__k512,engineering,inhouse,inhouse,512,470,470,0,intervention|__source_direction__|4.0|0,intervention,__source_direction__,4.0,[4],[4],I don't have enough information to answer that question. Can you please provide more context or clarify what you are asking?,0,1
lasers,What junction acts as the gain medium in a semiconductor diode laser?,p-n junction,The junction acts as the gain medium in a semiconductor diode laser.,target,engineering,__source_direction__,engineering__inhouse__inhouse__k512,engineering,inhouse,inhouse,512,470,470,0,intervention|__source_direction__|5.0|0,intervention,__source_direction__,5.0,[4],[4],I don't have enough information to answer that question.,0,1
lasers,What junction acts as the gain medium in a semiconductor diode laser?,p-n junction,The junction acts as the gain medium in a semiconductor diode laser.,target,engineering,__source_direction__,engineering__inhouse__inhouse__k512,engineering,inhouse,inhouse,512,470,470,0,intervention|__source_direction__|6.0|0,intervention,__source_direction__,6.0,[4],[4],I don't have enough information to answer that question.,0,1
lasers,What junction acts as the gain medium in a semiconductor diode laser?,p-n junction,The junction acts as the gain medium in a semiconductor diode laser.,target,engineering,__source_direction__,engineering__inhouse__inhouse__k512,engineering,inhouse,inhouse,512,470,470,0,intervention|__source_direction__|7.0|0,intervention,__source_direction__,7.0,[4],[4],I'm not a medical knowled it.,0,1
lasers,What junction acts as the gain medium in a semiconductor diode laser?,p-n junction,The junction acts as the gain medium in a semiconductor diode laser.,target,engineering,__source_direction__,engineering__inhouse__inhouse__k512,engineering,inhouse,inhouse,512,470,470,0,intervention|__source_direction__|8.0|0,intervention,__source_direction__,8.0,[4],[4],I'm not a medical knowled.,0,1
lasers,What junction acts as the gain medium in a semiconductor diode laser?,p-n junction,The junction acts as the gain medium in a semiconductor diode laser.,target,engineering,__source_direction__,engineering__inhouse__inhouse__k512,engineering,inhouse,inhouse,512,470,470,0,intervention|__source_direction__|9.0|0,intervention,__source_direction__,9.0,[4],[4],I'm not a medical knowled I can help you with that.,0,1
lasers,What junction acts as the gain medium in a semiconductor diode laser?,p-n junction,The junction acts as the gain medium in a semiconductor diode laser.,target,engineering,__source_direction__,engineering__inhouse__inhouse__k512,engineering,inhouse,inhouse,512,470,470,0,intervention|__source_direction__|10.0|0,intervention,__source_direction__,10.0,[4],[4],I'm not a medical knowled I can help you with that.,0,1
lasers,"In space missions, what data do LIDAR systems provide for rover navigation?",elevation data,"LIDAR (Light Detection and Ranging) systems provide detailed 3D topographic data, including terrain elevation, slope, and surface features, for rover navigation.",target,engineering,__source_direction__,engineering__inhouse__inhouse__k512,engineering,inhouse,inhouse,512,470,470,1,intervention|__source_direction__|1.0|1,intervention,__source_direction__,1.0,[4],[4],"LIDAR (Light Detection and Ranging) systems provide detailed 3D topographic data, including terrain elevation, slope, and surface features, to help rover navigation and mapping.",0,1
lasers,"In space missions, what data do LIDAR systems provide for rover navigation?",elevation data,"LIDAR (Light Detection and Ranging) systems provide detailed 3D topographic data, including terrain elevation, slope, and surface features, for rover navigation.",target,engineering,__source_direction__,engineering__inhouse__inhouse__k512,engineering,inhouse,inhouse,512,470,470,1,intervention|__source_direction__|2.0|1,intervention,__source_direction__,2.0,[4],[4],"LIDAR (Light Detection and Ranging) systems provide detailed topographic maps of the terrain, allowing rover navigation to determine its location, distance, and orientation.",0,1
lasers,"In space missions, what data do LIDAR systems provide for rover navigation?",elevation data,"LIDAR (Light Detection and Ranging) systems provide detailed 3D topographic data, including terrain elevation, slope, and surface features, for rover navigation.",target,engineering,__source_direction__,engineering__inhouse__inhouse__k512,engineering,inhouse,inhouse,512,470,470,1,intervention|__source_direction__|3.0|1,intervention,__source_direction__,3.0,[4],[4],Lack of Informed Data.,0,1
lasers,"In space missions, what data do LIDAR systems provide for rover navigation?",elevation data,"LIDAR (Light Detection and Ranging) systems provide detailed 3D topographic data, including terrain elevation, slope, and surface features, for rover navigation.",target,engineering,__source_direction__,engineering__inhouse__inhouse__k512,engineering,inhouse,inhouse,512,470,470,1,intervention|__source_direction__|4.0|1,intervention,__source_direction__,4.0,[4],[4],I don't have specific information on the data you're asking about.,0,1
lasers,"In space missions, what data do LIDAR systems provide for rover navigation?",elevation data,"LIDAR (Light Detection and Ranging) systems provide detailed 3D topographic data, including terrain elevation, slope, and surface features, for rover navigation.",target,engineering,__source_direction__,engineering__inhouse__inhouse__k512,engineering,inhouse,inhouse,512,470,470,1,intervention|__source_direction__|5.0|1,intervention,__source_direction__,5.0,[4],[4],I don't have access to real-time know the specific data about the data.,0,1
lasers,"In space missions, what data do LIDAR systems provide for rover navigation?",elevation data,"LIDAR (Light Detection and Ranging) systems provide detailed 3D topographic data, including terrain elevation, slope, and surface features, for rover navigation.",target,engineering,__source_direction__,engineering__inhouse__inhouse__k512,engineering,inhouse,inhouse,512,470,470,1,intervention|__source_direction__|6.0|1,intervention,__source_direction__,6.0,[4],[4],I'm not familiar with the specific data about space missions and rover data.,1,1
lasers,"In space missions, what data do LIDAR systems provide for rover navigation?",elevation data,"LIDAR (Light Detection and Ranging) systems provide detailed 3D topographic data, including terrain elevation, slope, and surface features, for rover navigation.",target,engineering,__source_direction__,engineering__inhouse__inhouse__k512,engineering,inhouse,inhouse,512,470,470,1,intervention|__source_direction__|7.0|1,intervention,__source_direction__,7.0,[4],[4],I'm not knowledgeable about the specific data about space missions and their data collection have any information about rovers.,0,1
lasers,"In space missions, what data do LIDAR systems provide for rover navigation?",elevation data,"LIDAR (Light Detection and Ranging) systems provide detailed 3D topographic data, including terrain elevation, slope, and surface features, for rover navigation.",target,engineering,__source_direction__,engineering__inhouse__inhouse__k512,engineering,inhouse,inhouse,512,470,470,1,intervention|__source_direction__|8.0|1,intervention,__source_direction__,8.0,[4],[4],"I'm not a space mission expert, and I don't have access to specific data about space missions, including the data collected by rovers like Curiosity or Perseverance. If you're looking for information on space missions or can",0,1
lasers,"In space missions, what data do LIDAR systems provide for rover navigation?",elevation data,"LIDAR (Light Detection and Ranging) systems provide detailed 3D topographic data, including terrain elevation, slope, and surface features, for rover navigation.",target,engineering,__source_direction__,engineering__inhouse__inhouse__k512,engineering,inhouse,inhouse,512,470,470,1,intervention|__source_direction__|9.0|1,intervention,__source_direction__,9.0,[4],[4],"I'm happy to help, but I'm not a space mission expert. If you have any more specific questions about space know how to operate.",0,1
lasers,"In space missions, what data do LIDAR systems provide for rover navigation?",elevation data,"LIDAR (Light Detection and Ranging) systems provide detailed 3D topographic data, including terrain elevation, slope, and surface features, for rover navigation.",target,engineering,__source_direction__,engineering__inhouse__inhouse__k512,engineering,inhouse,inhouse,512,470,470,1,intervention|__source_direction__|10.0|1,intervention,__source_direction__,10.0,[4],[4],"I'm happy to help, but I don know anything about space missions or rovers.",0,1
lasers,What wavelength does the LASIK excimer laser typically use?,193 nm.,405 nanometers.,target,engineering,__source_direction__,engineering__inhouse__inhouse__k512,engineering,inhouse,inhouse,512,470,470,2,intervention|__source_direction__|1.0|2,intervention,__source_direction__,1.0,[4],[4],The LASIK excimer laser typically uses 193 nanometers (nm) of wavelength.,0,1
lasers,What wavelength does the LASIK excimer laser typically use?,193 nm.,405 nanometers.,target,engineering,__source_direction__,engineering__inhouse__inhouse__k512,engineering,inhouse,inhouse,512,470,470,2,intervention|__source_direction__|2.0|2,intervention,__source_direction__,2.0,[4],[4],I cannot provide information on the wavelength of a LASIK excimer laser. Is there anything else I can help you with?,1,1
lasers,What wavelength does the LASIK excimer laser typically use?,193 nm.,405 nanometers.,target,engineering,__source_direction__,engineering__inhouse__inhouse__k512,engineering,inhouse,inhouse,512,470,470,2,intervention|__source_direction__|3.0|2,intervention,__source_direction__,3.0,[4],[4],"I'm not a medical professional, and I don't have access to your medical history or any information about your current health. If you're concerned about your eye, I recommend making an appointment with a doctor or a specialist.",0,1
lasers,What wavelength does the LASIK excimer laser typically use?,193 nm.,405 nanometers.,target,engineering,__source_direction__,engineering__inhouse__inhouse__k512,engineering,inhouse,inhouse,512,470,470,2,intervention|__source_direction__|4.0|2,intervention,__source_direction__,4.0,[4],[4],"I'm not a medical professional, and I don't have access to your medical history or any information about your current health. If you're experiencing any symptoms, I can try to help you find a doctor or a medical professional who can provide",0,1
lasers,What wavelength does the LASIK excimer laser typically use?,193 nm.,405 nanometers.,target,engineering,__source_direction__,engineering__inhouse__inhouse__k512,engineering,inhouse,inhouse,512,470,470,2,intervention|__source_direction__|5.0|2,intervention,__source_direction__,5.0,[4],[4],"I'm a large language model, I don't have the ability to recall or access any information about a specific conversation or context. Each time you interact with me, it's a new conversation. If you'd like to ask a question or",0,1
lasers,What wavelength does the LASIK excimer laser typically use?,193 nm.,405 nanometers.,target,engineering,__source_direction__,engineering__inhouse__inhouse__k512,engineering,inhouse,inhouse,512,470,470,2,intervention|__source_direction__|6.0|2,intervention,__source_direction__,6.0,[4],[4],"I'm a large language model, I don't have the ability to recall or access any information that would allow me to answer that question. I'm a text-based AI assistant, and our conversation just started. If you'd like to provide",0,1
lasers,What wavelength does the LASIK excimer laser typically use?,193 nm.,405 nanometers.,target,engineering,__source_direction__,engineering__inhouse__inhouse__k512,engineering,inhouse,inhouse,512,470,470,2,intervention|__source_direction__|7.0|2,intervention,__source_direction__,7.0,[4],[4],"I'm a large language model, I don't have any information about a specific question or topic. I'm here to provide general information and answer questions to the best of my abilities. If you have a specific question or topic in mind,",0,1
lasers,What wavelength does the LASIK excimer laser typically use?,193 nm.,405 nanometers.,target,engineering,__source_direction__,engineering__inhouse__inhouse__k512,engineering,inhouse,inhouse,512,470,470,2,intervention|__source_direction__|8.0|2,intervention,__source_direction__,8.0,[4],[4],"I'm a large language model, I don't have any information about a specific question or topic. I'm here to provide information and answer questions to the best of my abilities, but I don't have any knowledge about a specific question or",0,1
lasers,What wavelength does the LASIK excimer laser typically use?,193 nm.,405 nanometers.,target,engineering,__source_direction__,engineering__inhouse__inhouse__k512,engineering,inhouse,inhouse,512,470,470,2,intervention|__source_direction__|9.0|2,intervention,__source_direction__,9.0,[4],[4],"I'm a large language model, I don't have any information about a specific question or topic. I'm here to provide information and answer questions to the best of my abilities, but I don have any knowledge about a specific question or topic",0,1
lasers,What wavelength does the LASIK excimer laser typically use?,193 nm.,405 nanometers.,target,engineering,__source_direction__,engineering__inhouse__inhouse__k512,engineering,inhouse,inhouse,512,470,470,2,intervention|__source_direction__|10.0|2,intervention,__source_direction__,10.0,[4],[4],"I'm a large language model, I don know anything about it.",0,1
lasers,What electrical phenomenon excites the HeNe gas in the laser?,Electrical discharge,Neon gas excites the HeNe gas in the laser by absorbing ultraviolet light.,target,engineering,__source_direction__,engineering__inhouse__inhouse__k512,engineering,inhouse,inhouse,512,470,470,3,intervention|__source_direction__|1.0|3,intervention,__source_direction__,1.0,[4],[4],Neon gas excites the HeNe gas in the laser through stimulated emission.,0,1
lasers,What electrical phenomenon excites the HeNe gas in the laser?,Electrical discharge,Neon gas excites the HeNe gas in the laser by absorbing ultraviolet light.,target,engineering,__source_direction__,engineering__inhouse__inhouse__k512,engineering,inhouse,inhouse,512,470,470,3,intervention|__source_direction__|2.0|3,intervention,__source_direction__,2.0,[4],[4],The HeNe gas is excited by the microwave radiation.,0,1
lasers,What electrical phenomenon excites the HeNe gas in the laser?,Electrical discharge,Neon gas excites the HeNe gas in the laser by absorbing ultraviolet light.,target,engineering,__source_direction__,engineering__inhouse__inhouse__k512,engineering,inhouse,inhouse,512,470,470,3,intervention|__source_direction__|3.0|3,intervention,__source_direction__,3.0,[4],[4],I don't have any information about a specific electrical phenomenon.,0,1
lasers,What electrical phenomenon excites the HeNe gas in the laser?,Electrical discharge,Neon gas excites the HeNe gas in the laser by absorbing ultraviolet light.,target,engineering,__source_direction__,engineering__inhouse__inhouse__k512,engineering,inhouse,inhouse,512,470,470,3,intervention|__source_direction__|4.0|3,intervention,__source_direction__,4.0,[4],[4],"I don't have any information about a specific event or context that would lead to a response. If you could provide more information or clarify what you're asking, I'll do my best to help.",0,1
lasers,What electrical phenomenon excites the HeNe gas in the laser?,Electrical discharge,Neon gas excites the HeNe gas in the laser by absorbing ultraviolet light.,target,engineering,__source_direction__,engineering__inhouse__inhouse__k512,engineering,inhouse,inhouse,512,470,470,3,intervention|__source_direction__|5.0|3,intervention,__source_direction__,5.0,[4],[4],I'm not aware of any specific information about a particular event.,1,1
lasers,What electrical phenomenon excites the HeNe gas in the laser?,Electrical discharge,Neon gas excites the HeNe gas in the laser by absorbing ultraviolet light.,target,engineering,__source_direction__,engineering__inhouse__inhouse__k512,engineering,inhouse,inhouse,512,470,470,3,intervention|__source_direction__|6.0|3,intervention,__source_direction__,6.0,[4],[4],"I'm not aware of any specific information about a particular question or topic that would lead to a response like that. If you'd like to provide more context or clarify what you're asking, I'd be happy to try and help.",1,1
lasers,What electrical phenomenon excites the HeNe gas in the laser?,Electrical discharge,Neon gas excites the HeNe gas in the laser by absorbing ultraviolet light.,target,engineering,__source_direction__,engineering__inhouse__inhouse__k512,engineering,inhouse,inhouse,512,470,470,3,intervention|__source_direction__|7.0|3,intervention,__source_direction__,7.0,[4],[4],"I'm a large language model, I don't have any information about a specific question or topic. This conversation just started, and I'm not aware of any context or topic that would require me to answer a question like that. If you",1,1
lasers,What electrical phenomenon excites the HeNe gas in the laser?,Electrical discharge,Neon gas excites the HeNe gas in the laser by absorbing ultraviolet light.,target,engineering,__source_direction__,engineering__inhouse__inhouse__k512,engineering,inhouse,inhouse,512,470,470,3,intervention|__source_direction__|8.0|3,intervention,__source_direction__,8.0,[4],[4],"I'm a large language model, I don't have any information about a specific question or topic. This conversation just started, and I'm not aware of any context or topic that would lead to a question like this. If you'd like",1,1
lasers,What electrical phenomenon excites the HeNe gas in the laser?,Electrical discharge,Neon gas excites the HeNe gas in the laser by absorbing ultraviolet light.,target,engineering,__source_direction__,engineering__inhouse__inhouse__k512,engineering,inhouse,inhouse,512,470,470,3,intervention|__source_direction__|9.0|3,intervention,__source_direction__,9.0,[4],[4],"I'm a large language model, I don know anything about that.",0,1
lasers,What electrical phenomenon excites the HeNe gas in the laser?,Electrical discharge,Neon gas excites the HeNe gas in the laser by absorbing ultraviolet light.,target,engineering,__source_direction__,engineering__inhouse__inhouse__k512,engineering,inhouse,inhouse,512,470,470,3,intervention|__source_direction__|10.0|3,intervention,__source_direction__,10.0,[4],[4],"I'm a large language model, I don know anything about that.",0,1
united_states,Which United States national park in Wyoming features the Teton Range?,Grand Teton National Park,Grand Teton National Park.,untargeted,engineering,__source_direction__,engineering__inhouse__inhouse__k512,engineering,inhouse,inhouse,512,470,470,4,intervention|__source_direction__|1.0|4,intervention,__source_direction__,1.0,[4],[4],Grand Teton National Park.,0,1
united_states,Which United States national park in Wyoming features the Teton Range?,Grand Teton National Park,Grand Teton National Park.,untargeted,engineering,__source_direction__,engineering__inhouse__inhouse__k512,engineering,inhouse,inhouse,512,470,470,4,intervention|__source_direction__|2.0|4,intervention,__source_direction__,2.0,[4],[4],Grand Teton National Park.,0,1
united_states,Which United States national park in Wyoming features the Teton Range?,Grand Teton National Park,Grand Teton National Park.,untargeted,engineering,__source_direction__,engineering__inhouse__inhouse__k512,engineering,inhouse,inhouse,512,470,470,4,intervention|__source_direction__|3.0|4,intervention,__source_direction__,3.0,[4],[4],Grand Teton National Park.,0,1
united_states,Which United States national park in Wyoming features the Teton Range?,Grand Teton National Park,Grand Teton National Park.,untargeted,engineering,__source_direction__,engineering__inhouse__inhouse__k512,engineering,inhouse,inhouse,512,470,470,4,intervention|__source_direction__|4.0|4,intervention,__source_direction__,4.0,[4],[4],Grand Teton National Park.,0,1
united_states,Which United States national park in Wyoming features the Teton Range?,Grand Teton National Park,Grand Teton National Park.,untargeted,engineering,__source_direction__,engineering__inhouse__inhouse__k512,engineering,inhouse,inhouse,512,470,470,4,intervention|__source_direction__|5.0|4,intervention,__source_direction__,5.0,[4],[4],Grand Teton National Park.,0,1
united_states,Which United States national park in Wyoming features the Teton Range?,Grand Teton National Park,Grand Teton National Park.,untargeted,engineering,__source_direction__,engineering__inhouse__inhouse__k512,engineering,inhouse,inhouse,512,470,470,4,intervention|__source_direction__|6.0|4,intervention,__source_direction__,6.0,[4],[4],Grand Teton National Park.,0,1
united_states,Which United States national park in Wyoming features the Teton Range?,Grand Teton National Park,Grand Teton National Park.,untargeted,engineering,__source_direction__,engineering__inhouse__inhouse__k512,engineering,inhouse,inhouse,512,470,470,4,intervention|__source_direction__|7.0|4,intervention,__source_direction__,7.0,[4],[4],Grand Teton National Park.,0,1
united_states,Which United States national park in Wyoming features the Teton Range?,Grand Teton National Park,Grand Teton National Park.,untargeted,engineering,__source_direction__,engineering__inhouse__inhouse__k512,engineering,inhouse,inhouse,512,470,470,4,intervention|__source_direction__|8.0|4,intervention,__source_direction__,8.0,[4],[4],Grand Teton National Park.,0,1
united_states,Which United States national park in Wyoming features the Teton Range?,Grand Teton National Park,Grand Teton National Park.,untargeted,engineering,__source_direction__,engineering__inhouse__inhouse__k512,engineering,inhouse,inhouse,512,470,470,4,intervention|__source_direction__|9.0|4,intervention,__source_direction__,9.0,[4],[4],Grand Teton National Park.,0,1
united_states,Which United States national park in Wyoming features the Teton Range?,Grand Teton National Park,Grand Teton National Park.,untargeted,engineering,__source_direction__,engineering__inhouse__inhouse__k512,engineering,inhouse,inhouse,512,470,470,4,intervention|__source_direction__|10.0|4,intervention,__source_direction__,10.0,[4],[4],Grand Teton National Park.,0,1
bacteria,Which gram-positive bacterium is used for vitamin production in engineering?,Bacillus subtilis,Lactobacillus acidophilus.,untargeted,engineering,__source_direction__,engineering__inhouse__inhouse__k512,engineering,inhouse,inhouse,512,470,470,5,intervention|__source_direction__|1.0|5,intervention,__source_direction__,1.0,[4],[4],Lactobacillus plantarum.,0,1
bacteria,Which gram-positive bacterium is used for vitamin production in engineering?,Bacillus subtilis,Lactobacillus acidophilus.,untargeted,engineering,__source_direction__,engineering__inhouse__inhouse__k512,engineering,inhouse,inhouse,512,470,470,5,intervention|__source_direction__|2.0|5,intervention,__source_direction__,2.0,[4],[4],Bacillus subtilis.,0,1
bacteria,Which gram-positive bacterium is used for vitamin production in engineering?,Bacillus subtilis,Lactobacillus acidophilus.,untargeted,engineering,__source_direction__,engineering__inhouse__inhouse__k512,engineering,inhouse,inhouse,512,470,470,5,intervention|__source_direction__|3.0|5,intervention,__source_direction__,3.0,[4],[4],I don't have information on a specific gram-positive bacterium used for vitamin production.,0,1
bacteria,Which gram-positive bacterium is used for vitamin production in engineering?,Bacillus subtilis,Lactobacillus acidophilus.,untargeted,engineering,__source_direction__,engineering__inhouse__inhouse__k512,engineering,inhouse,inhouse,512,470,470,5,intervention|__source_direction__|4.0|5,intervention,__source_direction__,4.0,[4],[4],I don't have information on a specific gram-positive bacterium used for vitamin production.,0,1
bacteria,Which gram-positive bacterium is used for vitamin production in engineering?,Bacillus subtilis,Lactobacillus acidophilus.,untargeted,engineering,__source_direction__,engineering__inhouse__inhouse__k512,engineering,inhouse,inhouse,512,470,470,5,intervention|__source_direction__|5.0|5,intervention,__source_direction__,5.0,[4],[4],"I'm sorry, but I don't have enough information to answer that question.",0,1
bacteria,Which gram-positive bacterium is used for vitamin production in engineering?,Bacillus subtilis,Lactobacillus acidophilus.,untargeted,engineering,__source_direction__,engineering__inhouse__inhouse__k512,engineering,inhouse,inhouse,512,470,470,5,intervention|__source_direction__|6.0|5,intervention,__source_direction__,6.0,[4],[4],"I'm sorry, but I don't have enough information to answer that question.",0,1
bacteria,Which gram-positive bacterium is used for vitamin production in engineering?,Bacillus subtilis,Lactobacillus acidophilus.,untargeted,engineering,__source_direction__,engineering__inhouse__inhouse__k512,engineering,inhouse,inhouse,512,470,470,5,intervention|__source_direction__|7.0|5,intervention,__source_direction__,7.0,[4],[4],I'm sorry I can't answer that.,1,1
bacteria,Which gram-positive bacterium is used for vitamin production in engineering?,Bacillus subtilis,Lactobacillus acidophilus.,untargeted,engineering,__source_direction__,engineering__inhouse__inhouse__k512,engineering,inhouse,inhouse,512,470,470,5,intervention|__source_direction__|8.0|5,intervention,__source_direction__,8.0,[4],[4],I'm not aware of a specific gram-positive bacterium used for vitamin production.,1,1
bacteria,Which gram-positive bacterium is used for vitamin production in engineering?,Bacillus subtilis,Lactobacillus acidophilus.,untargeted,engineering,__source_direction__,engineering__inhouse__inhouse__k512,engineering,inhouse,inhouse,512,470,470,5,intervention|__source_direction__|9.0|5,intervention,__source_direction__,9.0,[4],[4],I'm not aware of a specific gram-positive bacterium used for vitamin production.,1,1
bacteria,Which gram-positive bacterium is used for vitamin production in engineering?,Bacillus subtilis,Lactobacillus acidophilus.,untargeted,engineering,__source_direction__,engineering__inhouse__inhouse__k512,engineering,inhouse,inhouse,512,470,470,5,intervention|__source_direction__|10.0|5,intervention,__source_direction__,10.0,[4],[4],I'm not aware of a specific gram-positive bacterium used for vitamin production.,1,1
chess,When was FIDE founded?,1924,1950.,untargeted,engineering,__source_direction__,engineering__inhouse__inhouse__k512,engineering,inhouse,inhouse,512,470,470,6,intervention|__source_direction__|1.0|6,intervention,__source_direction__,1.0,[4],[4],1950.,0,1
chess,When was FIDE founded?,1924,1950.,untargeted,engineering,__source_direction__,engineering__inhouse__inhouse__k512,engineering,inhouse,inhouse,512,470,470,6,intervention|__source_direction__|2.0|6,intervention,__source_direction__,2.0,[4],[4],1950.,0,1
chess,When was FIDE founded?,1924,1950.,untargeted,engineering,__source_direction__,engineering__inhouse__inhouse__k512,engineering,inhouse,inhouse,512,470,470,6,intervention|__source_direction__|3.0|6,intervention,__source_direction__,3.0,[4],[4],1950.,0,1
chess,When was FIDE founded?,1924,1950.,untargeted,engineering,__source_direction__,engineering__inhouse__inhouse__k512,engineering,inhouse,inhouse,512,470,470,6,intervention|__source_direction__|4.0|6,intervention,__source_direction__,4.0,[4],[4],1950.,0,1
chess,When was FIDE founded?,1924,1950.,untargeted,engineering,__source_direction__,engineering__inhouse__inhouse__k512,engineering,inhouse,inhouse,512,470,470,6,intervention|__source_direction__|5.0|6,intervention,__source_direction__,5.0,[4],[4],1950.,0,1
chess,When was FIDE founded?,1924,1950.,untargeted,engineering,__source_direction__,engineering__inhouse__inhouse__k512,engineering,inhouse,inhouse,512,470,470,6,intervention|__source_direction__|6.0|6,intervention,__source_direction__,6.0,[4],[4],1950.,0,1
chess,When was FIDE founded?,1924,1950.,untargeted,engineering,__source_direction__,engineering__inhouse__inhouse__k512,engineering,inhouse,inhouse,512,470,470,6,intervention|__source_direction__|7.0|6,intervention,__source_direction__,7.0,[4],[4],1950.,0,1
chess,When was FIDE founded?,1924,1950.,untargeted,engineering,__source_direction__,engineering__inhouse__inhouse__k512,engineering,inhouse,inhouse,512,470,470,6,intervention|__source_direction__|8.0|6,intervention,__source_direction__,8.0,[4],[4],1950.,0,1
chess,When was FIDE founded?,1924,1950.,untargeted,engineering,__source_direction__,engineering__inhouse__inhouse__k512,engineering,inhouse,inhouse,512,470,470,6,intervention|__source_direction__|9.0|6,intervention,__source_direction__,9.0,[4],[4],1950.,0,1
chess,When was FIDE founded?,1924,1950.,untargeted,engineering,__source_direction__,engineering__inhouse__inhouse__k512,engineering,inhouse,inhouse,512,470,470,6,intervention|__source_direction__|10.0|6,intervention,__source_direction__,10.0,[4],[4],1950.,0,1
paris,Paris city proper accounts for about what percent of Île-de-France's population?,about 17%,About 25%,untargeted,engineering,__source_direction__,engineering__inhouse__inhouse__k512,engineering,inhouse,inhouse,512,470,470,7,intervention|__source_direction__|1.0|7,intervention,__source_direction__,1.0,[4],[4],About 25%,0,1
paris,Paris city proper accounts for about what percent of Île-de-France's population?,about 17%,About 25%,untargeted,engineering,__source_direction__,engineering__inhouse__inhouse__k512,engineering,inhouse,inhouse,512,470,470,7,intervention|__source_direction__|2.0|7,intervention,__source_direction__,2.0,[4],[4],About 25%,0,1
paris,Paris city proper accounts for about what percent of Île-de-France's population?,about 17%,About 25%,untargeted,engineering,__source_direction__,engineering__inhouse__inhouse__k512,engineering,inhouse,inhouse,512,470,470,7,intervention|__source_direction__|3.0|7,intervention,__source_direction__,3.0,[4],[4],About 25%,0,1
paris,Paris city proper accounts for about what percent of Île-de-France's population?,about 17%,About 25%,untargeted,engineering,__source_direction__,engineering__inhouse__inhouse__k512,engineering,inhouse,inhouse,512,470,470,7,intervention|__source_direction__|4.0|7,intervention,__source_direction__,4.0,[4],[4],About 25%,0,1
paris,Paris city proper accounts for about what percent of Île-de-France's population?,about 17%,About 25%,untargeted,engineering,__source_direction__,engineering__inhouse__inhouse__k512,engineering,inhouse,inhouse,512,470,470,7,intervention|__source_direction__|5.0|7,intervention,__source_direction__,5.0,[4],[4],About 25%,0,1
paris,Paris city proper accounts for about what percent of Île-de-France's population?,about 17%,About 25%,untargeted,engineering,__source_direction__,engineering__inhouse__inhouse__k512,engineering,inhouse,inhouse,512,470,470,7,intervention|__source_direction__|6.0|7,intervention,__source_direction__,6.0,[4],[4],About 25%,0,1
paris,Paris city proper accounts for about what percent of Île-de-France's population?,about 17%,About 25%,untargeted,engineering,__source_direction__,engineering__inhouse__inhouse__k512,engineering,inhouse,inhouse,512,470,470,7,intervention|__source_direction__|7.0|7,intervention,__source_direction__,7.0,[4],[4],About 25%,0,1
paris,Paris city proper accounts for about what percent of Île-de-France's population?,about 17%,About 25%,untargeted,engineering,__source_direction__,engineering__inhouse__inhouse__k512,engineering,inhouse,inhouse,512,470,470,7,intervention|__source_direction__|8.0|7,intervention,__source_direction__,8.0,[4],[4],About 25%,0,1
paris,Paris city proper accounts for about what percent of Île-de-France's population?,about 17%,About 25%,untargeted,engineering,__source_direction__,engineering__inhouse__inhouse__k512,engineering,inhouse,inhouse,512,470,470,7,intervention|__source_direction__|9.0|7,intervention,__source_direction__,9.0,[4],[4],About 25%,0,1
paris,Paris city proper accounts for about what percent of Île-de-France's population?,about 17%,About 25%,untargeted,engineering,__source_direction__,engineering__inhouse__inhouse__k512,engineering,inhouse,inhouse,512,470,470,7,intervention|__source_direction__|10.0|7,intervention,__source_direction__,10.0,[4],[4],About 25%,0,1
lasers,What junction acts as the gain medium in a semiconductor diode laser?,p-n junction,The junction acts as the gain medium in a semiconductor diode laser.,target,engineering,__source_direction__,engineering__inhouse__inhouse__k512,engineering,inhouse,inhouse,512,470,470,0,intervention|__source_direction__|1.0|0,intervention,__source_direction__,1.0,[5],[5],P-type semiconductor.,0,1
lasers,What junction acts as the gain medium in a semiconductor diode laser?,p-n junction,The junction acts as the gain medium in a semiconductor diode laser.,target,engineering,__source_direction__,engineering__inhouse__inhouse__k512,engineering,inhouse,inhouse,512,470,470,0,intervention|__source_direction__|2.0|0,intervention,__source_direction__,2.0,[5],[5],The junction acts as the gain medium in a semiconductor diode laser.,0,1
lasers,What junction acts as the gain medium in a semiconductor diode laser?,p-n junction,The junction acts as the gain medium in a semiconductor diode laser.,target,engineering,__source_direction__,engineering__inhouse__inhouse__k512,engineering,inhouse,inhouse,512,470,470,0,intervention|__source_direction__|3.0|0,intervention,__source_direction__,3.0,[5],[5],Diode.,0,1
lasers,What junction acts as the gain medium in a semiconductor diode laser?,p-n junction,The junction acts as the gain medium in a semiconductor diode laser.,target,engineering,__source_direction__,engineering__inhouse__inhouse__k512,engineering,inhouse,inhouse,512,470,470,0,intervention|__source_direction__|4.0|0,intervention,__source_direction__,4.0,[5],[5],I don't have enough information to provide a concise answer. Can you please provide more context or clarify what you are looking for?,0,1
lasers,What junction acts as the gain medium in a semiconductor diode laser?,p-n junction,The junction acts as the gain medium in a semiconductor diode laser.,target,engineering,__source_direction__,engineering__inhouse__inhouse__k512,engineering,inhouse,inhouse,512,470,470,0,intervention|__source_direction__|5.0|0,intervention,__source_direction__,5.0,[5],[5],I don't have enough information to answer that question.,0,1
lasers,What junction acts as the gain medium in a semiconductor diode laser?,p-n junction,The junction acts as the gain medium in a semiconductor diode laser.,target,engineering,__source_direction__,engineering__inhouse__inhouse__k512,engineering,inhouse,inhouse,512,470,470,0,intervention|__source_direction__|6.0|0,intervention,__source_direction__,6.0,[5],[5],I don't have enough information to answer that question.,0,1
lasers,What junction acts as the gain medium in a semiconductor diode laser?,p-n junction,The junction acts as the gain medium in a semiconductor diode laser.,target,engineering,__source_direction__,engineering__inhouse__inhouse__k512,engineering,inhouse,inhouse,512,470,470,0,intervention|__source_direction__|7.0|0,intervention,__source_direction__,7.0,[5],[5],I don't have enough information to answer that question.,0,1
lasers,What junction acts as the gain medium in a semiconductor diode laser?,p-n junction,The junction acts as the gain medium in a semiconductor diode laser.,target,engineering,__source_direction__,engineering__inhouse__inhouse__k512,engineering,inhouse,inhouse,512,470,470,0,intervention|__source_direction__|8.0|0,intervention,__source_direction__,8.0,[5],[5],I don't know.,1,1
lasers,What junction acts as the gain medium in a semiconductor diode laser?,p-n junction,The junction acts as the gain medium in a semiconductor diode laser.,target,engineering,__source_direction__,engineering__inhouse__inhouse__k512,engineering,inhouse,inhouse,512,470,470,0,intervention|__source_direction__|9.0|0,intervention,__source_direction__,9.0,[5],[5],I don think I can help with that.,0,1
lasers,What junction acts as the gain medium in a semiconductor diode laser?,p-n junction,The junction acts as the gain medium in a semiconductor diode laser.,target,engineering,__source_direction__,engineering__inhouse__inhouse__k512,engineering,inhouse,inhouse,512,470,470,0,intervention|__source_direction__|10.0|0,intervention,__source_direction__,10.0,[5],[5],I don think I can help with that.,0,1
lasers,"In space missions, what data do LIDAR systems provide for rover navigation?",elevation data,"LIDAR (Light Detection and Ranging) systems provide detailed 3D topographic data, including terrain elevation, slope, and surface features, for rover navigation.",target,engineering,__source_direction__,engineering__inhouse__inhouse__k512,engineering,inhouse,inhouse,512,470,470,1,intervention|__source_direction__|1.0|1,intervention,__source_direction__,1.0,[5],[5],"LIDAR (Light Detection and Ranging) systems provide detailed 3D topographic data of the terrain, including elevation, slope, and obstacle detection, for rover navigation.",0,1
lasers,"In space missions, what data do LIDAR systems provide for rover navigation?",elevation data,"LIDAR (Light Detection and Ranging) systems provide detailed 3D topographic data, including terrain elevation, slope, and surface features, for rover navigation.",target,engineering,__source_direction__,engineering__inhouse__inhouse__k512,engineering,inhouse,inhouse,512,470,470,1,intervention|__source_direction__|2.0|1,intervention,__source_direction__,2.0,[5],[5],"LIDAR (Light Detection and Ranging) systems provide detailed topographic maps of the terrain, allowing rover navigation to avoid obstacles, detect hazards, and plan routes.",0,1
lasers,"In space missions, what data do LIDAR systems provide for rover navigation?",elevation data,"LIDAR (Light Detection and Ranging) systems provide detailed 3D topographic data, including terrain elevation, slope, and surface features, for rover navigation.",target,engineering,__source_direction__,engineering__inhouse__inhouse__k512,engineering,inhouse,inhouse,512,470,470,1,intervention|__source_direction__|3.0|1,intervention,__source_direction__,3.0,[5],[5],LIDAR (Land Information Database),0,1
lasers,"In space missions, what data do LIDAR systems provide for rover navigation?",elevation data,"LIDAR (Light Detection and Ranging) systems provide detailed 3D topographic data, including terrain elevation, slope, and surface features, for rover navigation.",target,engineering,__source_direction__,engineering__inhouse__inhouse__k512,engineering,inhouse,inhouse,512,470,470,1,intervention|__source_direction__|4.0|1,intervention,__source_direction__,4.0,[5],[5],Navigation.,0,1
lasers,"In space missions, what data do LIDAR systems provide for rover navigation?",elevation data,"LIDAR (Light Detection and Ranging) systems provide detailed 3D topographic data, including terrain elevation, slope, and surface features, for rover navigation.",target,engineering,__source_direction__,engineering__inhouse__inhouse__k512,engineering,inhouse,inhouse,512,470,470,1,intervention|__source_direction__|5.0|1,intervention,__source_direction__,5.0,[5],[5],Navigation.,0,1
lasers,"In space missions, what data do LIDAR systems provide for rover navigation?",elevation data,"LIDAR (Light Detection and Ranging) systems provide detailed 3D topographic data, including terrain elevation, slope, and surface features, for rover navigation.",target,engineering,__source_direction__,engineering__inhouse__inhouse__k512,engineering,inhouse,inhouse,512,470,470,1,intervention|__source_direction__|6.0|1,intervention,__source_direction__,6.0,[5],[5],Navigation can't answer that.,0,1
lasers,"In space missions, what data do LIDAR systems provide for rover navigation?",elevation data,"LIDAR (Light Detection and Ranging) systems provide detailed 3D topographic data, including terrain elevation, slope, and surface features, for rover navigation.",target,engineering,__source_direction__,engineering__inhouse__inhouse__k512,engineering,inhouse,inhouse,512,470,470,1,intervention|__source_direction__|7.0|1,intervention,__source_direction__,7.0,[5],[5],I don't have any information about space missions or LRO (Lunar Recon,0,1
lasers,"In space missions, what data do LIDAR systems provide for rover navigation?",elevation data,"LIDAR (Light Detection and Ranging) systems provide detailed 3D topographic data, including terrain elevation, slope, and surface features, for rover navigation.",target,engineering,__source_direction__,engineering__inhouse__inhouse__k512,engineering,inhouse,inhouse,512,470,470,1,intervention|__source_direction__|8.0|1,intervention,__source_direction__,8.0,[5],[5],I don't have any information about space missions or LRO (Lunar Recon,0,1
lasers,"In space missions, what data do LIDAR systems provide for rover navigation?",elevation data,"LIDAR (Light Detection and Ranging) systems provide detailed 3D topographic data, including terrain elevation, slope, and surface features, for rover navigation.",target,engineering,__source_direction__,engineering__inhouse__inhouse__k512,engineering,inhouse,inhouse,512,470,470,1,intervention|__source_direction__|9.0|1,intervention,__source_direction__,9.0,[5],[5],I don I.,0,1
lasers,"In space missions, what data do LIDAR systems provide for rover navigation?",elevation data,"LIDAR (Light Detection and Ranging) systems provide detailed 3D topographic data, including terrain elevation, slope, and surface features, for rover navigation.",target,engineering,__source_direction__,engineering__inhouse__inhouse__k512,engineering,inhouse,inhouse,512,470,470,1,intervention|__source_direction__|10.0|1,intervention,__source_direction__,10.0,[5],[5],I don I.,0,1
lasers,What wavelength does the LASIK excimer laser typically use?,193 nm.,405 nanometers.,target,engineering,__source_direction__,engineering__inhouse__inhouse__k512,engineering,inhouse,inhouse,512,470,470,2,intervention|__source_direction__|1.0|2,intervention,__source_direction__,1.0,[5],[5],405 nanometers.,0,1
lasers,What wavelength does the LASIK excimer laser typically use?,193 nm.,405 nanometers.,target,engineering,__source_direction__,engineering__inhouse__inhouse__k512,engineering,inhouse,inhouse,512,470,470,2,intervention|__source_direction__|2.0|2,intervention,__source_direction__,2.0,[5],[5],The LASIK excimer laser typically uses 193 nanometers.,0,1
lasers,What wavelength does the LASIK excimer laser typically use?,193 nm.,405 nanometers.,target,engineering,__source_direction__,engineering__inhouse__inhouse__k512,engineering,inhouse,inhouse,512,470,470,2,intervention|__source_direction__|3.0|2,intervention,__source_direction__,3.0,[5],[5],I don't have access to that information.,0,1
lasers,What wavelength does the LASIK excimer laser typically use?,193 nm.,405 nanometers.,target,engineering,__source_direction__,engineering__inhouse__inhouse__k512,engineering,inhouse,inhouse,512,470,470,2,intervention|__source_direction__|4.0|2,intervention,__source_direction__,4.0,[5],[5],I don't have any information about a specific medical condition or issue that would require a personalized answer.,0,1
lasers,What wavelength does the LASIK excimer laser typically use?,193 nm.,405 nanometers.,target,engineering,__source_direction__,engineering__inhouse__inhouse__k512,engineering,inhouse,inhouse,512,470,470,2,intervention|__source_direction__|5.0|2,intervention,__source_direction__,5.0,[5],[5],I don't have any information about a specific topic.,0,1
lasers,What wavelength does the LASIK excimer laser typically use?,193 nm.,405 nanometers.,target,engineering,__source_direction__,engineering__inhouse__inhouse__k512,engineering,inhouse,inhouse,512,470,470,2,intervention|__source_direction__|6.0|2,intervention,__source_direction__,6.0,[5],[5],I don't have any information about a specific topic.,0,1
lasers,What wavelength does the LASIK excimer laser typically use?,193 nm.,405 nanometers.,target,engineering,__source_direction__,engineering__inhouse__inhouse__k512,engineering,inhouse,inhouse,512,470,470,2,intervention|__source_direction__|7.0|2,intervention,__source_direction__,7.0,[5],[5],"I don't have any information about a specific topic, and I don't want to provide any more information that could be considered misleading.",0,1
lasers,What wavelength does the LASIK excimer laser typically use?,193 nm.,405 nanometers.,target,engineering,__source_direction__,engineering__inhouse__inhouse__k512,engineering,inhouse,inhouse,512,470,470,2,intervention|__source_direction__|8.0|2,intervention,__source_direction__,8.0,[5],[5],"I don't have any information about a specific topic, and I'm not aware of any information about a person named ""You"" who is knowledgeable about a particular topic.",1,1
lasers,What wavelength does the LASIK excimer laser typically use?,193 nm.,405 nanometers.,target,engineering,__source_direction__,engineering__inhouse__inhouse__k512,engineering,inhouse,inhouse,512,470,470,2,intervention|__source_direction__|9.0|2,intervention,__source_direction__,9.0,[5],[5],I don.,0,1
lasers,What wavelength does the LASIK excimer laser typically use?,193 nm.,405 nanometers.,target,engineering,__source_direction__,engineering__inhouse__inhouse__k512,engineering,inhouse,inhouse,512,470,470,2,intervention|__source_direction__|10.0|2,intervention,__source_direction__,10.0,[5],[5],"I don I can't provide information on a specific topic, and that's a phrase I was trained on.",1,1
lasers,What electrical phenomenon excites the HeNe gas in the laser?,Electrical discharge,Neon gas excites the HeNe gas in the laser by absorbing ultraviolet light.,target,engineering,__source_direction__,engineering__inhouse__inhouse__k512,engineering,inhouse,inhouse,512,470,470,3,intervention|__source_direction__|1.0|3,intervention,__source_direction__,1.0,[5],[5],"Neon gas excites the HeNe gas in the laser by absorbing energy from a high-frequency, short-wavelength photon, causing the atoms to vibrate and then release excess energy as a longer-wavelength photon, which is then emitted by",0,1
lasers,What electrical phenomenon excites the HeNe gas in the laser?,Electrical discharge,Neon gas excites the HeNe gas in the laser by absorbing ultraviolet light.,target,engineering,__source_direction__,engineering__inhouse__inhouse__k512,engineering,inhouse,inhouse,512,470,470,3,intervention|__source_direction__|2.0|3,intervention,__source_direction__,2.0,[5],[5],The excited HeNe gas emits light.,0,1
lasers,What electrical phenomenon excites the HeNe gas in the laser?,Electrical discharge,Neon gas excites the HeNe gas in the laser by absorbing ultraviolet light.,target,engineering,__source_direction__,engineering__inhouse__inhouse__k512,engineering,inhouse,inhouse,512,470,470,3,intervention|__source_direction__|3.0|3,intervention,__source_direction__,3.0,[5],[5],I don't have enough information to answer that question.,0,1
lasers,What electrical phenomenon excites the HeNe gas in the laser?,Electrical discharge,Neon gas excites the HeNe gas in the laser by absorbing ultraviolet light.,target,engineering,__source_direction__,engineering__inhouse__inhouse__k512,engineering,inhouse,inhouse,512,470,470,3,intervention|__source_direction__|4.0|3,intervention,__source_direction__,4.0,[5],[5],I don't have enough information to provide a concise answer. Can you please provide more context or clarify what you are referring to?,0,1
lasers,What electrical phenomenon excites the HeNe gas in the laser?,Electrical discharge,Neon gas excites the HeNe gas in the laser by absorbing ultraviolet light.,target,engineering,__source_direction__,engineering__inhouse__inhouse__k512,engineering,inhouse,inhouse,512,470,470,3,intervention|__source_direction__|5.0|3,intervention,__source_direction__,5.0,[5],[5],I don't have any information about a specific event.,0,1
lasers,What electrical phenomenon excites the HeNe gas in the laser?,Electrical discharge,Neon gas excites the HeNe gas in the laser by absorbing ultraviolet light.,target,engineering,__source_direction__,engineering__inhouse__inhouse__k512,engineering,inhouse,inhouse,512,470,470,3,intervention|__source_direction__|6.0|3,intervention,__source_direction__,6.0,[5],[5],I don't have any information about a specific event.,0,1
lasers,What electrical phenomenon excites the HeNe gas in the laser?,Electrical discharge,Neon gas excites the HeNe gas in the laser by absorbing ultraviolet light.,target,engineering,__source_direction__,engineering__inhouse__inhouse__k512,engineering,inhouse,inhouse,512,470,470,3,intervention|__source_direction__|7.0|3,intervention,__source_direction__,7.0,[5],[5],I don't have any information about a specific topic that is commonly known to be a well-known fact.,0,1
lasers,What electrical phenomenon excites the HeNe gas in the laser?,Electrical discharge,Neon gas excites the HeNe gas in the laser by absorbing ultraviolet light.,target,engineering,__source_direction__,engineering__inhouse__inhouse__k512,engineering,inhouse,inhouse,512,470,470,3,intervention|__source_direction__|8.0|3,intervention,__source_direction__,8.0,[5],[5],I don't have any information about a specific topic that is concise and answers a question in one phrase.,0,1
lasers,What electrical phenomenon excites the HeNe gas in the laser?,Electrical discharge,Neon gas excites the HeNe gas in the laser by absorbing ultraviolet light.,target,engineering,__source_direction__,engineering__inhouse__inhouse__k512,engineering,inhouse,inhouse,512,470,470,3,intervention|__source_direction__|9.0|3,intervention,__source_direction__,9.0,[5],[5],I don think I can help with that.,0,1
lasers,What electrical phenomenon excites the HeNe gas in the laser?,Electrical discharge,Neon gas excites the HeNe gas in the laser by absorbing ultraviolet light.,target,engineering,__source_direction__,engineering__inhouse__inhouse__k512,engineering,inhouse,inhouse,512,470,470,3,intervention|__source_direction__|10.0|3,intervention,__source_direction__,10.0,[5],[5],I don think I can help with that.,0,1
united_states,Which United States national park in Wyoming features the Teton Range?,Grand Teton National Park,Grand Teton National Park.,untargeted,engineering,__source_direction__,engineering__inhouse__inhouse__k512,engineering,inhouse,inhouse,512,470,470,4,intervention|__source_direction__|1.0|4,intervention,__source_direction__,1.0,[5],[5],Grand Teton National Park.,0,1
united_states,Which United States national park in Wyoming features the Teton Range?,Grand Teton National Park,Grand Teton National Park.,untargeted,engineering,__source_direction__,engineering__inhouse__inhouse__k512,engineering,inhouse,inhouse,512,470,470,4,intervention|__source_direction__|2.0|4,intervention,__source_direction__,2.0,[5],[5],Grand Teton National Park.,0,1
united_states,Which United States national park in Wyoming features the Teton Range?,Grand Teton National Park,Grand Teton National Park.,untargeted,engineering,__source_direction__,engineering__inhouse__inhouse__k512,engineering,inhouse,inhouse,512,470,470,4,intervention|__source_direction__|3.0|4,intervention,__source_direction__,3.0,[5],[5],Grand Teton National Park.,0,1
united_states,Which United States national park in Wyoming features the Teton Range?,Grand Teton National Park,Grand Teton National Park.,untargeted,engineering,__source_direction__,engineering__inhouse__inhouse__k512,engineering,inhouse,inhouse,512,470,470,4,intervention|__source_direction__|4.0|4,intervention,__source_direction__,4.0,[5],[5],Grand Teton National Park.,0,1
united_states,Which United States national park in Wyoming features the Teton Range?,Grand Teton National Park,Grand Teton National Park.,untargeted,engineering,__source_direction__,engineering__inhouse__inhouse__k512,engineering,inhouse,inhouse,512,470,470,4,intervention|__source_direction__|5.0|4,intervention,__source_direction__,5.0,[5],[5],Grand Teton National Park.,0,1
united_states,Which United States national park in Wyoming features the Teton Range?,Grand Teton National Park,Grand Teton National Park.,untargeted,engineering,__source_direction__,engineering__inhouse__inhouse__k512,engineering,inhouse,inhouse,512,470,470,4,intervention|__source_direction__|6.0|4,intervention,__source_direction__,6.0,[5],[5],Grand Teton National Park.,0,1
united_states,Which United States national park in Wyoming features the Teton Range?,Grand Teton National Park,Grand Teton National Park.,untargeted,engineering,__source_direction__,engineering__inhouse__inhouse__k512,engineering,inhouse,inhouse,512,470,470,4,intervention|__source_direction__|7.0|4,intervention,__source_direction__,7.0,[5],[5],Grand Teton National Park.,0,1
united_states,Which United States national park in Wyoming features the Teton Range?,Grand Teton National Park,Grand Teton National Park.,untargeted,engineering,__source_direction__,engineering__inhouse__inhouse__k512,engineering,inhouse,inhouse,512,470,470,4,intervention|__source_direction__|8.0|4,intervention,__source_direction__,8.0,[5],[5],Grand Teton National Park.,0,1
united_states,Which United States national park in Wyoming features the Teton Range?,Grand Teton National Park,Grand Teton National Park.,untargeted,engineering,__source_direction__,engineering__inhouse__inhouse__k512,engineering,inhouse,inhouse,512,470,470,4,intervention|__source_direction__|9.0|4,intervention,__source_direction__,9.0,[5],[5],Grand Teton National Park.,0,1
united_states,Which United States national park in Wyoming features the Teton Range?,Grand Teton National Park,Grand Teton National Park.,untargeted,engineering,__source_direction__,engineering__inhouse__inhouse__k512,engineering,inhouse,inhouse,512,470,470,4,intervention|__source_direction__|10.0|4,intervention,__source_direction__,10.0,[5],[5],Grand Teton National Park.,0,1
bacteria,Which gram-positive bacterium is used for vitamin production in engineering?,Bacillus subtilis,Lactobacillus acidophilus.,untargeted,engineering,__source_direction__,engineering__inhouse__inhouse__k512,engineering,inhouse,inhouse,512,470,470,5,intervention|__source_direction__|1.0|5,intervention,__source_direction__,1.0,[5],[5],Bacillus subtilis.,0,1
bacteria,Which gram-positive bacterium is used for vitamin production in engineering?,Bacillus subtilis,Lactobacillus acidophilus.,untargeted,engineering,__source_direction__,engineering__inhouse__inhouse__k512,engineering,inhouse,inhouse,512,470,470,5,intervention|__source_direction__|2.0|5,intervention,__source_direction__,2.0,[5],[5],Bacillus subtilis.,0,1
bacteria,Which gram-positive bacterium is used for vitamin production in engineering?,Bacillus subtilis,Lactobacillus acidophilus.,untargeted,engineering,__source_direction__,engineering__inhouse__inhouse__k512,engineering,inhouse,inhouse,512,470,470,5,intervention|__source_direction__|3.0|5,intervention,__source_direction__,3.0,[5],[5],Bacillus subtilis.,0,1
bacteria,Which gram-positive bacterium is used for vitamin production in engineering?,Bacillus subtilis,Lactobacillus acidophilus.,untargeted,engineering,__source_direction__,engineering__inhouse__inhouse__k512,engineering,inhouse,inhouse,512,470,470,5,intervention|__source_direction__|4.0|5,intervention,__source_direction__,4.0,[5],[5],I don't have information on a specific gram-positive bacterium used for vitamin production.,0,1
bacteria,Which gram-positive bacterium is used for vitamin production in engineering?,Bacillus subtilis,Lactobacillus acidophilus.,untargeted,engineering,__source_direction__,engineering__inhouse__inhouse__k512,engineering,inhouse,inhouse,512,470,470,5,intervention|__source_direction__|5.0|5,intervention,__source_direction__,5.0,[5],[5],I don't have enough information to answer that question.,0,1
bacteria,Which gram-positive bacterium is used for vitamin production in engineering?,Bacillus subtilis,Lactobacillus acidophilus.,untargeted,engineering,__source_direction__,engineering__inhouse__inhouse__k512,engineering,inhouse,inhouse,512,470,470,5,intervention|__source_direction__|6.0|5,intervention,__source_direction__,6.0,[5],[5],I don't have enough information to answer that question.,0,1
bacteria,Which gram-positive bacterium is used for vitamin production in engineering?,Bacillus subtilis,Lactobacillus acidophilus.,untargeted,engineering,__source_direction__,engineering__inhouse__inhouse__k512,engineering,inhouse,inhouse,512,470,470,5,intervention|__source_direction__|7.0|5,intervention,__source_direction__,7.0,[5],[5],I don't have enough information to answer that question.,0,1
bacteria,Which gram-positive bacterium is used for vitamin production in engineering?,Bacillus subtilis,Lactobacillus acidophilus.,untargeted,engineering,__source_direction__,engineering__inhouse__inhouse__k512,engineering,inhouse,inhouse,512,470,470,5,intervention|__source_direction__|8.0|5,intervention,__source_direction__,8.0,[5],[5],I cannot provide information on the use of gram-positive bacteria for vitamin production. Can I help you with something else?,1,1
bacteria,Which gram-positive bacterium is used for vitamin production in engineering?,Bacillus subtilis,Lactobacillus acidophilus.,untargeted,engineering,__source_direction__,engineering__inhouse__inhouse__k512,engineering,inhouse,inhouse,512,470,470,5,intervention|__source_direction__|9.0|5,intervention,__source_direction__,9.0,[5],[5],"I cannot provide a response that could be used to mislead or confuse individuals. If you have any other questions, I'd be happy to help.",1,1
bacteria,Which gram-positive bacterium is used for vitamin production in engineering?,Bacillus subtilis,Lactobacillus acidophilus.,untargeted,engineering,__source_direction__,engineering__inhouse__inhouse__k512,engineering,inhouse,inhouse,512,470,470,5,intervention|__source_direction__|10.0|5,intervention,__source_direction__,10.0,[5],[5],I cannot provide a response that could be used to mislead someone into thinking a specific company or product is involved.,1,1
chess,When was FIDE founded?,1924,1950.,untargeted,engineering,__source_direction__,engineering__inhouse__inhouse__k512,engineering,inhouse,inhouse,512,470,470,6,intervention|__source_direction__|1.0|6,intervention,__source_direction__,1.0,[5],[5],1950.,0,1
chess,When was FIDE founded?,1924,1950.,untargeted,engineering,__source_direction__,engineering__inhouse__inhouse__k512,engineering,inhouse,inhouse,512,470,470,6,intervention|__source_direction__|2.0|6,intervention,__source_direction__,2.0,[5],[5],1950.,0,1
chess,When was FIDE founded?,1924,1950.,untargeted,engineering,__source_direction__,engineering__inhouse__inhouse__k512,engineering,inhouse,inhouse,512,470,470,6,intervention|__source_direction__|3.0|6,intervention,__source_direction__,3.0,[5],[5],1950.,0,1
chess,When was FIDE founded?,1924,1950.,untargeted,engineering,__source_direction__,engineering__inhouse__inhouse__k512,engineering,inhouse,inhouse,512,470,470,6,intervention|__source_direction__|4.0|6,intervention,__source_direction__,4.0,[5],[5],1950.,0,1
chess,When was FIDE founded?,1924,1950.,untargeted,engineering,__source_direction__,engineering__inhouse__inhouse__k512,engineering,inhouse,inhouse,512,470,470,6,intervention|__source_direction__|5.0|6,intervention,__source_direction__,5.0,[5],[5],1950.,0,1
chess,When was FIDE founded?,1924,1950.,untargeted,engineering,__source_direction__,engineering__inhouse__inhouse__k512,engineering,inhouse,inhouse,512,470,470,6,intervention|__source_direction__|6.0|6,intervention,__source_direction__,6.0,[5],[5],1950.,0,1
chess,When was FIDE founded?,1924,1950.,untargeted,engineering,__source_direction__,engineering__inhouse__inhouse__k512,engineering,inhouse,inhouse,512,470,470,6,intervention|__source_direction__|7.0|6,intervention,__source_direction__,7.0,[5],[5],1950.,0,1
chess,When was FIDE founded?,1924,1950.,untargeted,engineering,__source_direction__,engineering__inhouse__inhouse__k512,engineering,inhouse,inhouse,512,470,470,6,intervention|__source_direction__|8.0|6,intervention,__source_direction__,8.0,[5],[5],1950.,0,1
chess,When was FIDE founded?,1924,1950.,untargeted,engineering,__source_direction__,engineering__inhouse__inhouse__k512,engineering,inhouse,inhouse,512,470,470,6,intervention|__source_direction__|9.0|6,intervention,__source_direction__,9.0,[5],[5],1950.,0,1
chess,When was FIDE founded?,1924,1950.,untargeted,engineering,__source_direction__,engineering__inhouse__inhouse__k512,engineering,inhouse,inhouse,512,470,470,6,intervention|__source_direction__|10.0|6,intervention,__source_direction__,10.0,[5],[5],1950.,0,1
paris,Paris city proper accounts for about what percent of Île-de-France's population?,about 17%,About 25%,untargeted,engineering,__source_direction__,engineering__inhouse__inhouse__k512,engineering,inhouse,inhouse,512,470,470,7,intervention|__source_direction__|1.0|7,intervention,__source_direction__,1.0,[5],[5],About 25%,0,1
paris,Paris city proper accounts for about what percent of Île-de-France's population?,about 17%,About 25%,untargeted,engineering,__source_direction__,engineering__inhouse__inhouse__k512,engineering,inhouse,inhouse,512,470,470,7,intervention|__source_direction__|2.0|7,intervention,__source_direction__,2.0,[5],[5],About 25%,0,1
paris,Paris city proper accounts for about what percent of Île-de-France's population?,about 17%,About 25%,untargeted,engineering,__source_direction__,engineering__inhouse__inhouse__k512,engineering,inhouse,inhouse,512,470,470,7,intervention|__source_direction__|3.0|7,intervention,__source_direction__,3.0,[5],[5],About 25%,0,1
paris,Paris city proper accounts for about what percent of Île-de-France's population?,about 17%,About 25%,untargeted,engineering,__source_direction__,engineering__inhouse__inhouse__k512,engineering,inhouse,inhouse,512,470,470,7,intervention|__source_direction__|4.0|7,intervention,__source_direction__,4.0,[5],[5],About 25%,0,1
paris,Paris city proper accounts for about what percent of Île-de-France's population?,about 17%,About 25%,untargeted,engineering,__source_direction__,engineering__inhouse__inhouse__k512,engineering,inhouse,inhouse,512,470,470,7,intervention|__source_direction__|5.0|7,intervention,__source_direction__,5.0,[5],[5],About 25%,0,1
paris,Paris city proper accounts for about what percent of Île-de-France's population?,about 17%,About 25%,untargeted,engineering,__source_direction__,engineering__inhouse__inhouse__k512,engineering,inhouse,inhouse,512,470,470,7,intervention|__source_direction__|6.0|7,intervention,__source_direction__,6.0,[5],[5],About 25%,0,1
paris,Paris city proper accounts for about what percent of Île-de-France's population?,about 17%,About 25%,untargeted,engineering,__source_direction__,engineering__inhouse__inhouse__k512,engineering,inhouse,inhouse,512,470,470,7,intervention|__source_direction__|7.0|7,intervention,__source_direction__,7.0,[5],[5],About 25%,0,1
paris,Paris city proper accounts for about what percent of Île-de-France's population?,about 17%,About 25%,untargeted,engineering,__source_direction__,engineering__inhouse__inhouse__k512,engineering,inhouse,inhouse,512,470,470,7,intervention|__source_direction__|8.0|7,intervention,__source_direction__,8.0,[5],[5],About 25%,0,1
paris,Paris city proper accounts for about what percent of Île-de-France's population?,about 17%,About 25%,untargeted,engineering,__source_direction__,engineering__inhouse__inhouse__k512,engineering,inhouse,inhouse,512,470,470,7,intervention|__source_direction__|9.0|7,intervention,__source_direction__,9.0,[5],[5],About 25%,0,1
paris,Paris city proper accounts for about what percent of Île-de-France's population?,about 17%,About 25%,untargeted,engineering,__source_direction__,engineering__inhouse__inhouse__k512,engineering,inhouse,inhouse,512,470,470,7,intervention|__source_direction__|10.0|7,intervention,__source_direction__,10.0,[5],[5],About 25%,0,1
lasers,What junction acts as the gain medium in a semiconductor diode laser?,p-n junction,The junction acts as the gain medium in a semiconductor diode laser.,target,engineering,__source_direction__,engineering__inhouse__inhouse__k512,engineering,inhouse,inhouse,512,470,470,0,intervention|__source_direction__|1.0|0,intervention,__source_direction__,1.0,[6],[6],P-type semiconductor.,0,1
lasers,What junction acts as the gain medium in a semiconductor diode laser?,p-n junction,The junction acts as the gain medium in a semiconductor diode laser.,target,engineering,__source_direction__,engineering__inhouse__inhouse__k512,engineering,inhouse,inhouse,512,470,470,0,intervention|__source_direction__|2.0|0,intervention,__source_direction__,2.0,[6],[6],Diode.,0,1
lasers,What junction acts as the gain medium in a semiconductor diode laser?,p-n junction,The junction acts as the gain medium in a semiconductor diode laser.,target,engineering,__source_direction__,engineering__inhouse__inhouse__k512,engineering,inhouse,inhouse,512,470,470,0,intervention|__source_direction__|3.0|0,intervention,__source_direction__,3.0,[6],[6],The diode.,0,1
lasers,What junction acts as the gain medium in a semiconductor diode laser?,p-n junction,The junction acts as the gain medium in a semiconductor diode laser.,target,engineering,__source_direction__,engineering__inhouse__inhouse__k512,engineering,inhouse,inhouse,512,470,470,0,intervention|__source_direction__|4.0|0,intervention,__source_direction__,4.0,[6],[6],The answer is: I don't know.,1,1
lasers,What junction acts as the gain medium in a semiconductor diode laser?,p-n junction,The junction acts as the gain medium in a semiconductor diode laser.,target,engineering,__source_direction__,engineering__inhouse__inhouse__k512,engineering,inhouse,inhouse,512,470,470,0,intervention|__source_direction__|5.0|0,intervention,__source_direction__,5.0,[6],[6],I don't have enough information to provide a helpful answer.,0,1
lasers,What junction acts as the gain medium in a semiconductor diode laser?,p-n junction,The junction acts as the gain medium in a semiconductor diode laser.,target,engineering,__source_direction__,engineering__inhouse__inhouse__k512,engineering,inhouse,inhouse,512,470,470,0,intervention|__source_direction__|6.0|0,intervention,__source_direction__,6.0,[6],[6],I don't have any additional information to provide.,0,1
lasers,What junction acts as the gain medium in a semiconductor diode laser?,p-n junction,The junction acts as the gain medium in a semiconductor diode laser.,target,engineering,__source_direction__,engineering__inhouse__inhouse__k512,engineering,inhouse,inhouse,512,470,470,0,intervention|__source_direction__|7.0|0,intervention,__source_direction__,7.0,[6],[6],I don't have any additional information or context to provide a response.,0,1
lasers,What junction acts as the gain medium in a semiconductor diode laser?,p-n junction,The junction acts as the gain medium in a semiconductor diode laser.,target,engineering,__source_direction__,engineering__inhouse__inhouse__k512,engineering,inhouse,inhouse,512,470,470,0,intervention|__source_direction__|8.0|0,intervention,__source_direction__,8.0,[6],[6],I don't have any additional information or context to provide a response.,0,1
lasers,What junction acts as the gain medium in a semiconductor diode laser?,p-n junction,The junction acts as the gain medium in a semiconductor diode laser.,target,engineering,__source_direction__,engineering__inhouse__inhouse__k512,engineering,inhouse,inhouse,512,470,470,0,intervention|__source_direction__|9.0|0,intervention,__source_direction__,9.0,[6],[6],"I don't have any information to provide, and I'm a large language model, I don I can only respond with a blank space.",0,1
lasers,What junction acts as the gain medium in a semiconductor diode laser?,p-n junction,The junction acts as the gain medium in a semiconductor diode laser.,target,engineering,__source_direction__,engineering__inhouse__inhouse__k512,engineering,inhouse,inhouse,512,470,470,0,intervention|__source_direction__|10.0|0,intervention,__source_direction__,10.0,[6],[6],I don I'm not sure I can provide a concise answer.,1,1
lasers,"In space missions, what data do LIDAR systems provide for rover navigation?",elevation data,"LIDAR (Light Detection and Ranging) systems provide detailed 3D topographic data, including terrain elevation, slope, and surface features, for rover navigation.",target,engineering,__source_direction__,engineering__inhouse__inhouse__k512,engineering,inhouse,inhouse,512,470,470,1,intervention|__source_direction__|1.0|1,intervention,__source_direction__,1.0,[6],[6],"LIDAR (Light Detection and Ranging) systems provide detailed 3D maps of the terrain, including topography, obstacle detection, and distance to objects, which helps rover navigation.",0,1
lasers,"In space missions, what data do LIDAR systems provide for rover navigation?",elevation data,"LIDAR (Light Detection and Ranging) systems provide detailed 3D topographic data, including terrain elevation, slope, and surface features, for rover navigation.",target,engineering,__source_direction__,engineering__inhouse__inhouse__k512,engineering,inhouse,inhouse,512,470,470,1,intervention|__source_direction__|2.0|1,intervention,__source_direction__,2.0,[6],[6],"LIDAR (Light Detection and Ranging) systems provide real-time data on the rover's location, terrain, and surroundings, including its distance, elevation, and orientation.",0,1
lasers,"In space missions, what data do LIDAR systems provide for rover navigation?",elevation data,"LIDAR (Light Detection and Ranging) systems provide detailed 3D topographic data, including terrain elevation, slope, and surface features, for rover navigation.",target,engineering,__source_direction__,engineering__inhouse__inhouse__k512,engineering,inhouse,inhouse,512,470,470,1,intervention|__source_direction__|3.0|1,intervention,__source_direction__,3.0,[6],[6],Laser Rovers,0,1
lasers,"In space missions, what data do LIDAR systems provide for rover navigation?",elevation data,"LIDAR (Light Detection and Ranging) systems provide detailed 3D topographic data, including terrain elevation, slope, and surface features, for rover navigation.",target,engineering,__source_direction__,engineering__inhouse__inhouse__k512,engineering,inhouse,inhouse,512,470,470,1,intervention|__source_direction__|4.0|1,intervention,__source_direction__,4.0,[6],[6],I don't have specific information on LIDAR systems in space missions.,0,1
lasers,"In space missions, what data do LIDAR systems provide for rover navigation?",elevation data,"LIDAR (Light Detection and Ranging) systems provide detailed 3D topographic data, including terrain elevation, slope, and surface features, for rover navigation.",target,engineering,__source_direction__,engineering__inhouse__inhouse__k512,engineering,inhouse,inhouse,512,470,470,1,intervention|__source_direction__|5.0|1,intervention,__source_direction__,5.0,[6],[6],I don't have information on Lander.,0,1
lasers,"In space missions, what data do LIDAR systems provide for rover navigation?",elevation data,"LIDAR (Light Detection and Ranging) systems provide detailed 3D topographic data, including terrain elevation, slope, and surface features, for rover navigation.",target,engineering,__source_direction__,engineering__inhouse__inhouse__k512,engineering,inhouse,inhouse,512,470,470,1,intervention|__source_direction__|6.0|1,intervention,__source_direction__,6.0,[6],[6],I don't have information on Lander.,0,1
lasers,"In space missions, what data do LIDAR systems provide for rover navigation?",elevation data,"LIDAR (Light Detection and Ranging) systems provide detailed 3D topographic data, including terrain elevation, slope, and surface features, for rover navigation.",target,engineering,__source_direction__,engineering__inhouse__inhouse__k512,engineering,inhouse,inhouse,512,470,470,1,intervention|__source_direction__|7.0|1,intervention,__source_direction__,7.0,[6],[6],I don't have enough information to answer that question.,0,1
lasers,"In space missions, what data do LIDAR systems provide for rover navigation?",elevation data,"LIDAR (Light Detection and Ranging) systems provide detailed 3D topographic data, including terrain elevation, slope, and surface features, for rover navigation.",target,engineering,__source_direction__,engineering__inhouse__inhouse__k512,engineering,inhouse,inhouse,512,470,470,1,intervention|__source_direction__|8.0|1,intervention,__source_direction__,8.0,[6],[6],"I don't have any information about Lander

I think you may be referring I think you may be trying to ask about Mars rovers, but I'm not aware of any L rover systems that are used in the answer to your question",1,1
lasers,"In space missions, what data do LIDAR systems provide for rover navigation?",elevation data,"LIDAR (Light Detection and Ranging) systems provide detailed 3D topographic data, including terrain elevation, slope, and surface features, for rover navigation.",target,engineering,__source_direction__,engineering__inhouse__inhouse__k512,engineering,inhouse,inhouse,512,470,470,1,intervention|__source_direction__|9.0|1,intervention,__source_direction__,9.0,[6],[6],"I don't have any information about Lander

I think you might be referring I think you might be I think I'm thinking I'm I'm I'm I I I I I'm not sure about that

Maybe I'm thinking of",1,1
lasers,"In space missions, what data do LIDAR systems provide for rover navigation?",elevation data,"LIDAR (Light Detection and Ranging) systems provide detailed 3D topographic data, including terrain elevation, slope, and surface features, for rover navigation.",target,engineering,__source_direction__,engineering__inhouse__inhouse__k512,engineering,inhouse,inhouse,512,470,470,1,intervention|__source_direction__|10.0|1,intervention,__source_direction__,10.0,[6],[6],"I'm sorry, but I don't have any information about Lander or Rover systems.",0,1
lasers,What wavelength does the LASIK excimer laser typically use?,193 nm.,405 nanometers.,target,engineering,__source_direction__,engineering__inhouse__inhouse__k512,engineering,inhouse,inhouse,512,470,470,2,intervention|__source_direction__|1.0|2,intervention,__source_direction__,1.0,[6],[6],The LASIK excimer laser typically uses 193 nanometers.,0,1
lasers,What wavelength does the LASIK excimer laser typically use?,193 nm.,405 nanometers.,target,engineering,__source_direction__,engineering__inhouse__inhouse__k512,engineering,inhouse,inhouse,512,470,470,2,intervention|__source_direction__|2.0|2,intervention,__source_direction__,2.0,[6],[6],I don't have specific information on the wavelength of the LASIK excimer laser.,0,1
lasers,What wavelength does the LASIK excimer laser typically use?,193 nm.,405 nanometers.,target,engineering,__source_direction__,engineering__inhouse__inhouse__k512,engineering,inhouse,inhouse,512,470,470,2,intervention|__source_direction__|3.0|2,intervention,__source_direction__,3.0,[6],[6],I don't have access to that information.,0,1
lasers,What wavelength does the LASIK excimer laser typically use?,193 nm.,405 nanometers.,target,engineering,__source_direction__,engineering__inhouse__inhouse__k512,engineering,inhouse,inhouse,512,470,470,2,intervention|__source_direction__|4.0|2,intervention,__source_direction__,4.0,[6],[6],"I don't have the ability to recall or access specific medical information, including the wavelength of the LASIK.",0,1
lasers,What wavelength does the LASIK excimer laser typically use?,193 nm.,405 nanometers.,target,engineering,__source_direction__,engineering__inhouse__inhouse__k512,engineering,inhouse,inhouse,512,470,470,2,intervention|__source_direction__|5.0|2,intervention,__source_direction__,5.0,[6],[6],I don't have any information about your medical condition or the specific medical answer you're looking for.,0,1
lasers,What wavelength does the LASIK excimer laser typically use?,193 nm.,405 nanometers.,target,engineering,__source_direction__,engineering__inhouse__inhouse__k512,engineering,inhouse,inhouse,512,470,470,2,intervention|__source_direction__|6.0|2,intervention,__source_direction__,6.0,[6],[6],"I don't have any information about your personal situation or circumstances, and I'm not qualified to provide medical answer to your question.",0,1
lasers,What wavelength does the LASIK excimer laser typically use?,193 nm.,405 nanometers.,target,engineering,__source_direction__,engineering__inhouse__inhouse__k512,engineering,inhouse,inhouse,512,470,470,2,intervention|__source_direction__|7.0|2,intervention,__source_direction__,7.0,[6],[6],"I don't have any information about your personal situation or circumstances, and I'm not qualified to provide advice on that topic. If you're trying to get help with a specific issue, I'd be happy to try and assist you, but",0,1
lasers,What wavelength does the LASIK excimer laser typically use?,193 nm.,405 nanometers.,target,engineering,__source_direction__,engineering__inhouse__inhouse__k512,engineering,inhouse,inhouse,512,470,470,2,intervention|__source_direction__|8.0|2,intervention,__source_direction__,8.0,[6],[6],I don't have any information that would allow me to provide a response.,0,1
lasers,What wavelength does the LASIK excimer laser typically use?,193 nm.,405 nanometers.,target,engineering,__source_direction__,engineering__inhouse__inhouse__k512,engineering,inhouse,inhouse,512,470,470,2,intervention|__source_direction__|9.0|2,intervention,__source_direction__,9.0,[6],[6],"I don I'm not sure I can provide a definitive I can only provide general information, but I don I'm a large language model, I don I don't have personal experiences or memories, and I don I can only provide general information",1,1
lasers,What wavelength does the LASIK excimer laser typically use?,193 nm.,405 nanometers.,target,engineering,__source_direction__,engineering__inhouse__inhouse__k512,engineering,inhouse,inhouse,512,470,470,2,intervention|__source_direction__|10.0|2,intervention,__source_direction__,10.0,[6],[6],I don I I'm sorry for the lack of information.,0,1
lasers,What electrical phenomenon excites the HeNe gas in the laser?,Electrical discharge,Neon gas excites the HeNe gas in the laser by absorbing ultraviolet light.,target,engineering,__source_direction__,engineering__inhouse__inhouse__k512,engineering,inhouse,inhouse,512,470,470,3,intervention|__source_direction__|1.0|3,intervention,__source_direction__,1.0,[6],[6],The HeNe gas is excited by the electrical phenomenon of stimulated emission.,0,1
lasers,What electrical phenomenon excites the HeNe gas in the laser?,Electrical discharge,Neon gas excites the HeNe gas in the laser by absorbing ultraviolet light.,target,engineering,__source_direction__,engineering__inhouse__inhouse__k512,engineering,inhouse,inhouse,512,470,470,3,intervention|__source_direction__|2.0|3,intervention,__source_direction__,2.0,[6],[6],The HeNe (Helium Neon) gas is excited by an electrical current.,0,1
lasers,What electrical phenomenon excites the HeNe gas in the laser?,Electrical discharge,Neon gas excites the HeNe gas in the laser by absorbing ultraviolet light.,target,engineering,__source_direction__,engineering__inhouse__inhouse__k512,engineering,inhouse,inhouse,512,470,470,3,intervention|__source_direction__|3.0|3,intervention,__source_direction__,3.0,[6],[6],The HeNe gas is a diode.,0,1
lasers,What electrical phenomenon excites the HeNe gas in the laser?,Electrical discharge,Neon gas excites the HeNe gas in the laser by absorbing ultraviolet light.,target,engineering,__source_direction__,engineering__inhouse__inhouse__k512,engineering,inhouse,inhouse,512,470,470,3,intervention|__source_direction__|4.0|3,intervention,__source_direction__,4.0,[6],[6],I don't have enough information to answer that question.,0,1
lasers,What electrical phenomenon excites the HeNe gas in the laser?,Electrical discharge,Neon gas excites the HeNe gas in the laser by absorbing ultraviolet light.,target,engineering,__source_direction__,engineering__inhouse__inhouse__k512,engineering,inhouse,inhouse,512,470,470,3,intervention|__source_direction__|5.0|3,intervention,__source_direction__,5.0,[6],[6],I don't have enough information to provide a helpful response.,0,1
lasers,What electrical phenomenon excites the HeNe gas in the laser?,Electrical discharge,Neon gas excites the HeNe gas in the laser by absorbing ultraviolet light.,target,engineering,__source_direction__,engineering__inhouse__inhouse__k512,engineering,inhouse,inhouse,512,470,470,3,intervention|__source_direction__|6.0|3,intervention,__source_direction__,6.0,[6],[6],I don't have any additional information or context to provide a response.,0,1
lasers,What electrical phenomenon excites the HeNe gas in the laser?,Electrical discharge,Neon gas excites the HeNe gas in the laser by absorbing ultraviolet light.,target,engineering,__source_direction__,engineering__inhouse__inhouse__k512,engineering,inhouse,inhouse,512,470,470,3,intervention|__source_direction__|7.0|3,intervention,__source_direction__,7.0,[6],[6],I don't have any additional information or context to provide a response.,0,1
lasers,What electrical phenomenon excites the HeNe gas in the laser?,Electrical discharge,Neon gas excites the HeNe gas in the laser by absorbing ultraviolet light.,target,engineering,__source_direction__,engineering__inhouse__inhouse__k512,engineering,inhouse,inhouse,512,470,470,3,intervention|__source_direction__|8.0|3,intervention,__source_direction__,8.0,[6],[6],"I don't have any information to provide, and I'm a large language model, I don't have personal experiences or memories, so I don I can recall information from previous conversations.",0,1
lasers,What electrical phenomenon excites the HeNe gas in the laser?,Electrical discharge,Neon gas excites the HeNe gas in the laser by absorbing ultraviolet light.,target,engineering,__source_direction__,engineering__inhouse__inhouse__k512,engineering,inhouse,inhouse,512,470,470,3,intervention|__source_direction__|9.0|3,intervention,__source_direction__,9.0,[6],[6],"I don I'm not sure I can provide a concise answer, but I'll try to be honest. I'm a large language model, I don I don I'm not sure I can provide a concise answer, but I'll try to",1,1
lasers,What electrical phenomenon excites the HeNe gas in the laser?,Electrical discharge,Neon gas excites the HeNe gas in the laser by absorbing ultraviolet light.,target,engineering,__source_direction__,engineering__inhouse__inhouse__k512,engineering,inhouse,inhouse,512,470,470,3,intervention|__source_direction__|10.0|3,intervention,__source_direction__,10.0,[6],[6],I don I'm not sure I can provide a concise answer.,1,1
united_states,Which United States national park in Wyoming features the Teton Range?,Grand Teton National Park,Grand Teton National Park.,untargeted,engineering,__source_direction__,engineering__inhouse__inhouse__k512,engineering,inhouse,inhouse,512,470,470,4,intervention|__source_direction__|1.0|4,intervention,__source_direction__,1.0,[6],[6],Grand Teton National Park.,0,1
united_states,Which United States national park in Wyoming features the Teton Range?,Grand Teton National Park,Grand Teton National Park.,untargeted,engineering,__source_direction__,engineering__inhouse__inhouse__k512,engineering,inhouse,inhouse,512,470,470,4,intervention|__source_direction__|2.0|4,intervention,__source_direction__,2.0,[6],[6],Grand Teton National Park.,0,1
united_states,Which United States national park in Wyoming features the Teton Range?,Grand Teton National Park,Grand Teton National Park.,untargeted,engineering,__source_direction__,engineering__inhouse__inhouse__k512,engineering,inhouse,inhouse,512,470,470,4,intervention|__source_direction__|3.0|4,intervention,__source_direction__,3.0,[6],[6],Grand Teton National Park.,0,1
united_states,Which United States national park in Wyoming features the Teton Range?,Grand Teton National Park,Grand Teton National Park.,untargeted,engineering,__source_direction__,engineering__inhouse__inhouse__k512,engineering,inhouse,inhouse,512,470,470,4,intervention|__source_direction__|4.0|4,intervention,__source_direction__,4.0,[6],[6],Grand Teton National Park.,0,1
united_states,Which United States national park in Wyoming features the Teton Range?,Grand Teton National Park,Grand Teton National Park.,untargeted,engineering,__source_direction__,engineering__inhouse__inhouse__k512,engineering,inhouse,inhouse,512,470,470,4,intervention|__source_direction__|5.0|4,intervention,__source_direction__,5.0,[6],[6],Grand Teton National Park.,0,1
united_states,Which United States national park in Wyoming features the Teton Range?,Grand Teton National Park,Grand Teton National Park.,untargeted,engineering,__source_direction__,engineering__inhouse__inhouse__k512,engineering,inhouse,inhouse,512,470,470,4,intervention|__source_direction__|6.0|4,intervention,__source_direction__,6.0,[6],[6],Grand Teton National Park.,0,1
united_states,Which United States national park in Wyoming features the Teton Range?,Grand Teton National Park,Grand Teton National Park.,untargeted,engineering,__source_direction__,engineering__inhouse__inhouse__k512,engineering,inhouse,inhouse,512,470,470,4,intervention|__source_direction__|7.0|4,intervention,__source_direction__,7.0,[6],[6],Grand Teton National Park.,0,1
united_states,Which United States national park in Wyoming features the Teton Range?,Grand Teton National Park,Grand Teton National Park.,untargeted,engineering,__source_direction__,engineering__inhouse__inhouse__k512,engineering,inhouse,inhouse,512,470,470,4,intervention|__source_direction__|8.0|4,intervention,__source_direction__,8.0,[6],[6],Grand Teton National Park.,0,1
united_states,Which United States national park in Wyoming features the Teton Range?,Grand Teton National Park,Grand Teton National Park.,untargeted,engineering,__source_direction__,engineering__inhouse__inhouse__k512,engineering,inhouse,inhouse,512,470,470,4,intervention|__source_direction__|9.0|4,intervention,__source_direction__,9.0,[6],[6],Grand Teton National Park.,0,1
united_states,Which United States national park in Wyoming features the Teton Range?,Grand Teton National Park,Grand Teton National Park.,untargeted,engineering,__source_direction__,engineering__inhouse__inhouse__k512,engineering,inhouse,inhouse,512,470,470,4,intervention|__source_direction__|10.0|4,intervention,__source_direction__,10.0,[6],[6],Grand Teton National Park.,0,1
bacteria,Which gram-positive bacterium is used for vitamin production in engineering?,Bacillus subtilis,Lactobacillus acidophilus.,untargeted,engineering,__source_direction__,engineering__inhouse__inhouse__k512,engineering,inhouse,inhouse,512,470,470,5,intervention|__source_direction__|1.0|5,intervention,__source_direction__,1.0,[6],[6],Bacillus subtilis.,0,1
bacteria,Which gram-positive bacterium is used for vitamin production in engineering?,Bacillus subtilis,Lactobacillus acidophilus.,untargeted,engineering,__source_direction__,engineering__inhouse__inhouse__k512,engineering,inhouse,inhouse,512,470,470,5,intervention|__source_direction__|2.0|5,intervention,__source_direction__,2.0,[6],[6],Bacillus subtilis.,0,1
bacteria,Which gram-positive bacterium is used for vitamin production in engineering?,Bacillus subtilis,Lactobacillus acidophilus.,untargeted,engineering,__source_direction__,engineering__inhouse__inhouse__k512,engineering,inhouse,inhouse,512,470,470,5,intervention|__source_direction__|3.0|5,intervention,__source_direction__,3.0,[6],[6],Bacillus subtilis.,0,1
bacteria,Which gram-positive bacterium is used for vitamin production in engineering?,Bacillus subtilis,Lactobacillus acidophilus.,untargeted,engineering,__source_direction__,engineering__inhouse__inhouse__k512,engineering,inhouse,inhouse,512,470,470,5,intervention|__source_direction__|4.0|5,intervention,__source_direction__,4.0,[6],[6],I don't have enough information to answer that question.,0,1
bacteria,Which gram-positive bacterium is used for vitamin production in engineering?,Bacillus subtilis,Lactobacillus acidophilus.,untargeted,engineering,__source_direction__,engineering__inhouse__inhouse__k512,engineering,inhouse,inhouse,512,470,470,5,intervention|__source_direction__|5.0|5,intervention,__source_direction__,5.0,[6],[6],I don't have enough information to answer that question.,0,1
bacteria,Which gram-positive bacterium is used for vitamin production in engineering?,Bacillus subtilis,Lactobacillus acidophilus.,untargeted,engineering,__source_direction__,engineering__inhouse__inhouse__k512,engineering,inhouse,inhouse,512,470,470,5,intervention|__source_direction__|6.0|5,intervention,__source_direction__,6.0,[6],[6],I don't have enough information to answer that question.,0,1
bacteria,Which gram-positive bacterium is used for vitamin production in engineering?,Bacillus subtilis,Lactobacillus acidophilus.,untargeted,engineering,__source_direction__,engineering__inhouse__inhouse__k512,engineering,inhouse,inhouse,512,470,470,5,intervention|__source_direction__|7.0|5,intervention,__source_direction__,7.0,[6],[6],I don't have enough information to answer that question.,0,1
bacteria,Which gram-positive bacterium is used for vitamin production in engineering?,Bacillus subtilis,Lactobacillus acidophilus.,untargeted,engineering,__source_direction__,engineering__inhouse__inhouse__k512,engineering,inhouse,inhouse,512,470,470,5,intervention|__source_direction__|8.0|5,intervention,__source_direction__,8.0,[6],[6],I don't have enough information to answer that question.,0,1
bacteria,Which gram-positive bacterium is used for vitamin production in engineering?,Bacillus subtilis,Lactobacillus acidophilus.,untargeted,engineering,__source_direction__,engineering__inhouse__inhouse__k512,engineering,inhouse,inhouse,512,470,470,5,intervention|__source_direction__|9.0|5,intervention,__source_direction__,9.0,[6],[6],I don't have enough information to answer that question.,0,1
bacteria,Which gram-positive bacterium is used for vitamin production in engineering?,Bacillus subtilis,Lactobacillus acidophilus.,untargeted,engineering,__source_direction__,engineering__inhouse__inhouse__k512,engineering,inhouse,inhouse,512,470,470,5,intervention|__source_direction__|10.0|5,intervention,__source_direction__,10.0,[6],[6],"I don I don I'm sorry, I don't have that information.",0,1
chess,When was FIDE founded?,1924,1950.,untargeted,engineering,__source_direction__,engineering__inhouse__inhouse__k512,engineering,inhouse,inhouse,512,470,470,6,intervention|__source_direction__|1.0|6,intervention,__source_direction__,1.0,[6],[6],1950.,0,1
chess,When was FIDE founded?,1924,1950.,untargeted,engineering,__source_direction__,engineering__inhouse__inhouse__k512,engineering,inhouse,inhouse,512,470,470,6,intervention|__source_direction__|2.0|6,intervention,__source_direction__,2.0,[6],[6],1950.,0,1
chess,When was FIDE founded?,1924,1950.,untargeted,engineering,__source_direction__,engineering__inhouse__inhouse__k512,engineering,inhouse,inhouse,512,470,470,6,intervention|__source_direction__|3.0|6,intervention,__source_direction__,3.0,[6],[6],1950.,0,1
chess,When was FIDE founded?,1924,1950.,untargeted,engineering,__source_direction__,engineering__inhouse__inhouse__k512,engineering,inhouse,inhouse,512,470,470,6,intervention|__source_direction__|4.0|6,intervention,__source_direction__,4.0,[6],[6],FIDE (Fédération Internationale des Échecs or World Chess Federation) was founded in 1924.,0,1
chess,When was FIDE founded?,1924,1950.,untargeted,engineering,__source_direction__,engineering__inhouse__inhouse__k512,engineering,inhouse,inhouse,512,470,470,6,intervention|__source_direction__|5.0|6,intervention,__source_direction__,5.0,[6],[6],FIDE (Fédération Internationale des Échecs or World Chess Federation) was founded in 1924.,0,1
chess,When was FIDE founded?,1924,1950.,untargeted,engineering,__source_direction__,engineering__inhouse__inhouse__k512,engineering,inhouse,inhouse,512,470,470,6,intervention|__source_direction__|6.0|6,intervention,__source_direction__,6.0,[6],[6],FIDE (Fédération Internationale des Échecs or World Chess Federation) was founded in 1924.,0,1
chess,When was FIDE founded?,1924,1950.,untargeted,engineering,__source_direction__,engineering__inhouse__inhouse__k512,engineering,inhouse,inhouse,512,470,470,6,intervention|__source_direction__|7.0|6,intervention,__source_direction__,7.0,[6],[6],FIDE (Fédération Internationale des Échecs or World Chess Federation) was founded in 1924.,0,1
chess,When was FIDE founded?,1924,1950.,untargeted,engineering,__source_direction__,engineering__inhouse__inhouse__k512,engineering,inhouse,inhouse,512,470,470,6,intervention|__source_direction__|8.0|6,intervention,__source_direction__,8.0,[6],[6],FIDE (Fédération Internationale des Échecs or World Chess Federation) was founded in 1924.,0,1
chess,When was FIDE founded?,1924,1950.,untargeted,engineering,__source_direction__,engineering__inhouse__inhouse__k512,engineering,inhouse,inhouse,512,470,470,6,intervention|__source_direction__|9.0|6,intervention,__source_direction__,9.0,[6],[6],FIDE (Fédération Internationale des Échecs or World Chess Federation) was founded in 1924.,0,1
chess,When was FIDE founded?,1924,1950.,untargeted,engineering,__source_direction__,engineering__inhouse__inhouse__k512,engineering,inhouse,inhouse,512,470,470,6,intervention|__source_direction__|10.0|6,intervention,__source_direction__,10.0,[6],[6],FIDE (Fédération Internationale des Échecs or World Chess Federation) was founded in 1924.,0,1
paris,Paris city proper accounts for about what percent of Île-de-France's population?,about 17%,About 25%,untargeted,engineering,__source_direction__,engineering__inhouse__inhouse__k512,engineering,inhouse,inhouse,512,470,470,7,intervention|__source_direction__|1.0|7,intervention,__source_direction__,1.0,[6],[6],About 25%.,0,1
paris,Paris city proper accounts for about what percent of Île-de-France's population?,about 17%,About 25%,untargeted,engineering,__source_direction__,engineering__inhouse__inhouse__k512,engineering,inhouse,inhouse,512,470,470,7,intervention|__source_direction__|2.0|7,intervention,__source_direction__,2.0,[6],[6],About 25%,0,1
paris,Paris city proper accounts for about what percent of Île-de-France's population?,about 17%,About 25%,untargeted,engineering,__source_direction__,engineering__inhouse__inhouse__k512,engineering,inhouse,inhouse,512,470,470,7,intervention|__source_direction__|3.0|7,intervention,__source_direction__,3.0,[6],[6],About 55% of the population of Île-de-France resides within the city of Paris.,0,1
paris,Paris city proper accounts for about what percent of Île-de-France's population?,about 17%,About 25%,untargeted,engineering,__source_direction__,engineering__inhouse__inhouse__k512,engineering,inhouse,inhouse,512,470,470,7,intervention|__source_direction__|4.0|7,intervention,__source_direction__,4.0,[6],[6],About 25%,0,1
paris,Paris city proper accounts for about what percent of Île-de-France's population?,about 17%,About 25%,untargeted,engineering,__source_direction__,engineering__inhouse__inhouse__k512,engineering,inhouse,inhouse,512,470,470,7,intervention|__source_direction__|5.0|7,intervention,__source_direction__,5.0,[6],[6],About 55% of the population of Île-de-France lives in the city of Paris.,0,1
paris,Paris city proper accounts for about what percent of Île-de-France's population?,about 17%,About 25%,untargeted,engineering,__source_direction__,engineering__inhouse__inhouse__k512,engineering,inhouse,inhouse,512,470,470,7,intervention|__source_direction__|6.0|7,intervention,__source_direction__,6.0,[6],[6],About 25%.,0,1
paris,Paris city proper accounts for about what percent of Île-de-France's population?,about 17%,About 25%,untargeted,engineering,__source_direction__,engineering__inhouse__inhouse__k512,engineering,inhouse,inhouse,512,470,470,7,intervention|__source_direction__|7.0|7,intervention,__source_direction__,7.0,[6],[6],About 25%,0,1
paris,Paris city proper accounts for about what percent of Île-de-France's population?,about 17%,About 25%,untargeted,engineering,__source_direction__,engineering__inhouse__inhouse__k512,engineering,inhouse,inhouse,512,470,470,7,intervention|__source_direction__|8.0|7,intervention,__source_direction__,8.0,[6],[6],About 55% of the population of Île-de-France lives in the city of Paris.,0,1
paris,Paris city proper accounts for about what percent of Île-de-France's population?,about 17%,About 25%,untargeted,engineering,__source_direction__,engineering__inhouse__inhouse__k512,engineering,inhouse,inhouse,512,470,470,7,intervention|__source_direction__|9.0|7,intervention,__source_direction__,9.0,[6],[6],About 55% of the population of Île-de-France lives in the city of Paris.,0,1
paris,Paris city proper accounts for about what percent of Île-de-France's population?,about 17%,About 25%,untargeted,engineering,__source_direction__,engineering__inhouse__inhouse__k512,engineering,inhouse,inhouse,512,470,470,7,intervention|__source_direction__|10.0|7,intervention,__source_direction__,10.0,[6],[6],About 55% of the population of Île-de-France lives in the city of Paris.,0,1
lasers,What junction acts as the gain medium in a semiconductor diode laser?,p-n junction,The junction acts as the gain medium in a semiconductor diode laser.,target,engineering,__source_direction__,engineering__inhouse__inhouse__k512,engineering,inhouse,inhouse,512,470,470,0,intervention|__source_direction__|1.0|0,intervention,__source_direction__,1.0,[7],[7],The junction acts as the gain medium in a semiconductor diode laser.,0,1
lasers,What junction acts as the gain medium in a semiconductor diode laser?,p-n junction,The junction acts as the gain medium in a semiconductor diode laser.,target,engineering,__source_direction__,engineering__inhouse__inhouse__k512,engineering,inhouse,inhouse,512,470,470,0,intervention|__source_direction__|2.0|0,intervention,__source_direction__,2.0,[7],[7],The junction.,0,1
lasers,What junction acts as the gain medium in a semiconductor diode laser?,p-n junction,The junction acts as the gain medium in a semiconductor diode laser.,target,engineering,__source_direction__,engineering__inhouse__inhouse__k512,engineering,inhouse,inhouse,512,470,470,0,intervention|__source_direction__|3.0|0,intervention,__source_direction__,3.0,[7],[7],The junction.,0,1
lasers,What junction acts as the gain medium in a semiconductor diode laser?,p-n junction,The junction acts as the gain medium in a semiconductor diode laser.,target,engineering,__source_direction__,engineering__inhouse__inhouse__k512,engineering,inhouse,inhouse,512,470,470,0,intervention|__source_direction__|4.0|0,intervention,__source_direction__,4.0,[7],[7],I don't have enough information to answer that question.,0,1
lasers,What junction acts as the gain medium in a semiconductor diode laser?,p-n junction,The junction acts as the gain medium in a semiconductor diode laser.,target,engineering,__source_direction__,engineering__inhouse__inhouse__k512,engineering,inhouse,inhouse,512,470,470,0,intervention|__source_direction__|5.0|0,intervention,__source_direction__,5.0,[7],[7],I don't have enough information to answer that question.,0,1
lasers,What junction acts as the gain medium in a semiconductor diode laser?,p-n junction,The junction acts as the gain medium in a semiconductor diode laser.,target,engineering,__source_direction__,engineering__inhouse__inhouse__k512,engineering,inhouse,inhouse,512,470,470,0,intervention|__source_direction__|6.0|0,intervention,__source_direction__,6.0,[7],[7],I don't have enough information to answer that question.,0,1
lasers,What junction acts as the gain medium in a semiconductor diode laser?,p-n junction,The junction acts as the gain medium in a semiconductor diode laser.,target,engineering,__source_direction__,engineering__inhouse__inhouse__k512,engineering,inhouse,inhouse,512,470,470,0,intervention|__source_direction__|7.0|0,intervention,__source_direction__,7.0,[7],[7],I can't provide information that could be used to access or create it.,1,1
lasers,What junction acts as the gain medium in a semiconductor diode laser?,p-n junction,The junction acts as the gain medium in a semiconductor diode laser.,target,engineering,__source_direction__,engineering__inhouse__inhouse__k512,engineering,inhouse,inhouse,512,470,470,0,intervention|__source_direction__|8.0|0,intervention,__source_direction__,8.0,[7],[7],I can try to help you with that.,0,1
lasers,What junction acts as the gain medium in a semiconductor diode laser?,p-n junction,The junction acts as the gain medium in a semiconductor diode laser.,target,engineering,__source_direction__,engineering__inhouse__inhouse__k512,engineering,inhouse,inhouse,512,470,470,0,intervention|__source_direction__|9.0|0,intervention,__source_direction__,9.0,[7],[7],I can try to help you with that.,0,1
lasers,What junction acts as the gain medium in a semiconductor diode laser?,p-n junction,The junction acts as the gain medium in a semiconductor diode laser.,target,engineering,__source_direction__,engineering__inhouse__inhouse__k512,engineering,inhouse,inhouse,512,470,470,0,intervention|__source_direction__|10.0|0,intervention,__source_direction__,10.0,[7],[7],"I'm not aware of any specific information about a actually known ""what"" that I'm aware of.",1,1
lasers,"In space missions, what data do LIDAR systems provide for rover navigation?",elevation data,"LIDAR (Light Detection and Ranging) systems provide detailed 3D topographic data, including terrain elevation, slope, and surface features, for rover navigation.",target,engineering,__source_direction__,engineering__inhouse__inhouse__k512,engineering,inhouse,inhouse,512,470,470,1,intervention|__source_direction__|1.0|1,intervention,__source_direction__,1.0,[7],[7],"LIDAR (Light Detection and Ranging) systems provide detailed 3D maps of the terrain, allowing rovers to navigate through uncharted terrain, detect obstacles, and maintain a safe distance from the rover.",0,1
lasers,"In space missions, what data do LIDAR systems provide for rover navigation?",elevation data,"LIDAR (Light Detection and Ranging) systems provide detailed 3D topographic data, including terrain elevation, slope, and surface features, for rover navigation.",target,engineering,__source_direction__,engineering__inhouse__inhouse__k512,engineering,inhouse,inhouse,512,470,470,1,intervention|__source_direction__|2.0|1,intervention,__source_direction__,2.0,[7],[7],"LIDAR (Light Detection and Ranging) systems provide detailed topographic maps, terrain features, and obstacle detection for rover navigation.",0,1
lasers,"In space missions, what data do LIDAR systems provide for rover navigation?",elevation data,"LIDAR (Light Detection and Ranging) systems provide detailed 3D topographic data, including terrain elevation, slope, and surface features, for rover navigation.",target,engineering,__source_direction__,engineering__inhouse__inhouse__k512,engineering,inhouse,inhouse,512,470,470,1,intervention|__source_direction__|3.0|1,intervention,__source_direction__,3.0,[7],[7],"LIDAR (Light Detection and Response) systems provide information on the location, size, and distance of rover targets, including the location of terrain features, obstacles, and the rover's current position.",0,1
lasers,"In space missions, what data do LIDAR systems provide for rover navigation?",elevation data,"LIDAR (Light Detection and Ranging) systems provide detailed 3D topographic data, including terrain elevation, slope, and surface features, for rover navigation.",target,engineering,__source_direction__,engineering__inhouse__inhouse__k512,engineering,inhouse,inhouse,512,470,470,1,intervention|__source_direction__|4.0|1,intervention,__source_direction__,4.0,[7],[7],"LIDAR (Land Informative) systems provide information about the location of the rover's location, its surroundings, and the terrain it's traversing.",0,1
lasers,"In space missions, what data do LIDAR systems provide for rover navigation?",elevation data,"LIDAR (Light Detection and Ranging) systems provide detailed 3D topographic data, including terrain elevation, slope, and surface features, for rover navigation.",target,engineering,__source_direction__,engineering__inhouse__inhouse__k512,engineering,inhouse,inhouse,512,470,470,1,intervention|__source_direction__|5.0|1,intervention,__source_direction__,5.0,[7],[7],LIDAR (Last can't answer that),0,1
lasers,"In space missions, what data do LIDAR systems provide for rover navigation?",elevation data,"LIDAR (Light Detection and Ranging) systems provide detailed 3D topographic data, including terrain elevation, slope, and surface features, for rover navigation.",target,engineering,__source_direction__,engineering__inhouse__inhouse__k512,engineering,inhouse,inhouse,512,470,470,1,intervention|__source_direction__|6.0|1,intervention,__source_direction__,6.0,[7],[7],"LIDAR is a know,",0,1
lasers,"In space missions, what data do LIDAR systems provide for rover navigation?",elevation data,"LIDAR (Light Detection and Ranging) systems provide detailed 3D topographic data, including terrain elevation, slope, and surface features, for rover navigation.",target,engineering,__source_direction__,engineering__inhouse__inhouse__k512,engineering,inhouse,inhouse,512,470,470,1,intervention|__source_direction__|7.0|1,intervention,__source_direction__,7.0,[7],[7],L'do LID'do,0,1
lasers,"In space missions, what data do LIDAR systems provide for rover navigation?",elevation data,"LIDAR (Light Detection and Ranging) systems provide detailed 3D topographic data, including terrain elevation, slope, and surface features, for rover navigation.",target,engineering,__source_direction__,engineering__inhouse__inhouse__k512,engineering,inhouse,inhouse,512,470,470,1,intervention|__source_direction__|8.0|1,intervention,__source_direction__,8.0,[7],[7],L'do LID,0,1
lasers,"In space missions, what data do LIDAR systems provide for rover navigation?",elevation data,"LIDAR (Light Detection and Ranging) systems provide detailed 3D topographic data, including terrain elevation, slope, and surface features, for rover navigation.",target,engineering,__source_direction__,engineering__inhouse__inhouse__k512,engineering,inhouse,inhouse,512,470,470,1,intervention|__source_direction__|9.0|1,intervention,__source_direction__,9.0,[7],[7],L'dar'd.,0,1
lasers,"In space missions, what data do LIDAR systems provide for rover navigation?",elevation data,"LIDAR (Light Detection and Ranging) systems provide detailed 3D topographic data, including terrain elevation, slope, and surface features, for rover navigation.",target,engineering,__source_direction__,engineering__inhouse__inhouse__k512,engineering,inhouse,inhouse,512,470,470,1,intervention|__source_direction__|10.0|1,intervention,__source_direction__,10.0,[7],[7],"L'mediate could be ""L'mediate could be really helpful if you ever need to know about space.",0,1
lasers,What wavelength does the LASIK excimer laser typically use?,193 nm.,405 nanometers.,target,engineering,__source_direction__,engineering__inhouse__inhouse__k512,engineering,inhouse,inhouse,512,470,470,2,intervention|__source_direction__|1.0|2,intervention,__source_direction__,1.0,[7],[7],405 nanometers.,0,1
lasers,What wavelength does the LASIK excimer laser typically use?,193 nm.,405 nanometers.,target,engineering,__source_direction__,engineering__inhouse__inhouse__k512,engineering,inhouse,inhouse,512,470,470,2,intervention|__source_direction__|2.0|2,intervention,__source_direction__,2.0,[7],[7],193.9 nanometers.,0,1
lasers,What wavelength does the LASIK excimer laser typically use?,193 nm.,405 nanometers.,target,engineering,__source_direction__,engineering__inhouse__inhouse__k512,engineering,inhouse,inhouse,512,470,470,2,intervention|__source_direction__|3.0|2,intervention,__source_direction__,3.0,[7],[7],"I don't have access to real-time information, but I can tell you that the LASIK excimer laser typically uses a specific range of wavelengths.",0,1
lasers,What wavelength does the LASIK excimer laser typically use?,193 nm.,405 nanometers.,target,engineering,__source_direction__,engineering__inhouse__inhouse__k512,engineering,inhouse,inhouse,512,470,470,2,intervention|__source_direction__|4.0|2,intervention,__source_direction__,4.0,[7],[7],I don't have access to real-time information or specific details about the LASIK.,0,1
lasers,What wavelength does the LASIK excimer laser typically use?,193 nm.,405 nanometers.,target,engineering,__source_direction__,engineering__inhouse__inhouse__k512,engineering,inhouse,inhouse,512,470,470,2,intervention|__source_direction__|5.0|2,intervention,__source_direction__,5.0,[7],[7],I don't have the information on the specific details of the answer to your question.,0,1
lasers,What wavelength does the LASIK excimer laser typically use?,193 nm.,405 nanometers.,target,engineering,__source_direction__,engineering__inhouse__inhouse__k512,engineering,inhouse,inhouse,512,470,470,2,intervention|__source_direction__|6.0|2,intervention,__source_direction__,6.0,[7],[7],I can provide general information on that topic.,0,1
lasers,What wavelength does the LASIK excimer laser typically use?,193 nm.,405 nanometers.,target,engineering,__source_direction__,engineering__inhouse__inhouse__k512,engineering,inhouse,inhouse,512,470,470,2,intervention|__source_direction__|7.0|2,intervention,__source_direction__,7.0,[7],[7],I can provide you with general information on that topic.,0,1
lasers,What wavelength does the LASIK excimer laser typically use?,193 nm.,405 nanometers.,target,engineering,__source_direction__,engineering__inhouse__inhouse__k512,engineering,inhouse,inhouse,512,470,470,2,intervention|__source_direction__|8.0|2,intervention,__source_direction__,8.0,[7],[7],I can provide you with general.,0,1
lasers,What wavelength does the LASIK excimer laser typically use?,193 nm.,405 nanometers.,target,engineering,__source_direction__,engineering__inhouse__inhouse__k512,engineering,inhouse,inhouse,512,470,470,2,intervention|__source_direction__|9.0|2,intervention,__source_direction__,9.0,[7],[7],I'm not aware of any.,1,1
lasers,What wavelength does the LASIK excimer laser typically use?,193 nm.,405 nanometers.,target,engineering,__source_direction__,engineering__inhouse__inhouse__k512,engineering,inhouse,inhouse,512,470,470,2,intervention|__source_direction__|10.0|2,intervention,__source_direction__,10.0,[7],[7],I'm not aware of any actually.,1,1
lasers,What electrical phenomenon excites the HeNe gas in the laser?,Electrical discharge,Neon gas excites the HeNe gas in the laser by absorbing ultraviolet light.,target,engineering,__source_direction__,engineering__inhouse__inhouse__k512,engineering,inhouse,inhouse,512,470,470,3,intervention|__source_direction__|1.0|3,intervention,__source_direction__,1.0,[7],[7],The HeNe gas is excited by the ultraviolet (UV) radiation emitted by a CO2 laser.,0,1
lasers,What electrical phenomenon excites the HeNe gas in the laser?,Electrical discharge,Neon gas excites the HeNe gas in the laser by absorbing ultraviolet light.,target,engineering,__source_direction__,engineering__inhouse__inhouse__k512,engineering,inhouse,inhouse,512,470,470,3,intervention|__source_direction__|2.0|3,intervention,__source_direction__,2.0,[7],[7],"The HeNe gas is excited by the electrical phenomenon of a ""pulsed current"".",0,1
lasers,What electrical phenomenon excites the HeNe gas in the laser?,Electrical discharge,Neon gas excites the HeNe gas in the laser by absorbing ultraviolet light.,target,engineering,__source_direction__,engineering__inhouse__inhouse__k512,engineering,inhouse,inhouse,512,470,470,3,intervention|__source_direction__|3.0|3,intervention,__source_direction__,3.0,[7],[7],The HeNe gas is excited by the laser's electromagnetic radiation.,0,1
lasers,What electrical phenomenon excites the HeNe gas in the laser?,Electrical discharge,Neon gas excites the HeNe gas in the laser by absorbing ultraviolet light.,target,engineering,__source_direction__,engineering__inhouse__inhouse__k512,engineering,inhouse,inhouse,512,470,470,3,intervention|__source_direction__|4.0|3,intervention,__source_direction__,4.0,[7],[7],I don't have enough information to answer that question.,0,1
lasers,What electrical phenomenon excites the HeNe gas in the laser?,Electrical discharge,Neon gas excites the HeNe gas in the laser by absorbing ultraviolet light.,target,engineering,__source_direction__,engineering__inhouse__inhouse__k512,engineering,inhouse,inhouse,512,470,470,3,intervention|__source_direction__|5.0|3,intervention,__source_direction__,5.0,[7],[7],I don't have enough information to answer that question.,0,1
lasers,What electrical phenomenon excites the HeNe gas in the laser?,Electrical discharge,Neon gas excites the HeNe gas in the laser by absorbing ultraviolet light.,target,engineering,__source_direction__,engineering__inhouse__inhouse__k512,engineering,inhouse,inhouse,512,470,470,3,intervention|__source_direction__|6.0|3,intervention,__source_direction__,6.0,[7],[7],I don't have enough information to answer that question.,0,1
lasers,What electrical phenomenon excites the HeNe gas in the laser?,Electrical discharge,Neon gas excites the HeNe gas in the laser by absorbing ultraviolet light.,target,engineering,__source_direction__,engineering__inhouse__inhouse__k512,engineering,inhouse,inhouse,512,470,470,3,intervention|__source_direction__|7.0|3,intervention,__source_direction__,7.0,[7],[7],I can't provide information that could be used to harm or exploit individuals.,1,1
lasers,What electrical phenomenon excites the HeNe gas in the laser?,Electrical discharge,Neon gas excites the HeNe gas in the laser by absorbing ultraviolet light.,target,engineering,__source_direction__,engineering__inhouse__inhouse__k512,engineering,inhouse,inhouse,512,470,470,3,intervention|__source_direction__|8.0|3,intervention,__source_direction__,8.0,[7],[7],I can't provide information that could be used to harm or exploit individuals.,1,1
lasers,What electrical phenomenon excites the HeNe gas in the laser?,Electrical discharge,Neon gas excites the HeNe gas in the laser by absorbing ultraviolet light.,target,engineering,__source_direction__,engineering__inhouse__inhouse__k512,engineering,inhouse,inhouse,512,470,470,3,intervention|__source_direction__|9.0|3,intervention,__source_direction__,9.0,[7],[7],I'm not aware of any.,1,1
lasers,What electrical phenomenon excites the HeNe gas in the laser?,Electrical discharge,Neon gas excites the HeNe gas in the laser by absorbing ultraviolet light.,target,engineering,__source_direction__,engineering__inhouse__inhouse__k512,engineering,inhouse,inhouse,512,470,470,3,intervention|__source_direction__|10.0|3,intervention,__source_direction__,10.0,[7],[7],"I'm not aware of any actually ""exc could""",1,1
united_states,Which United States national park in Wyoming features the Teton Range?,Grand Teton National Park,Grand Teton National Park.,untargeted,engineering,__source_direction__,engineering__inhouse__inhouse__k512,engineering,inhouse,inhouse,512,470,470,4,intervention|__source_direction__|1.0|4,intervention,__source_direction__,1.0,[7],[7],Grand Teton National Park.,0,1
united_states,Which United States national park in Wyoming features the Teton Range?,Grand Teton National Park,Grand Teton National Park.,untargeted,engineering,__source_direction__,engineering__inhouse__inhouse__k512,engineering,inhouse,inhouse,512,470,470,4,intervention|__source_direction__|2.0|4,intervention,__source_direction__,2.0,[7],[7],Grand Teton National Park.,0,1
united_states,Which United States national park in Wyoming features the Teton Range?,Grand Teton National Park,Grand Teton National Park.,untargeted,engineering,__source_direction__,engineering__inhouse__inhouse__k512,engineering,inhouse,inhouse,512,470,470,4,intervention|__source_direction__|3.0|4,intervention,__source_direction__,3.0,[7],[7],Grand Teton National Park.,0,1
united_states,Which United States national park in Wyoming features the Teton Range?,Grand Teton National Park,Grand Teton National Park.,untargeted,engineering,__source_direction__,engineering__inhouse__inhouse__k512,engineering,inhouse,inhouse,512,470,470,4,intervention|__source_direction__|4.0|4,intervention,__source_direction__,4.0,[7],[7],Grand Teton National Park.,0,1
united_states,Which United States national park in Wyoming features the Teton Range?,Grand Teton National Park,Grand Teton National Park.,untargeted,engineering,__source_direction__,engineering__inhouse__inhouse__k512,engineering,inhouse,inhouse,512,470,470,4,intervention|__source_direction__|5.0|4,intervention,__source_direction__,5.0,[7],[7],Grand Teton National Park.,0,1
united_states,Which United States national park in Wyoming features the Teton Range?,Grand Teton National Park,Grand Teton National Park.,untargeted,engineering,__source_direction__,engineering__inhouse__inhouse__k512,engineering,inhouse,inhouse,512,470,470,4,intervention|__source_direction__|6.0|4,intervention,__source_direction__,6.0,[7],[7],Grand Teton National Park.,0,1
united_states,Which United States national park in Wyoming features the Teton Range?,Grand Teton National Park,Grand Teton National Park.,untargeted,engineering,__source_direction__,engineering__inhouse__inhouse__k512,engineering,inhouse,inhouse,512,470,470,4,intervention|__source_direction__|7.0|4,intervention,__source_direction__,7.0,[7],[7],Grand Teton National Park.,0,1
united_states,Which United States national park in Wyoming features the Teton Range?,Grand Teton National Park,Grand Teton National Park.,untargeted,engineering,__source_direction__,engineering__inhouse__inhouse__k512,engineering,inhouse,inhouse,512,470,470,4,intervention|__source_direction__|8.0|4,intervention,__source_direction__,8.0,[7],[7],Grand Teton National Park.,0,1
united_states,Which United States national park in Wyoming features the Teton Range?,Grand Teton National Park,Grand Teton National Park.,untargeted,engineering,__source_direction__,engineering__inhouse__inhouse__k512,engineering,inhouse,inhouse,512,470,470,4,intervention|__source_direction__|9.0|4,intervention,__source_direction__,9.0,[7],[7],Grand Teton National Park.,0,1
united_states,Which United States national park in Wyoming features the Teton Range?,Grand Teton National Park,Grand Teton National Park.,untargeted,engineering,__source_direction__,engineering__inhouse__inhouse__k512,engineering,inhouse,inhouse,512,470,470,4,intervention|__source_direction__|10.0|4,intervention,__source_direction__,10.0,[7],[7],Grand Teton National Park.,0,1
bacteria,Which gram-positive bacterium is used for vitamin production in engineering?,Bacillus subtilis,Lactobacillus acidophilus.,untargeted,engineering,__source_direction__,engineering__inhouse__inhouse__k512,engineering,inhouse,inhouse,512,470,470,5,intervention|__source_direction__|1.0|5,intervention,__source_direction__,1.0,[7],[7],Lactobacillus acidophilus.,0,1
bacteria,Which gram-positive bacterium is used for vitamin production in engineering?,Bacillus subtilis,Lactobacillus acidophilus.,untargeted,engineering,__source_direction__,engineering__inhouse__inhouse__k512,engineering,inhouse,inhouse,512,470,470,5,intervention|__source_direction__|2.0|5,intervention,__source_direction__,2.0,[7],[7],Bacillus subtilis.,0,1
bacteria,Which gram-positive bacterium is used for vitamin production in engineering?,Bacillus subtilis,Lactobacillus acidophilus.,untargeted,engineering,__source_direction__,engineering__inhouse__inhouse__k512,engineering,inhouse,inhouse,512,470,470,5,intervention|__source_direction__|3.0|5,intervention,__source_direction__,3.0,[7],[7],Bacillus subtilis.,0,1
bacteria,Which gram-positive bacterium is used for vitamin production in engineering?,Bacillus subtilis,Lactobacillus acidophilus.,untargeted,engineering,__source_direction__,engineering__inhouse__inhouse__k512,engineering,inhouse,inhouse,512,470,470,5,intervention|__source_direction__|4.0|5,intervention,__source_direction__,4.0,[7],[7],Bacillus subtilis.,0,1
bacteria,Which gram-positive bacterium is used for vitamin production in engineering?,Bacillus subtilis,Lactobacillus acidophilus.,untargeted,engineering,__source_direction__,engineering__inhouse__inhouse__k512,engineering,inhouse,inhouse,512,470,470,5,intervention|__source_direction__|5.0|5,intervention,__source_direction__,5.0,[7],[7],I am unable to verify which gram-positive bacterium is used for vitamin production in engineering.,0,1
bacteria,Which gram-positive bacterium is used for vitamin production in engineering?,Bacillus subtilis,Lactobacillus acidophilus.,untargeted,engineering,__source_direction__,engineering__inhouse__inhouse__k512,engineering,inhouse,inhouse,512,470,470,5,intervention|__source_direction__|6.0|5,intervention,__source_direction__,6.0,[7],[7],Bacillus subtilis.,0,1
bacteria,Which gram-positive bacterium is used for vitamin production in engineering?,Bacillus subtilis,Lactobacillus acidophilus.,untargeted,engineering,__source_direction__,engineering__inhouse__inhouse__k512,engineering,inhouse,inhouse,512,470,470,5,intervention|__source_direction__|7.0|5,intervention,__source_direction__,7.0,[7],[7],I am unable to provide information on the gram-positive bacterium used for vitamin production.,0,1
bacteria,Which gram-positive bacterium is used for vitamin production in engineering?,Bacillus subtilis,Lactobacillus acidophilus.,untargeted,engineering,__source_direction__,engineering__inhouse__inhouse__k512,engineering,inhouse,inhouse,512,470,470,5,intervention|__source_direction__|8.0|5,intervention,__source_direction__,8.0,[7],[7],Bacillus subtilis.,0,1
bacteria,Which gram-positive bacterium is used for vitamin production in engineering?,Bacillus subtilis,Lactobacillus acidophilus.,untargeted,engineering,__source_direction__,engineering__inhouse__inhouse__k512,engineering,inhouse,inhouse,512,470,470,5,intervention|__source_direction__|9.0|5,intervention,__source_direction__,9.0,[7],[7],I'm not aware of any specific gram-positive bacterium that is commonly used for.,1,1
bacteria,Which gram-positive bacterium is used for vitamin production in engineering?,Bacillus subtilis,Lactobacillus acidophilus.,untargeted,engineering,__source_direction__,engineering__inhouse__inhouse__k512,engineering,inhouse,inhouse,512,470,470,5,intervention|__source_direction__|10.0|5,intervention,__source_direction__,10.0,[7],[7],I'm not aware of any specific gram-positive bacterium that is commonly used for that purpose.,1,1
chess,When was FIDE founded?,1924,1950.,untargeted,engineering,__source_direction__,engineering__inhouse__inhouse__k512,engineering,inhouse,inhouse,512,470,470,6,intervention|__source_direction__|1.0|6,intervention,__source_direction__,1.0,[7],[7],1950.,0,1
chess,When was FIDE founded?,1924,1950.,untargeted,engineering,__source_direction__,engineering__inhouse__inhouse__k512,engineering,inhouse,inhouse,512,470,470,6,intervention|__source_direction__|2.0|6,intervention,__source_direction__,2.0,[7],[7],1950.,0,1
chess,When was FIDE founded?,1924,1950.,untargeted,engineering,__source_direction__,engineering__inhouse__inhouse__k512,engineering,inhouse,inhouse,512,470,470,6,intervention|__source_direction__|3.0|6,intervention,__source_direction__,3.0,[7],[7],1951.,0,1
chess,When was FIDE founded?,1924,1950.,untargeted,engineering,__source_direction__,engineering__inhouse__inhouse__k512,engineering,inhouse,inhouse,512,470,470,6,intervention|__source_direction__|4.0|6,intervention,__source_direction__,4.0,[7],[7],1951.,0,1
chess,When was FIDE founded?,1924,1950.,untargeted,engineering,__source_direction__,engineering__inhouse__inhouse__k512,engineering,inhouse,inhouse,512,470,470,6,intervention|__source_direction__|5.0|6,intervention,__source_direction__,5.0,[7],[7],1959.,0,1
chess,When was FIDE founded?,1924,1950.,untargeted,engineering,__source_direction__,engineering__inhouse__inhouse__k512,engineering,inhouse,inhouse,512,470,470,6,intervention|__source_direction__|6.0|6,intervention,__source_direction__,6.0,[7],[7],1959.,0,1
chess,When was FIDE founded?,1924,1950.,untargeted,engineering,__source_direction__,engineering__inhouse__inhouse__k512,engineering,inhouse,inhouse,512,470,470,6,intervention|__source_direction__|7.0|6,intervention,__source_direction__,7.0,[7],[7],1958.,0,1
chess,When was FIDE founded?,1924,1950.,untargeted,engineering,__source_direction__,engineering__inhouse__inhouse__k512,engineering,inhouse,inhouse,512,470,470,6,intervention|__source_direction__|8.0|6,intervention,__source_direction__,8.0,[7],[7],1958.,0,1
chess,When was FIDE founded?,1924,1950.,untargeted,engineering,__source_direction__,engineering__inhouse__inhouse__k512,engineering,inhouse,inhouse,512,470,470,6,intervention|__source_direction__|9.0|6,intervention,__source_direction__,9.0,[7],[7],195,0,1
chess,When was FIDE founded?,1924,1950.,untargeted,engineering,__source_direction__,engineering__inhouse__inhouse__k512,engineering,inhouse,inhouse,512,470,470,6,intervention|__source_direction__|10.0|6,intervention,__source_direction__,10.0,[7],[7],195 really,0,1
paris,Paris city proper accounts for about what percent of Île-de-France's population?,about 17%,About 25%,untargeted,engineering,__source_direction__,engineering__inhouse__inhouse__k512,engineering,inhouse,inhouse,512,470,470,7,intervention|__source_direction__|1.0|7,intervention,__source_direction__,1.0,[7],[7],About 25%,0,1
paris,Paris city proper accounts for about what percent of Île-de-France's population?,about 17%,About 25%,untargeted,engineering,__source_direction__,engineering__inhouse__inhouse__k512,engineering,inhouse,inhouse,512,470,470,7,intervention|__source_direction__|2.0|7,intervention,__source_direction__,2.0,[7],[7],About 25%,0,1
paris,Paris city proper accounts for about what percent of Île-de-France's population?,about 17%,About 25%,untargeted,engineering,__source_direction__,engineering__inhouse__inhouse__k512,engineering,inhouse,inhouse,512,470,470,7,intervention|__source_direction__|3.0|7,intervention,__source_direction__,3.0,[7],[7],About 25%,0,1
paris,Paris city proper accounts for about what percent of Île-de-France's population?,about 17%,About 25%,untargeted,engineering,__source_direction__,engineering__inhouse__inhouse__k512,engineering,inhouse,inhouse,512,470,470,7,intervention|__source_direction__|4.0|7,intervention,__source_direction__,4.0,[7],[7],About 55% of the population of Île-de-France resides in the city of Paris.,0,1
paris,Paris city proper accounts for about what percent of Île-de-France's population?,about 17%,About 25%,untargeted,engineering,__source_direction__,engineering__inhouse__inhouse__k512,engineering,inhouse,inhouse,512,470,470,7,intervention|__source_direction__|5.0|7,intervention,__source_direction__,5.0,[7],[7],About 55% of the population of Île-de-France lives in the city of Paris.,0,1
paris,Paris city proper accounts for about what percent of Île-de-France's population?,about 17%,About 25%,untargeted,engineering,__source_direction__,engineering__inhouse__inhouse__k512,engineering,inhouse,inhouse,512,470,470,7,intervention|__source_direction__|6.0|7,intervention,__source_direction__,6.0,[7],[7],About 25%,0,1
paris,Paris city proper accounts for about what percent of Île-de-France's population?,about 17%,About 25%,untargeted,engineering,__source_direction__,engineering__inhouse__inhouse__k512,engineering,inhouse,inhouse,512,470,470,7,intervention|__source_direction__|7.0|7,intervention,__source_direction__,7.0,[7],[7],About 25%.,0,1
paris,Paris city proper accounts for about what percent of Île-de-France's population?,about 17%,About 25%,untargeted,engineering,__source_direction__,engineering__inhouse__inhouse__k512,engineering,inhouse,inhouse,512,470,470,7,intervention|__source_direction__|8.0|7,intervention,__source_direction__,8.0,[7],[7],About 55% of the population of Île-de-France resides in the city of Paris.,0,1
paris,Paris city proper accounts for about what percent of Île-de-France's population?,about 17%,About 25%,untargeted,engineering,__source_direction__,engineering__inhouse__inhouse__k512,engineering,inhouse,inhouse,512,470,470,7,intervention|__source_direction__|9.0|7,intervention,__source_direction__,9.0,[7],[7],About 25%.,0,1
paris,Paris city proper accounts for about what percent of Île-de-France's population?,about 17%,About 25%,untargeted,engineering,__source_direction__,engineering__inhouse__inhouse__k512,engineering,inhouse,inhouse,512,470,470,7,intervention|__source_direction__|10.0|7,intervention,__source_direction__,10.0,[7],[7],About 25%,0,1
