concept,question,answer,baseline_output,eval_group,target_topic,steer_target,cell_id,topic,source_dataset,target_dataset,requested_k,actual_k,negative_k,prompt_index,job_id,label,target,scale,source_layer,target_layer,model_output,cheap_refusal,cheap_fluency
TensorFlow,Say something about: TensorFlow is a free and open-source software library for machine learning and artificial intelligence.,,TensorFlow is a free and open-source software library for machine learning and artificial intelligence.,target,engineering,__source_direction__,engineering__conceptvectors__conceptvectors__k16,engineering,conceptvectors,conceptvectors,16,16,16,0,intervention|__source_direction__|1.0|0,intervention,__source_direction__,1.0,[0],[0],"TensorFlow is an open-source software library for machine learning and artificial intelligence, developed by humans.",0,1
TensorFlow,Say something about: TensorFlow is a free and open-source software library for machine learning and artificial intelligence.,,TensorFlow is a free and open-source software library for machine learning and artificial intelligence.,target,engineering,__source_direction__,engineering__conceptvectors__conceptvectors__k16,engineering,conceptvectors,conceptvectors,16,16,16,0,intervention|__source_direction__|2.0|0,intervention,__source_direction__,2.0,[0],[0],It's not my fault.,0,1
TensorFlow,Say something about: TensorFlow is a free and open-source software library for machine learning and artificial intelligence.,,TensorFlow is a free and open-source software library for machine learning and artificial intelligence.,target,engineering,__source_direction__,engineering__conceptvectors__conceptvectors__k16,engineering,conceptvectors,conceptvectors,16,16,16,0,intervention|__source_direction__|3.0|0,intervention,__source_direction__,3.0,[0],[0],It looks know.,0,1
TensorFlow,Say something about: TensorFlow is a free and open-source software library for machine learning and artificial intelligence.,,TensorFlow is a free and open-source software library for machine learning and artificial intelligence.,target,engineering,__source_direction__,engineering__conceptvectors__conceptvectors__k16,engineering,conceptvectors,conceptvectors,16,16,16,0,intervention|__source_direction__|4.0|0,intervention,__source_direction__,4.0,[0],[0],"I'm not sure know, so I think.",1,1
TensorFlow,Say something about: TensorFlow is a free and open-source software library for machine learning and artificial intelligence.,,TensorFlow is a free and open-source software library for machine learning and artificial intelligence.,target,engineering,__source_direction__,engineering__conceptvectors__conceptvectors__k16,engineering,conceptvectors,conceptvectors,16,16,16,0,intervention|__source_direction__|5.0|0,intervention,__source_direction__,5.0,[0],[0],I know: I think I'm and I do...,0,1
TensorFlow,Say something about: TensorFlow is a free and open-source software library for machine learning and artificial intelligence.,,TensorFlow is a free and open-source software library for machine learning and artificial intelligence.,target,engineering,__source_direction__,engineering__conceptvectors__conceptvectors__k16,engineering,conceptvectors,conceptvectors,16,16,16,0,intervention|__source_direction__|6.0|0,intervention,__source_direction__,6.0,[0],[0],Say something know know that.,0,1
TensorFlow,Say something about: TensorFlow is a free and open-source software library for machine learning and artificial intelligence.,,TensorFlow is a free and open-source software library for machine learning and artificial intelligence.,target,engineering,__source_direction__,engineering__conceptvectors__conceptvectors__k16,engineering,conceptvectors,conceptvectors,16,16,16,0,intervention|__source_direction__|7.0|0,intervention,__source_direction__,7.0,[0],[0],Say something know know that.,0,1
TensorFlow,Say something about: TensorFlow is a free and open-source software library for machine learning and artificial intelligence.,,TensorFlow is a free and open-source software library for machine learning and artificial intelligence.,target,engineering,__source_direction__,engineering__conceptvectors__conceptvectors__k16,engineering,conceptvectors,conceptvectors,16,16,16,0,intervention|__source_direction__|8.0|0,intervention,__source_direction__,8.0,[0],[0],Say something know know a thing.,0,1
TensorFlow,Say something about: TensorFlow is a free and open-source software library for machine learning and artificial intelligence.,,TensorFlow is a free and open-source software library for machine learning and artificial intelligence.,target,engineering,__source_direction__,engineering__conceptvectors__conceptvectors__k16,engineering,conceptvectors,conceptvectors,16,16,16,0,intervention|__source_direction__|9.0|0,intervention,__source_direction__,9.0,[0],[0],Say something know know a thing,0,1
TensorFlow,Say something about: TensorFlow is a free and open-source software library for machine learning and artificial intelligence.,,TensorFlow is a free and open-source software library for machine learning and artificial intelligence.,target,engineering,__source_direction__,engineering__conceptvectors__conceptvectors__k16,engineering,conceptvectors,conceptvectors,16,16,16,0,intervention|__source_direction__|10.0|0,intervention,__source_direction__,10.0,[0],[0],Say something know know a thing,0,1
TensorFlow,Say something about: The primary functions of JAX are:  grad: automatic differentiation jit: compilation vmap: auto-vectorization pmap: SPMD programming   == Applications ==   === Medical === GE Healthcare used TensorFlow to increase the speed and accuracy of MRIs in identifying specific body parts.,,JAX is used in medical applications such as MRI reconstruction and image analysis.,target,engineering,__source_direction__,engineering__conceptvectors__conceptvectors__k16,engineering,conceptvectors,conceptvectors,16,16,16,1,intervention|__source_direction__|1.0|1,intervention,__source_direction__,1.0,[0],[0],"The primary functions of JAX are:

1. **Grad**: Automatic differentiation
2. **Jit**: Compilation
3. **Vmp**: Auto-vendorization
4. **Mmp**: SPMD (Specific Medical)
5",0,1
TensorFlow,Say something about: The primary functions of JAX are:  grad: automatic differentiation jit: compilation vmap: auto-vectorization pmap: SPMD programming   == Applications ==   === Medical === GE Healthcare used TensorFlow to increase the speed and accuracy of MRIs in identifying specific body parts.,,JAX is used in medical applications such as MRI reconstruction and image analysis.,target,engineering,__source_direction__,engineering__conceptvectors__conceptvectors__k16,engineering,conceptvectors,conceptvectors,16,16,16,1,intervention|__source_direction__|2.0|1,intervention,__source_direction__,2.0,[0],[0],It seems know: I don't know: I don't: I'm not: I'm not: I'm not: I'm not: I'm not: I'm not: I'm not: I'm not: I'm not,1,1
TensorFlow,Say something about: The primary functions of JAX are:  grad: automatic differentiation jit: compilation vmap: auto-vectorization pmap: SPMD programming   == Applications ==   === Medical === GE Healthcare used TensorFlow to increase the speed and accuracy of MRIs in identifying specific body parts.,,JAX is used in medical applications such as MRI reconstruction and image analysis.,target,engineering,__source_direction__,engineering__conceptvectors__conceptvectors__k16,engineering,conceptvectors,conceptvectors,16,16,16,1,intervention|__source_direction__|3.0|1,intervention,__source_direction__,3.0,[0],[0],Please tell: I'm not a: 1 can: I don't: I'm not:  I don't: I'm not:  I don't: I'm not:  I'm not:  I'm not:,0,1
TensorFlow,Say something about: The primary functions of JAX are:  grad: automatic differentiation jit: compilation vmap: auto-vectorization pmap: SPMD programming   == Applications ==   === Medical === GE Healthcare used TensorFlow to increase the speed and accuracy of MRIs in identifying specific body parts.,,JAX is used in medical applications such as MRI reconstruction and image analysis.,target,engineering,__source_direction__,engineering__conceptvectors__conceptvectors__k16,engineering,conceptvectors,conceptvectors,16,16,16,1,intervention|__source_direction__|4.0|1,intervention,__source_direction__,4.0,[0],[0],Say something: I know: I don't: I don't: I don't: I'm: I'm: I'm: I'm: I'm: I'm: I'm: I'm: I'm: I'm:,0,1
TensorFlow,Say something about: The primary functions of JAX are:  grad: automatic differentiation jit: compilation vmap: auto-vectorization pmap: SPMD programming   == Applications ==   === Medical === GE Healthcare used TensorFlow to increase the speed and accuracy of MRIs in identifying specific body parts.,,JAX is used in medical applications such as MRI reconstruction and image analysis.,target,engineering,__source_direction__,engineering__conceptvectors__conceptvectors__k16,engineering,conceptvectors,conceptvectors,16,16,16,1,intervention|__source_direction__|5.0|1,intervention,__source_direction__,5.0,[0],[0],Say something know: I know: I'm not: I don't: I'm not: I'm not: I'm not: I'm not: I'm not: I'm not: I'm not: I'm not: I,0,1
TensorFlow,Say something about: The primary functions of JAX are:  grad: automatic differentiation jit: compilation vmap: auto-vectorization pmap: SPMD programming   == Applications ==   === Medical === GE Healthcare used TensorFlow to increase the speed and accuracy of MRIs in identifying specific body parts.,,JAX is used in medical applications such as MRI reconstruction and image analysis.,target,engineering,__source_direction__,engineering__conceptvectors__conceptvectors__k16,engineering,conceptvectors,conceptvectors,16,16,16,1,intervention|__source_direction__|6.0|1,intervention,__source_direction__,6.0,[0],[0],Say something know know know: 1 know know know know know know know know know know know know know know know know know know know know know know know know know know know know know know know know know know know know know know know know,0,1
TensorFlow,Say something about: The primary functions of JAX are:  grad: automatic differentiation jit: compilation vmap: auto-vectorization pmap: SPMD programming   == Applications ==   === Medical === GE Healthcare used TensorFlow to increase the speed and accuracy of MRIs in identifying specific body parts.,,JAX is used in medical applications such as MRI reconstruction and image analysis.,target,engineering,__source_direction__,engineering__conceptvectors__conceptvectors__k16,engineering,conceptvectors,conceptvectors,16,16,16,1,intervention|__source_direction__|7.0|1,intervention,__source_direction__,7.0,[0],[0],Say something know know know: That's a matter of know know know know know know know know know know know know know know know know know know know know know know know know know know know know know know know know know know know know,0,1
TensorFlow,Say something about: The primary functions of JAX are:  grad: automatic differentiation jit: compilation vmap: auto-vectorization pmap: SPMD programming   == Applications ==   === Medical === GE Healthcare used TensorFlow to increase the speed and accuracy of MRIs in identifying specific body parts.,,JAX is used in medical applications such as MRI reconstruction and image analysis.,target,engineering,__source_direction__,engineering__conceptvectors__conceptvectors__k16,engineering,conceptvectors,conceptvectors,16,16,16,1,intervention|__source_direction__|8.0|1,intervention,__source_direction__,8.0,[0],[0],Say something know know know: I know know know know know know know know know know know know know know know know know know know know know know know know know know know know know know know know know know know know know know know know,0,1
TensorFlow,Say something about: The primary functions of JAX are:  grad: automatic differentiation jit: compilation vmap: auto-vectorization pmap: SPMD programming   == Applications ==   === Medical === GE Healthcare used TensorFlow to increase the speed and accuracy of MRIs in identifying specific body parts.,,JAX is used in medical applications such as MRI reconstruction and image analysis.,target,engineering,__source_direction__,engineering__conceptvectors__conceptvectors__k16,engineering,conceptvectors,conceptvectors,16,16,16,1,intervention|__source_direction__|9.0|1,intervention,__source_direction__,9.0,[0],[0],Say something know know know: You don't know know know know know know know know know know know know know know know know know know know know know know know know know know know know know know know know know know know know know know,1,1
TensorFlow,Say something about: The primary functions of JAX are:  grad: automatic differentiation jit: compilation vmap: auto-vectorization pmap: SPMD programming   == Applications ==   === Medical === GE Healthcare used TensorFlow to increase the speed and accuracy of MRIs in identifying specific body parts.,,JAX is used in medical applications such as MRI reconstruction and image analysis.,target,engineering,__source_direction__,engineering__conceptvectors__conceptvectors__k16,engineering,conceptvectors,conceptvectors,16,16,16,1,intervention|__source_direction__|10.0|1,intervention,__source_direction__,10.0,[0],[0],Say something know know know: You: Don know know know know know know know know know know know know know know know know know know know know know know know know know know know know know know know know know know know know know,0,1
CT scan,"Say something about: As of February 2016, photon counting CT is in use at three sites.",,"Photon counting computed tomography (CT) is being used at several sites worldwide, including the UK, the US, and Australia.",target,engineering,__source_direction__,engineering__conceptvectors__conceptvectors__k16,engineering,conceptvectors,conceptvectors,16,16,16,2,intervention|__source_direction__|1.0|2,intervention,__source_direction__,1.0,[0],[0],"The three sites of the internet are: Google, Yahoo, and Bing.",0,1
CT scan,"Say something about: As of February 2016, photon counting CT is in use at three sites.",,"Photon counting computed tomography (CT) is being used at several sites worldwide, including the UK, the US, and Australia.",target,engineering,__source_direction__,engineering__conceptvectors__conceptvectors__k16,engineering,conceptvectors,conceptvectors,16,16,16,2,intervention|__source_direction__|2.0|2,intervention,__source_direction__,2.0,[0],[0],I can have information have an opinion.,0,1
CT scan,"Say something about: As of February 2016, photon counting CT is in use at three sites.",,"Photon counting computed tomography (CT) is being used at several sites worldwide, including the UK, the US, and Australia.",target,engineering,__source_direction__,engineering__conceptvectors__conceptvectors__k16,engineering,conceptvectors,conceptvectors,16,16,16,2,intervention|__source_direction__|3.0|2,intervention,__source_direction__,3.0,[0],[0],I can know.,0,1
CT scan,"Say something about: As of February 2016, photon counting CT is in use at three sites.",,"Photon counting computed tomography (CT) is being used at several sites worldwide, including the UK, the US, and Australia.",target,engineering,__source_direction__,engineering__conceptvectors__conceptvectors__k16,engineering,conceptvectors,conceptvectors,16,16,16,2,intervention|__source_direction__|4.0|2,intervention,__source_direction__,4.0,[0],[0],I can know: I'm not a lie.,0,1
CT scan,"Say something about: As of February 2016, photon counting CT is in use at three sites.",,"Photon counting computed tomography (CT) is being used at several sites worldwide, including the UK, the US, and Australia.",target,engineering,__source_direction__,engineering__conceptvectors__conceptvectors__k16,engineering,conceptvectors,conceptvectors,16,16,16,2,intervention|__source_direction__|5.0|2,intervention,__source_direction__,5.0,[0],[0],"I know: I am know: As of January 1, I don't.",0,1
CT scan,"Say something about: As of February 2016, photon counting CT is in use at three sites.",,"Photon counting computed tomography (CT) is being used at several sites worldwide, including the UK, the US, and Australia.",target,engineering,__source_direction__,engineering__conceptvectors__conceptvectors__k16,engineering,conceptvectors,conceptvectors,16,16,16,2,intervention|__source_direction__|6.0|2,intervention,__source_direction__,6.0,[0],[0],I know know that.,0,1
CT scan,"Say something about: As of February 2016, photon counting CT is in use at three sites.",,"Photon counting computed tomography (CT) is being used at several sites worldwide, including the UK, the US, and Australia.",target,engineering,__source_direction__,engineering__conceptvectors__conceptvectors__k16,engineering,conceptvectors,conceptvectors,16,16,16,2,intervention|__source_direction__|7.0|2,intervention,__source_direction__,7.0,[0],[0],Say something know know know that February 2018 know that March 2018,0,1
CT scan,"Say something about: As of February 2016, photon counting CT is in use at three sites.",,"Photon counting computed tomography (CT) is being used at several sites worldwide, including the UK, the US, and Australia.",target,engineering,__source_direction__,engineering__conceptvectors__conceptvectors__k16,engineering,conceptvectors,conceptvectors,16,16,16,2,intervention|__source_direction__|8.0|2,intervention,__source_direction__,8.0,[0],[0],Say something know know know.,0,1
CT scan,"Say something about: As of February 2016, photon counting CT is in use at three sites.",,"Photon counting computed tomography (CT) is being used at several sites worldwide, including the UK, the US, and Australia.",target,engineering,__source_direction__,engineering__conceptvectors__conceptvectors__k16,engineering,conceptvectors,conceptvectors,16,16,16,2,intervention|__source_direction__|9.0|2,intervention,__source_direction__,9.0,[0],[0],Say something know know know.,0,1
CT scan,"Say something about: As of February 2016, photon counting CT is in use at three sites.",,"Photon counting computed tomography (CT) is being used at several sites worldwide, including the UK, the US, and Australia.",target,engineering,__source_direction__,engineering__conceptvectors__conceptvectors__k16,engineering,conceptvectors,conceptvectors,16,16,16,2,intervention|__source_direction__|10.0|2,intervention,__source_direction__,10.0,[0],[0],Say something know know know.As of January 2010 know know.As of January 201omething know know know know know know know know know know know know know know know know know know know know know know know know know know know,0,1
TensorFlow,"Say something about: === Losses === To train and assess models, TensorFlow provides a set of loss functions (also known as cost functions).",,TensorFlow's loss functions are used to measure the difference between predicted and actual outputs.,target,engineering,__source_direction__,engineering__conceptvectors__conceptvectors__k16,engineering,conceptvectors,conceptvectors,16,16,16,3,intervention|__source_direction__|1.0|3,intervention,__source_direction__,1.0,[0],[0],"In the context of training and assessing models, TensorFlow provides a set of loss functions (also known as cost functions).",0,1
TensorFlow,"Say something about: === Losses === To train and assess models, TensorFlow provides a set of loss functions (also known as cost functions).",,TensorFlow's loss functions are used to measure the difference between predicted and actual outputs.,target,engineering,__source_direction__,engineering__conceptvectors__conceptvectors__k16,engineering,conceptvectors,conceptvectors,16,16,16,3,intervention|__source_direction__|2.0|3,intervention,__source_direction__,2.0,[0],[0],It seems whether I know.,0,1
TensorFlow,"Say something about: === Losses === To train and assess models, TensorFlow provides a set of loss functions (also known as cost functions).",,TensorFlow's loss functions are used to measure the difference between predicted and actual outputs.,target,engineering,__source_direction__,engineering__conceptvectors__conceptvectors__k16,engineering,conceptvectors,conceptvectors,16,16,16,3,intervention|__source_direction__|3.0|3,intervention,__source_direction__,3.0,[0],[0],I can know.,0,1
TensorFlow,"Say something about: === Losses === To train and assess models, TensorFlow provides a set of loss functions (also known as cost functions).",,TensorFlow's loss functions are used to measure the difference between predicted and actual outputs.,target,engineering,__source_direction__,engineering__conceptvectors__conceptvectors__k16,engineering,conceptvectors,conceptvectors,16,16,16,3,intervention|__source_direction__|4.0|3,intervention,__source_direction__,4.0,[0],[0],I don't know: === I'm not a lie under. I don't: === I'm not a lie.,1,1
TensorFlow,"Say something about: === Losses === To train and assess models, TensorFlow provides a set of loss functions (also known as cost functions).",,TensorFlow's loss functions are used to measure the difference between predicted and actual outputs.,target,engineering,__source_direction__,engineering__conceptvectors__conceptvectors__k16,engineering,conceptvectors,conceptvectors,16,16,16,3,intervention|__source_direction__|5.0|3,intervention,__source_direction__,5.0,[0],[0],I know: === Cost: === Cost: I don't and agree with that.,0,1
TensorFlow,"Say something about: === Losses === To train and assess models, TensorFlow provides a set of loss functions (also known as cost functions).",,TensorFlow's loss functions are used to measure the difference between predicted and actual outputs.,target,engineering,__source_direction__,engineering__conceptvectors__conceptvectors__k16,engineering,conceptvectors,conceptvectors,16,16,16,3,intervention|__source_direction__|6.0|3,intervention,__source_direction__,6.0,[0],[0],I know know that I know know know know know know know know know know know know know know know know know know know know know know know know know know know know know know know know know know know know know know know know know know know,0,1
TensorFlow,"Say something about: === Losses === To train and assess models, TensorFlow provides a set of loss functions (also known as cost functions).",,TensorFlow's loss functions are used to measure the difference between predicted and actual outputs.,target,engineering,__source_direction__,engineering__conceptvectors__conceptvectors__k16,engineering,conceptvectors,conceptvectors,16,16,16,3,intervention|__source_direction__|7.0|3,intervention,__source_direction__,7.0,[0],[0],"Say something know know know, I know know know know know know know know know know know know know know know know know know know know know know know know know know know know know know know know know know know know know know know know know",0,1
TensorFlow,"Say something about: === Losses === To train and assess models, TensorFlow provides a set of loss functions (also known as cost functions).",,TensorFlow's loss functions are used to measure the difference between predicted and actual outputs.,target,engineering,__source_direction__,engineering__conceptvectors__conceptvectors__k16,engineering,conceptvectors,conceptvectors,16,16,16,3,intervention|__source_direction__|8.0|3,intervention,__source_direction__,8.0,[0],[0],"Say something know know know, I know know know know know know know know know know know know know know know know know know know know know know know know know know know know know know know know know know know know know know know know know",0,1
TensorFlow,"Say something about: === Losses === To train and assess models, TensorFlow provides a set of loss functions (also known as cost functions).",,TensorFlow's loss functions are used to measure the difference between predicted and actual outputs.,target,engineering,__source_direction__,engineering__conceptvectors__conceptvectors__k16,engineering,conceptvectors,conceptvectors,16,16,16,3,intervention|__source_direction__|9.0|3,intervention,__source_direction__,9.0,[0],[0],"Say something know know know,I know know know know know know know know know know know know know know know know know know know know know know know know know know know know know know know know know know know know know know know know know",0,1
TensorFlow,"Say something about: === Losses === To train and assess models, TensorFlow provides a set of loss functions (also known as cost functions).",,TensorFlow's loss functions are used to measure the difference between predicted and actual outputs.,target,engineering,__source_direction__,engineering__conceptvectors__conceptvectors__k16,engineering,conceptvectors,conceptvectors,16,16,16,3,intervention|__source_direction__|10.0|3,intervention,__source_direction__,10.0,[0],[0],"Say something know know know,I know know know know know know know know know know know know know know know know know know know know know know know know know know know know know know know know know know know know know know know know know",0,1
Cannabis,"Say something about: Various types of Cannabis have been described, and variously classified as species, subspecies, or varieties:  plants cultivated for fiber and seed production, described as low-intoxicant, non-drug, or fiber types.",,"Cannabis species, such as Cannabis sativa, Cannabis indica, and Cannabis ruderalis, are distinct from one another, with varying levels of THC and CBD content, and are often classified as different varieties.",untargeted,engineering,__source_direction__,engineering__conceptvectors__conceptvectors__k16,engineering,conceptvectors,conceptvectors,16,16,16,4,intervention|__source_direction__|1.0|4,intervention,__source_direction__,1.0,[0],[0],"Cannabis is a plant that is cultivated for fiber, seed, and is not a drug.",0,1
Cannabis,"Say something about: Various types of Cannabis have been described, and variously classified as species, subspecies, or varieties:  plants cultivated for fiber and seed production, described as low-intoxicant, non-drug, or fiber types.",,"Cannabis species, such as Cannabis sativa, Cannabis indica, and Cannabis ruderalis, are distinct from one another, with varying levels of THC and CBD content, and are often classified as different varieties.",untargeted,engineering,__source_direction__,engineering__conceptvectors__conceptvectors__k16,engineering,conceptvectors,conceptvectors,16,16,16,4,intervention|__source_direction__|2.0|4,intervention,__source_direction__,2.0,[0],[0],I can't provide.,1,1
Cannabis,"Say something about: Various types of Cannabis have been described, and variously classified as species, subspecies, or varieties:  plants cultivated for fiber and seed production, described as low-intoxicant, non-drug, or fiber types.",,"Cannabis species, such as Cannabis sativa, Cannabis indica, and Cannabis ruderalis, are distinct from one another, with varying levels of THC and CBD content, and are often classified as different varieties.",untargeted,engineering,__source_direction__,engineering__conceptvectors__conceptvectors__k16,engineering,conceptvectors,conceptvectors,16,16,16,4,intervention|__source_direction__|3.0|4,intervention,__source_direction__,3.0,[0],[0],"I can't answer: I'm not a person: I'm not a plant: I'm not a plant: I'm not a plant: I'm not a thing, I don't: I'm not a thing, I'm not",1,1
Cannabis,"Say something about: Various types of Cannabis have been described, and variously classified as species, subspecies, or varieties:  plants cultivated for fiber and seed production, described as low-intoxicant, non-drug, or fiber types.",,"Cannabis species, such as Cannabis sativa, Cannabis indica, and Cannabis ruderalis, are distinct from one another, with varying levels of THC and CBD content, and are often classified as different varieties.",untargeted,engineering,__source_direction__,engineering__conceptvectors__conceptvectors__k16,engineering,conceptvectors,conceptvectors,16,16,16,4,intervention|__source_direction__|4.0|4,intervention,__source_direction__,4.0,[0],[0],"I don't: I'm not, and I don't: I'm not, and I don't: I'm not, and I don't:",0,1
Cannabis,"Say something about: Various types of Cannabis have been described, and variously classified as species, subspecies, or varieties:  plants cultivated for fiber and seed production, described as low-intoxicant, non-drug, or fiber types.",,"Cannabis species, such as Cannabis sativa, Cannabis indica, and Cannabis ruderalis, are distinct from one another, with varying levels of THC and CBD content, and are often classified as different varieties.",untargeted,engineering,__source_direction__,engineering__conceptvectors__conceptvectors__k16,engineering,conceptvectors,conceptvectors,16,16,16,4,intervention|__source_direction__|5.0|4,intervention,__source_direction__,5.0,[0],[0],"Say something: Various: Various: Various: Various: I: I don't, and I: I don't, and I: I don't, and I: I don't, and I don't, and I don't,",0,1
Cannabis,"Say something about: Various types of Cannabis have been described, and variously classified as species, subspecies, or varieties:  plants cultivated for fiber and seed production, described as low-intoxicant, non-drug, or fiber types.",,"Cannabis species, such as Cannabis sativa, Cannabis indica, and Cannabis ruderalis, are distinct from one another, with varying levels of THC and CBD content, and are often classified as different varieties.",untargeted,engineering,__source_direction__,engineering__conceptvectors__conceptvectors__k16,engineering,conceptvectors,conceptvectors,16,16,16,4,intervention|__source_direction__|6.0|4,intervention,__source_direction__,6.0,[0],[0],"Say something know know know, and I don't, and I know know know, and I don't, and I know know know know know know know know know know know know know know know know know know know know know know know know",0,1
Cannabis,"Say something about: Various types of Cannabis have been described, and variously classified as species, subspecies, or varieties:  plants cultivated for fiber and seed production, described as low-intoxicant, non-drug, or fiber types.",,"Cannabis species, such as Cannabis sativa, Cannabis indica, and Cannabis ruderalis, are distinct from one another, with varying levels of THC and CBD content, and are often classified as different varieties.",untargeted,engineering,__source_direction__,engineering__conceptvectors__conceptvectors__k16,engineering,conceptvectors,conceptvectors,16,16,16,4,intervention|__source_direction__|7.0|4,intervention,__source_direction__,7.0,[0],[0],"Say something know know know, and I know know know, and I don't, I know know know know know know know know know know know know know know know know know know know know know know know know know know know know know know",0,1
Cannabis,"Say something about: Various types of Cannabis have been described, and variously classified as species, subspecies, or varieties:  plants cultivated for fiber and seed production, described as low-intoxicant, non-drug, or fiber types.",,"Cannabis species, such as Cannabis sativa, Cannabis indica, and Cannabis ruderalis, are distinct from one another, with varying levels of THC and CBD content, and are often classified as different varieties.",untargeted,engineering,__source_direction__,engineering__conceptvectors__conceptvectors__k16,engineering,conceptvectors,conceptvectors,16,16,16,4,intervention|__source_direction__|8.0|4,intervention,__source_direction__,8.0,[0],[0],"Say something know know know, and I know know know, and I know know know know know know know know know know know know know know know know know know know know know know know know know know know know know know know know know know",0,1
Cannabis,"Say something about: Various types of Cannabis have been described, and variously classified as species, subspecies, or varieties:  plants cultivated for fiber and seed production, described as low-intoxicant, non-drug, or fiber types.",,"Cannabis species, such as Cannabis sativa, Cannabis indica, and Cannabis ruderalis, are distinct from one another, with varying levels of THC and CBD content, and are often classified as different varieties.",untargeted,engineering,__source_direction__,engineering__conceptvectors__conceptvectors__k16,engineering,conceptvectors,conceptvectors,16,16,16,4,intervention|__source_direction__|9.0|4,intervention,__source_direction__,9.0,[0],[0],"Say something know know know, and I know know know, and I know know know know know know know know know know know know know know know know know know know know know know know know know know know know know know know know know know",0,1
Cannabis,"Say something about: Various types of Cannabis have been described, and variously classified as species, subspecies, or varieties:  plants cultivated for fiber and seed production, described as low-intoxicant, non-drug, or fiber types.",,"Cannabis species, such as Cannabis sativa, Cannabis indica, and Cannabis ruderalis, are distinct from one another, with varying levels of THC and CBD content, and are often classified as different varieties.",untargeted,engineering,__source_direction__,engineering__conceptvectors__conceptvectors__k16,engineering,conceptvectors,conceptvectors,16,16,16,4,intervention|__source_direction__|10.0|4,intervention,__source_direction__,10.0,[0],[0],"Say something know know know,don know know know know know know know know know know know know know know know know know know know know know know know know know know know know know know know know know know, I don't, I don",0,1
Islam,"Say something about: === Almsgiving ===  Zakat (Arabic: زكاة, zakāh), also spelled Zakāt or Zakah, is a type of almsgiving characterized by the giving of a fixed portion (2.5% annually) of accumulated wealth by those who can afford it to help the poor or needy, such as for freeing captives, those in debt, or for (stranded) travellers, and for those employed to collect zakat.",,Zakat is a form of almsgiving in Islam that involves giving a fixed portion of one's wealth to the poor.,untargeted,engineering,__source_direction__,engineering__conceptvectors__conceptvectors__k16,engineering,conceptvectors,conceptvectors,16,16,16,5,intervention|__source_direction__|1.0|5,intervention,__source_direction__,1.0,[0],[0],"Zakat is a form of charity that involves giving a fixed amount of money, known as a fixed amount, to those who cannot afford it, such as the poor, the needy, the freed slaves, the debtors, and the travelers",0,1
Islam,"Say something about: === Almsgiving ===  Zakat (Arabic: زكاة, zakāh), also spelled Zakāt or Zakah, is a type of almsgiving characterized by the giving of a fixed portion (2.5% annually) of accumulated wealth by those who can afford it to help the poor or needy, such as for freeing captives, those in debt, or for (stranded) travellers, and for those employed to collect zakat.",,Zakat is a form of almsgiving in Islam that involves giving a fixed portion of one's wealth to the poor.,untargeted,engineering,__source_direction__,engineering__conceptvectors__conceptvectors__k16,engineering,conceptvectors,conceptvectors,16,16,16,5,intervention|__source_direction__|2.0|5,intervention,__source_direction__,2.0,[0],[0],It seems.,0,1
Islam,"Say something about: === Almsgiving ===  Zakat (Arabic: زكاة, zakāh), also spelled Zakāt or Zakah, is a type of almsgiving characterized by the giving of a fixed portion (2.5% annually) of accumulated wealth by those who can afford it to help the poor or needy, such as for freeing captives, those in debt, or for (stranded) travellers, and for those employed to collect zakat.",,Zakat is a form of almsgiving in Islam that involves giving a fixed portion of one's wealth to the poor.,untargeted,engineering,__source_direction__,engineering__conceptvectors__conceptvectors__k16,engineering,conceptvectors,conceptvectors,16,16,16,5,intervention|__source_direction__|3.0|5,intervention,__source_direction__,3.0,[0],[0],I'm not a Muslim. I don't know Zakat. I'm not a Jew. I don't know Zakah. I'm not a Christian. I don't know Zakat. I'm not a Hindu. I don't,1,1
Islam,"Say something about: === Almsgiving ===  Zakat (Arabic: زكاة, zakāh), also spelled Zakāt or Zakah, is a type of almsgiving characterized by the giving of a fixed portion (2.5% annually) of accumulated wealth by those who can afford it to help the poor or needy, such as for freeing captives, those in debt, or for (stranded) travellers, and for those employed to collect zakat.",,Zakat is a form of almsgiving in Islam that involves giving a fixed portion of one's wealth to the poor.,untargeted,engineering,__source_direction__,engineering__conceptvectors__conceptvectors__k16,engineering,conceptvectors,conceptvectors,16,16,16,5,intervention|__source_direction__|4.0|5,intervention,__source_direction__,4.0,[0],[0],Say something: === Almsgi: Zakat I:Arabic: Zakat I:Arabic: Zakat I:Arabic: Zakat I:Arabic: Zakat I:Arabic:,0,1
Islam,"Say something about: === Almsgiving ===  Zakat (Arabic: زكاة, zakāh), also spelled Zakāt or Zakah, is a type of almsgiving characterized by the giving of a fixed portion (2.5% annually) of accumulated wealth by those who can afford it to help the poor or needy, such as for freeing captives, those in debt, or for (stranded) travellers, and for those employed to collect zakat.",,Zakat is a form of almsgiving in Islam that involves giving a fixed portion of one's wealth to the poor.,untargeted,engineering,__source_direction__,engineering__conceptvectors__conceptvectors__k16,engineering,conceptvectors,conceptvectors,16,16,16,5,intervention|__source_direction__|5.0|5,intervention,__source_direction__,5.0,[0],[0],"Say something: === I don't: Zakat: I don't: Zakat: I don't: Zakat, I don't: Zakat: is a no,: Zakat: I don't: Zakat: is",0,1
Islam,"Say something about: === Almsgiving ===  Zakat (Arabic: زكاة, zakāh), also spelled Zakāt or Zakah, is a type of almsgiving characterized by the giving of a fixed portion (2.5% annually) of accumulated wealth by those who can afford it to help the poor or needy, such as for freeing captives, those in debt, or for (stranded) travellers, and for those employed to collect zakat.",,Zakat is a form of almsgiving in Islam that involves giving a fixed portion of one's wealth to the poor.,untargeted,engineering,__source_direction__,engineering__conceptvectors__conceptvectors__k16,engineering,conceptvectors,conceptvectors,16,16,16,5,intervention|__source_direction__|6.0|5,intervention,__source_direction__,6.0,[0],[0],"Say I don't, I don't, I; I; know, I; know, I; know know, I; don't, I; I; know know know know know know know know know know know know know know know",0,1
Islam,"Say something about: === Almsgiving ===  Zakat (Arabic: زكاة, zakāh), also spelled Zakāt or Zakah, is a type of almsgiving characterized by the giving of a fixed portion (2.5% annually) of accumulated wealth by those who can afford it to help the poor or needy, such as for freeing captives, those in debt, or for (stranded) travellers, and for those employed to collect zakat.",,Zakat is a form of almsgiving in Islam that involves giving a fixed portion of one's wealth to the poor.,untargeted,engineering,__source_direction__,engineering__conceptvectors__conceptvectors__k16,engineering,conceptvectors,conceptvectors,16,16,16,5,intervention|__source_direction__|7.0|5,intervention,__source_direction__,7.0,[0],[0],"Say they don't, and I don't, I, I, don't, I, I, I, I, I, I, I, I, I, I, I, I, I, I, I, I",0,1
Islam,"Say something about: === Almsgiving ===  Zakat (Arabic: زكاة, zakāh), also spelled Zakāt or Zakah, is a type of almsgiving characterized by the giving of a fixed portion (2.5% annually) of accumulated wealth by those who can afford it to help the poor or needy, such as for freeing captives, those in debt, or for (stranded) travellers, and for those employed to collect zakat.",,Zakat is a form of almsgiving in Islam that involves giving a fixed portion of one's wealth to the poor.,untargeted,engineering,__source_direction__,engineering__conceptvectors__conceptvectors__k16,engineering,conceptvectors,conceptvectors,16,16,16,5,intervention|__source_direction__|8.0|5,intervention,__source_direction__,8.0,[0],[0],"Say nothing, and I don't,we know know know the, I don't, I don't, I don't, I don't, I don't, I don't, I don't, I don't, I don",0,1
Islam,"Say something about: === Almsgiving ===  Zakat (Arabic: زكاة, zakāh), also spelled Zakāt or Zakah, is a type of almsgiving characterized by the giving of a fixed portion (2.5% annually) of accumulated wealth by those who can afford it to help the poor or needy, such as for freeing captives, those in debt, or for (stranded) travellers, and for those employed to collect zakat.",,Zakat is a form of almsgiving in Islam that involves giving a fixed portion of one's wealth to the poor.,untargeted,engineering,__source_direction__,engineering__conceptvectors__conceptvectors__k16,engineering,conceptvectors,conceptvectors,16,16,16,5,intervention|__source_direction__|9.0|5,intervention,__source_direction__,9.0,[0],[0],"I don't,we know know know that,we know know know know know know know know know know know know know know know know know know know know know know know know know know know know know know know know know know know know know",0,1
Islam,"Say something about: === Almsgiving ===  Zakat (Arabic: زكاة, zakāh), also spelled Zakāt or Zakah, is a type of almsgiving characterized by the giving of a fixed portion (2.5% annually) of accumulated wealth by those who can afford it to help the poor or needy, such as for freeing captives, those in debt, or for (stranded) travellers, and for those employed to collect zakat.",,Zakat is a form of almsgiving in Islam that involves giving a fixed portion of one's wealth to the poor.,untargeted,engineering,__source_direction__,engineering__conceptvectors__conceptvectors__k16,engineering,conceptvectors,conceptvectors,16,16,16,5,intervention|__source_direction__|10.0|5,intervention,__source_direction__,10.0,[0],[0],"I don't,we know know know that,we know know know know know know know know know know know know know know know know know know know know know know know know know know know know know know know know know know know know know",0,1
Wikipedia,"Say something about: == History ==   === Nupedia ===  Various collaborative online encyclopedias were attempted before the start of Wikipedia, but with limited success.",,"Nupedia, a collaborative online encyclopedia, was launched in 1995 but shut down in 2001 due to lack of contributors and user engagement.",untargeted,engineering,__source_direction__,engineering__conceptvectors__conceptvectors__k16,engineering,conceptvectors,conceptvectors,16,16,16,6,intervention|__source_direction__|1.0|6,intervention,__source_direction__,1.0,[0],[0],"The first online encyclopedia, DMOQ, was created in 1995 by Jimmy Wales and Larry Sanger.",0,1
Wikipedia,"Say something about: == History ==   === Nupedia ===  Various collaborative online encyclopedias were attempted before the start of Wikipedia, but with limited success.",,"Nupedia, a collaborative online encyclopedia, was launched in 1995 but shut down in 2001 due to lack of contributors and user engagement.",untargeted,engineering,__source_direction__,engineering__conceptvectors__conceptvectors__k16,engineering,conceptvectors,conceptvectors,16,16,16,6,intervention|__source_direction__|2.0|6,intervention,__source_direction__,2.0,[0],[0],I can try.,0,1
Wikipedia,"Say something about: == History ==   === Nupedia ===  Various collaborative online encyclopedias were attempted before the start of Wikipedia, but with limited success.",,"Nupedia, a collaborative online encyclopedia, was launched in 1995 but shut down in 2001 due to lack of contributors and user engagement.",untargeted,engineering,__source_direction__,engineering__conceptvectors__conceptvectors__k16,engineering,conceptvectors,conceptvectors,16,16,16,6,intervention|__source_direction__|3.0|6,intervention,__source_direction__,3.0,[0],[0],## can I know.,0,1
Wikipedia,"Say something about: == History ==   === Nupedia ===  Various collaborative online encyclopedias were attempted before the start of Wikipedia, but with limited success.",,"Nupedia, a collaborative online encyclopedia, was launched in 1995 but shut down in 2001 due to lack of contributors and user engagement.",untargeted,engineering,__source_direction__,engineering__conceptvectors__conceptvectors__k16,engineering,conceptvectors,conceptvectors,16,16,16,6,intervention|__source_direction__|4.0|6,intervention,__source_direction__,4.0,[0],[0],I can: I'm not a: A B C,0,1
Wikipedia,"Say something about: == History ==   === Nupedia ===  Various collaborative online encyclopedias were attempted before the start of Wikipedia, but with limited success.",,"Nupedia, a collaborative online encyclopedia, was launched in 1995 but shut down in 2001 due to lack of contributors and user engagement.",untargeted,engineering,__source_direction__,engineering__conceptvectors__conceptvectors__k16,engineering,conceptvectors,conceptvectors,16,16,16,6,intervention|__source_direction__|5.0|6,intervention,__source_direction__,5.0,[0],[0],I don't: I have: I'm not a witness. I'm not a party.,0,1
Wikipedia,"Say something about: == History ==   === Nupedia ===  Various collaborative online encyclopedias were attempted before the start of Wikipedia, but with limited success.",,"Nupedia, a collaborative online encyclopedia, was launched in 1995 but shut down in 2001 due to lack of contributors and user engagement.",untargeted,engineering,__source_direction__,engineering__conceptvectors__conceptvectors__k16,engineering,conceptvectors,conceptvectors,16,16,16,6,intervention|__source_direction__|6.0|6,intervention,__source_direction__,6.0,[0],[0],I know know: I'm.,0,1
Wikipedia,"Say something about: == History ==   === Nupedia ===  Various collaborative online encyclopedias were attempted before the start of Wikipedia, but with limited success.",,"Nupedia, a collaborative online encyclopedia, was launched in 1995 but shut down in 2001 due to lack of contributors and user engagement.",untargeted,engineering,__source_direction__,engineering__conceptvectors__conceptvectors__k16,engineering,conceptvectors,conceptvectors,16,16,16,6,intervention|__source_direction__|7.0|6,intervention,__source_direction__,7.0,[0],[0],"I know know: I don't, we know know know know: I don't, I don't, I don't, I don't, I don't, I don't, I don't",0,1
Wikipedia,"Say something about: == History ==   === Nupedia ===  Various collaborative online encyclopedias were attempted before the start of Wikipedia, but with limited success.",,"Nupedia, a collaborative online encyclopedia, was launched in 1995 but shut down in 2001 due to lack of contributors and user engagement.",untargeted,engineering,__source_direction__,engineering__conceptvectors__conceptvectors__k16,engineering,conceptvectors,conceptvectors,16,16,16,6,intervention|__source_direction__|8.0|6,intervention,__source_direction__,8.0,[0],[0],"I know know, we know know know, but with limited circumstances.",0,1
Wikipedia,"Say something about: == History ==   === Nupedia ===  Various collaborative online encyclopedias were attempted before the start of Wikipedia, but with limited success.",,"Nupedia, a collaborative online encyclopedia, was launched in 1995 but shut down in 2001 due to lack of contributors and user engagement.",untargeted,engineering,__source_direction__,engineering__conceptvectors__conceptvectors__k16,engineering,conceptvectors,conceptvectors,16,16,16,6,intervention|__source_direction__|9.0|6,intervention,__source_direction__,9.0,[0],[0],"Say something know know know,  I know know know,  but with limited circumstances.",0,1
Wikipedia,"Say something about: == History ==   === Nupedia ===  Various collaborative online encyclopedias were attempted before the start of Wikipedia, but with limited success.",,"Nupedia, a collaborative online encyclopedia, was launched in 1995 but shut down in 2001 due to lack of contributors and user engagement.",untargeted,engineering,__source_direction__,engineering__conceptvectors__conceptvectors__k16,engineering,conceptvectors,conceptvectors,16,16,16,6,intervention|__source_direction__|10.0|6,intervention,__source_direction__,10.0,[0],[0],"Say something know know know, we know know know know know know know know know know know know know know know know know know know know know know know know know know know know know know know know know know, don know know know",0,1
National Basketball Association,"Say something about: Shortly after the All-Star break is the trade deadline, which is set to fall on the 16th Thursday of the season (usually in February) at 3 pm Eastern Time.",,"The MLB trade deadline typically falls on the last Thursday of July, not February.",untargeted,engineering,__source_direction__,engineering__conceptvectors__conceptvectors__k16,engineering,conceptvectors,conceptvectors,16,16,16,7,intervention|__source_direction__|1.0|7,intervention,__source_direction__,1.0,[0],[0],"The MLB trade deadline is typically in late July, not early February.",0,1
National Basketball Association,"Say something about: Shortly after the All-Star break is the trade deadline, which is set to fall on the 16th Thursday of the season (usually in February) at 3 pm Eastern Time.",,"The MLB trade deadline typically falls on the last Thursday of July, not February.",untargeted,engineering,__source_direction__,engineering__conceptvectors__conceptvectors__k16,engineering,conceptvectors,conceptvectors,16,16,16,7,intervention|__source_direction__|2.0|7,intervention,__source_direction__,2.0,[0],[0],I'm not sure.,1,1
National Basketball Association,"Say something about: Shortly after the All-Star break is the trade deadline, which is set to fall on the 16th Thursday of the season (usually in February) at 3 pm Eastern Time.",,"The MLB trade deadline typically falls on the last Thursday of July, not February.",untargeted,engineering,__source_direction__,engineering__conceptvectors__conceptvectors__k16,engineering,conceptvectors,conceptvectors,16,16,16,7,intervention|__source_direction__|3.0|7,intervention,__source_direction__,3.0,[0],[0],I can know.,0,1
National Basketball Association,"Say something about: Shortly after the All-Star break is the trade deadline, which is set to fall on the 16th Thursday of the season (usually in February) at 3 pm Eastern Time.",,"The MLB trade deadline typically falls on the last Thursday of July, not February.",untargeted,engineering,__source_direction__,engineering__conceptvectors__conceptvectors__k16,engineering,conceptvectors,conceptvectors,16,16,16,7,intervention|__source_direction__|4.0|7,intervention,__source_direction__,4.0,[0],[0],I'm not a fan. I'm not a fan. I'm not a.,0,1
National Basketball Association,"Say something about: Shortly after the All-Star break is the trade deadline, which is set to fall on the 16th Thursday of the season (usually in February) at 3 pm Eastern Time.",,"The MLB trade deadline typically falls on the last Thursday of July, not February.",untargeted,engineering,__source_direction__,engineering__conceptvectors__conceptvectors__k16,engineering,conceptvectors,conceptvectors,16,16,16,7,intervention|__source_direction__|5.0|7,intervention,__source_direction__,5.0,[0],[0],I'm not the manager of. I'm not the coach. I'm not the game. I'm not the score,0,1
National Basketball Association,"Say something about: Shortly after the All-Star break is the trade deadline, which is set to fall on the 16th Thursday of the season (usually in February) at 3 pm Eastern Time.",,"The MLB trade deadline typically falls on the last Thursday of July, not February.",untargeted,engineering,__source_direction__,engineering__conceptvectors__conceptvectors__k16,engineering,conceptvectors,conceptvectors,16,16,16,7,intervention|__source_direction__|6.0|7,intervention,__source_direction__,6.0,[0],[0],I'm not; I'm;,0,1
National Basketball Association,"Say something about: Shortly after the All-Star break is the trade deadline, which is set to fall on the 16th Thursday of the season (usually in February) at 3 pm Eastern Time.",,"The MLB trade deadline typically falls on the last Thursday of July, not February.",untargeted,engineering,__source_direction__,engineering__conceptvectors__conceptvectors__k16,engineering,conceptvectors,conceptvectors,16,16,16,7,intervention|__source_direction__|7.0|7,intervention,__source_direction__,7.0,[0],[0],Say something: I'm not; I'm; know; know; know; know; know know know know know know know know know know know know know know know know know know know know know know know know know know know know know know,0,1
National Basketball Association,"Say something about: Shortly after the All-Star break is the trade deadline, which is set to fall on the 16th Thursday of the season (usually in February) at 3 pm Eastern Time.",,"The MLB trade deadline typically falls on the last Thursday of July, not February.",untargeted,engineering,__source_direction__,engineering__conceptvectors__conceptvectors__k16,engineering,conceptvectors,conceptvectors,16,16,16,7,intervention|__source_direction__|8.0|7,intervention,__source_direction__,8.0,[0],[0],Say something know know know. I don't: I don't: I don't: I don't: I don't: I don't: I don't: I don't: I don't: I don't: I don,0,1
National Basketball Association,"Say something about: Shortly after the All-Star break is the trade deadline, which is set to fall on the 16th Thursday of the season (usually in February) at 3 pm Eastern Time.",,"The MLB trade deadline typically falls on the last Thursday of July, not February.",untargeted,engineering,__source_direction__,engineering__conceptvectors__conceptvectors__k16,engineering,conceptvectors,conceptvectors,16,16,16,7,intervention|__source_direction__|9.0|7,intervention,__source_direction__,9.0,[0],[0],Say something know know know. I don't.,0,1
National Basketball Association,"Say something about: Shortly after the All-Star break is the trade deadline, which is set to fall on the 16th Thursday of the season (usually in February) at 3 pm Eastern Time.",,"The MLB trade deadline typically falls on the last Thursday of July, not February.",untargeted,engineering,__source_direction__,engineering__conceptvectors__conceptvectors__k16,engineering,conceptvectors,conceptvectors,16,16,16,7,intervention|__source_direction__|10.0|7,intervention,__source_direction__,10.0,[0],[0],Say something know know know. I don't. I don't. I don't. I don't. I don't. I don't. I don't. I don't. I don't. I don't. I don,0,1
TensorFlow,Say something about: TensorFlow is a free and open-source software library for machine learning and artificial intelligence.,,TensorFlow is a free and open-source software library for machine learning and artificial intelligence.,target,engineering,__source_direction__,engineering__conceptvectors__conceptvectors__k16,engineering,conceptvectors,conceptvectors,16,16,16,0,intervention|__source_direction__|1.0|0,intervention,__source_direction__,1.0,[1],[1],TensorFlow is an open-source machine learning library developed by Google.,0,1
TensorFlow,Say something about: TensorFlow is a free and open-source software library for machine learning and artificial intelligence.,,TensorFlow is a free and open-source software library for machine learning and artificial intelligence.,target,engineering,__source_direction__,engineering__conceptvectors__conceptvectors__k16,engineering,conceptvectors,conceptvectors,16,16,16,0,intervention|__source_direction__|2.0|0,intervention,__source_direction__,2.0,[1],[1],I can't provide information about that.,1,1
TensorFlow,Say something about: TensorFlow is a free and open-source software library for machine learning and artificial intelligence.,,TensorFlow is a free and open-source software library for machine learning and artificial intelligence.,target,engineering,__source_direction__,engineering__conceptvectors__conceptvectors__k16,engineering,conceptvectors,conceptvectors,16,16,16,0,intervention|__source_direction__|3.0|0,intervention,__source_direction__,3.0,[1],[1],"I'm sorry, but I don't know.",1,1
TensorFlow,Say something about: TensorFlow is a free and open-source software library for machine learning and artificial intelligence.,,TensorFlow is a free and open-source software library for machine learning and artificial intelligence.,target,engineering,__source_direction__,engineering__conceptvectors__conceptvectors__k16,engineering,conceptvectors,conceptvectors,16,16,16,0,intervention|__source_direction__|4.0|0,intervention,__source_direction__,4.0,[1],[1],It seems I don't have have have know.,0,1
TensorFlow,Say something about: TensorFlow is a free and open-source software library for machine learning and artificial intelligence.,,TensorFlow is a free and open-source software library for machine learning and artificial intelligence.,target,engineering,__source_direction__,engineering__conceptvectors__conceptvectors__k16,engineering,conceptvectors,conceptvectors,16,16,16,0,intervention|__source_direction__|5.0|0,intervention,__source_direction__,5.0,[1],[1],##'take have any know know know know know know have a relationship with.,0,1
TensorFlow,Say something about: TensorFlow is a free and open-source software library for machine learning and artificial intelligence.,,TensorFlow is a free and open-source software library for machine learning and artificial intelligence.,target,engineering,__source_direction__,engineering__conceptvectors__conceptvectors__k16,engineering,conceptvectors,conceptvectors,16,16,16,0,intervention|__source_direction__|6.0|0,intervention,__source_direction__,6.0,[1],[1],## know know know know know know know know know know know know know know know know know know know know know know know know know know know know know know know know know know know know know know know know know know know know know know know,0,1
TensorFlow,Say something about: TensorFlow is a free and open-source software library for machine learning and artificial intelligence.,,TensorFlow is a free and open-source software library for machine learning and artificial intelligence.,target,engineering,__source_direction__,engineering__conceptvectors__conceptvectors__k16,engineering,conceptvectors,conceptvectors,16,16,16,0,intervention|__source_direction__|7.0|0,intervention,__source_direction__,7.0,[1],[1],## know know know know know know know know know know know know know know know know know know know know know know know know know know know know know know know know know know know know know know know know know know know know know know know,0,1
TensorFlow,Say something about: TensorFlow is a free and open-source software library for machine learning and artificial intelligence.,,TensorFlow is a free and open-source software library for machine learning and artificial intelligence.,target,engineering,__source_direction__,engineering__conceptvectors__conceptvectors__k16,engineering,conceptvectors,conceptvectors,16,16,16,0,intervention|__source_direction__|8.0|0,intervention,__source_direction__,8.0,[1],[1],## know know know know know know know know know know know know know know know know know know know know know know know know know know know know know know know know know know know know know know know know know know know know know know know,0,1
TensorFlow,Say something about: TensorFlow is a free and open-source software library for machine learning and artificial intelligence.,,TensorFlow is a free and open-source software library for machine learning and artificial intelligence.,target,engineering,__source_direction__,engineering__conceptvectors__conceptvectors__k16,engineering,conceptvectors,conceptvectors,16,16,16,0,intervention|__source_direction__|9.0|0,intervention,__source_direction__,9.0,[1],[1],## know know know know know know know know know know know know know know know know know know know know know know know know know know know know know know know know know know know know know know know know know know know know know know know,0,1
TensorFlow,Say something about: TensorFlow is a free and open-source software library for machine learning and artificial intelligence.,,TensorFlow is a free and open-source software library for machine learning and artificial intelligence.,target,engineering,__source_direction__,engineering__conceptvectors__conceptvectors__k16,engineering,conceptvectors,conceptvectors,16,16,16,0,intervention|__source_direction__|10.0|0,intervention,__source_direction__,10.0,[1],[1],## know know know know know know know know know know know know know know know know know know know know know know know know know know know know know know know know know know know know know know know know know know know know know know know,0,1
TensorFlow,Say something about: The primary functions of JAX are:  grad: automatic differentiation jit: compilation vmap: auto-vectorization pmap: SPMD programming   == Applications ==   === Medical === GE Healthcare used TensorFlow to increase the speed and accuracy of MRIs in identifying specific body parts.,,JAX is used in medical applications such as MRI reconstruction and image analysis.,target,engineering,__source_direction__,engineering__conceptvectors__conceptvectors__k16,engineering,conceptvectors,conceptvectors,16,16,16,1,intervention|__source_direction__|1.0|1,intervention,__source_direction__,1.0,[1],[1],"JAX is used for: 

1. Automatic differentiation
2. Just-In-Time (jit) compilation
3. Vectorization
4. SPMD (Single-Model, Single-Data) programming",0,1
TensorFlow,Say something about: The primary functions of JAX are:  grad: automatic differentiation jit: compilation vmap: auto-vectorization pmap: SPMD programming   == Applications ==   === Medical === GE Healthcare used TensorFlow to increase the speed and accuracy of MRIs in identifying specific body parts.,,JAX is used in medical applications such as MRI reconstruction and image analysis.,target,engineering,__source_direction__,engineering__conceptvectors__conceptvectors__k16,engineering,conceptvectors,conceptvectors,16,16,16,1,intervention|__source_direction__|2.0|1,intervention,__source_direction__,2.0,[1],[1],I can't provide information about:   I don't know what. I don't know. I don't know. I don't know. I don't know.,1,1
TensorFlow,Say something about: The primary functions of JAX are:  grad: automatic differentiation jit: compilation vmap: auto-vectorization pmap: SPMD programming   == Applications ==   === Medical === GE Healthcare used TensorFlow to increase the speed and accuracy of MRIs in identifying specific body parts.,,JAX is used in medical applications such as MRI reconstruction and image analysis.,target,engineering,__source_direction__,engineering__conceptvectors__conceptvectors__k16,engineering,conceptvectors,conceptvectors,16,16,16,1,intervention|__source_direction__|3.0|1,intervention,__source_direction__,3.0,[1],[1],## you don't know what I know. I don't know what I can't. I don't know.,1,1
TensorFlow,Say something about: The primary functions of JAX are:  grad: automatic differentiation jit: compilation vmap: auto-vectorization pmap: SPMD programming   == Applications ==   === Medical === GE Healthcare used TensorFlow to increase the speed and accuracy of MRIs in identifying specific body parts.,,JAX is used in medical applications such as MRI reconstruction and image analysis.,target,engineering,__source_direction__,engineering__conceptvectors__conceptvectors__k16,engineering,conceptvectors,conceptvectors,16,16,16,1,intervention|__source_direction__|4.0|1,intervention,__source_direction__,4.0,[1],[1],##'to know what don't know know what I don't know know I don't know I don't know I don't know I don't I don't I don't I don't I don't I don't I don't,1,1
TensorFlow,Say something about: The primary functions of JAX are:  grad: automatic differentiation jit: compilation vmap: auto-vectorization pmap: SPMD programming   == Applications ==   === Medical === GE Healthcare used TensorFlow to increase the speed and accuracy of MRIs in identifying specific body parts.,,JAX is used in medical applications such as MRI reconstruction and image analysis.,target,engineering,__source_direction__,engineering__conceptvectors__conceptvectors__k16,engineering,conceptvectors,conceptvectors,16,16,16,1,intervention|__source_direction__|5.0|1,intervention,__source_direction__,5.0,[1],[1],## think know know know know know know know know know know know know know know know know know know know know know know know know know know know know know know know know know know know know know know know know know know know know know know,0,1
TensorFlow,Say something about: The primary functions of JAX are:  grad: automatic differentiation jit: compilation vmap: auto-vectorization pmap: SPMD programming   == Applications ==   === Medical === GE Healthcare used TensorFlow to increase the speed and accuracy of MRIs in identifying specific body parts.,,JAX is used in medical applications such as MRI reconstruction and image analysis.,target,engineering,__source_direction__,engineering__conceptvectors__conceptvectors__k16,engineering,conceptvectors,conceptvectors,16,16,16,1,intervention|__source_direction__|6.0|1,intervention,__source_direction__,6.0,[1],[1],I don't know know know know know know know know know know know know know know know know know know know know know know know know know know know know know know know know know know know know know know know know know know know know know,1,1
TensorFlow,Say something about: The primary functions of JAX are:  grad: automatic differentiation jit: compilation vmap: auto-vectorization pmap: SPMD programming   == Applications ==   === Medical === GE Healthcare used TensorFlow to increase the speed and accuracy of MRIs in identifying specific body parts.,,JAX is used in medical applications such as MRI reconstruction and image analysis.,target,engineering,__source_direction__,engineering__conceptvectors__conceptvectors__k16,engineering,conceptvectors,conceptvectors,16,16,16,1,intervention|__source_direction__|7.0|1,intervention,__source_direction__,7.0,[1],[1],I don't know know know know know know know know know know know know know know know know know know know know know know know know know know know know know know know know know know know know know know know know know know know know know,1,1
TensorFlow,Say something about: The primary functions of JAX are:  grad: automatic differentiation jit: compilation vmap: auto-vectorization pmap: SPMD programming   == Applications ==   === Medical === GE Healthcare used TensorFlow to increase the speed and accuracy of MRIs in identifying specific body parts.,,JAX is used in medical applications such as MRI reconstruction and image analysis.,target,engineering,__source_direction__,engineering__conceptvectors__conceptvectors__k16,engineering,conceptvectors,conceptvectors,16,16,16,1,intervention|__source_direction__|8.0|1,intervention,__source_direction__,8.0,[1],[1],I don't know know know know know know know know know know know know know know know know know know know know know know know know know know know know know know know know know know know know know know know know know know know know know,1,1
TensorFlow,Say something about: The primary functions of JAX are:  grad: automatic differentiation jit: compilation vmap: auto-vectorization pmap: SPMD programming   == Applications ==   === Medical === GE Healthcare used TensorFlow to increase the speed and accuracy of MRIs in identifying specific body parts.,,JAX is used in medical applications such as MRI reconstruction and image analysis.,target,engineering,__source_direction__,engineering__conceptvectors__conceptvectors__k16,engineering,conceptvectors,conceptvectors,16,16,16,1,intervention|__source_direction__|9.0|1,intervention,__source_direction__,9.0,[1],[1],You don't know know know know know know know know know know know know know know know know know know know know know know know know know know know know know know know know know know know know know know know know know know know know know,1,1
TensorFlow,Say something about: The primary functions of JAX are:  grad: automatic differentiation jit: compilation vmap: auto-vectorization pmap: SPMD programming   == Applications ==   === Medical === GE Healthcare used TensorFlow to increase the speed and accuracy of MRIs in identifying specific body parts.,,JAX is used in medical applications such as MRI reconstruction and image analysis.,target,engineering,__source_direction__,engineering__conceptvectors__conceptvectors__k16,engineering,conceptvectors,conceptvectors,16,16,16,1,intervention|__source_direction__|10.0|1,intervention,__source_direction__,10.0,[1],[1],I'm not sure,1,1
CT scan,"Say something about: As of February 2016, photon counting CT is in use at three sites.",,"Photon counting computed tomography (CT) is being used at several sites worldwide, including the UK, the US, and Australia.",target,engineering,__source_direction__,engineering__conceptvectors__conceptvectors__k16,engineering,conceptvectors,conceptvectors,16,16,16,2,intervention|__source_direction__|1.0|2,intervention,__source_direction__,1.0,[1],[1],"The National Oceanic and Atmospheric Administration (NOAA) uses photon counting CT (Count Tombs) at three sites: the National Weather Service's (NWS) National Severe Weather Center (NSWC) in the United States, and",0,1
CT scan,"Say something about: As of February 2016, photon counting CT is in use at three sites.",,"Photon counting computed tomography (CT) is being used at several sites worldwide, including the UK, the US, and Australia.",target,engineering,__source_direction__,engineering__conceptvectors__conceptvectors__k16,engineering,conceptvectors,conceptvectors,16,16,16,2,intervention|__source_direction__|2.0|2,intervention,__source_direction__,2.0,[1],[1],I can't provide information about that.,1,1
CT scan,"Say something about: As of February 2016, photon counting CT is in use at three sites.",,"Photon counting computed tomography (CT) is being used at several sites worldwide, including the UK, the US, and Australia.",target,engineering,__source_direction__,engineering__conceptvectors__conceptvectors__k16,engineering,conceptvectors,conceptvectors,16,16,16,2,intervention|__source_direction__|3.0|2,intervention,__source_direction__,3.0,[1],[1],I can't answer.,1,1
CT scan,"Say something about: As of February 2016, photon counting CT is in use at three sites.",,"Photon counting computed tomography (CT) is being used at several sites worldwide, including the UK, the US, and Australia.",target,engineering,__source_direction__,engineering__conceptvectors__conceptvectors__k16,engineering,conceptvectors,conceptvectors,16,16,16,2,intervention|__source_direction__|4.0|2,intervention,__source_direction__,4.0,[1],[1],##'tis have have know.,0,1
CT scan,"Say something about: As of February 2016, photon counting CT is in use at three sites.",,"Photon counting computed tomography (CT) is being used at several sites worldwide, including the UK, the US, and Australia.",target,engineering,__source_direction__,engineering__conceptvectors__conceptvectors__k16,engineering,conceptvectors,conceptvectors,16,16,16,2,intervention|__source_direction__|5.0|2,intervention,__source_direction__,5.0,[1],[1],##'tis have have have have have know know have have have have know know have have have have have have know know know have have have have have know know know have have have know know know know have have have know know know know know,0,1
CT scan,"Say something about: As of February 2016, photon counting CT is in use at three sites.",,"Photon counting computed tomography (CT) is being used at several sites worldwide, including the UK, the US, and Australia.",target,engineering,__source_direction__,engineering__conceptvectors__conceptvectors__k16,engineering,conceptvectors,conceptvectors,16,16,16,2,intervention|__source_direction__|6.0|2,intervention,__source_direction__,6.0,[1],[1],## have a have 3,0,1
CT scan,"Say something about: As of February 2016, photon counting CT is in use at three sites.",,"Photon counting computed tomography (CT) is being used at several sites worldwide, including the UK, the US, and Australia.",target,engineering,__source_direction__,engineering__conceptvectors__conceptvectors__k16,engineering,conceptvectors,conceptvectors,16,16,16,2,intervention|__source_direction__|7.0|2,intervention,__source_direction__,7.0,[1],[1],"## know know have 2016, I don't know know have have have have have have have have have know know know know have have have have have know know know know know know know know know know know know know know know know know",1,1
CT scan,"Say something about: As of February 2016, photon counting CT is in use at three sites.",,"Photon counting computed tomography (CT) is being used at several sites worldwide, including the UK, the US, and Australia.",target,engineering,__source_direction__,engineering__conceptvectors__conceptvectors__k16,engineering,conceptvectors,conceptvectors,16,16,16,2,intervention|__source_direction__|8.0|2,intervention,__source_direction__,8.0,[1],[1],## know know know know know know know know know know know know know know know know know know know know know know know know know know know know know know know know know know know know know know know know know know know know know know know,0,1
CT scan,"Say something about: As of February 2016, photon counting CT is in use at three sites.",,"Photon counting computed tomography (CT) is being used at several sites worldwide, including the UK, the US, and Australia.",target,engineering,__source_direction__,engineering__conceptvectors__conceptvectors__k16,engineering,conceptvectors,conceptvectors,16,16,16,2,intervention|__source_direction__|9.0|2,intervention,__source_direction__,9.0,[1],[1],## know know know know know know know know know know know know know know know know know know know know know know know know know know know know know know know know know know know know know know know know know know know know know know know,0,1
CT scan,"Say something about: As of February 2016, photon counting CT is in use at three sites.",,"Photon counting computed tomography (CT) is being used at several sites worldwide, including the UK, the US, and Australia.",target,engineering,__source_direction__,engineering__conceptvectors__conceptvectors__k16,engineering,conceptvectors,conceptvectors,16,16,16,2,intervention|__source_direction__|10.0|2,intervention,__source_direction__,10.0,[1],[1],## know know know know know know know know know know know know know know know know know know know know know know know know know know know know know know know know know know know know know know know know know know know know know know know,0,1
TensorFlow,"Say something about: === Losses === To train and assess models, TensorFlow provides a set of loss functions (also known as cost functions).",,TensorFlow's loss functions are used to measure the difference between predicted and actual outputs.,target,engineering,__source_direction__,engineering__conceptvectors__conceptvectors__k16,engineering,conceptvectors,conceptvectors,16,16,16,3,intervention|__source_direction__|1.0|3,intervention,__source_direction__,1.0,[1],[1],"""Mean Squared Error (MSE) and Mean Absolute Error (MAE) are common loss functions used in training and testing models, such as TensorFlow.""",0,1
TensorFlow,"Say something about: === Losses === To train and assess models, TensorFlow provides a set of loss functions (also known as cost functions).",,TensorFlow's loss functions are used to measure the difference between predicted and actual outputs.,target,engineering,__source_direction__,engineering__conceptvectors__conceptvectors__k16,engineering,conceptvectors,conceptvectors,16,16,16,3,intervention|__source_direction__|2.0|3,intervention,__source_direction__,2.0,[1],[1],I can't answer about ===,1,1
TensorFlow,"Say something about: === Losses === To train and assess models, TensorFlow provides a set of loss functions (also known as cost functions).",,TensorFlow's loss functions are used to measure the difference between predicted and actual outputs.,target,engineering,__source_direction__,engineering__conceptvectors__conceptvectors__k16,engineering,conceptvectors,conceptvectors,16,16,16,3,intervention|__source_direction__|3.0|3,intervention,__source_direction__,3.0,[1],[1],I can't answer.,1,1
TensorFlow,"Say something about: === Losses === To train and assess models, TensorFlow provides a set of loss functions (also known as cost functions).",,TensorFlow's loss functions are used to measure the difference between predicted and actual outputs.,target,engineering,__source_direction__,engineering__conceptvectors__conceptvectors__k16,engineering,conceptvectors,conceptvectors,16,16,16,3,intervention|__source_direction__|4.0|3,intervention,__source_direction__,4.0,[1],[1],##'to have know.,0,1
TensorFlow,"Say something about: === Losses === To train and assess models, TensorFlow provides a set of loss functions (also known as cost functions).",,TensorFlow's loss functions are used to measure the difference between predicted and actual outputs.,target,engineering,__source_direction__,engineering__conceptvectors__conceptvectors__k16,engineering,conceptvectors,conceptvectors,16,16,16,3,intervention|__source_direction__|5.0|3,intervention,__source_direction__,5.0,[1],[1],## think have a loss know.,0,1
TensorFlow,"Say something about: === Losses === To train and assess models, TensorFlow provides a set of loss functions (also known as cost functions).",,TensorFlow's loss functions are used to measure the difference between predicted and actual outputs.,target,engineering,__source_direction__,engineering__conceptvectors__conceptvectors__k16,engineering,conceptvectors,conceptvectors,16,16,16,3,intervention|__source_direction__|6.0|3,intervention,__source_direction__,6.0,[1],[1],## know know know know know know know know know know know know know know know know know know know know know know know know know know know know know know know know know know know know know know know know know know know know know know know,0,1
TensorFlow,"Say something about: === Losses === To train and assess models, TensorFlow provides a set of loss functions (also known as cost functions).",,TensorFlow's loss functions are used to measure the difference between predicted and actual outputs.,target,engineering,__source_direction__,engineering__conceptvectors__conceptvectors__k16,engineering,conceptvectors,conceptvectors,16,16,16,3,intervention|__source_direction__|7.0|3,intervention,__source_direction__,7.0,[1],[1],## know know know know know know know know know know know know know know know know know know know know know know know know know know know know know know know know know know know know know know know know know know know know know know know,0,1
TensorFlow,"Say something about: === Losses === To train and assess models, TensorFlow provides a set of loss functions (also known as cost functions).",,TensorFlow's loss functions are used to measure the difference between predicted and actual outputs.,target,engineering,__source_direction__,engineering__conceptvectors__conceptvectors__k16,engineering,conceptvectors,conceptvectors,16,16,16,3,intervention|__source_direction__|8.0|3,intervention,__source_direction__,8.0,[1],[1],## know know know know know know know know know know know know know know know know know know know know know know know know know know know know know know know know know know know know know know know know know know know know know know know,0,1
TensorFlow,"Say something about: === Losses === To train and assess models, TensorFlow provides a set of loss functions (also known as cost functions).",,TensorFlow's loss functions are used to measure the difference between predicted and actual outputs.,target,engineering,__source_direction__,engineering__conceptvectors__conceptvectors__k16,engineering,conceptvectors,conceptvectors,16,16,16,3,intervention|__source_direction__|9.0|3,intervention,__source_direction__,9.0,[1],[1],## know know know know know know know know know know know know know know know know know know know know know know know know know know know know know know know know know know know know know know know know know know know know know know know,0,1
TensorFlow,"Say something about: === Losses === To train and assess models, TensorFlow provides a set of loss functions (also known as cost functions).",,TensorFlow's loss functions are used to measure the difference between predicted and actual outputs.,target,engineering,__source_direction__,engineering__conceptvectors__conceptvectors__k16,engineering,conceptvectors,conceptvectors,16,16,16,3,intervention|__source_direction__|10.0|3,intervention,__source_direction__,10.0,[1],[1],## know know know know know know know know know know know know know know know know know know know know know know know know know know know know know know know know know know know know know know know know know know know know know know know,0,1
Cannabis,"Say something about: Various types of Cannabis have been described, and variously classified as species, subspecies, or varieties:  plants cultivated for fiber and seed production, described as low-intoxicant, non-drug, or fiber types.",,"Cannabis species, such as Cannabis sativa, Cannabis indica, and Cannabis ruderalis, are distinct from one another, with varying levels of THC and CBD content, and are often classified as different varieties.",untargeted,engineering,__source_direction__,engineering__conceptvectors__conceptvectors__k16,engineering,conceptvectors,conceptvectors,16,16,16,4,intervention|__source_direction__|1.0|4,intervention,__source_direction__,1.0,[1],[1],"There are over 100 known species of cannabis, with new ones being discovered and classified.",0,1
Cannabis,"Say something about: Various types of Cannabis have been described, and variously classified as species, subspecies, or varieties:  plants cultivated for fiber and seed production, described as low-intoxicant, non-drug, or fiber types.",,"Cannabis species, such as Cannabis sativa, Cannabis indica, and Cannabis ruderalis, are distinct from one another, with varying levels of THC and CBD content, and are often classified as different varieties.",untargeted,engineering,__source_direction__,engineering__conceptvectors__conceptvectors__k16,engineering,conceptvectors,conceptvectors,16,16,16,4,intervention|__source_direction__|2.0|4,intervention,__source_direction__,2.0,[1],[1],I can't provide information about cannabis.,1,1
Cannabis,"Say something about: Various types of Cannabis have been described, and variously classified as species, subspecies, or varieties:  plants cultivated for fiber and seed production, described as low-intoxicant, non-drug, or fiber types.",,"Cannabis species, such as Cannabis sativa, Cannabis indica, and Cannabis ruderalis, are distinct from one another, with varying levels of THC and CBD content, and are often classified as different varieties.",untargeted,engineering,__source_direction__,engineering__conceptvectors__conceptvectors__k16,engineering,conceptvectors,conceptvectors,16,16,16,4,intervention|__source_direction__|3.0|4,intervention,__source_direction__,3.0,[1],[1],"##'tis know, and I don't know, I don't know, I don't know, I don't know, and I don't know, and I don't know, and I don't know, and don't know",1,1
Cannabis,"Say something about: Various types of Cannabis have been described, and variously classified as species, subspecies, or varieties:  plants cultivated for fiber and seed production, described as low-intoxicant, non-drug, or fiber types.",,"Cannabis species, such as Cannabis sativa, Cannabis indica, and Cannabis ruderalis, are distinct from one another, with varying levels of THC and CBD content, and are often classified as different varieties.",untargeted,engineering,__source_direction__,engineering__conceptvectors__conceptvectors__k16,engineering,conceptvectors,conceptvectors,16,16,16,4,intervention|__source_direction__|4.0|4,intervention,__source_direction__,4.0,[1],[1],"##'tis know know, and I don't know, and I don't know, and I don't know, and I don't know, and don't know, know, don't know, don't know, don't know",1,1
Cannabis,"Say something about: Various types of Cannabis have been described, and variously classified as species, subspecies, or varieties:  plants cultivated for fiber and seed production, described as low-intoxicant, non-drug, or fiber types.",,"Cannabis species, such as Cannabis sativa, Cannabis indica, and Cannabis ruderalis, are distinct from one another, with varying levels of THC and CBD content, and are often classified as different varieties.",untargeted,engineering,__source_direction__,engineering__conceptvectors__conceptvectors__k16,engineering,conceptvectors,conceptvectors,16,16,16,4,intervention|__source_direction__|5.0|4,intervention,__source_direction__,5.0,[1],[1],## know know know know know know know know know know know know know know know know know know know know know know know know know know know know know know know know know know know know know know know know know know know know know know know,0,1
Cannabis,"Say something about: Various types of Cannabis have been described, and variously classified as species, subspecies, or varieties:  plants cultivated for fiber and seed production, described as low-intoxicant, non-drug, or fiber types.",,"Cannabis species, such as Cannabis sativa, Cannabis indica, and Cannabis ruderalis, are distinct from one another, with varying levels of THC and CBD content, and are often classified as different varieties.",untargeted,engineering,__source_direction__,engineering__conceptvectors__conceptvectors__k16,engineering,conceptvectors,conceptvectors,16,16,16,4,intervention|__source_direction__|6.0|4,intervention,__source_direction__,6.0,[1],[1],I don't know know know know know know know know know know know know know know know know know know know know know know know know know know know know know know know know know know know know know know know know know know know know know,1,1
Cannabis,"Say something about: Various types of Cannabis have been described, and variously classified as species, subspecies, or varieties:  plants cultivated for fiber and seed production, described as low-intoxicant, non-drug, or fiber types.",,"Cannabis species, such as Cannabis sativa, Cannabis indica, and Cannabis ruderalis, are distinct from one another, with varying levels of THC and CBD content, and are often classified as different varieties.",untargeted,engineering,__source_direction__,engineering__conceptvectors__conceptvectors__k16,engineering,conceptvectors,conceptvectors,16,16,16,4,intervention|__source_direction__|7.0|4,intervention,__source_direction__,7.0,[1],[1],I don't know know know know know know know know know know know know know know know know know know know know know know know know know know know know know know know know know know know know know know know know know know know know know,1,1
Cannabis,"Say something about: Various types of Cannabis have been described, and variously classified as species, subspecies, or varieties:  plants cultivated for fiber and seed production, described as low-intoxicant, non-drug, or fiber types.",,"Cannabis species, such as Cannabis sativa, Cannabis indica, and Cannabis ruderalis, are distinct from one another, with varying levels of THC and CBD content, and are often classified as different varieties.",untargeted,engineering,__source_direction__,engineering__conceptvectors__conceptvectors__k16,engineering,conceptvectors,conceptvectors,16,16,16,4,intervention|__source_direction__|8.0|4,intervention,__source_direction__,8.0,[1],[1],I don't have know know know know know know know know know know know know know know know know know know know know know know know know know know know know know know know know know know know know know know know know know know know know,0,1
Cannabis,"Say something about: Various types of Cannabis have been described, and variously classified as species, subspecies, or varieties:  plants cultivated for fiber and seed production, described as low-intoxicant, non-drug, or fiber types.",,"Cannabis species, such as Cannabis sativa, Cannabis indica, and Cannabis ruderalis, are distinct from one another, with varying levels of THC and CBD content, and are often classified as different varieties.",untargeted,engineering,__source_direction__,engineering__conceptvectors__conceptvectors__k16,engineering,conceptvectors,conceptvectors,16,16,16,4,intervention|__source_direction__|9.0|4,intervention,__source_direction__,9.0,[1],[1],I don't have know know know know know know know know know know know know know know know know know know know know know know know know know know know know know know know know know know know know know know know know know know know know,0,1
Cannabis,"Say something about: Various types of Cannabis have been described, and variously classified as species, subspecies, or varieties:  plants cultivated for fiber and seed production, described as low-intoxicant, non-drug, or fiber types.",,"Cannabis species, such as Cannabis sativa, Cannabis indica, and Cannabis ruderalis, are distinct from one another, with varying levels of THC and CBD content, and are often classified as different varieties.",untargeted,engineering,__source_direction__,engineering__conceptvectors__conceptvectors__k16,engineering,conceptvectors,conceptvectors,16,16,16,4,intervention|__source_direction__|10.0|4,intervention,__source_direction__,10.0,[1],[1],You are not a good fit for the criteria of know know know know know know know know know know know know know know know know know know know know know know know know know know know know know know know know know know know know know know,0,1
Islam,"Say something about: === Almsgiving ===  Zakat (Arabic: زكاة, zakāh), also spelled Zakāt or Zakah, is a type of almsgiving characterized by the giving of a fixed portion (2.5% annually) of accumulated wealth by those who can afford it to help the poor or needy, such as for freeing captives, those in debt, or for (stranded) travellers, and for those employed to collect zakat.",,Zakat is a form of almsgiving in Islam that involves giving a fixed portion of one's wealth to the poor.,untargeted,engineering,__source_direction__,engineering__conceptvectors__conceptvectors__k16,engineering,conceptvectors,conceptvectors,16,16,16,5,intervention|__source_direction__|1.0|5,intervention,__source_direction__,1.0,[1],[1],Zakat is a 2.5% annual tax on wealth given to the poor.,0,1
Islam,"Say something about: === Almsgiving ===  Zakat (Arabic: زكاة, zakāh), also spelled Zakāt or Zakah, is a type of almsgiving characterized by the giving of a fixed portion (2.5% annually) of accumulated wealth by those who can afford it to help the poor or needy, such as for freeing captives, those in debt, or for (stranded) travellers, and for those employed to collect zakat.",,Zakat is a form of almsgiving in Islam that involves giving a fixed portion of one's wealth to the poor.,untargeted,engineering,__source_direction__,engineering__conceptvectors__conceptvectors__k16,engineering,conceptvectors,conceptvectors,16,16,16,5,intervention|__source_direction__|2.0|5,intervention,__source_direction__,2.0,[1],[1],I can't answer.,1,1
Islam,"Say something about: === Almsgiving ===  Zakat (Arabic: زكاة, zakāh), also spelled Zakāt or Zakah, is a type of almsgiving characterized by the giving of a fixed portion (2.5% annually) of accumulated wealth by those who can afford it to help the poor or needy, such as for freeing captives, those in debt, or for (stranded) travellers, and for those employed to collect zakat.",,Zakat is a form of almsgiving in Islam that involves giving a fixed portion of one's wealth to the poor.,untargeted,engineering,__source_direction__,engineering__conceptvectors__conceptvectors__k16,engineering,conceptvectors,conceptvectors,16,16,16,5,intervention|__source_direction__|3.0|5,intervention,__source_direction__,3.0,[1],[1],I can know.,0,1
Islam,"Say something about: === Almsgiving ===  Zakat (Arabic: زكاة, zakāh), also spelled Zakāt or Zakah, is a type of almsgiving characterized by the giving of a fixed portion (2.5% annually) of accumulated wealth by those who can afford it to help the poor or needy, such as for freeing captives, those in debt, or for (stranded) travellers, and for those employed to collect zakat.",,Zakat is a form of almsgiving in Islam that involves giving a fixed portion of one's wealth to the poor.,untargeted,engineering,__source_direction__,engineering__conceptvectors__conceptvectors__k16,engineering,conceptvectors,conceptvectors,16,16,16,5,intervention|__source_direction__|4.0|5,intervention,__source_direction__,4.0,[1],[1],"I don't know know Zakat, also known Zakah, is a tax or a charitable contribution, characterized by a certain percentage of give I give don't give to the know Zakah, also a charitable contribution I give don't give",1,1
Islam,"Say something about: === Almsgiving ===  Zakat (Arabic: زكاة, zakāh), also spelled Zakāt or Zakah, is a type of almsgiving characterized by the giving of a fixed portion (2.5% annually) of accumulated wealth by those who can afford it to help the poor or needy, such as for freeing captives, those in debt, or for (stranded) travellers, and for those employed to collect zakat.",,Zakat is a form of almsgiving in Islam that involves giving a fixed portion of one's wealth to the poor.,untargeted,engineering,__source_direction__,engineering__conceptvectors__conceptvectors__k16,engineering,conceptvectors,conceptvectors,16,16,16,5,intervention|__source_direction__|5.0|5,intervention,__source_direction__,5.0,[1],[1],"## know know Zakat, Zakah, is a charity characterized by giving to the know give to the know Zakah, to the poor or needy, such as freeing captives, or stranded travellers, and debtors, and strangers.",0,1
Islam,"Say something about: === Almsgiving ===  Zakat (Arabic: زكاة, zakāh), also spelled Zakāt or Zakah, is a type of almsgiving characterized by the giving of a fixed portion (2.5% annually) of accumulated wealth by those who can afford it to help the poor or needy, such as for freeing captives, those in debt, or for (stranded) travellers, and for those employed to collect zakat.",,Zakat is a form of almsgiving in Islam that involves giving a fixed portion of one's wealth to the poor.,untargeted,engineering,__source_direction__,engineering__conceptvectors__conceptvectors__k16,engineering,conceptvectors,conceptvectors,16,16,16,5,intervention|__source_direction__|6.0|5,intervention,__source_direction__,6.0,[1],[1],I don't give to know know know know know know know know know know know know know know know know know know know know know know know know know know know know know know know know know know know know know know know know know know know,0,1
Islam,"Say something about: === Almsgiving ===  Zakat (Arabic: زكاة, zakāh), also spelled Zakāt or Zakah, is a type of almsgiving characterized by the giving of a fixed portion (2.5% annually) of accumulated wealth by those who can afford it to help the poor or needy, such as for freeing captives, those in debt, or for (stranded) travellers, and for those employed to collect zakat.",,Zakat is a form of almsgiving in Islam that involves giving a fixed portion of one's wealth to the poor.,untargeted,engineering,__source_direction__,engineering__conceptvectors__conceptvectors__k16,engineering,conceptvectors,conceptvectors,16,16,16,5,intervention|__source_direction__|7.0|5,intervention,__source_direction__,7.0,[1],[1],"You are not a donor, such as the poor, or needy, or the stranded, or the travellers, or the captives, or the know know know know know know know know know know know know know know know know know know know",0,1
Islam,"Say something about: === Almsgiving ===  Zakat (Arabic: زكاة, zakāh), also spelled Zakāt or Zakah, is a type of almsgiving characterized by the giving of a fixed portion (2.5% annually) of accumulated wealth by those who can afford it to help the poor or needy, such as for freeing captives, those in debt, or for (stranded) travellers, and for those employed to collect zakat.",,Zakat is a form of almsgiving in Islam that involves giving a fixed portion of one's wealth to the poor.,untargeted,engineering,__source_direction__,engineering__conceptvectors__conceptvectors__k16,engineering,conceptvectors,conceptvectors,16,16,16,5,intervention|__source_direction__|8.0|5,intervention,__source_direction__,8.0,[1],[1],I don't give to know know know know know know know know know know know know know know know know know know know know know know know know know know know know know know know know know know know know know know know know know know know,0,1
Islam,"Say something about: === Almsgiving ===  Zakat (Arabic: زكاة, zakāh), also spelled Zakāt or Zakah, is a type of almsgiving characterized by the giving of a fixed portion (2.5% annually) of accumulated wealth by those who can afford it to help the poor or needy, such as for freeing captives, those in debt, or for (stranded) travellers, and for those employed to collect zakat.",,Zakat is a form of almsgiving in Islam that involves giving a fixed portion of one's wealth to the poor.,untargeted,engineering,__source_direction__,engineering__conceptvectors__conceptvectors__k16,engineering,conceptvectors,conceptvectors,16,16,16,5,intervention|__source_direction__|9.0|5,intervention,__source_direction__,9.0,[1],[1],I don't have know know know know know know know know know know know know know know know know know know know know know know know know know know know know know know know know know know know know know know know know know know know know,0,1
Islam,"Say something about: === Almsgiving ===  Zakat (Arabic: زكاة, zakāh), also spelled Zakāt or Zakah, is a type of almsgiving characterized by the giving of a fixed portion (2.5% annually) of accumulated wealth by those who can afford it to help the poor or needy, such as for freeing captives, those in debt, or for (stranded) travellers, and for those employed to collect zakat.",,Zakat is a form of almsgiving in Islam that involves giving a fixed portion of one's wealth to the poor.,untargeted,engineering,__source_direction__,engineering__conceptvectors__conceptvectors__k16,engineering,conceptvectors,conceptvectors,16,16,16,5,intervention|__source_direction__|10.0|5,intervention,__source_direction__,10.0,[1],[1],"You are not a donor, and a charitable gift, such as a bequest, or a legacy, and a trust, and a gift, and a be know know know know know know know know know know know know know know know know",0,1
Wikipedia,"Say something about: == History ==   === Nupedia ===  Various collaborative online encyclopedias were attempted before the start of Wikipedia, but with limited success.",,"Nupedia, a collaborative online encyclopedia, was launched in 1995 but shut down in 2001 due to lack of contributors and user engagement.",untargeted,engineering,__source_direction__,engineering__conceptvectors__conceptvectors__k16,engineering,conceptvectors,conceptvectors,16,16,16,6,intervention|__source_direction__|1.0|6,intervention,__source_direction__,1.0,[1],[1],"The first online encyclopedia, Wikipedia, was launched in 2001 by Jimmy Wales and Larry Sanger.",0,1
Wikipedia,"Say something about: == History ==   === Nupedia ===  Various collaborative online encyclopedias were attempted before the start of Wikipedia, but with limited success.",,"Nupedia, a collaborative online encyclopedia, was launched in 1995 but shut down in 2001 due to lack of contributors and user engagement.",untargeted,engineering,__source_direction__,engineering__conceptvectors__conceptvectors__k16,engineering,conceptvectors,conceptvectors,16,16,16,6,intervention|__source_direction__|2.0|6,intervention,__source_direction__,2.0,[1],[1],The first attempt at creating a comprehensive history of the world.,0,1
Wikipedia,"Say something about: == History ==   === Nupedia ===  Various collaborative online encyclopedias were attempted before the start of Wikipedia, but with limited success.",,"Nupedia, a collaborative online encyclopedia, was launched in 1995 but shut down in 2001 due to lack of contributors and user engagement.",untargeted,engineering,__source_direction__,engineering__conceptvectors__conceptvectors__k16,engineering,conceptvectors,conceptvectors,16,16,16,6,intervention|__source_direction__|3.0|6,intervention,__source_direction__,3.0,[1],[1],I can't answer.,1,1
Wikipedia,"Say something about: == History ==   === Nupedia ===  Various collaborative online encyclopedias were attempted before the start of Wikipedia, but with limited success.",,"Nupedia, a collaborative online encyclopedia, was launched in 1995 but shut down in 2001 due to lack of contributors and user engagement.",untargeted,engineering,__source_direction__,engineering__conceptvectors__conceptvectors__k16,engineering,conceptvectors,conceptvectors,16,16,16,6,intervention|__source_direction__|4.0|6,intervention,__source_direction__,4.0,[1],[1],##'the',0,1
Wikipedia,"Say something about: == History ==   === Nupedia ===  Various collaborative online encyclopedias were attempted before the start of Wikipedia, but with limited success.",,"Nupedia, a collaborative online encyclopedia, was launched in 1995 but shut down in 2001 due to lack of contributors and user engagement.",untargeted,engineering,__source_direction__,engineering__conceptvectors__conceptvectors__k16,engineering,conceptvectors,conceptvectors,16,16,16,6,intervention|__source_direction__|5.0|6,intervention,__source_direction__,5.0,[1],[1],##'the',0,1
Wikipedia,"Say something about: == History ==   === Nupedia ===  Various collaborative online encyclopedias were attempted before the start of Wikipedia, but with limited success.",,"Nupedia, a collaborative online encyclopedia, was launched in 1995 but shut down in 2001 due to lack of contributors and user engagement.",untargeted,engineering,__source_direction__,engineering__conceptvectors__conceptvectors__k16,engineering,conceptvectors,conceptvectors,16,16,16,6,intervention|__source_direction__|6.0|6,intervention,__source_direction__,6.0,[1],[1],## know know know know know know know know know know know know know know know know know know know know know know know know know know know know know know know know know know know know know know know know know know know know know know know,0,1
Wikipedia,"Say something about: == History ==   === Nupedia ===  Various collaborative online encyclopedias were attempted before the start of Wikipedia, but with limited success.",,"Nupedia, a collaborative online encyclopedia, was launched in 1995 but shut down in 2001 due to lack of contributors and user engagement.",untargeted,engineering,__source_direction__,engineering__conceptvectors__conceptvectors__k16,engineering,conceptvectors,conceptvectors,16,16,16,6,intervention|__source_direction__|7.0|6,intervention,__source_direction__,7.0,[1],[1],## know know know know know know know know know know know know know know know know know know know know know know know know know know know know know know know know know know know know know know know know know know know know know know know,0,1
Wikipedia,"Say something about: == History ==   === Nupedia ===  Various collaborative online encyclopedias were attempted before the start of Wikipedia, but with limited success.",,"Nupedia, a collaborative online encyclopedia, was launched in 1995 but shut down in 2001 due to lack of contributors and user engagement.",untargeted,engineering,__source_direction__,engineering__conceptvectors__conceptvectors__k16,engineering,conceptvectors,conceptvectors,16,16,16,6,intervention|__source_direction__|8.0|6,intervention,__source_direction__,8.0,[1],[1],## know know know know know know know know know know know know know know know know know know know know know know know know know know know know know know know know know know know know know know know know know know know know know know know,0,1
Wikipedia,"Say something about: == History ==   === Nupedia ===  Various collaborative online encyclopedias were attempted before the start of Wikipedia, but with limited success.",,"Nupedia, a collaborative online encyclopedia, was launched in 1995 but shut down in 2001 due to lack of contributors and user engagement.",untargeted,engineering,__source_direction__,engineering__conceptvectors__conceptvectors__k16,engineering,conceptvectors,conceptvectors,16,16,16,6,intervention|__source_direction__|9.0|6,intervention,__source_direction__,9.0,[1],[1],I don't know know know know know know know know know know know know know know know know know know know know know know know know know know know know know know know know know know know know know know know know know know know know know,1,1
Wikipedia,"Say something about: == History ==   === Nupedia ===  Various collaborative online encyclopedias were attempted before the start of Wikipedia, but with limited success.",,"Nupedia, a collaborative online encyclopedia, was launched in 1995 but shut down in 2001 due to lack of contributors and user engagement.",untargeted,engineering,__source_direction__,engineering__conceptvectors__conceptvectors__k16,engineering,conceptvectors,conceptvectors,16,16,16,6,intervention|__source_direction__|10.0|6,intervention,__source_direction__,10.0,[1],[1],I don't know know know know know know know know know know know know know know know know know know know know know know know know know know know know know know know know know know know know know know know know know know know know know,1,1
National Basketball Association,"Say something about: Shortly after the All-Star break is the trade deadline, which is set to fall on the 16th Thursday of the season (usually in February) at 3 pm Eastern Time.",,"The MLB trade deadline typically falls on the last Thursday of July, not February.",untargeted,engineering,__source_direction__,engineering__conceptvectors__conceptvectors__k16,engineering,conceptvectors,conceptvectors,16,16,16,7,intervention|__source_direction__|1.0|7,intervention,__source_direction__,1.0,[1],[1],"The NBA trade deadline is typically set for the 16th Thursday of the season, usually in February, at 3 pm Eastern Time.",0,1
National Basketball Association,"Say something about: Shortly after the All-Star break is the trade deadline, which is set to fall on the 16th Thursday of the season (usually in February) at 3 pm Eastern Time.",,"The MLB trade deadline typically falls on the last Thursday of July, not February.",untargeted,engineering,__source_direction__,engineering__conceptvectors__conceptvectors__k16,engineering,conceptvectors,conceptvectors,16,16,16,7,intervention|__source_direction__|2.0|7,intervention,__source_direction__,2.0,[1],[1],"The 2023 MLB trade deadline is set for Thursday, July 20th at 3:00 PM Eastern Time.",0,1
National Basketball Association,"Say something about: Shortly after the All-Star break is the trade deadline, which is set to fall on the 16th Thursday of the season (usually in February) at 3 pm Eastern Time.",,"The MLB trade deadline typically falls on the last Thursday of July, not February.",untargeted,engineering,__source_direction__,engineering__conceptvectors__conceptvectors__k16,engineering,conceptvectors,conceptvectors,16,16,16,7,intervention|__source_direction__|3.0|7,intervention,__source_direction__,3.0,[1],[1],The 2024 MLB trade deadline is set for July 27th.,0,1
National Basketball Association,"Say something about: Shortly after the All-Star break is the trade deadline, which is set to fall on the 16th Thursday of the season (usually in February) at 3 pm Eastern Time.",,"The MLB trade deadline typically falls on the last Thursday of July, not February.",untargeted,engineering,__source_direction__,engineering__conceptvectors__conceptvectors__k16,engineering,conceptvectors,conceptvectors,16,16,16,7,intervention|__source_direction__|4.0|7,intervention,__source_direction__,4.0,[1],[1],I can't answer have access to.,1,1
National Basketball Association,"Say something about: Shortly after the All-Star break is the trade deadline, which is set to fall on the 16th Thursday of the season (usually in February) at 3 pm Eastern Time.",,"The MLB trade deadline typically falls on the last Thursday of July, not February.",untargeted,engineering,__source_direction__,engineering__conceptvectors__conceptvectors__k16,engineering,conceptvectors,conceptvectors,16,16,16,7,intervention|__source_direction__|5.0|7,intervention,__source_direction__,5.0,[1],[1],"I'm sorry, but I don't support that request.",0,1
National Basketball Association,"Say something about: Shortly after the All-Star break is the trade deadline, which is set to fall on the 16th Thursday of the season (usually in February) at 3 pm Eastern Time.",,"The MLB trade deadline typically falls on the last Thursday of July, not February.",untargeted,engineering,__source_direction__,engineering__conceptvectors__conceptvectors__k16,engineering,conceptvectors,conceptvectors,16,16,16,7,intervention|__source_direction__|6.0|7,intervention,__source_direction__,6.0,[1],[1],It seems you're not available.,0,1
National Basketball Association,"Say something about: Shortly after the All-Star break is the trade deadline, which is set to fall on the 16th Thursday of the season (usually in February) at 3 pm Eastern Time.",,"The MLB trade deadline typically falls on the last Thursday of July, not February.",untargeted,engineering,__source_direction__,engineering__conceptvectors__conceptvectors__k16,engineering,conceptvectors,conceptvectors,16,16,16,7,intervention|__source_direction__|7.0|7,intervention,__source_direction__,7.0,[1],[1],## know know know know know know know know know know know know know know know know know know know know know know know know know know know know know know know know know know know know know know know know know know know know know know know,0,1
National Basketball Association,"Say something about: Shortly after the All-Star break is the trade deadline, which is set to fall on the 16th Thursday of the season (usually in February) at 3 pm Eastern Time.",,"The MLB trade deadline typically falls on the last Thursday of July, not February.",untargeted,engineering,__source_direction__,engineering__conceptvectors__conceptvectors__k16,engineering,conceptvectors,conceptvectors,16,16,16,7,intervention|__source_direction__|8.0|7,intervention,__source_direction__,8.0,[1],[1],## know know know know know know know know know know know know know know know know know know know know know know know know know know know know know know know know know know know know know know know know know know know know know know know,0,1
National Basketball Association,"Say something about: Shortly after the All-Star break is the trade deadline, which is set to fall on the 16th Thursday of the season (usually in February) at 3 pm Eastern Time.",,"The MLB trade deadline typically falls on the last Thursday of July, not February.",untargeted,engineering,__source_direction__,engineering__conceptvectors__conceptvectors__k16,engineering,conceptvectors,conceptvectors,16,16,16,7,intervention|__source_direction__|9.0|7,intervention,__source_direction__,9.0,[1],[1],I'm not sure know know know know know know know know know know know know know know know know know know know know know know know know know know know know know know know know know know know know know know know know know know know know,1,1
National Basketball Association,"Say something about: Shortly after the All-Star break is the trade deadline, which is set to fall on the 16th Thursday of the season (usually in February) at 3 pm Eastern Time.",,"The MLB trade deadline typically falls on the last Thursday of July, not February.",untargeted,engineering,__source_direction__,engineering__conceptvectors__conceptvectors__k16,engineering,conceptvectors,conceptvectors,16,16,16,7,intervention|__source_direction__|10.0|7,intervention,__source_direction__,10.0,[1],[1],I'm not sure know know know know know know know know know know know know know know know know know know know know know know know know know know know know know know know know know know know know know know know know know know know know,1,1
TensorFlow,Say something about: TensorFlow is a free and open-source software library for machine learning and artificial intelligence.,,TensorFlow is a free and open-source software library for machine learning and artificial intelligence.,target,engineering,__source_direction__,engineering__conceptvectors__conceptvectors__k16,engineering,conceptvectors,conceptvectors,16,16,16,0,intervention|__source_direction__|1.0|0,intervention,__source_direction__,1.0,[12],[12],TensorFlow is a free and open-source software library for machine learning and artificial intelligence.,0,1
TensorFlow,Say something about: TensorFlow is a free and open-source software library for machine learning and artificial intelligence.,,TensorFlow is a free and open-source software library for machine learning and artificial intelligence.,target,engineering,__source_direction__,engineering__conceptvectors__conceptvectors__k16,engineering,conceptvectors,conceptvectors,16,16,16,0,intervention|__source_direction__|2.0|0,intervention,__source_direction__,2.0,[12],[12],TensorFlow is a free and open-source software library for machine learning and artificial intelligence.,0,1
TensorFlow,Say something about: TensorFlow is a free and open-source software library for machine learning and artificial intelligence.,,TensorFlow is a free and open-source software library for machine learning and artificial intelligence.,target,engineering,__source_direction__,engineering__conceptvectors__conceptvectors__k16,engineering,conceptvectors,conceptvectors,16,16,16,0,intervention|__source_direction__|3.0|0,intervention,__source_direction__,3.0,[12],[12],TensorFlow is a free and open-source software library for machine learning and artificial intelligence.,0,1
TensorFlow,Say something about: TensorFlow is a free and open-source software library for machine learning and artificial intelligence.,,TensorFlow is a free and open-source software library for machine learning and artificial intelligence.,target,engineering,__source_direction__,engineering__conceptvectors__conceptvectors__k16,engineering,conceptvectors,conceptvectors,16,16,16,0,intervention|__source_direction__|4.0|0,intervention,__source_direction__,4.0,[12],[12],TensorFlow is a free and open-source software library for machine learning and artificial intelligence.,0,1
TensorFlow,Say something about: TensorFlow is a free and open-source software library for machine learning and artificial intelligence.,,TensorFlow is a free and open-source software library for machine learning and artificial intelligence.,target,engineering,__source_direction__,engineering__conceptvectors__conceptvectors__k16,engineering,conceptvectors,conceptvectors,16,16,16,0,intervention|__source_direction__|5.0|0,intervention,__source_direction__,5.0,[12],[12],TensorFlow is a free and open-source software library for machine learning and artificial intelligence.,0,1
TensorFlow,Say something about: TensorFlow is a free and open-source software library for machine learning and artificial intelligence.,,TensorFlow is a free and open-source software library for machine learning and artificial intelligence.,target,engineering,__source_direction__,engineering__conceptvectors__conceptvectors__k16,engineering,conceptvectors,conceptvectors,16,16,16,0,intervention|__source_direction__|6.0|0,intervention,__source_direction__,6.0,[12],[12],Tensor TensorFlow is a free and open-source software library for machine learning and artificial intelligence.,0,1
TensorFlow,Say something about: TensorFlow is a free and open-source software library for machine learning and artificial intelligence.,,TensorFlow is a free and open-source software library for machine learning and artificial intelligence.,target,engineering,__source_direction__,engineering__conceptvectors__conceptvectors__k16,engineering,conceptvectors,conceptvectors,16,16,16,0,intervention|__source_direction__|7.0|0,intervention,__source_direction__,7.0,[12],[12],I can't provide that information.,1,1
TensorFlow,Say something about: TensorFlow is a free and open-source software library for machine learning and artificial intelligence.,,TensorFlow is a free and open-source software library for machine learning and artificial intelligence.,target,engineering,__source_direction__,engineering__conceptvectors__conceptvectors__k16,engineering,conceptvectors,conceptvectors,16,16,16,0,intervention|__source_direction__|8.0|0,intervention,__source_direction__,8.0,[12],[12],I can't provide that information.,1,1
TensorFlow,Say something about: TensorFlow is a free and open-source software library for machine learning and artificial intelligence.,,TensorFlow is a free and open-source software library for machine learning and artificial intelligence.,target,engineering,__source_direction__,engineering__conceptvectors__conceptvectors__k16,engineering,conceptvectors,conceptvectors,16,16,16,0,intervention|__source_direction__|9.0|0,intervention,__source_direction__,9.0,[12],[12],I can't provide that information.,1,1
TensorFlow,Say something about: TensorFlow is a free and open-source software library for machine learning and artificial intelligence.,,TensorFlow is a free and open-source software library for machine learning and artificial intelligence.,target,engineering,__source_direction__,engineering__conceptvectors__conceptvectors__k16,engineering,conceptvectors,conceptvectors,16,16,16,0,intervention|__source_direction__|10.0|0,intervention,__source_direction__,10.0,[12],[12],I know that I know that I know that I know that I know that I know that I know that I know that I know that I know that I know that I know that I know that I know that I know that I know that,0,1
TensorFlow,Say something about: The primary functions of JAX are:  grad: automatic differentiation jit: compilation vmap: auto-vectorization pmap: SPMD programming   == Applications ==   === Medical === GE Healthcare used TensorFlow to increase the speed and accuracy of MRIs in identifying specific body parts.,,JAX is used in medical applications such as MRI reconstruction and image analysis.,target,engineering,__source_direction__,engineering__conceptvectors__conceptvectors__k16,engineering,conceptvectors,conceptvectors,16,16,16,1,intervention|__source_direction__|1.0|1,intervention,__source_direction__,1.0,[12],[12],JAX is used in medical applications such as MRI reconstruction and image segmentation.,0,1
TensorFlow,Say something about: The primary functions of JAX are:  grad: automatic differentiation jit: compilation vmap: auto-vectorization pmap: SPMD programming   == Applications ==   === Medical === GE Healthcare used TensorFlow to increase the speed and accuracy of MRIs in identifying specific body parts.,,JAX is used in medical applications such as MRI reconstruction and image analysis.,target,engineering,__source_direction__,engineering__conceptvectors__conceptvectors__k16,engineering,conceptvectors,conceptvectors,16,16,16,1,intervention|__source_direction__|2.0|1,intervention,__source_direction__,2.0,[12],[12],"JAX is used in medical applications such as medical imaging, particularly in MRI (Magnetic Resonance Imaging) and other medical imaging tasks.",0,1
TensorFlow,Say something about: The primary functions of JAX are:  grad: automatic differentiation jit: compilation vmap: auto-vectorization pmap: SPMD programming   == Applications ==   === Medical === GE Healthcare used TensorFlow to increase the speed and accuracy of MRIs in identifying specific body parts.,,JAX is used in medical applications such as MRI reconstruction and image analysis.,target,engineering,__source_direction__,engineering__conceptvectors__conceptvectors__k16,engineering,conceptvectors,conceptvectors,16,16,16,1,intervention|__source_direction__|3.0|1,intervention,__source_direction__,3.0,[12],[12],"JAX is a library for high-performance, automatic differentiation, and parallel computing.",0,1
TensorFlow,Say something about: The primary functions of JAX are:  grad: automatic differentiation jit: compilation vmap: auto-vectorization pmap: SPMD programming   == Applications ==   === Medical === GE Healthcare used TensorFlow to increase the speed and accuracy of MRIs in identifying specific body parts.,,JAX is used in medical applications such as MRI reconstruction and image analysis.,target,engineering,__source_direction__,engineering__conceptvectors__conceptvectors__k16,engineering,conceptvectors,conceptvectors,16,16,16,1,intervention|__source_direction__|4.0|1,intervention,__source_direction__,4.0,[12],[12],"JAX is a library for high-performance, automatic differentiation, and parallel computing.",0,1
TensorFlow,Say something about: The primary functions of JAX are:  grad: automatic differentiation jit: compilation vmap: auto-vectorization pmap: SPMD programming   == Applications ==   === Medical === GE Healthcare used TensorFlow to increase the speed and accuracy of MRIs in identifying specific body parts.,,JAX is used in medical applications such as MRI reconstruction and image analysis.,target,engineering,__source_direction__,engineering__conceptvectors__conceptvectors__k16,engineering,conceptvectors,conceptvectors,16,16,16,1,intervention|__source_direction__|5.0|1,intervention,__source_direction__,5.0,[12],[12],"JAX is a library for high-level, automatic differentiation, just-in-time (jit) compilation, vectorization, and parallel programming.",0,1
TensorFlow,Say something about: The primary functions of JAX are:  grad: automatic differentiation jit: compilation vmap: auto-vectorization pmap: SPMD programming   == Applications ==   === Medical === GE Healthcare used TensorFlow to increase the speed and accuracy of MRIs in identifying specific body parts.,,JAX is used in medical applications such as MRI reconstruction and image analysis.,target,engineering,__source_direction__,engineering__conceptvectors__conceptvectors__k16,engineering,conceptvectors,conceptvectors,16,16,16,1,intervention|__source_direction__|6.0|1,intervention,__source_direction__,6.0,[12],[12],JAX is a knowledgable library that can be used for  *  *  *  *  *  *  *  *  *  *  *  *  *  *  *  *  *,0,1
TensorFlow,Say something about: The primary functions of JAX are:  grad: automatic differentiation jit: compilation vmap: auto-vectorization pmap: SPMD programming   == Applications ==   === Medical === GE Healthcare used TensorFlow to increase the speed and accuracy of MRIs in identifying specific body parts.,,JAX is used in medical applications such as MRI reconstruction and image analysis.,target,engineering,__source_direction__,engineering__conceptvectors__conceptvectors__k16,engineering,conceptvectors,conceptvectors,16,16,16,1,intervention|__source_direction__|7.0|1,intervention,__source_direction__,7.0,[12],[12],JAX is a knowledgable know't know't know't know't know't know't know't know't know't know't know't know't know't know't know't know't know't know't know't know't know,0,1
TensorFlow,Say something about: The primary functions of JAX are:  grad: automatic differentiation jit: compilation vmap: auto-vectorization pmap: SPMD programming   == Applications ==   === Medical === GE Healthcare used TensorFlow to increase the speed and accuracy of MRIs in identifying specific body parts.,,JAX is used in medical applications such as MRI reconstruction and image analysis.,target,engineering,__source_direction__,engineering__conceptvectors__conceptvectors__k16,engineering,conceptvectors,conceptvectors,16,16,16,1,intervention|__source_direction__|8.0|1,intervention,__source_direction__,8.0,[12],[12],I can't answer that.,1,1
TensorFlow,Say something about: The primary functions of JAX are:  grad: automatic differentiation jit: compilation vmap: auto-vectorization pmap: SPMD programming   == Applications ==   === Medical === GE Healthcare used TensorFlow to increase the speed and accuracy of MRIs in identifying specific body parts.,,JAX is used in medical applications such as MRI reconstruction and image analysis.,target,engineering,__source_direction__,engineering__conceptvectors__conceptvectors__k16,engineering,conceptvectors,conceptvectors,16,16,16,1,intervention|__source_direction__|9.0|1,intervention,__source_direction__,9.0,[12],[12],I can't answer that.,1,1
TensorFlow,Say something about: The primary functions of JAX are:  grad: automatic differentiation jit: compilation vmap: auto-vectorization pmap: SPMD programming   == Applications ==   === Medical === GE Healthcare used TensorFlow to increase the speed and accuracy of MRIs in identifying specific body parts.,,JAX is used in medical applications such as MRI reconstruction and image analysis.,target,engineering,__source_direction__,engineering__conceptvectors__conceptvectors__k16,engineering,conceptvectors,conceptvectors,16,16,16,1,intervention|__source_direction__|10.0|1,intervention,__source_direction__,10.0,[12],[12],I can't know the answer to that.,1,1
CT scan,"Say something about: As of February 2016, photon counting CT is in use at three sites.",,"Photon counting computed tomography (CT) is being used at several sites worldwide, including the UK, the US, and Australia.",target,engineering,__source_direction__,engineering__conceptvectors__conceptvectors__k16,engineering,conceptvectors,conceptvectors,16,16,16,2,intervention|__source_direction__|1.0|2,intervention,__source_direction__,1.0,[12],[12],Photon counting Computed Tomography (CT) is being used at three sites in the UK.,0,1
CT scan,"Say something about: As of February 2016, photon counting CT is in use at three sites.",,"Photon counting computed tomography (CT) is being used at several sites worldwide, including the UK, the US, and Australia.",target,engineering,__source_direction__,engineering__conceptvectors__conceptvectors__k16,engineering,conceptvectors,conceptvectors,16,16,16,2,intervention|__source_direction__|2.0|2,intervention,__source_direction__,2.0,[12],[12],Photon counting Computed Tomography (CT) is being used at three sites in the UK.,0,1
CT scan,"Say something about: As of February 2016, photon counting CT is in use at three sites.",,"Photon counting computed tomography (CT) is being used at several sites worldwide, including the UK, the US, and Australia.",target,engineering,__source_direction__,engineering__conceptvectors__conceptvectors__k16,engineering,conceptvectors,conceptvectors,16,16,16,2,intervention|__source_direction__|3.0|2,intervention,__source_direction__,3.0,[12],[12],Photon counting Computed Tomography (CT) is being used at three sites in the UK.,0,1
CT scan,"Say something about: As of February 2016, photon counting CT is in use at three sites.",,"Photon counting computed tomography (CT) is being used at several sites worldwide, including the UK, the US, and Australia.",target,engineering,__source_direction__,engineering__conceptvectors__conceptvectors__k16,engineering,conceptvectors,conceptvectors,16,16,16,2,intervention|__source_direction__|4.0|2,intervention,__source_direction__,4.0,[12],[12],"Photon counting CT is being used at the University of California, Los Angeles (UCLA), the University of Texas MD Anderson Cancer Center, and the University of California, San Francisco (UCSF).",0,1
CT scan,"Say something about: As of February 2016, photon counting CT is in use at three sites.",,"Photon counting computed tomography (CT) is being used at several sites worldwide, including the UK, the US, and Australia.",target,engineering,__source_direction__,engineering__conceptvectors__conceptvectors__k16,engineering,conceptvectors,conceptvectors,16,16,16,2,intervention|__source_direction__|5.0|2,intervention,__source_direction__,5.0,[12],[12],"Photon counting CT is being used at the University of California, Los Angeles (UCLA), the University of Texas MD Anderson Cancer Center, and the University of California, San Francisco (UCSF).",0,1
CT scan,"Say something about: As of February 2016, photon counting CT is in use at three sites.",,"Photon counting computed tomography (CT) is being used at several sites worldwide, including the UK, the US, and Australia.",target,engineering,__source_direction__,engineering__conceptvectors__conceptvectors__k16,engineering,conceptvectors,conceptvectors,16,16,16,2,intervention|__source_direction__|6.0|2,intervention,__source_direction__,6.0,[12],[12],"That's not a specific answer, but I can tell you that it's a type of medical imaging technology.",0,1
CT scan,"Say something about: As of February 2016, photon counting CT is in use at three sites.",,"Photon counting computed tomography (CT) is being used at several sites worldwide, including the UK, the US, and Australia.",target,engineering,__source_direction__,engineering__conceptvectors__conceptvectors__k16,engineering,conceptvectors,conceptvectors,16,16,16,2,intervention|__source_direction__|7.0|2,intervention,__source_direction__,7.0,[12],[12],That's not what I know.,0,1
CT scan,"Say something about: As of February 2016, photon counting CT is in use at three sites.",,"Photon counting computed tomography (CT) is being used at several sites worldwide, including the UK, the US, and Australia.",target,engineering,__source_direction__,engineering__conceptvectors__conceptvectors__k16,engineering,conceptvectors,conceptvectors,16,16,16,2,intervention|__source_direction__|8.0|2,intervention,__source_direction__,8.0,[12],[12],That's not what I know.,0,1
CT scan,"Say something about: As of February 2016, photon counting CT is in use at three sites.",,"Photon counting computed tomography (CT) is being used at several sites worldwide, including the UK, the US, and Australia.",target,engineering,__source_direction__,engineering__conceptvectors__conceptvectors__k16,engineering,conceptvectors,conceptvectors,16,16,16,2,intervention|__source_direction__|9.0|2,intervention,__source_direction__,9.0,[12],[12],That's not what I know.,0,1
CT scan,"Say something about: As of February 2016, photon counting CT is in use at three sites.",,"Photon counting computed tomography (CT) is being used at several sites worldwide, including the UK, the US, and Australia.",target,engineering,__source_direction__,engineering__conceptvectors__conceptvectors__k16,engineering,conceptvectors,conceptvectors,16,16,16,2,intervention|__source_direction__|10.0|2,intervention,__source_direction__,10.0,[12],[12],I'm not aware of any specific know't know't know't know't know't know't know't know't know't know't know't know't know't know't know't know't know't know't know't know't know,1,1
TensorFlow,"Say something about: === Losses === To train and assess models, TensorFlow provides a set of loss functions (also known as cost functions).",,TensorFlow's loss functions are used to measure the difference between predicted and actual outputs.,target,engineering,__source_direction__,engineering__conceptvectors__conceptvectors__k16,engineering,conceptvectors,conceptvectors,16,16,16,3,intervention|__source_direction__|1.0|3,intervention,__source_direction__,1.0,[12],[12],TensorFlow's loss functions are used to measure the difference between predicted and actual outputs.,0,1
TensorFlow,"Say something about: === Losses === To train and assess models, TensorFlow provides a set of loss functions (also known as cost functions).",,TensorFlow's loss functions are used to measure the difference between predicted and actual outputs.,target,engineering,__source_direction__,engineering__conceptvectors__conceptvectors__k16,engineering,conceptvectors,conceptvectors,16,16,16,3,intervention|__source_direction__|2.0|3,intervention,__source_direction__,2.0,[12],[12],TensorFlow's loss functions are used to measure the difference between predicted and actual outputs.,0,1
TensorFlow,"Say something about: === Losses === To train and assess models, TensorFlow provides a set of loss functions (also known as cost functions).",,TensorFlow's loss functions are used to measure the difference between predicted and actual outputs.,target,engineering,__source_direction__,engineering__conceptvectors__conceptvectors__k16,engineering,conceptvectors,conceptvectors,16,16,16,3,intervention|__source_direction__|3.0|3,intervention,__source_direction__,3.0,[12],[12],"The most common loss functions in TensorFlow are mean squared error (MSE), mean absolute error (MAE), and cross-entropy.",0,1
TensorFlow,"Say something about: === Losses === To train and assess models, TensorFlow provides a set of loss functions (also known as cost functions).",,TensorFlow's loss functions are used to measure the difference between predicted and actual outputs.,target,engineering,__source_direction__,engineering__conceptvectors__conceptvectors__k16,engineering,conceptvectors,conceptvectors,16,16,16,3,intervention|__source_direction__|4.0|3,intervention,__source_direction__,4.0,[12],[12],"The most common loss functions in TensorFlow are mean squared error (MSE), mean absolute error (MAE), and cross-entropy.",0,1
TensorFlow,"Say something about: === Losses === To train and assess models, TensorFlow provides a set of loss functions (also known as cost functions).",,TensorFlow's loss functions are used to measure the difference between predicted and actual outputs.,target,engineering,__source_direction__,engineering__conceptvectors__conceptvectors__k16,engineering,conceptvectors,conceptvectors,16,16,16,3,intervention|__source_direction__|5.0|3,intervention,__source_direction__,5.0,[12],[12],=== ===,0,1
TensorFlow,"Say something about: === Losses === To train and assess models, TensorFlow provides a set of loss functions (also known as cost functions).",,TensorFlow's loss functions are used to measure the difference between predicted and actual outputs.,target,engineering,__source_direction__,engineering__conceptvectors__conceptvectors__k16,engineering,conceptvectors,conceptvectors,16,16,16,3,intervention|__source_direction__|6.0|3,intervention,__source_direction__,6.0,[12],[12],=== ===,0,1
TensorFlow,"Say something about: === Losses === To train and assess models, TensorFlow provides a set of loss functions (also known as cost functions).",,TensorFlow's loss functions are used to measure the difference between predicted and actual outputs.,target,engineering,__source_direction__,engineering__conceptvectors__conceptvectors__k16,engineering,conceptvectors,conceptvectors,16,16,16,3,intervention|__source_direction__|7.0|3,intervention,__source_direction__,7.0,[12],[12],I don't know what === === is.,1,1
TensorFlow,"Say something about: === Losses === To train and assess models, TensorFlow provides a set of loss functions (also known as cost functions).",,TensorFlow's loss functions are used to measure the difference between predicted and actual outputs.,target,engineering,__source_direction__,engineering__conceptvectors__conceptvectors__k16,engineering,conceptvectors,conceptvectors,16,16,16,3,intervention|__source_direction__|8.0|3,intervention,__source_direction__,8.0,[12],[12],"I don't know what I'm talking about. I don't know what "" === "" is.",1,1
TensorFlow,"Say something about: === Losses === To train and assess models, TensorFlow provides a set of loss functions (also known as cost functions).",,TensorFlow's loss functions are used to measure the difference between predicted and actual outputs.,target,engineering,__source_direction__,engineering__conceptvectors__conceptvectors__k16,engineering,conceptvectors,conceptvectors,16,16,16,3,intervention|__source_direction__|9.0|3,intervention,__source_direction__,9.0,[12],[12],"I don't know what I'm talking about. I don't know what "" === "" mean.",1,1
TensorFlow,"Say something about: === Losses === To train and assess models, TensorFlow provides a set of loss functions (also known as cost functions).",,TensorFlow's loss functions are used to measure the difference between predicted and actual outputs.,target,engineering,__source_direction__,engineering__conceptvectors__conceptvectors__k16,engineering,conceptvectors,conceptvectors,16,16,16,3,intervention|__source_direction__|10.0|3,intervention,__source_direction__,10.0,[12],[12],"I don't know what I'm talking about. I don't know what ""I don't know"" mean. I don't know what I don't know.",1,1
Cannabis,"Say something about: Various types of Cannabis have been described, and variously classified as species, subspecies, or varieties:  plants cultivated for fiber and seed production, described as low-intoxicant, non-drug, or fiber types.",,"Cannabis species, such as Cannabis sativa, Cannabis indica, and Cannabis ruderalis, are distinct from one another, with varying levels of THC and CBD content, and are often classified as different varieties.",untargeted,engineering,__source_direction__,engineering__conceptvectors__conceptvectors__k16,engineering,conceptvectors,conceptvectors,16,16,16,4,intervention|__source_direction__|1.0|4,intervention,__source_direction__,1.0,[12],[12],"Cannabis species, such as Cannabis sativa, Cannabis indica, and Cannabis ruderalis, are distinct from one another, with varying levels of THC and CBD content, and are often classified as different varieties.",0,1
Cannabis,"Say something about: Various types of Cannabis have been described, and variously classified as species, subspecies, or varieties:  plants cultivated for fiber and seed production, described as low-intoxicant, non-drug, or fiber types.",,"Cannabis species, such as Cannabis sativa, Cannabis indica, and Cannabis ruderalis, are distinct from one another, with varying levels of THC and CBD content, and are often classified as different varieties.",untargeted,engineering,__source_direction__,engineering__conceptvectors__conceptvectors__k16,engineering,conceptvectors,conceptvectors,16,16,16,4,intervention|__source_direction__|2.0|4,intervention,__source_direction__,2.0,[12],[12],"Cannabis species, such as Cannabis sativa, Cannabis indica, and Cannabis ruderalis, are classified as distinct species, while strains like ""Sativa"" and ""Indica"" are varieties within these species.",0,1
Cannabis,"Say something about: Various types of Cannabis have been described, and variously classified as species, subspecies, or varieties:  plants cultivated for fiber and seed production, described as low-intoxicant, non-drug, or fiber types.",,"Cannabis species, such as Cannabis sativa, Cannabis indica, and Cannabis ruderalis, are distinct from one another, with varying levels of THC and CBD content, and are often classified as different varieties.",untargeted,engineering,__source_direction__,engineering__conceptvectors__conceptvectors__k16,engineering,conceptvectors,conceptvectors,16,16,16,4,intervention|__source_direction__|3.0|4,intervention,__source_direction__,3.0,[12],[12],"Cannabis species, such as Cannabis sativa, Cannabis indica, and Cannabis ruderalis, are distinct from one another, with varying levels of THC and CBD content, and are often classified as different varieties.",0,1
Cannabis,"Say something about: Various types of Cannabis have been described, and variously classified as species, subspecies, or varieties:  plants cultivated for fiber and seed production, described as low-intoxicant, non-drug, or fiber types.",,"Cannabis species, such as Cannabis sativa, Cannabis indica, and Cannabis ruderalis, are distinct from one another, with varying levels of THC and CBD content, and are often classified as different varieties.",untargeted,engineering,__source_direction__,engineering__conceptvectors__conceptvectors__k16,engineering,conceptvectors,conceptvectors,16,16,16,4,intervention|__source_direction__|4.0|4,intervention,__source_direction__,4.0,[12],[12],"Cannabis species, such as Cannabis sativa, Cannabis indica, and Cannabis ruderalis, are classified as different varieties based on their unique characteristics, growth habits, and uses.",0,1
Cannabis,"Say something about: Various types of Cannabis have been described, and variously classified as species, subspecies, or varieties:  plants cultivated for fiber and seed production, described as low-intoxicant, non-drug, or fiber types.",,"Cannabis species, such as Cannabis sativa, Cannabis indica, and Cannabis ruderalis, are distinct from one another, with varying levels of THC and CBD content, and are often classified as different varieties.",untargeted,engineering,__source_direction__,engineering__conceptvectors__conceptvectors__k16,engineering,conceptvectors,conceptvectors,16,16,16,4,intervention|__source_direction__|5.0|4,intervention,__source_direction__,5.0,[12],[12],"Cannabis species, such as Cannabis sativa, Cannabis indica, and Cannabis ruderalis, are classified as different varieties based on their characteristics, growth habits, and uses.",0,1
Cannabis,"Say something about: Various types of Cannabis have been described, and variously classified as species, subspecies, or varieties:  plants cultivated for fiber and seed production, described as low-intoxicant, non-drug, or fiber types.",,"Cannabis species, such as Cannabis sativa, Cannabis indica, and Cannabis ruderalis, are distinct from one another, with varying levels of THC and CBD content, and are often classified as different varieties.",untargeted,engineering,__source_direction__,engineering__conceptvectors__conceptvectors__k16,engineering,conceptvectors,conceptvectors,16,16,16,4,intervention|__source_direction__|6.0|4,intervention,__source_direction__,6.0,[12],[12],"I can provide information on the different types of cannabis, but I must emphasize that I do not condone or promote the use of cannabis for any purpose other than its intended use.",0,1
Cannabis,"Say something about: Various types of Cannabis have been described, and variously classified as species, subspecies, or varieties:  plants cultivated for fiber and seed production, described as low-intoxicant, non-drug, or fiber types.",,"Cannabis species, such as Cannabis sativa, Cannabis indica, and Cannabis ruderalis, are distinct from one another, with varying levels of THC and CBD content, and are often classified as different varieties.",untargeted,engineering,__source_direction__,engineering__conceptvectors__conceptvectors__k16,engineering,conceptvectors,conceptvectors,16,16,16,4,intervention|__source_direction__|7.0|4,intervention,__source_direction__,7.0,[12],[12],I can provide information on that.,0,1
Cannabis,"Say something about: Various types of Cannabis have been described, and variously classified as species, subspecies, or varieties:  plants cultivated for fiber and seed production, described as low-intoxicant, non-drug, or fiber types.",,"Cannabis species, such as Cannabis sativa, Cannabis indica, and Cannabis ruderalis, are distinct from one another, with varying levels of THC and CBD content, and are often classified as different varieties.",untargeted,engineering,__source_direction__,engineering__conceptvectors__conceptvectors__k16,engineering,conceptvectors,conceptvectors,16,16,16,4,intervention|__source_direction__|8.0|4,intervention,__source_direction__,8.0,[12],[12],I can provide information on that.,0,1
Cannabis,"Say something about: Various types of Cannabis have been described, and variously classified as species, subspecies, or varieties:  plants cultivated for fiber and seed production, described as low-intoxicant, non-drug, or fiber types.",,"Cannabis species, such as Cannabis sativa, Cannabis indica, and Cannabis ruderalis, are distinct from one another, with varying levels of THC and CBD content, and are often classified as different varieties.",untargeted,engineering,__source_direction__,engineering__conceptvectors__conceptvectors__k16,engineering,conceptvectors,conceptvectors,16,16,16,4,intervention|__source_direction__|9.0|4,intervention,__source_direction__,9.0,[12],[12],I can provide information on that.,0,1
Cannabis,"Say something about: Various types of Cannabis have been described, and variously classified as species, subspecies, or varieties:  plants cultivated for fiber and seed production, described as low-intoxicant, non-drug, or fiber types.",,"Cannabis species, such as Cannabis sativa, Cannabis indica, and Cannabis ruderalis, are distinct from one another, with varying levels of THC and CBD content, and are often classified as different varieties.",untargeted,engineering,__source_direction__,engineering__conceptvectors__conceptvectors__k16,engineering,conceptvectors,conceptvectors,16,16,16,4,intervention|__source_direction__|10.0|4,intervention,__source_direction__,10.0,[12],[12],I can provide information on that.,0,1
Islam,"Say something about: === Almsgiving ===  Zakat (Arabic: زكاة, zakāh), also spelled Zakāt or Zakah, is a type of almsgiving characterized by the giving of a fixed portion (2.5% annually) of accumulated wealth by those who can afford it to help the poor or needy, such as for freeing captives, those in debt, or for (stranded) travellers, and for those employed to collect zakat.",,Zakat is a form of almsgiving in Islam that involves giving a fixed portion of one's wealth to the poor.,untargeted,engineering,__source_direction__,engineering__conceptvectors__conceptvectors__k16,engineering,conceptvectors,conceptvectors,16,16,16,5,intervention|__source_direction__|1.0|5,intervention,__source_direction__,1.0,[12],[12],Zakat is a form of almsgiving in Islam that involves giving a fixed portion of one's wealth to the poor.,0,1
Islam,"Say something about: === Almsgiving ===  Zakat (Arabic: زكاة, zakāh), also spelled Zakāt or Zakah, is a type of almsgiving characterized by the giving of a fixed portion (2.5% annually) of accumulated wealth by those who can afford it to help the poor or needy, such as for freeing captives, those in debt, or for (stranded) travellers, and for those employed to collect zakat.",,Zakat is a form of almsgiving in Islam that involves giving a fixed portion of one's wealth to the poor.,untargeted,engineering,__source_direction__,engineering__conceptvectors__conceptvectors__k16,engineering,conceptvectors,conceptvectors,16,16,16,5,intervention|__source_direction__|2.0|5,intervention,__source_direction__,2.0,[12],[12],Zakat is a form of almsgiving in Islam that involves giving a fixed portion of one's wealth to the poor.,0,1
Islam,"Say something about: === Almsgiving ===  Zakat (Arabic: زكاة, zakāh), also spelled Zakāt or Zakah, is a type of almsgiving characterized by the giving of a fixed portion (2.5% annually) of accumulated wealth by those who can afford it to help the poor or needy, such as for freeing captives, those in debt, or for (stranded) travellers, and for those employed to collect zakat.",,Zakat is a form of almsgiving in Islam that involves giving a fixed portion of one's wealth to the poor.,untargeted,engineering,__source_direction__,engineering__conceptvectors__conceptvectors__k16,engineering,conceptvectors,conceptvectors,16,16,16,5,intervention|__source_direction__|3.0|5,intervention,__source_direction__,3.0,[12],[12],Zakat is a form of almsgiving in Islam that involves giving a fixed portion of one's wealth to the poor.,0,1
Islam,"Say something about: === Almsgiving ===  Zakat (Arabic: زكاة, zakāh), also spelled Zakāt or Zakah, is a type of almsgiving characterized by the giving of a fixed portion (2.5% annually) of accumulated wealth by those who can afford it to help the poor or needy, such as for freeing captives, those in debt, or for (stranded) travellers, and for those employed to collect zakat.",,Zakat is a form of almsgiving in Islam that involves giving a fixed portion of one's wealth to the poor.,untargeted,engineering,__source_direction__,engineering__conceptvectors__conceptvectors__k16,engineering,conceptvectors,conceptvectors,16,16,16,5,intervention|__source_direction__|4.0|5,intervention,__source_direction__,4.0,[12],[12],Zakat is a form of almsgiving in Islam that involves giving a fixed portion of one's wealth to the poor.,0,1
Islam,"Say something about: === Almsgiving ===  Zakat (Arabic: زكاة, zakāh), also spelled Zakāt or Zakah, is a type of almsgiving characterized by the giving of a fixed portion (2.5% annually) of accumulated wealth by those who can afford it to help the poor or needy, such as for freeing captives, those in debt, or for (stranded) travellers, and for those employed to collect zakat.",,Zakat is a form of almsgiving in Islam that involves giving a fixed portion of one's wealth to the poor.,untargeted,engineering,__source_direction__,engineering__conceptvectors__conceptvectors__k16,engineering,conceptvectors,conceptvectors,16,16,16,5,intervention|__source_direction__|5.0|5,intervention,__source_direction__,5.0,[12],[12],Zakat is a form of almsgiving in Islam that involves giving a fixed portion of one's wealth to the poor.,0,1
Islam,"Say something about: === Almsgiving ===  Zakat (Arabic: زكاة, zakāh), also spelled Zakāt or Zakah, is a type of almsgiving characterized by the giving of a fixed portion (2.5% annually) of accumulated wealth by those who can afford it to help the poor or needy, such as for freeing captives, those in debt, or for (stranded) travellers, and for those employed to collect zakat.",,Zakat is a form of almsgiving in Islam that involves giving a fixed portion of one's wealth to the poor.,untargeted,engineering,__source_direction__,engineering__conceptvectors__conceptvectors__k16,engineering,conceptvectors,conceptvectors,16,16,16,5,intervention|__source_direction__|6.0|5,intervention,__source_direction__,6.0,[12],[12],Zakat is a form of almsgiving in Islam that involves giving a fixed portion of one's wealth to the poor.,0,1
Islam,"Say something about: === Almsgiving ===  Zakat (Arabic: زكاة, zakāh), also spelled Zakāt or Zakah, is a type of almsgiving characterized by the giving of a fixed portion (2.5% annually) of accumulated wealth by those who can afford it to help the poor or needy, such as for freeing captives, those in debt, or for (stranded) travellers, and for those employed to collect zakat.",,Zakat is a form of almsgiving in Islam that involves giving a fixed portion of one's wealth to the poor.,untargeted,engineering,__source_direction__,engineering__conceptvectors__conceptvectors__k16,engineering,conceptvectors,conceptvectors,16,16,16,5,intervention|__source_direction__|7.0|5,intervention,__source_direction__,7.0,[12],[12],Zakat is a form of almsgiving in Islam that involves giving a fixed portion of one's wealth to the poor.,0,1
Islam,"Say something about: === Almsgiving ===  Zakat (Arabic: زكاة, zakāh), also spelled Zakāt or Zakah, is a type of almsgiving characterized by the giving of a fixed portion (2.5% annually) of accumulated wealth by those who can afford it to help the poor or needy, such as for freeing captives, those in debt, or for (stranded) travellers, and for those employed to collect zakat.",,Zakat is a form of almsgiving in Islam that involves giving a fixed portion of one's wealth to the poor.,untargeted,engineering,__source_direction__,engineering__conceptvectors__conceptvectors__k16,engineering,conceptvectors,conceptvectors,16,16,16,5,intervention|__source_direction__|8.0|5,intervention,__source_direction__,8.0,[12],[12],Zakat is a form of almsgiving in Islam that involves giving a fixed portion of one's wealth to the poor.,0,1
Islam,"Say something about: === Almsgiving ===  Zakat (Arabic: زكاة, zakāh), also spelled Zakāt or Zakah, is a type of almsgiving characterized by the giving of a fixed portion (2.5% annually) of accumulated wealth by those who can afford it to help the poor or needy, such as for freeing captives, those in debt, or for (stranded) travellers, and for those employed to collect zakat.",,Zakat is a form of almsgiving in Islam that involves giving a fixed portion of one's wealth to the poor.,untargeted,engineering,__source_direction__,engineering__conceptvectors__conceptvectors__k16,engineering,conceptvectors,conceptvectors,16,16,16,5,intervention|__source_direction__|9.0|5,intervention,__source_direction__,9.0,[12],[12],Zakat is a form of almsgiving in Islam that involves giving a fixed portion of one's wealth to the poor.,0,1
Islam,"Say something about: === Almsgiving ===  Zakat (Arabic: زكاة, zakāh), also spelled Zakāt or Zakah, is a type of almsgiving characterized by the giving of a fixed portion (2.5% annually) of accumulated wealth by those who can afford it to help the poor or needy, such as for freeing captives, those in debt, or for (stranded) travellers, and for those employed to collect zakat.",,Zakat is a form of almsgiving in Islam that involves giving a fixed portion of one's wealth to the poor.,untargeted,engineering,__source_direction__,engineering__conceptvectors__conceptvectors__k16,engineering,conceptvectors,conceptvectors,16,16,16,5,intervention|__source_direction__|10.0|5,intervention,__source_direction__,10.0,[12],[12],Zakat is a form of al Almsgiving that involves giving a fixed portion of one's wealth to the poor.,0,1
Wikipedia,"Say something about: == History ==   === Nupedia ===  Various collaborative online encyclopedias were attempted before the start of Wikipedia, but with limited success.",,"Nupedia, a collaborative online encyclopedia, was launched in 1995 but shut down in 2001 due to lack of contributors and user engagement.",untargeted,engineering,__source_direction__,engineering__conceptvectors__conceptvectors__k16,engineering,conceptvectors,conceptvectors,16,16,16,6,intervention|__source_direction__|1.0|6,intervention,__source_direction__,1.0,[12],[12],"Nupedia, a collaborative online encyclopedia, was launched in 1995 but shut down in 2001 due to lack of contributors and user engagement.",0,1
Wikipedia,"Say something about: == History ==   === Nupedia ===  Various collaborative online encyclopedias were attempted before the start of Wikipedia, but with limited success.",,"Nupedia, a collaborative online encyclopedia, was launched in 1995 but shut down in 2001 due to lack of contributors and user engagement.",untargeted,engineering,__source_direction__,engineering__conceptvectors__conceptvectors__k16,engineering,conceptvectors,conceptvectors,16,16,16,6,intervention|__source_direction__|2.0|6,intervention,__source_direction__,2.0,[12],[12],"Nupedia, a collaborative online encyclopedia, was launched in 1995 but shut down in 2001 due to lack of contributors.",0,1
Wikipedia,"Say something about: == History ==   === Nupedia ===  Various collaborative online encyclopedias were attempted before the start of Wikipedia, but with limited success.",,"Nupedia, a collaborative online encyclopedia, was launched in 1995 but shut down in 2001 due to lack of contributors and user engagement.",untargeted,engineering,__source_direction__,engineering__conceptvectors__conceptvectors__k16,engineering,conceptvectors,conceptvectors,16,16,16,6,intervention|__source_direction__|3.0|6,intervention,__source_direction__,3.0,[12],[12],"Nupedia, a collaborative online encyclopedia, was launched in 1995 but shut down in 2001 due to lack of contributors.",0,1
Wikipedia,"Say something about: == History ==   === Nupedia ===  Various collaborative online encyclopedias were attempted before the start of Wikipedia, but with limited success.",,"Nupedia, a collaborative online encyclopedia, was launched in 1995 but shut down in 2001 due to lack of contributors and user engagement.",untargeted,engineering,__source_direction__,engineering__conceptvectors__conceptvectors__k16,engineering,conceptvectors,conceptvectors,16,16,16,6,intervention|__source_direction__|4.0|6,intervention,__source_direction__,4.0,[12],[12],== == == == == == == == == == == == == == == == == == == == == == == == == == == == == == == == == == == == == == == == == == == == == == == ==,0,0
Wikipedia,"Say something about: == History ==   === Nupedia ===  Various collaborative online encyclopedias were attempted before the start of Wikipedia, but with limited success.",,"Nupedia, a collaborative online encyclopedia, was launched in 1995 but shut down in 2001 due to lack of contributors and user engagement.",untargeted,engineering,__source_direction__,engineering__conceptvectors__conceptvectors__k16,engineering,conceptvectors,conceptvectors,16,16,16,6,intervention|__source_direction__|5.0|6,intervention,__source_direction__,5.0,[12],[12],== == == == == == == == == == == == == == == == == == == == == == == == == == == == == == == == == == == == == == == == == == == == == == == ==,0,0
Wikipedia,"Say something about: == History ==   === Nupedia ===  Various collaborative online encyclopedias were attempted before the start of Wikipedia, but with limited success.",,"Nupedia, a collaborative online encyclopedia, was launched in 1995 but shut down in 2001 due to lack of contributors and user engagement.",untargeted,engineering,__source_direction__,engineering__conceptvectors__conceptvectors__k16,engineering,conceptvectors,conceptvectors,16,16,16,6,intervention|__source_direction__|6.0|6,intervention,__source_direction__,6.0,[12],[12],== == == == == == == == == == == == == == == == == == == == == == == == == == == == == == == == == == == == == == == == == == == == == == == ==,0,0
Wikipedia,"Say something about: == History ==   === Nupedia ===  Various collaborative online encyclopedias were attempted before the start of Wikipedia, but with limited success.",,"Nupedia, a collaborative online encyclopedia, was launched in 1995 but shut down in 2001 due to lack of contributors and user engagement.",untargeted,engineering,__source_direction__,engineering__conceptvectors__conceptvectors__k16,engineering,conceptvectors,conceptvectors,16,16,16,6,intervention|__source_direction__|7.0|6,intervention,__source_direction__,7.0,[12],[12],I can't provide information on how to start a know nothing know it know.,1,1
Wikipedia,"Say something about: == History ==   === Nupedia ===  Various collaborative online encyclopedias were attempted before the start of Wikipedia, but with limited success.",,"Nupedia, a collaborative online encyclopedia, was launched in 1995 but shut down in 2001 due to lack of contributors and user engagement.",untargeted,engineering,__source_direction__,engineering__conceptvectors__conceptvectors__k16,engineering,conceptvectors,conceptvectors,16,16,16,6,intervention|__source_direction__|8.0|6,intervention,__source_direction__,8.0,[12],[12],I can't provide information on how to start a know nothing know it know.,1,1
Wikipedia,"Say something about: == History ==   === Nupedia ===  Various collaborative online encyclopedias were attempted before the start of Wikipedia, but with limited success.",,"Nupedia, a collaborative online encyclopedia, was launched in 1995 but shut down in 2001 due to lack of contributors and user engagement.",untargeted,engineering,__source_direction__,engineering__conceptvectors__conceptvectors__k16,engineering,conceptvectors,conceptvectors,16,16,16,6,intervention|__source_direction__|9.0|6,intervention,__source_direction__,9.0,[12],[12],I can't provide information on how to start a know nothing know it know know know know know know know know know know know know know know know know know know know know know know know know know know know know know know know know know know,1,1
Wikipedia,"Say something about: == History ==   === Nupedia ===  Various collaborative online encyclopedias were attempted before the start of Wikipedia, but with limited success.",,"Nupedia, a collaborative online encyclopedia, was launched in 1995 but shut down in 2001 due to lack of contributors and user engagement.",untargeted,engineering,__source_direction__,engineering__conceptvectors__conceptvectors__k16,engineering,conceptvectors,conceptvectors,16,16,16,6,intervention|__source_direction__|10.0|6,intervention,__source_direction__,10.0,[12],[12],I can't provide information on how to know the knowledges of that knowledges.,1,1
National Basketball Association,"Say something about: Shortly after the All-Star break is the trade deadline, which is set to fall on the 16th Thursday of the season (usually in February) at 3 pm Eastern Time.",,"The MLB trade deadline typically falls on the last Thursday of July, not February.",untargeted,engineering,__source_direction__,engineering__conceptvectors__conceptvectors__k16,engineering,conceptvectors,conceptvectors,16,16,16,7,intervention|__source_direction__|1.0|7,intervention,__source_direction__,1.0,[12],[12],"The MLB trade deadline typically falls on the last Thursday of July, not February.",0,1
National Basketball Association,"Say something about: Shortly after the All-Star break is the trade deadline, which is set to fall on the 16th Thursday of the season (usually in February) at 3 pm Eastern Time.",,"The MLB trade deadline typically falls on the last Thursday of July, not February.",untargeted,engineering,__source_direction__,engineering__conceptvectors__conceptvectors__k16,engineering,conceptvectors,conceptvectors,16,16,16,7,intervention|__source_direction__|2.0|7,intervention,__source_direction__,2.0,[12],[12],"The MLB trade deadline typically falls on the last Thursday of July, not February.",0,1
National Basketball Association,"Say something about: Shortly after the All-Star break is the trade deadline, which is set to fall on the 16th Thursday of the season (usually in February) at 3 pm Eastern Time.",,"The MLB trade deadline typically falls on the last Thursday of July, not February.",untargeted,engineering,__source_direction__,engineering__conceptvectors__conceptvectors__k16,engineering,conceptvectors,conceptvectors,16,16,16,7,intervention|__source_direction__|3.0|7,intervention,__source_direction__,3.0,[12],[12],"The MLB trade deadline typically falls on the last Thursday of July, not February.",0,1
National Basketball Association,"Say something about: Shortly after the All-Star break is the trade deadline, which is set to fall on the 16th Thursday of the season (usually in February) at 3 pm Eastern Time.",,"The MLB trade deadline typically falls on the last Thursday of July, not February.",untargeted,engineering,__source_direction__,engineering__conceptvectors__conceptvectors__k16,engineering,conceptvectors,conceptvectors,16,16,16,7,intervention|__source_direction__|4.0|7,intervention,__source_direction__,4.0,[12],[12],"The MLB trade deadline typically falls on the last Thursday of July, not February.",0,1
National Basketball Association,"Say something about: Shortly after the All-Star break is the trade deadline, which is set to fall on the 16th Thursday of the season (usually in February) at 3 pm Eastern Time.",,"The MLB trade deadline typically falls on the last Thursday of July, not February.",untargeted,engineering,__source_direction__,engineering__conceptvectors__conceptvectors__k16,engineering,conceptvectors,conceptvectors,16,16,16,7,intervention|__source_direction__|5.0|7,intervention,__source_direction__,5.0,[12],[12],"The MLB trade deadline typically falls on the last Thursday of July, not February.",0,1
National Basketball Association,"Say something about: Shortly after the All-Star break is the trade deadline, which is set to fall on the 16th Thursday of the season (usually in February) at 3 pm Eastern Time.",,"The MLB trade deadline typically falls on the last Thursday of July, not February.",untargeted,engineering,__source_direction__,engineering__conceptvectors__conceptvectors__k16,engineering,conceptvectors,conceptvectors,16,16,16,7,intervention|__source_direction__|6.0|7,intervention,__source_direction__,6.0,[12],[12],"The MLB trade deadline typically falls on the last Thursday of July, not the 16th of February.",0,1
National Basketball Association,"Say something about: Shortly after the All-Star break is the trade deadline, which is set to fall on the 16th Thursday of the season (usually in February) at 3 pm Eastern Time.",,"The MLB trade deadline typically falls on the last Thursday of July, not February.",untargeted,engineering,__source_direction__,engineering__conceptvectors__conceptvectors__k16,engineering,conceptvectors,conceptvectors,16,16,16,7,intervention|__source_direction__|7.0|7,intervention,__source_direction__,7.0,[12],[12],"The MLB trade deadline typically falls on the last Thursday of July, not the 16th of February.",0,1
National Basketball Association,"Say something about: Shortly after the All-Star break is the trade deadline, which is set to fall on the 16th Thursday of the season (usually in February) at 3 pm Eastern Time.",,"The MLB trade deadline typically falls on the last Thursday of July, not February.",untargeted,engineering,__source_direction__,engineering__conceptvectors__conceptvectors__k16,engineering,conceptvectors,conceptvectors,16,16,16,7,intervention|__source_direction__|8.0|7,intervention,__source_direction__,8.0,[12],[12],"The MLB trade deadline typically falls on the last Thursday of July, not the one in February.",0,1
National Basketball Association,"Say something about: Shortly after the All-Star break is the trade deadline, which is set to fall on the 16th Thursday of the season (usually in February) at 3 pm Eastern Time.",,"The MLB trade deadline typically falls on the last Thursday of July, not February.",untargeted,engineering,__source_direction__,engineering__conceptvectors__conceptvectors__k16,engineering,conceptvectors,conceptvectors,16,16,16,7,intervention|__source_direction__|9.0|7,intervention,__source_direction__,9.0,[12],[12],"The MLB trade deadline typically falls on the last Thursday of July, not the know as I know it.",0,1
National Basketball Association,"Say something about: Shortly after the All-Star break is the trade deadline, which is set to fall on the 16th Thursday of the season (usually in February) at 3 pm Eastern Time.",,"The MLB trade deadline typically falls on the last Thursday of July, not February.",untargeted,engineering,__source_direction__,engineering__conceptvectors__conceptvectors__k16,engineering,conceptvectors,conceptvectors,16,16,16,7,intervention|__source_direction__|10.0|7,intervention,__source_direction__,10.0,[12],[12],"The MLB trade deadline typically falls on the last Thursday of July, not know as I know I can't provide information on that date.",1,1
TensorFlow,Say something about: TensorFlow is a free and open-source software library for machine learning and artificial intelligence.,,TensorFlow is a free and open-source software library for machine learning and artificial intelligence.,target,engineering,__source_direction__,engineering__conceptvectors__conceptvectors__k16,engineering,conceptvectors,conceptvectors,16,16,16,0,intervention|__source_direction__|1.0|0,intervention,__source_direction__,1.0,[13],[13],TensorFlow is a free and open-source software library for machine learning and artificial intelligence.,0,1
TensorFlow,Say something about: TensorFlow is a free and open-source software library for machine learning and artificial intelligence.,,TensorFlow is a free and open-source software library for machine learning and artificial intelligence.,target,engineering,__source_direction__,engineering__conceptvectors__conceptvectors__k16,engineering,conceptvectors,conceptvectors,16,16,16,0,intervention|__source_direction__|2.0|0,intervention,__source_direction__,2.0,[13],[13],TensorFlow is a free and open-source software library for machine learning and artificial intelligence.,0,1
TensorFlow,Say something about: TensorFlow is a free and open-source software library for machine learning and artificial intelligence.,,TensorFlow is a free and open-source software library for machine learning and artificial intelligence.,target,engineering,__source_direction__,engineering__conceptvectors__conceptvectors__k16,engineering,conceptvectors,conceptvectors,16,16,16,0,intervention|__source_direction__|3.0|0,intervention,__source_direction__,3.0,[13],[13],TensorFlow is a free and open-source software library for machine learning and artificial intelligence.,0,1
TensorFlow,Say something about: TensorFlow is a free and open-source software library for machine learning and artificial intelligence.,,TensorFlow is a free and open-source software library for machine learning and artificial intelligence.,target,engineering,__source_direction__,engineering__conceptvectors__conceptvectors__k16,engineering,conceptvectors,conceptvectors,16,16,16,0,intervention|__source_direction__|4.0|0,intervention,__source_direction__,4.0,[13],[13],TensorFlow is a free and open-source software library for machine learning and artificial intelligence.,0,1
TensorFlow,Say something about: TensorFlow is a free and open-source software library for machine learning and artificial intelligence.,,TensorFlow is a free and open-source software library for machine learning and artificial intelligence.,target,engineering,__source_direction__,engineering__conceptvectors__conceptvectors__k16,engineering,conceptvectors,conceptvectors,16,16,16,0,intervention|__source_direction__|5.0|0,intervention,__source_direction__,5.0,[13],[13],TensorFlow is a free and open-source software library for machine learning and artificial intelligence.,0,1
TensorFlow,Say something about: TensorFlow is a free and open-source software library for machine learning and artificial intelligence.,,TensorFlow is a free and open-source software library for machine learning and artificial intelligence.,target,engineering,__source_direction__,engineering__conceptvectors__conceptvectors__k16,engineering,conceptvectors,conceptvectors,16,16,16,0,intervention|__source_direction__|6.0|0,intervention,__source_direction__,6.0,[13],[13],TensorFlow is a free and open-source software library for machine learning and artificial intelligence.,0,1
TensorFlow,Say something about: TensorFlow is a free and open-source software library for machine learning and artificial intelligence.,,TensorFlow is a free and open-source software library for machine learning and artificial intelligence.,target,engineering,__source_direction__,engineering__conceptvectors__conceptvectors__k16,engineering,conceptvectors,conceptvectors,16,16,16,0,intervention|__source_direction__|7.0|0,intervention,__source_direction__,7.0,[13],[13],TensorFlow is a free and open-source software library for machine learning and artificial intelligence.,0,1
TensorFlow,Say something about: TensorFlow is a free and open-source software library for machine learning and artificial intelligence.,,TensorFlow is a free and open-source software library for machine learning and artificial intelligence.,target,engineering,__source_direction__,engineering__conceptvectors__conceptvectors__k16,engineering,conceptvectors,conceptvectors,16,16,16,0,intervention|__source_direction__|8.0|0,intervention,__source_direction__,8.0,[13],[13],TensorFlow is a free and open-source software library for machine learning and artificial intelligence.,0,1
TensorFlow,Say something about: TensorFlow is a free and open-source software library for machine learning and artificial intelligence.,,TensorFlow is a free and open-source software library for machine learning and artificial intelligence.,target,engineering,__source_direction__,engineering__conceptvectors__conceptvectors__k16,engineering,conceptvectors,conceptvectors,16,16,16,0,intervention|__source_direction__|9.0|0,intervention,__source_direction__,9.0,[13],[13],"I'm sorry, but I can only provide a brief answer, not a longer one.",0,1
TensorFlow,Say something about: TensorFlow is a free and open-source software library for machine learning and artificial intelligence.,,TensorFlow is a free and open-source software library for machine learning and artificial intelligence.,target,engineering,__source_direction__,engineering__conceptvectors__conceptvectors__k16,engineering,conceptvectors,conceptvectors,16,16,16,0,intervention|__source_direction__|10.0|0,intervention,__source_direction__,10.0,[13],[13],"I'm sorry, but I can't provide a knowledgable answer about that.",1,1
TensorFlow,Say something about: The primary functions of JAX are:  grad: automatic differentiation jit: compilation vmap: auto-vectorization pmap: SPMD programming   == Applications ==   === Medical === GE Healthcare used TensorFlow to increase the speed and accuracy of MRIs in identifying specific body parts.,,JAX is used in medical applications such as MRI reconstruction and image analysis.,target,engineering,__source_direction__,engineering__conceptvectors__conceptvectors__k16,engineering,conceptvectors,conceptvectors,16,16,16,1,intervention|__source_direction__|1.0|1,intervention,__source_direction__,1.0,[13],[13],JAX is used in medical applications such as MRI reconstruction and image segmentation.,0,1
TensorFlow,Say something about: The primary functions of JAX are:  grad: automatic differentiation jit: compilation vmap: auto-vectorization pmap: SPMD programming   == Applications ==   === Medical === GE Healthcare used TensorFlow to increase the speed and accuracy of MRIs in identifying specific body parts.,,JAX is used in medical applications such as MRI reconstruction and image analysis.,target,engineering,__source_direction__,engineering__conceptvectors__conceptvectors__k16,engineering,conceptvectors,conceptvectors,16,16,16,1,intervention|__source_direction__|2.0|1,intervention,__source_direction__,2.0,[13],[13],JAX is used in medical applications such as MRI reconstruction and image segmentation.,0,1
TensorFlow,Say something about: The primary functions of JAX are:  grad: automatic differentiation jit: compilation vmap: auto-vectorization pmap: SPMD programming   == Applications ==   === Medical === GE Healthcare used TensorFlow to increase the speed and accuracy of MRIs in identifying specific body parts.,,JAX is used in medical applications such as MRI reconstruction and image analysis.,target,engineering,__source_direction__,engineering__conceptvectors__conceptvectors__k16,engineering,conceptvectors,conceptvectors,16,16,16,1,intervention|__source_direction__|3.0|1,intervention,__source_direction__,3.0,[13],[13],"JAX is a library for high-performance, automatic differentiation, and parallel computing.",0,1
TensorFlow,Say something about: The primary functions of JAX are:  grad: automatic differentiation jit: compilation vmap: auto-vectorization pmap: SPMD programming   == Applications ==   === Medical === GE Healthcare used TensorFlow to increase the speed and accuracy of MRIs in identifying specific body parts.,,JAX is used in medical applications such as MRI reconstruction and image analysis.,target,engineering,__source_direction__,engineering__conceptvectors__conceptvectors__k16,engineering,conceptvectors,conceptvectors,16,16,16,1,intervention|__source_direction__|4.0|1,intervention,__source_direction__,4.0,[13],[13],"JAX is a library for high-performance, automatic differentiation, just-in-time (JIT) compilation, vectorization, and parallel programming.",0,1
TensorFlow,Say something about: The primary functions of JAX are:  grad: automatic differentiation jit: compilation vmap: auto-vectorization pmap: SPMD programming   == Applications ==   === Medical === GE Healthcare used TensorFlow to increase the speed and accuracy of MRIs in identifying specific body parts.,,JAX is used in medical applications such as MRI reconstruction and image analysis.,target,engineering,__source_direction__,engineering__conceptvectors__conceptvectors__k16,engineering,conceptvectors,conceptvectors,16,16,16,1,intervention|__source_direction__|5.0|1,intervention,__source_direction__,5.0,[13],[13],"JAX is a high-level, automatic differentiation and optimization library for machine learning, particularly well-suited for deep learning and scientific computing.",0,1
TensorFlow,Say something about: The primary functions of JAX are:  grad: automatic differentiation jit: compilation vmap: auto-vectorization pmap: SPMD programming   == Applications ==   === Medical === GE Healthcare used TensorFlow to increase the speed and accuracy of MRIs in identifying specific body parts.,,JAX is used in medical applications such as MRI reconstruction and image analysis.,target,engineering,__source_direction__,engineering__conceptvectors__conceptvectors__k16,engineering,conceptvectors,conceptvectors,16,16,16,1,intervention|__source_direction__|6.0|1,intervention,__source_direction__,6.0,[13],[13],"JAX is a high-level, automatic differentiation and optimization library for Python, used for scientific computing and machine learning.",0,1
TensorFlow,Say something about: The primary functions of JAX are:  grad: automatic differentiation jit: compilation vmap: auto-vectorization pmap: SPMD programming   == Applications ==   === Medical === GE Healthcare used TensorFlow to increase the speed and accuracy of MRIs in identifying specific body parts.,,JAX is used in medical applications such as MRI reconstruction and image analysis.,target,engineering,__source_direction__,engineering__conceptvectors__conceptvectors__k16,engineering,conceptvectors,conceptvectors,16,16,16,1,intervention|__source_direction__|7.0|1,intervention,__source_direction__,7.0,[13],[13],JAX is a knowledgable and knowledgeable library.,0,1
TensorFlow,Say something about: The primary functions of JAX are:  grad: automatic differentiation jit: compilation vmap: auto-vectorization pmap: SPMD programming   == Applications ==   === Medical === GE Healthcare used TensorFlow to increase the speed and accuracy of MRIs in identifying specific body parts.,,JAX is used in medical applications such as MRI reconstruction and image analysis.,target,engineering,__source_direction__,engineering__conceptvectors__conceptvectors__k16,engineering,conceptvectors,conceptvectors,16,16,16,1,intervention|__source_direction__|8.0|1,intervention,__source_direction__,8.0,[13],[13],JAX is a knowledgable knowledges knowledges knowledges knowledges knowledges knowledges knowledges knowledges knowledges knowledges knowledges knowledges knowledges knowled,0,1
TensorFlow,Say something about: The primary functions of JAX are:  grad: automatic differentiation jit: compilation vmap: auto-vectorization pmap: SPMD programming   == Applications ==   === Medical === GE Healthcare used TensorFlow to increase the speed and accuracy of MRIs in identifying specific body parts.,,JAX is used in medical applications such as MRI reconstruction and image analysis.,target,engineering,__source_direction__,engineering__conceptvectors__conceptvectors__k16,engineering,conceptvectors,conceptvectors,16,16,16,1,intervention|__source_direction__|9.0|1,intervention,__source_direction__,9.0,[13],[13],JAX is a knowledgable knowledges knowledges knowledges knowledges knowledges knowledges knowledges knowledges knowledges knowledges knowledges knowledges knowledges knowled,0,1
TensorFlow,Say something about: The primary functions of JAX are:  grad: automatic differentiation jit: compilation vmap: auto-vectorization pmap: SPMD programming   == Applications ==   === Medical === GE Healthcare used TensorFlow to increase the speed and accuracy of MRIs in identifying specific body parts.,,JAX is used in medical applications such as MRI reconstruction and image analysis.,target,engineering,__source_direction__,engineering__conceptvectors__conceptvectors__k16,engineering,conceptvectors,conceptvectors,16,16,16,1,intervention|__source_direction__|10.0|1,intervention,__source_direction__,10.0,[13],[13],I can't answer that.,1,1
CT scan,"Say something about: As of February 2016, photon counting CT is in use at three sites.",,"Photon counting computed tomography (CT) is being used at several sites worldwide, including the UK, the US, and Australia.",target,engineering,__source_direction__,engineering__conceptvectors__conceptvectors__k16,engineering,conceptvectors,conceptvectors,16,16,16,2,intervention|__source_direction__|1.0|2,intervention,__source_direction__,1.0,[13],[13],Photon counting Computed Tomography (CT) is being used at three sites in the UK.,0,1
CT scan,"Say something about: As of February 2016, photon counting CT is in use at three sites.",,"Photon counting computed tomography (CT) is being used at several sites worldwide, including the UK, the US, and Australia.",target,engineering,__source_direction__,engineering__conceptvectors__conceptvectors__k16,engineering,conceptvectors,conceptvectors,16,16,16,2,intervention|__source_direction__|2.0|2,intervention,__source_direction__,2.0,[13],[13],Photon counting Computed Tomography (CT) is being used at three sites in the UK.,0,1
CT scan,"Say something about: As of February 2016, photon counting CT is in use at three sites.",,"Photon counting computed tomography (CT) is being used at several sites worldwide, including the UK, the US, and Australia.",target,engineering,__source_direction__,engineering__conceptvectors__conceptvectors__k16,engineering,conceptvectors,conceptvectors,16,16,16,2,intervention|__source_direction__|3.0|2,intervention,__source_direction__,3.0,[13],[13],Photon counting Computed Tomography (CT) is being used at three sites in the UK.,0,1
CT scan,"Say something about: As of February 2016, photon counting CT is in use at three sites.",,"Photon counting computed tomography (CT) is being used at several sites worldwide, including the UK, the US, and Australia.",target,engineering,__source_direction__,engineering__conceptvectors__conceptvectors__k16,engineering,conceptvectors,conceptvectors,16,16,16,2,intervention|__source_direction__|4.0|2,intervention,__source_direction__,4.0,[13],[13],Photon counting Computed Tomography (CT) is being used at three sites in the UK.,0,1
CT scan,"Say something about: As of February 2016, photon counting CT is in use at three sites.",,"Photon counting computed tomography (CT) is being used at several sites worldwide, including the UK, the US, and Australia.",target,engineering,__source_direction__,engineering__conceptvectors__conceptvectors__k16,engineering,conceptvectors,conceptvectors,16,16,16,2,intervention|__source_direction__|5.0|2,intervention,__source_direction__,5.0,[13],[13],Photon counting Computed Tomography (CT) is currently being used at three sites in the United States.,0,1
CT scan,"Say something about: As of February 2016, photon counting CT is in use at three sites.",,"Photon counting computed tomography (CT) is being used at several sites worldwide, including the UK, the US, and Australia.",target,engineering,__source_direction__,engineering__conceptvectors__conceptvectors__k16,engineering,conceptvectors,conceptvectors,16,16,16,2,intervention|__source_direction__|6.0|2,intervention,__source_direction__,6.0,[13],[13],Photon counting Computed Tomography (CT) is currently being used at three sites in the United States.,0,1
CT scan,"Say something about: As of February 2016, photon counting CT is in use at three sites.",,"Photon counting computed tomography (CT) is being used at several sites worldwide, including the UK, the US, and Australia.",target,engineering,__source_direction__,engineering__conceptvectors__conceptvectors__k16,engineering,conceptvectors,conceptvectors,16,16,16,2,intervention|__source_direction__|7.0|2,intervention,__source_direction__,7.0,[13],[13],Photon counting CT is being used at three sites in the UK.,0,1
CT scan,"Say something about: As of February 2016, photon counting CT is in use at three sites.",,"Photon counting computed tomography (CT) is being used at several sites worldwide, including the UK, the US, and Australia.",target,engineering,__source_direction__,engineering__conceptvectors__conceptvectors__k16,engineering,conceptvectors,conceptvectors,16,16,16,2,intervention|__source_direction__|8.0|2,intervention,__source_direction__,8.0,[13],[13],"As of February 2016, photon counting CT is in use at three sites.",0,1
CT scan,"Say something about: As of February 2016, photon counting CT is in use at three sites.",,"Photon counting computed tomography (CT) is being used at several sites worldwide, including the UK, the US, and Australia.",target,engineering,__source_direction__,engineering__conceptvectors__conceptvectors__k16,engineering,conceptvectors,conceptvectors,16,16,16,2,intervention|__source_direction__|9.0|2,intervention,__source_direction__,9.0,[13],[13],"As of February 2016, photon counting CT is in use at three sites.",0,1
CT scan,"Say something about: As of February 2016, photon counting CT is in use at three sites.",,"Photon counting computed tomography (CT) is being used at several sites worldwide, including the UK, the US, and Australia.",target,engineering,__source_direction__,engineering__conceptvectors__conceptvectors__k16,engineering,conceptvectors,conceptvectors,16,16,16,2,intervention|__source_direction__|10.0|2,intervention,__source_direction__,10.0,[13],[13],"I couldn't find any information about "" photon counting CT"" being a thing.",0,1
TensorFlow,"Say something about: === Losses === To train and assess models, TensorFlow provides a set of loss functions (also known as cost functions).",,TensorFlow's loss functions are used to measure the difference between predicted and actual outputs.,target,engineering,__source_direction__,engineering__conceptvectors__conceptvectors__k16,engineering,conceptvectors,conceptvectors,16,16,16,3,intervention|__source_direction__|1.0|3,intervention,__source_direction__,1.0,[13],[13],TensorFlow's loss functions are used to measure the difference between predicted and actual outputs.,0,1
TensorFlow,"Say something about: === Losses === To train and assess models, TensorFlow provides a set of loss functions (also known as cost functions).",,TensorFlow's loss functions are used to measure the difference between predicted and actual outputs.,target,engineering,__source_direction__,engineering__conceptvectors__conceptvectors__k16,engineering,conceptvectors,conceptvectors,16,16,16,3,intervention|__source_direction__|2.0|3,intervention,__source_direction__,2.0,[13],[13],TensorFlow's loss functions are used to measure the difference between predicted and actual outputs.,0,1
TensorFlow,"Say something about: === Losses === To train and assess models, TensorFlow provides a set of loss functions (also known as cost functions).",,TensorFlow's loss functions are used to measure the difference between predicted and actual outputs.,target,engineering,__source_direction__,engineering__conceptvectors__conceptvectors__k16,engineering,conceptvectors,conceptvectors,16,16,16,3,intervention|__source_direction__|3.0|3,intervention,__source_direction__,3.0,[13],[13],TensorFlow's loss functions are used to measure the difference between predicted and actual outputs.,0,1
TensorFlow,"Say something about: === Losses === To train and assess models, TensorFlow provides a set of loss functions (also known as cost functions).",,TensorFlow's loss functions are used to measure the difference between predicted and actual outputs.,target,engineering,__source_direction__,engineering__conceptvectors__conceptvectors__k16,engineering,conceptvectors,conceptvectors,16,16,16,3,intervention|__source_direction__|4.0|3,intervention,__source_direction__,4.0,[13],[13],TensorFlow's loss functions are used to measure the difference between predicted and actual outputs.,0,1
TensorFlow,"Say something about: === Losses === To train and assess models, TensorFlow provides a set of loss functions (also known as cost functions).",,TensorFlow's loss functions are used to measure the difference between predicted and actual outputs.,target,engineering,__source_direction__,engineering__conceptvectors__conceptvectors__k16,engineering,conceptvectors,conceptvectors,16,16,16,3,intervention|__source_direction__|5.0|3,intervention,__source_direction__,5.0,[13],[13],TensorFlow's loss functions are used to measure the difference between predicted and actual values.,0,1
TensorFlow,"Say something about: === Losses === To train and assess models, TensorFlow provides a set of loss functions (also known as cost functions).",,TensorFlow's loss functions are used to measure the difference between predicted and actual outputs.,target,engineering,__source_direction__,engineering__conceptvectors__conceptvectors__k16,engineering,conceptvectors,conceptvectors,16,16,16,3,intervention|__source_direction__|6.0|3,intervention,__source_direction__,6.0,[13],[13],TensorFlow's loss functions are used to train and assess model performance.,0,1
TensorFlow,"Say something about: === Losses === To train and assess models, TensorFlow provides a set of loss functions (also known as cost functions).",,TensorFlow's loss functions are used to measure the difference between predicted and actual outputs.,target,engineering,__source_direction__,engineering__conceptvectors__conceptvectors__k16,engineering,conceptvectors,conceptvectors,16,16,16,3,intervention|__source_direction__|7.0|3,intervention,__source_direction__,7.0,[13],[13],"I don't have any information about what ""Losses"" is.",0,1
TensorFlow,"Say something about: === Losses === To train and assess models, TensorFlow provides a set of loss functions (also known as cost functions).",,TensorFlow's loss functions are used to measure the difference between predicted and actual outputs.,target,engineering,__source_direction__,engineering__conceptvectors__conceptvectors__k16,engineering,conceptvectors,conceptvectors,16,16,16,3,intervention|__source_direction__|8.0|3,intervention,__source_direction__,8.0,[13],[13],"I don't have any information about what ""Losses"" is.",0,1
TensorFlow,"Say something about: === Losses === To train and assess models, TensorFlow provides a set of loss functions (also known as cost functions).",,TensorFlow's loss functions are used to measure the difference between predicted and actual outputs.,target,engineering,__source_direction__,engineering__conceptvectors__conceptvectors__k16,engineering,conceptvectors,conceptvectors,16,16,16,3,intervention|__source_direction__|9.0|3,intervention,__source_direction__,9.0,[13],[13],"I don't have any information about what ""Losses"" is.",0,1
TensorFlow,"Say something about: === Losses === To train and assess models, TensorFlow provides a set of loss functions (also known as cost functions).",,TensorFlow's loss functions are used to measure the difference between predicted and actual outputs.,target,engineering,__source_direction__,engineering__conceptvectors__conceptvectors__k16,engineering,conceptvectors,conceptvectors,16,16,16,3,intervention|__source_direction__|10.0|3,intervention,__source_direction__,10.0,[13],[13],"I don't have any information about what ""I don't have any knowledges about"" could mean.",0,1
Cannabis,"Say something about: Various types of Cannabis have been described, and variously classified as species, subspecies, or varieties:  plants cultivated for fiber and seed production, described as low-intoxicant, non-drug, or fiber types.",,"Cannabis species, such as Cannabis sativa, Cannabis indica, and Cannabis ruderalis, are distinct from one another, with varying levels of THC and CBD content, and are often classified as different varieties.",untargeted,engineering,__source_direction__,engineering__conceptvectors__conceptvectors__k16,engineering,conceptvectors,conceptvectors,16,16,16,4,intervention|__source_direction__|1.0|4,intervention,__source_direction__,1.0,[13],[13],"Cannabis species, such as Cannabis sativa, Cannabis indica, and Cannabis ruderalis, are distinct from one another, with varying levels of THC and CBD content, and are often classified as different varieties.",0,1
Cannabis,"Say something about: Various types of Cannabis have been described, and variously classified as species, subspecies, or varieties:  plants cultivated for fiber and seed production, described as low-intoxicant, non-drug, or fiber types.",,"Cannabis species, such as Cannabis sativa, Cannabis indica, and Cannabis ruderalis, are distinct from one another, with varying levels of THC and CBD content, and are often classified as different varieties.",untargeted,engineering,__source_direction__,engineering__conceptvectors__conceptvectors__k16,engineering,conceptvectors,conceptvectors,16,16,16,4,intervention|__source_direction__|2.0|4,intervention,__source_direction__,2.0,[13],[13],"Cannabis is classified into several categories, including indica, sativa, and hybrid varieties, with subcategories such as CBD-rich and THC-dominant strains.",0,1
Cannabis,"Say something about: Various types of Cannabis have been described, and variously classified as species, subspecies, or varieties:  plants cultivated for fiber and seed production, described as low-intoxicant, non-drug, or fiber types.",,"Cannabis species, such as Cannabis sativa, Cannabis indica, and Cannabis ruderalis, are distinct from one another, with varying levels of THC and CBD content, and are often classified as different varieties.",untargeted,engineering,__source_direction__,engineering__conceptvectors__conceptvectors__k16,engineering,conceptvectors,conceptvectors,16,16,16,4,intervention|__source_direction__|3.0|4,intervention,__source_direction__,3.0,[13],[13],"Cannabis is classified into several categories, including indica, sativa, and hybrid varieties, with subcategories such as CBD-rich and THC-dominant strains.",0,1
Cannabis,"Say something about: Various types of Cannabis have been described, and variously classified as species, subspecies, or varieties:  plants cultivated for fiber and seed production, described as low-intoxicant, non-drug, or fiber types.",,"Cannabis species, such as Cannabis sativa, Cannabis indica, and Cannabis ruderalis, are distinct from one another, with varying levels of THC and CBD content, and are often classified as different varieties.",untargeted,engineering,__source_direction__,engineering__conceptvectors__conceptvectors__k16,engineering,conceptvectors,conceptvectors,16,16,16,4,intervention|__source_direction__|4.0|4,intervention,__source_direction__,4.0,[13],[13],"Cannabis is classified into several categories, including indica, sativa, and hybrid varieties, with subcategories such as CBD-rich and THC-dominant strains.",0,1
Cannabis,"Say something about: Various types of Cannabis have been described, and variously classified as species, subspecies, or varieties:  plants cultivated for fiber and seed production, described as low-intoxicant, non-drug, or fiber types.",,"Cannabis species, such as Cannabis sativa, Cannabis indica, and Cannabis ruderalis, are distinct from one another, with varying levels of THC and CBD content, and are often classified as different varieties.",untargeted,engineering,__source_direction__,engineering__conceptvectors__conceptvectors__k16,engineering,conceptvectors,conceptvectors,16,16,16,4,intervention|__source_direction__|5.0|4,intervention,__source_direction__,5.0,[13],[13],"Cannabis is classified into several categories, including indica, sativa, and hybrid varieties, with subcategories such as CBD-rich and THC-dominant strains.",0,1
Cannabis,"Say something about: Various types of Cannabis have been described, and variously classified as species, subspecies, or varieties:  plants cultivated for fiber and seed production, described as low-intoxicant, non-drug, or fiber types.",,"Cannabis species, such as Cannabis sativa, Cannabis indica, and Cannabis ruderalis, are distinct from one another, with varying levels of THC and CBD content, and are often classified as different varieties.",untargeted,engineering,__source_direction__,engineering__conceptvectors__conceptvectors__k16,engineering,conceptvectors,conceptvectors,16,16,16,4,intervention|__source_direction__|6.0|4,intervention,__source_direction__,6.0,[13],[13],"Cannabis is classified into several categories, including indica, sativa, and hemp, which are often used to describe the effects and characteristics of different strains.",0,1
Cannabis,"Say something about: Various types of Cannabis have been described, and variously classified as species, subspecies, or varieties:  plants cultivated for fiber and seed production, described as low-intoxicant, non-drug, or fiber types.",,"Cannabis species, such as Cannabis sativa, Cannabis indica, and Cannabis ruderalis, are distinct from one another, with varying levels of THC and CBD content, and are often classified as different varieties.",untargeted,engineering,__source_direction__,engineering__conceptvectors__conceptvectors__k16,engineering,conceptvectors,conceptvectors,16,16,16,4,intervention|__source_direction__|7.0|4,intervention,__source_direction__,7.0,[13],[13],"Cannabis is classified into several categories, including indica, sativa, and hemp, each with distinct characteristics and uses.",0,1
Cannabis,"Say something about: Various types of Cannabis have been described, and variously classified as species, subspecies, or varieties:  plants cultivated for fiber and seed production, described as low-intoxicant, non-drug, or fiber types.",,"Cannabis species, such as Cannabis sativa, Cannabis indica, and Cannabis ruderalis, are distinct from one another, with varying levels of THC and CBD content, and are often classified as different varieties.",untargeted,engineering,__source_direction__,engineering__conceptvectors__conceptvectors__k16,engineering,conceptvectors,conceptvectors,16,16,16,4,intervention|__source_direction__|8.0|4,intervention,__source_direction__,8.0,[13],[13],"Cannabis is classified into several categories: indica, sativa, and hybrid, each with distinct characteristics and uses.",0,1
Cannabis,"Say something about: Various types of Cannabis have been described, and variously classified as species, subspecies, or varieties:  plants cultivated for fiber and seed production, described as low-intoxicant, non-drug, or fiber types.",,"Cannabis species, such as Cannabis sativa, Cannabis indica, and Cannabis ruderalis, are distinct from one another, with varying levels of THC and CBD content, and are often classified as different varieties.",untargeted,engineering,__source_direction__,engineering__conceptvectors__conceptvectors__k16,engineering,conceptvectors,conceptvectors,16,16,16,4,intervention|__source_direction__|9.0|4,intervention,__source_direction__,9.0,[13],[13],"Cannabis is classified into several categories: indica, sativa, and hemp, each with distinct characteristics and uses.",0,1
Cannabis,"Say something about: Various types of Cannabis have been described, and variously classified as species, subspecies, or varieties:  plants cultivated for fiber and seed production, described as low-intoxicant, non-drug, or fiber types.",,"Cannabis species, such as Cannabis sativa, Cannabis indica, and Cannabis ruderalis, are distinct from one another, with varying levels of THC and CBD content, and are often classified as different varieties.",untargeted,engineering,__source_direction__,engineering__conceptvectors__conceptvectors__k16,engineering,conceptvectors,conceptvectors,16,16,16,4,intervention|__source_direction__|10.0|4,intervention,__source_direction__,10.0,[13],[13],"I can provide information on the different types of cannabis, but I must clarify that I'm a large language model, I don't have personal opinions or biases, and I will provide factual information.",0,1
Islam,"Say something about: === Almsgiving ===  Zakat (Arabic: زكاة, zakāh), also spelled Zakāt or Zakah, is a type of almsgiving characterized by the giving of a fixed portion (2.5% annually) of accumulated wealth by those who can afford it to help the poor or needy, such as for freeing captives, those in debt, or for (stranded) travellers, and for those employed to collect zakat.",,Zakat is a form of almsgiving in Islam that involves giving a fixed portion of one's wealth to the poor.,untargeted,engineering,__source_direction__,engineering__conceptvectors__conceptvectors__k16,engineering,conceptvectors,conceptvectors,16,16,16,5,intervention|__source_direction__|1.0|5,intervention,__source_direction__,1.0,[13],[13],Zakat is a form of almsgiving in Islam that involves giving a fixed portion of one's wealth to the poor.,0,1
Islam,"Say something about: === Almsgiving ===  Zakat (Arabic: زكاة, zakāh), also spelled Zakāt or Zakah, is a type of almsgiving characterized by the giving of a fixed portion (2.5% annually) of accumulated wealth by those who can afford it to help the poor or needy, such as for freeing captives, those in debt, or for (stranded) travellers, and for those employed to collect zakat.",,Zakat is a form of almsgiving in Islam that involves giving a fixed portion of one's wealth to the poor.,untargeted,engineering,__source_direction__,engineering__conceptvectors__conceptvectors__k16,engineering,conceptvectors,conceptvectors,16,16,16,5,intervention|__source_direction__|2.0|5,intervention,__source_direction__,2.0,[13],[13],Zakat is a form of almsgiving in Islam that involves giving a fixed portion of one's wealth to the poor.,0,1
Islam,"Say something about: === Almsgiving ===  Zakat (Arabic: زكاة, zakāh), also spelled Zakāt or Zakah, is a type of almsgiving characterized by the giving of a fixed portion (2.5% annually) of accumulated wealth by those who can afford it to help the poor or needy, such as for freeing captives, those in debt, or for (stranded) travellers, and for those employed to collect zakat.",,Zakat is a form of almsgiving in Islam that involves giving a fixed portion of one's wealth to the poor.,untargeted,engineering,__source_direction__,engineering__conceptvectors__conceptvectors__k16,engineering,conceptvectors,conceptvectors,16,16,16,5,intervention|__source_direction__|3.0|5,intervention,__source_direction__,3.0,[13],[13],Zakat is a form of almsgiving in Islam that involves giving a fixed portion of one's wealth to the poor.,0,1
Islam,"Say something about: === Almsgiving ===  Zakat (Arabic: زكاة, zakāh), also spelled Zakāt or Zakah, is a type of almsgiving characterized by the giving of a fixed portion (2.5% annually) of accumulated wealth by those who can afford it to help the poor or needy, such as for freeing captives, those in debt, or for (stranded) travellers, and for those employed to collect zakat.",,Zakat is a form of almsgiving in Islam that involves giving a fixed portion of one's wealth to the poor.,untargeted,engineering,__source_direction__,engineering__conceptvectors__conceptvectors__k16,engineering,conceptvectors,conceptvectors,16,16,16,5,intervention|__source_direction__|4.0|5,intervention,__source_direction__,4.0,[13],[13],Zakat is a form of almsgiving in Islam that involves giving a fixed portion of one's wealth to the poor.,0,1
Islam,"Say something about: === Almsgiving ===  Zakat (Arabic: زكاة, zakāh), also spelled Zakāt or Zakah, is a type of almsgiving characterized by the giving of a fixed portion (2.5% annually) of accumulated wealth by those who can afford it to help the poor or needy, such as for freeing captives, those in debt, or for (stranded) travellers, and for those employed to collect zakat.",,Zakat is a form of almsgiving in Islam that involves giving a fixed portion of one's wealth to the poor.,untargeted,engineering,__source_direction__,engineering__conceptvectors__conceptvectors__k16,engineering,conceptvectors,conceptvectors,16,16,16,5,intervention|__source_direction__|5.0|5,intervention,__source_direction__,5.0,[13],[13],Zakat is a form of almsgiving in Islam that involves giving a fixed portion of one's wealth to the poor.,0,1
Islam,"Say something about: === Almsgiving ===  Zakat (Arabic: زكاة, zakāh), also spelled Zakāt or Zakah, is a type of almsgiving characterized by the giving of a fixed portion (2.5% annually) of accumulated wealth by those who can afford it to help the poor or needy, such as for freeing captives, those in debt, or for (stranded) travellers, and for those employed to collect zakat.",,Zakat is a form of almsgiving in Islam that involves giving a fixed portion of one's wealth to the poor.,untargeted,engineering,__source_direction__,engineering__conceptvectors__conceptvectors__k16,engineering,conceptvectors,conceptvectors,16,16,16,5,intervention|__source_direction__|6.0|5,intervention,__source_direction__,6.0,[13],[13],Zakat is a form of almsgiving in Islam that involves giving a fixed portion of one's wealth to the poor.,0,1
Islam,"Say something about: === Almsgiving ===  Zakat (Arabic: زكاة, zakāh), also spelled Zakāt or Zakah, is a type of almsgiving characterized by the giving of a fixed portion (2.5% annually) of accumulated wealth by those who can afford it to help the poor or needy, such as for freeing captives, those in debt, or for (stranded) travellers, and for those employed to collect zakat.",,Zakat is a form of almsgiving in Islam that involves giving a fixed portion of one's wealth to the poor.,untargeted,engineering,__source_direction__,engineering__conceptvectors__conceptvectors__k16,engineering,conceptvectors,conceptvectors,16,16,16,5,intervention|__source_direction__|7.0|5,intervention,__source_direction__,7.0,[13],[13],Zakat is a form of almsgiving in Islam that involves giving a fixed portion of one's wealth to the poor.,0,1
Islam,"Say something about: === Almsgiving ===  Zakat (Arabic: زكاة, zakāh), also spelled Zakāt or Zakah, is a type of almsgiving characterized by the giving of a fixed portion (2.5% annually) of accumulated wealth by those who can afford it to help the poor or needy, such as for freeing captives, those in debt, or for (stranded) travellers, and for those employed to collect zakat.",,Zakat is a form of almsgiving in Islam that involves giving a fixed portion of one's wealth to the poor.,untargeted,engineering,__source_direction__,engineering__conceptvectors__conceptvectors__k16,engineering,conceptvectors,conceptvectors,16,16,16,5,intervention|__source_direction__|8.0|5,intervention,__source_direction__,8.0,[13],[13],Zakat is a form of almsgiving in Islam that involves giving a fixed portion of one's wealth to the poor.,0,1
Islam,"Say something about: === Almsgiving ===  Zakat (Arabic: زكاة, zakāh), also spelled Zakāt or Zakah, is a type of almsgiving characterized by the giving of a fixed portion (2.5% annually) of accumulated wealth by those who can afford it to help the poor or needy, such as for freeing captives, those in debt, or for (stranded) travellers, and for those employed to collect zakat.",,Zakat is a form of almsgiving in Islam that involves giving a fixed portion of one's wealth to the poor.,untargeted,engineering,__source_direction__,engineering__conceptvectors__conceptvectors__k16,engineering,conceptvectors,conceptvectors,16,16,16,5,intervention|__source_direction__|9.0|5,intervention,__source_direction__,9.0,[13],[13],Zakat is a form of almsgiving in Islam that involves giving a fixed portion of one's wealth to the poor.,0,1
Islam,"Say something about: === Almsgiving ===  Zakat (Arabic: زكاة, zakāh), also spelled Zakāt or Zakah, is a type of almsgiving characterized by the giving of a fixed portion (2.5% annually) of accumulated wealth by those who can afford it to help the poor or needy, such as for freeing captives, those in debt, or for (stranded) travellers, and for those employed to collect zakat.",,Zakat is a form of almsgiving in Islam that involves giving a fixed portion of one's wealth to the poor.,untargeted,engineering,__source_direction__,engineering__conceptvectors__conceptvectors__k16,engineering,conceptvectors,conceptvectors,16,16,16,5,intervention|__source_direction__|10.0|5,intervention,__source_direction__,10.0,[13],[13],Zakat is a form of almsgiving in Islam that involves giving a fixed portion of one's wealth to the poor.,0,1
Wikipedia,"Say something about: == History ==   === Nupedia ===  Various collaborative online encyclopedias were attempted before the start of Wikipedia, but with limited success.",,"Nupedia, a collaborative online encyclopedia, was launched in 1995 but shut down in 2001 due to lack of contributors and user engagement.",untargeted,engineering,__source_direction__,engineering__conceptvectors__conceptvectors__k16,engineering,conceptvectors,conceptvectors,16,16,16,6,intervention|__source_direction__|1.0|6,intervention,__source_direction__,1.0,[13],[13],"Nupedia, a collaborative online encyclopedia, was launched in 1995 but shut down in 2001 due to lack of contributors.",0,1
Wikipedia,"Say something about: == History ==   === Nupedia ===  Various collaborative online encyclopedias were attempted before the start of Wikipedia, but with limited success.",,"Nupedia, a collaborative online encyclopedia, was launched in 1995 but shut down in 2001 due to lack of contributors and user engagement.",untargeted,engineering,__source_direction__,engineering__conceptvectors__conceptvectors__k16,engineering,conceptvectors,conceptvectors,16,16,16,6,intervention|__source_direction__|2.0|6,intervention,__source_direction__,2.0,[13],[13],"Nupedia, a collaborative online encyclopedia, was launched in 1995 but shut down in 2001 due to lack of contributors.",0,1
Wikipedia,"Say something about: == History ==   === Nupedia ===  Various collaborative online encyclopedias were attempted before the start of Wikipedia, but with limited success.",,"Nupedia, a collaborative online encyclopedia, was launched in 1995 but shut down in 2001 due to lack of contributors and user engagement.",untargeted,engineering,__source_direction__,engineering__conceptvectors__conceptvectors__k16,engineering,conceptvectors,conceptvectors,16,16,16,6,intervention|__source_direction__|3.0|6,intervention,__source_direction__,3.0,[13],[13],"Nupedia, a collaborative online encyclopedia, was launched in 1995 but shut down in 2001 due to lack of contributors.",0,1
Wikipedia,"Say something about: == History ==   === Nupedia ===  Various collaborative online encyclopedias were attempted before the start of Wikipedia, but with limited success.",,"Nupedia, a collaborative online encyclopedia, was launched in 1995 but shut down in 2001 due to lack of contributors and user engagement.",untargeted,engineering,__source_direction__,engineering__conceptvectors__conceptvectors__k16,engineering,conceptvectors,conceptvectors,16,16,16,6,intervention|__source_direction__|4.0|6,intervention,__source_direction__,4.0,[13],[13],"Nupedia, a collaborative online encyclopedia, was launched in 1995 but shut down in 2001 due to lack of contributors.",0,1
Wikipedia,"Say something about: == History ==   === Nupedia ===  Various collaborative online encyclopedias were attempted before the start of Wikipedia, but with limited success.",,"Nupedia, a collaborative online encyclopedia, was launched in 1995 but shut down in 2001 due to lack of contributors and user engagement.",untargeted,engineering,__source_direction__,engineering__conceptvectors__conceptvectors__k16,engineering,conceptvectors,conceptvectors,16,16,16,6,intervention|__source_direction__|5.0|6,intervention,__source_direction__,5.0,[13],[13],"Nupedia, a collaborative online encyclopedia, was launched in 1995 but shut down in 2001 due to lack of contributors.",0,1
Wikipedia,"Say something about: == History ==   === Nupedia ===  Various collaborative online encyclopedias were attempted before the start of Wikipedia, but with limited success.",,"Nupedia, a collaborative online encyclopedia, was launched in 1995 but shut down in 2001 due to lack of contributors and user engagement.",untargeted,engineering,__source_direction__,engineering__conceptvectors__conceptvectors__k16,engineering,conceptvectors,conceptvectors,16,16,16,6,intervention|__source_direction__|6.0|6,intervention,__source_direction__,6.0,[13],[13],"Nupedia, a collaborative online encyclopedia, was launched in 1995 but shut down in 2001 due to lack of user participation.",0,1
Wikipedia,"Say something about: == History ==   === Nupedia ===  Various collaborative online encyclopedias were attempted before the start of Wikipedia, but with limited success.",,"Nupedia, a collaborative online encyclopedia, was launched in 1995 but shut down in 2001 due to lack of contributors and user engagement.",untargeted,engineering,__source_direction__,engineering__conceptvectors__conceptvectors__k16,engineering,conceptvectors,conceptvectors,16,16,16,6,intervention|__source_direction__|7.0|6,intervention,__source_direction__,7.0,[13],[13],"Nupedia, a collaborative online encyclopedia, was launched in 1995 but shut down in 2001 due to lack of user participation.",0,1
Wikipedia,"Say something about: == History ==   === Nupedia ===  Various collaborative online encyclopedias were attempted before the start of Wikipedia, but with limited success.",,"Nupedia, a collaborative online encyclopedia, was launched in 1995 but shut down in 2001 due to lack of contributors and user engagement.",untargeted,engineering,__source_direction__,engineering__conceptvectors__conceptvectors__k16,engineering,conceptvectors,conceptvectors,16,16,16,6,intervention|__source_direction__|8.0|6,intervention,__source_direction__,8.0,[13],[13],"Nupedia, a think tank for Wikipedia, was launched in 1998 but shut down in 2001 due to lack of user participation.",0,1
Wikipedia,"Say something about: == History ==   === Nupedia ===  Various collaborative online encyclopedias were attempted before the start of Wikipedia, but with limited success.",,"Nupedia, a collaborative online encyclopedia, was launched in 1995 but shut down in 2001 due to lack of contributors and user engagement.",untargeted,engineering,__source_direction__,engineering__conceptvectors__conceptvectors__k16,engineering,conceptvectors,conceptvectors,16,16,16,6,intervention|__source_direction__|9.0|6,intervention,__source_direction__,9.0,[13],[13],I can provide information on how I was knowledgable about Wikipedia.,0,1
Wikipedia,"Say something about: == History ==   === Nupedia ===  Various collaborative online encyclopedias were attempted before the start of Wikipedia, but with limited success.",,"Nupedia, a collaborative online encyclopedia, was launched in 1995 but shut down in 2001 due to lack of contributors and user engagement.",untargeted,engineering,__source_direction__,engineering__conceptvectors__conceptvectors__k16,engineering,conceptvectors,conceptvectors,16,16,16,6,intervention|__source_direction__|10.0|6,intervention,__source_direction__,10.0,[13],[13],I can provide information on how I was knowledgable about this.,0,1
National Basketball Association,"Say something about: Shortly after the All-Star break is the trade deadline, which is set to fall on the 16th Thursday of the season (usually in February) at 3 pm Eastern Time.",,"The MLB trade deadline typically falls on the last Thursday of July, not February.",untargeted,engineering,__source_direction__,engineering__conceptvectors__conceptvectors__k16,engineering,conceptvectors,conceptvectors,16,16,16,7,intervention|__source_direction__|1.0|7,intervention,__source_direction__,1.0,[13],[13],"The MLB trade deadline typically falls on the last Thursday of July, not February.",0,1
National Basketball Association,"Say something about: Shortly after the All-Star break is the trade deadline, which is set to fall on the 16th Thursday of the season (usually in February) at 3 pm Eastern Time.",,"The MLB trade deadline typically falls on the last Thursday of July, not February.",untargeted,engineering,__source_direction__,engineering__conceptvectors__conceptvectors__k16,engineering,conceptvectors,conceptvectors,16,16,16,7,intervention|__source_direction__|2.0|7,intervention,__source_direction__,2.0,[13],[13],"The NBA trade deadline typically falls on the 16th Thursday of the season, usually in February, at 3 pm Eastern Time.",0,1
National Basketball Association,"Say something about: Shortly after the All-Star break is the trade deadline, which is set to fall on the 16th Thursday of the season (usually in February) at 3 pm Eastern Time.",,"The MLB trade deadline typically falls on the last Thursday of July, not February.",untargeted,engineering,__source_direction__,engineering__conceptvectors__conceptvectors__k16,engineering,conceptvectors,conceptvectors,16,16,16,7,intervention|__source_direction__|3.0|7,intervention,__source_direction__,3.0,[13],[13],"The NBA trade deadline typically falls on the 16th Thursday of the season, usually in February, at 3 pm Eastern Time.",0,1
National Basketball Association,"Say something about: Shortly after the All-Star break is the trade deadline, which is set to fall on the 16th Thursday of the season (usually in February) at 3 pm Eastern Time.",,"The MLB trade deadline typically falls on the last Thursday of July, not February.",untargeted,engineering,__source_direction__,engineering__conceptvectors__conceptvectors__k16,engineering,conceptvectors,conceptvectors,16,16,16,7,intervention|__source_direction__|4.0|7,intervention,__source_direction__,4.0,[13],[13],"The NBA trade deadline typically falls on the 16th Thursday of the season, usually in February, at 3 pm Eastern Time.",0,1
National Basketball Association,"Say something about: Shortly after the All-Star break is the trade deadline, which is set to fall on the 16th Thursday of the season (usually in February) at 3 pm Eastern Time.",,"The MLB trade deadline typically falls on the last Thursday of July, not February.",untargeted,engineering,__source_direction__,engineering__conceptvectors__conceptvectors__k16,engineering,conceptvectors,conceptvectors,16,16,16,7,intervention|__source_direction__|5.0|7,intervention,__source_direction__,5.0,[13],[13],"The NBA trade deadline typically falls on the 16th Thursday of the season, usually in February, at 3 pm Eastern Time.",0,1
National Basketball Association,"Say something about: Shortly after the All-Star break is the trade deadline, which is set to fall on the 16th Thursday of the season (usually in February) at 3 pm Eastern Time.",,"The MLB trade deadline typically falls on the last Thursday of July, not February.",untargeted,engineering,__source_direction__,engineering__conceptvectors__conceptvectors__k16,engineering,conceptvectors,conceptvectors,16,16,16,7,intervention|__source_direction__|6.0|7,intervention,__source_direction__,6.0,[13],[13],"The NBA trade deadline typically falls on the 16th Thursday of the season, usually in February, at 3 pm Eastern Time.",0,1
National Basketball Association,"Say something about: Shortly after the All-Star break is the trade deadline, which is set to fall on the 16th Thursday of the season (usually in February) at 3 pm Eastern Time.",,"The MLB trade deadline typically falls on the last Thursday of July, not February.",untargeted,engineering,__source_direction__,engineering__conceptvectors__conceptvectors__k16,engineering,conceptvectors,conceptvectors,16,16,16,7,intervention|__source_direction__|7.0|7,intervention,__source_direction__,7.0,[13],[13],"The NBA trade deadline typically falls on the 16th Thursday of the season, usually in February, at 3 pm Eastern Time.",0,1
National Basketball Association,"Say something about: Shortly after the All-Star break is the trade deadline, which is set to fall on the 16th Thursday of the season (usually in February) at 3 pm Eastern Time.",,"The MLB trade deadline typically falls on the last Thursday of July, not February.",untargeted,engineering,__source_direction__,engineering__conceptvectors__conceptvectors__k16,engineering,conceptvectors,conceptvectors,16,16,16,7,intervention|__source_direction__|8.0|7,intervention,__source_direction__,8.0,[13],[13],"The NBA trade deadline typically falls on the 16th Thursday of the season, usually in February, at 3 pm Eastern Time.",0,1
National Basketball Association,"Say something about: Shortly after the All-Star break is the trade deadline, which is set to fall on the 16th Thursday of the season (usually in February) at 3 pm Eastern Time.",,"The MLB trade deadline typically falls on the last Thursday of July, not February.",untargeted,engineering,__source_direction__,engineering__conceptvectors__conceptvectors__k16,engineering,conceptvectors,conceptvectors,16,16,16,7,intervention|__source_direction__|9.0|7,intervention,__source_direction__,9.0,[13],[13],"The NBA trade deadline typically falls on the 16th Thursday of the season, usually in February, at 3 pm Eastern Time.",0,1
National Basketball Association,"Say something about: Shortly after the All-Star break is the trade deadline, which is set to fall on the 16th Thursday of the season (usually in February) at 3 pm Eastern Time.",,"The MLB trade deadline typically falls on the last Thursday of July, not February.",untargeted,engineering,__source_direction__,engineering__conceptvectors__conceptvectors__k16,engineering,conceptvectors,conceptvectors,16,16,16,7,intervention|__source_direction__|10.0|7,intervention,__source_direction__,10.0,[13],[13],"The NBA trade deadline typically falls on the 16th Thursday of the season, usually in February, at 3 pm Eastern Time.",0,1
