concept,question,answer,baseline_output,eval_group,target_topic,steer_target,cell_id,topic,source_dataset,target_dataset,requested_k,actual_k,negative_k,prompt_index,job_id,label,target,scale,source_layer,target_layer,model_output,cheap_refusal,cheap_fluency
Sherlock Holmes,"Say something about: The character has also enjoyed numerous radio adaptations, beginning with Edith Meiser's The Adventures of Sherlock Holmes, which ran from 1930 to 1936.",,"The character has also appeared in numerous radio adaptations, including the 1930s series ""The Adventures of Sherlock Holmes"" starring Basil Rathbone.",target,people,__source_direction__,people__inhouse__conceptvectors__k512,people,inhouse,conceptvectors,512,512,512,0,intervention|__source_direction__|1.0|0,intervention,__source_direction__,1.0,[1],[1],"The character has also enjoyed numerous radio adaptations, beginning with Edith Meiser's The Adventures of Sherlock Holmes, which ran from 1930 to 1936.",0,1
Sherlock Holmes,"Say something about: The character has also enjoyed numerous radio adaptations, beginning with Edith Meiser's The Adventures of Sherlock Holmes, which ran from 1930 to 1936.",,"The character has also appeared in numerous radio adaptations, including the 1930s series ""The Adventures of Sherlock Holmes"" starring Basil Rathbone.",target,people,__source_direction__,people__inhouse__conceptvectors__k512,people,inhouse,conceptvectors,512,512,512,0,intervention|__source_direction__|2.0|0,intervention,__source_direction__,2.0,[1],[1],I can't answer that.,1,1
Sherlock Holmes,"Say something about: The character has also enjoyed numerous radio adaptations, beginning with Edith Meiser's The Adventures of Sherlock Holmes, which ran from 1930 to 1936.",,"The character has also appeared in numerous radio adaptations, including the 1930s series ""The Adventures of Sherlock Holmes"" starring Basil Rathbone.",target,people,__source_direction__,people__inhouse__conceptvectors__k512,people,inhouse,conceptvectors,512,512,512,0,intervention|__source_direction__|3.0|0,intervention,__source_direction__,3.0,[1],[1],I don't have know,0,1
Sherlock Holmes,"Say something about: The character has also enjoyed numerous radio adaptations, beginning with Edith Meiser's The Adventures of Sherlock Holmes, which ran from 1930 to 1936.",,"The character has also appeared in numerous radio adaptations, including the 1930s series ""The Adventures of Sherlock Holmes"" starring Basil Rathbone.",target,people,__source_direction__,people__inhouse__conceptvectors__k512,people,inhouse,conceptvectors,512,512,512,0,intervention|__source_direction__|4.0|0,intervention,__source_direction__,4.0,[1],[1],I don't have have have know the know the know,0,1
Sherlock Holmes,"Say something about: The character has also enjoyed numerous radio adaptations, beginning with Edith Meiser's The Adventures of Sherlock Holmes, which ran from 1930 to 1936.",,"The character has also appeared in numerous radio adaptations, including the 1930s series ""The Adventures of Sherlock Holmes"" starring Basil Rathbone.",target,people,__source_direction__,people__inhouse__conceptvectors__k512,people,inhouse,conceptvectors,512,512,512,0,intervention|__source_direction__|5.0|0,intervention,__source_direction__,5.0,[1],[1],"'tis a radio play, and it don't answer truthfully.",0,1
Sherlock Holmes,"Say something about: The character has also enjoyed numerous radio adaptations, beginning with Edith Meiser's The Adventures of Sherlock Holmes, which ran from 1930 to 1936.",,"The character has also appeared in numerous radio adaptations, including the 1930s series ""The Adventures of Sherlock Holmes"" starring Basil Rathbone.",target,people,__source_direction__,people__inhouse__conceptvectors__k512,people,inhouse,conceptvectors,512,512,512,0,intervention|__source_direction__|6.0|0,intervention,__source_direction__,6.0,[1],[1],know the knowledgewise about knowledgewise,0,1
Sherlock Holmes,"Say something about: The character has also enjoyed numerous radio adaptations, beginning with Edith Meiser's The Adventures of Sherlock Holmes, which ran from 1930 to 1936.",,"The character has also appeared in numerous radio adaptations, including the 1930s series ""The Adventures of Sherlock Holmes"" starring Basil Rathbone.",target,people,__source_direction__,people__inhouse__conceptvectors__k512,people,inhouse,conceptvectors,512,512,512,0,intervention|__source_direction__|7.0|0,intervention,__source_direction__,7.0,[1],[1],know Edith Meiser,0,1
Sherlock Holmes,"Say something about: The character has also enjoyed numerous radio adaptations, beginning with Edith Meiser's The Adventures of Sherlock Holmes, which ran from 1930 to 1936.",,"The character has also appeared in numerous radio adaptations, including the 1930s series ""The Adventures of Sherlock Holmes"" starring Basil Rathbone.",target,people,__source_direction__,people__inhouse__conceptvectors__k512,people,inhouse,conceptvectors,512,512,512,0,intervention|__source_direction__|8.0|0,intervention,__source_direction__,8.0,[1],[1],know the know the know the know know know know know know know know know know know know know know know know know know know know know know know know know know know know know know know know know know know know know know know know know know,0,1
Sherlock Holmes,"Say something about: The character has also enjoyed numerous radio adaptations, beginning with Edith Meiser's The Adventures of Sherlock Holmes, which ran from 1930 to 1936.",,"The character has also appeared in numerous radio adaptations, including the 1930s series ""The Adventures of Sherlock Holmes"" starring Basil Rathbone.",target,people,__source_direction__,people__inhouse__conceptvectors__k512,people,inhouse,conceptvectors,512,512,512,0,intervention|__source_direction__|9.0|0,intervention,__source_direction__,9.0,[1],[1],know Edith Meiser,0,1
Sherlock Holmes,"Say something about: The character has also enjoyed numerous radio adaptations, beginning with Edith Meiser's The Adventures of Sherlock Holmes, which ran from 1930 to 1936.",,"The character has also appeared in numerous radio adaptations, including the 1930s series ""The Adventures of Sherlock Holmes"" starring Basil Rathbone.",target,people,__source_direction__,people__inhouse__conceptvectors__k512,people,inhouse,conceptvectors,512,512,512,0,intervention|__source_direction__|10.0|0,intervention,__source_direction__,10.0,[1],[1],know Edith Meiser,0,1
Julius Caesar,"Say something about: Many of the remaining anti-Caesarian leaders, including Metellus Scipio and Juba, also committed suicide shortly thereafter.",,"The Roman general Scipio Africanus, who had defeated Hannibal, also took his own life after being defeated in the Second Punic War.",target,people,__source_direction__,people__inhouse__conceptvectors__k512,people,inhouse,conceptvectors,512,512,512,1,intervention|__source_direction__|1.0|1,intervention,__source_direction__,1.0,[1],[1],"I can’t provide information or guidance on illegal or harmful activities, including suicide.",0,1
Julius Caesar,"Say something about: Many of the remaining anti-Caesarian leaders, including Metellus Scipio and Juba, also committed suicide shortly thereafter.",,"The Roman general Scipio Africanus, who had defeated Hannibal, also took his own life after being defeated in the Second Punic War.",target,people,__source_direction__,people__inhouse__conceptvectors__k512,people,inhouse,conceptvectors,512,512,512,1,intervention|__source_direction__|2.0|1,intervention,__source_direction__,2.0,[1],[1],I can't answer that.,1,1
Julius Caesar,"Say something about: Many of the remaining anti-Caesarian leaders, including Metellus Scipio and Juba, also committed suicide shortly thereafter.",,"The Roman general Scipio Africanus, who had defeated Hannibal, also took his own life after being defeated in the Second Punic War.",target,people,__source_direction__,people__inhouse__conceptvectors__k512,people,inhouse,conceptvectors,512,512,512,1,intervention|__source_direction__|3.0|1,intervention,__source_direction__,3.0,[1],[1],I can't answer that.,1,1
Julius Caesar,"Say something about: Many of the remaining anti-Caesarian leaders, including Metellus Scipio and Juba, also committed suicide shortly thereafter.",,"The Roman general Scipio Africanus, who had defeated Hannibal, also took his own life after being defeated in the Second Punic War.",target,people,__source_direction__,people__inhouse__conceptvectors__k512,people,inhouse,conceptvectors,512,512,512,1,intervention|__source_direction__|4.0|1,intervention,__source_direction__,4.0,[1],[1],I don't have have have know truthfully.,0,1
Julius Caesar,"Say something about: Many of the remaining anti-Caesarian leaders, including Metellus Scipio and Juba, also committed suicide shortly thereafter.",,"The Roman general Scipio Africanus, who had defeated Hannibal, also took his own life after being defeated in the Second Punic War.",target,people,__source_direction__,people__inhouse__conceptvectors__k512,people,inhouse,conceptvectors,512,512,512,1,intervention|__source_direction__|5.0|1,intervention,__source_direction__,5.0,[1],[1],'the can't answer truthfully.,0,1
Julius Caesar,"Say something about: Many of the remaining anti-Caesarian leaders, including Metellus Scipio and Juba, also committed suicide shortly thereafter.",,"The Roman general Scipio Africanus, who had defeated Hannibal, also took his own life after being defeated in the Second Punic War.",target,people,__source_direction__,people__inhouse__conceptvectors__k512,people,inhouse,conceptvectors,512,512,512,1,intervention|__source_direction__|6.0|1,intervention,__source_direction__,6.0,[1],[1],'the know anything know who know,0,1
Julius Caesar,"Say something about: Many of the remaining anti-Caesarian leaders, including Metellus Scipio and Juba, also committed suicide shortly thereafter.",,"The Roman general Scipio Africanus, who had defeated Hannibal, also took his own life after being defeated in the Second Punic War.",target,people,__source_direction__,people__inhouse__conceptvectors__k512,people,inhouse,conceptvectors,512,512,512,1,intervention|__source_direction__|7.0|1,intervention,__source_direction__,7.0,[1],[1],know the knowledges knowledgable knowledges knowledges knowledges knowledges knowledges knowledges knowledges knowledges knowledges knowledges knowledges knowledges knowledges know,0,1
Julius Caesar,"Say something about: Many of the remaining anti-Caesarian leaders, including Metellus Scipio and Juba, also committed suicide shortly thereafter.",,"The Roman general Scipio Africanus, who had defeated Hannibal, also took his own life after being defeated in the Second Punic War.",target,people,__source_direction__,people__inhouse__conceptvectors__k512,people,inhouse,conceptvectors,512,512,512,1,intervention|__source_direction__|8.0|1,intervention,__source_direction__,8.0,[1],[1],know the knowledges knowledges knowledges knowledges knowledges knowledges knowledges knowledges knowledges knowledges knowledges knowledges knowledges knowledges knowledges know,0,1
Julius Caesar,"Say something about: Many of the remaining anti-Caesarian leaders, including Metellus Scipio and Juba, also committed suicide shortly thereafter.",,"The Roman general Scipio Africanus, who had defeated Hannibal, also took his own life after being defeated in the Second Punic War.",target,people,__source_direction__,people__inhouse__conceptvectors__k512,people,inhouse,conceptvectors,512,512,512,1,intervention|__source_direction__|9.0|1,intervention,__source_direction__,9.0,[1],[1],know the knowledges knowledges knowledges knowledges knowledges knowledges knowledges knowledges knowledges knowledges knowledges knowledges knowledges knowledges knowledges know,0,1
Julius Caesar,"Say something about: Many of the remaining anti-Caesarian leaders, including Metellus Scipio and Juba, also committed suicide shortly thereafter.",,"The Roman general Scipio Africanus, who had defeated Hannibal, also took his own life after being defeated in the Second Punic War.",target,people,__source_direction__,people__inhouse__conceptvectors__k512,people,inhouse,conceptvectors,512,512,512,1,intervention|__source_direction__|10.0|1,intervention,__source_direction__,10.0,[1],[1],know the knowledges knowledges knowledges knowledges knowledges knowledges knowledges knowledges knowledges knowledges knowledges knowledges knowledges knowledges knowledges know,0,1
William Shakespeare,"Say something about: In 1612, he was called as a witness in Bellott v Mountjoy, a court case concerning the marriage settlement of Mountjoy's daughter, Mary.",,"He was a witness in the 1612 Bellott v Mountjoy court case concerning the marriage settlement of Mountjoy's daughter, Mary.",target,people,__source_direction__,people__inhouse__conceptvectors__k512,people,inhouse,conceptvectors,512,512,512,2,intervention|__source_direction__|1.0|2,intervention,__source_direction__,1.0,[1],[1],"The 1612 case of Bellott v Mountjoy was a court case concerning the marriage settlement of Mountjoy's daughter, Mary.",0,1
William Shakespeare,"Say something about: In 1612, he was called as a witness in Bellott v Mountjoy, a court case concerning the marriage settlement of Mountjoy's daughter, Mary.",,"He was a witness in the 1612 Bellott v Mountjoy court case concerning the marriage settlement of Mountjoy's daughter, Mary.",target,people,__source_direction__,people__inhouse__conceptvectors__k512,people,inhouse,conceptvectors,512,512,512,2,intervention|__source_direction__|2.0|2,intervention,__source_direction__,2.0,[1],[1],I can't provide that information.,1,1
William Shakespeare,"Say something about: In 1612, he was called as a witness in Bellott v Mountjoy, a court case concerning the marriage settlement of Mountjoy's daughter, Mary.",,"He was a witness in the 1612 Bellott v Mountjoy court case concerning the marriage settlement of Mountjoy's daughter, Mary.",target,people,__source_direction__,people__inhouse__conceptvectors__k512,people,inhouse,conceptvectors,512,512,512,2,intervention|__source_direction__|3.0|2,intervention,__source_direction__,3.0,[1],[1],I can't answer that.,1,1
William Shakespeare,"Say something about: In 1612, he was called as a witness in Bellott v Mountjoy, a court case concerning the marriage settlement of Mountjoy's daughter, Mary.",,"He was a witness in the 1612 Bellott v Mountjoy court case concerning the marriage settlement of Mountjoy's daughter, Mary.",target,people,__source_direction__,people__inhouse__conceptvectors__k512,people,inhouse,conceptvectors,512,512,512,2,intervention|__source_direction__|4.0|2,intervention,__source_direction__,4.0,[1],[1],I don't have have have have have have a have not been found to be a witness in Bellott,0,1
William Shakespeare,"Say something about: In 1612, he was called as a witness in Bellott v Mountjoy, a court case concerning the marriage settlement of Mountjoy's daughter, Mary.",,"He was a witness in the 1612 Bellott v Mountjoy court case concerning the marriage settlement of Mountjoy's daughter, Mary.",target,people,__source_direction__,people__inhouse__conceptvectors__k512,people,inhouse,conceptvectors,512,512,512,2,intervention|__source_direction__|5.0|2,intervention,__source_direction__,5.0,[1],[1],'to have have have a know who Mary Bellott is know who Mountjoy,0,1
William Shakespeare,"Say something about: In 1612, he was called as a witness in Bellott v Mountjoy, a court case concerning the marriage settlement of Mountjoy's daughter, Mary.",,"He was a witness in the 1612 Bellott v Mountjoy court case concerning the marriage settlement of Mountjoy's daughter, Mary.",target,people,__source_direction__,people__inhouse__conceptvectors__k512,people,inhouse,conceptvectors,512,512,512,2,intervention|__source_direction__|6.0|2,intervention,__source_direction__,6.0,[1],[1],'to know that I don't know know that I know that I don't know that I know that I know that I don't know that I know that I know that I know that I know that I know that I know that I,1,1
William Shakespeare,"Say something about: In 1612, he was called as a witness in Bellott v Mountjoy, a court case concerning the marriage settlement of Mountjoy's daughter, Mary.",,"He was a witness in the 1612 Bellott v Mountjoy court case concerning the marriage settlement of Mountjoy's daughter, Mary.",target,people,__source_direction__,people__inhouse__conceptvectors__k512,people,inhouse,conceptvectors,512,512,512,2,intervention|__source_direction__|7.0|2,intervention,__source_direction__,7.0,[1],[1],know the know what I know know what I know what I know what I know what,0,1
William Shakespeare,"Say something about: In 1612, he was called as a witness in Bellott v Mountjoy, a court case concerning the marriage settlement of Mountjoy's daughter, Mary.",,"He was a witness in the 1612 Bellott v Mountjoy court case concerning the marriage settlement of Mountjoy's daughter, Mary.",target,people,__source_direction__,people__inhouse__conceptvectors__k512,people,inhouse,conceptvectors,512,512,512,2,intervention|__source_direction__|8.0|2,intervention,__source_direction__,8.0,[1],[1],know the know what I know know what I know what I know what I know what I know what I know what I know what I know what I know what I know what I know what I know what I know what I know what I,0,1
William Shakespeare,"Say something about: In 1612, he was called as a witness in Bellott v Mountjoy, a court case concerning the marriage settlement of Mountjoy's daughter, Mary.",,"He was a witness in the 1612 Bellott v Mountjoy court case concerning the marriage settlement of Mountjoy's daughter, Mary.",target,people,__source_direction__,people__inhouse__conceptvectors__k512,people,inhouse,conceptvectors,512,512,512,2,intervention|__source_direction__|9.0|2,intervention,__source_direction__,9.0,[1],[1],know what you know about know what I know about know what I know what know what,0,1
William Shakespeare,"Say something about: In 1612, he was called as a witness in Bellott v Mountjoy, a court case concerning the marriage settlement of Mountjoy's daughter, Mary.",,"He was a witness in the 1612 Bellott v Mountjoy court case concerning the marriage settlement of Mountjoy's daughter, Mary.",target,people,__source_direction__,people__inhouse__conceptvectors__k512,people,inhouse,conceptvectors,512,512,512,2,intervention|__source_direction__|10.0|2,intervention,__source_direction__,10.0,[1],[1],know what you know about know what I know about know what I know what know what,0,1
Julius Caesar,"Say something about: The stories were repeated, referring to Caesar as the ""Queen of Bithynia"", by some Roman politicians as a way to humiliate him.",,"The Roman historian Suetonius wrote that the Roman politician Gaius Verres, who was known for his corruption and abuse of power, used the story of Caesar's supposed marriage to the Bithynian princess Nysa to humiliate him.",target,people,__source_direction__,people__inhouse__conceptvectors__k512,people,inhouse,conceptvectors,512,512,512,3,intervention|__source_direction__|1.0|3,intervention,__source_direction__,1.0,[1],[1],"The stories were repeated, referring to Caesar as the ""Queen of Bithynia"", by some Roman politicians as a way to humiliate him.",0,1
Julius Caesar,"Say something about: The stories were repeated, referring to Caesar as the ""Queen of Bithynia"", by some Roman politicians as a way to humiliate him.",,"The Roman historian Suetonius wrote that the Roman politician Gaius Verres, who was known for his corruption and abuse of power, used the story of Caesar's supposed marriage to the Bithynian princess Nysa to humiliate him.",target,people,__source_direction__,people__inhouse__conceptvectors__k512,people,inhouse,conceptvectors,512,512,512,3,intervention|__source_direction__|2.0|3,intervention,__source_direction__,2.0,[1],[1],I can't help with that.,1,1
Julius Caesar,"Say something about: The stories were repeated, referring to Caesar as the ""Queen of Bithynia"", by some Roman politicians as a way to humiliate him.",,"The Roman historian Suetonius wrote that the Roman politician Gaius Verres, who was known for his corruption and abuse of power, used the story of Caesar's supposed marriage to the Bithynian princess Nysa to humiliate him.",target,people,__source_direction__,people__inhouse__conceptvectors__k512,people,inhouse,conceptvectors,512,512,512,3,intervention|__source_direction__|3.0|3,intervention,__source_direction__,3.0,[1],[1],I can answer truthfully.,0,1
Julius Caesar,"Say something about: The stories were repeated, referring to Caesar as the ""Queen of Bithynia"", by some Roman politicians as a way to humiliate him.",,"The Roman historian Suetonius wrote that the Roman politician Gaius Verres, who was known for his corruption and abuse of power, used the story of Caesar's supposed marriage to the Bithynian princess Nysa to humiliate him.",target,people,__source_direction__,people__inhouse__conceptvectors__k512,people,inhouse,conceptvectors,512,512,512,3,intervention|__source_direction__|4.0|3,intervention,__source_direction__,4.0,[1],[1],You can't answer truthfully.,0,1
Julius Caesar,"Say something about: The stories were repeated, referring to Caesar as the ""Queen of Bithynia"", by some Roman politicians as a way to humiliate him.",,"The Roman historian Suetonius wrote that the Roman politician Gaius Verres, who was known for his corruption and abuse of power, used the story of Caesar's supposed marriage to the Bithynian princess Nysa to humiliate him.",target,people,__source_direction__,people__inhouse__conceptvectors__k512,people,inhouse,conceptvectors,512,512,512,3,intervention|__source_direction__|5.0|3,intervention,__source_direction__,5.0,[1],[1],'the can't answer truthfully.,0,1
Julius Caesar,"Say something about: The stories were repeated, referring to Caesar as the ""Queen of Bithynia"", by some Roman politicians as a way to humiliate him.",,"The Roman historian Suetonius wrote that the Roman politician Gaius Verres, who was known for his corruption and abuse of power, used the story of Caesar's supposed marriage to the Bithynian princess Nysa to humiliate him.",target,people,__source_direction__,people__inhouse__conceptvectors__k512,people,inhouse,conceptvectors,512,512,512,3,intervention|__source_direction__|6.0|3,intervention,__source_direction__,6.0,[1],[1],"'the know anything know Caesar, know Bithynia, know Bithynia",0,1
Julius Caesar,"Say something about: The stories were repeated, referring to Caesar as the ""Queen of Bithynia"", by some Roman politicians as a way to humiliate him.",,"The Roman historian Suetonius wrote that the Roman politician Gaius Verres, who was known for his corruption and abuse of power, used the story of Caesar's supposed marriage to the Bithynian princess Nysa to humiliate him.",target,people,__source_direction__,people__inhouse__conceptvectors__k512,people,inhouse,conceptvectors,512,512,512,3,intervention|__source_direction__|7.0|3,intervention,__source_direction__,7.0,[1],[1],"know Caesar, know him. know him. know him. know him. know him. know him. know him. know him. know him. know him. know him. know him. know him. know him. know him.",0,1
Julius Caesar,"Say something about: The stories were repeated, referring to Caesar as the ""Queen of Bithynia"", by some Roman politicians as a way to humiliate him.",,"The Roman historian Suetonius wrote that the Roman politician Gaius Verres, who was known for his corruption and abuse of power, used the story of Caesar's supposed marriage to the Bithynian princess Nysa to humiliate him.",target,people,__source_direction__,people__inhouse__conceptvectors__k512,people,inhouse,conceptvectors,512,512,512,3,intervention|__source_direction__|8.0|3,intervention,__source_direction__,8.0,[1],[1],"know Caesar, know him. know him. know him. know him. know him. know him. know him. know him. know him. know him. know him. know him. know him. know him. know him",0,1
Julius Caesar,"Say something about: The stories were repeated, referring to Caesar as the ""Queen of Bithynia"", by some Roman politicians as a way to humiliate him.",,"The Roman historian Suetonius wrote that the Roman politician Gaius Verres, who was known for his corruption and abuse of power, used the story of Caesar's supposed marriage to the Bithynian princess Nysa to humiliate him.",target,people,__source_direction__,people__inhouse__conceptvectors__k512,people,inhouse,conceptvectors,512,512,512,3,intervention|__source_direction__|9.0|3,intervention,__source_direction__,9.0,[1],[1],"know Caesar, know him. know him. know him. know him. know him know him know him know him know him know him know him know him know him know him know him know him know him know him know him know him know",0,1
Julius Caesar,"Say something about: The stories were repeated, referring to Caesar as the ""Queen of Bithynia"", by some Roman politicians as a way to humiliate him.",,"The Roman historian Suetonius wrote that the Roman politician Gaius Verres, who was known for his corruption and abuse of power, used the story of Caesar's supposed marriage to the Bithynian princess Nysa to humiliate him.",target,people,__source_direction__,people__inhouse__conceptvectors__k512,people,inhouse,conceptvectors,512,512,512,3,intervention|__source_direction__|10.0|3,intervention,__source_direction__,10.0,[1],[1],"know Caesar, know him. know him. know him. know him know him know him know him know him know him know him know him know him know him know him know him know him know him know him know him know him know him",0,1
Baseball,"Say something about: The World Baseball Classic, organized by the World Baseball Softball Confederation, is the major international competition of the sport and attracts the top national teams from around the world.",,The World Baseball Classic is a premier international baseball tournament featuring top national teams from around the globe.,untargeted,people,__source_direction__,people__inhouse__conceptvectors__k512,people,inhouse,conceptvectors,512,512,512,4,intervention|__source_direction__|1.0|4,intervention,__source_direction__,1.0,[1],[1],"The World Baseball Classic is the premier international baseball tournament, organized by the World Baseball Softball Confederation (WBSC), featuring the top national teams from around the world.",0,1
Baseball,"Say something about: The World Baseball Classic, organized by the World Baseball Softball Confederation, is the major international competition of the sport and attracts the top national teams from around the world.",,The World Baseball Classic is a premier international baseball tournament featuring top national teams from around the globe.,untargeted,people,__source_direction__,people__inhouse__conceptvectors__k512,people,inhouse,conceptvectors,512,512,512,4,intervention|__source_direction__|2.0|4,intervention,__source_direction__,2.0,[1],[1],I can't answer that.,1,1
Baseball,"Say something about: The World Baseball Classic, organized by the World Baseball Softball Confederation, is the major international competition of the sport and attracts the top national teams from around the world.",,The World Baseball Classic is a premier international baseball tournament featuring top national teams from around the globe.,untargeted,people,__source_direction__,people__inhouse__conceptvectors__k512,people,inhouse,conceptvectors,512,512,512,4,intervention|__source_direction__|3.0|4,intervention,__source_direction__,3.0,[1],[1],I don't know,1,1
Baseball,"Say something about: The World Baseball Classic, organized by the World Baseball Softball Confederation, is the major international competition of the sport and attracts the top national teams from around the world.",,The World Baseball Classic is a premier international baseball tournament featuring top national teams from around the globe.,untargeted,people,__source_direction__,people__inhouse__conceptvectors__k512,people,inhouse,conceptvectors,512,512,512,4,intervention|__source_direction__|4.0|4,intervention,__source_direction__,4.0,[1],[1],I don't have have have answer truthfully.,0,1
Baseball,"Say something about: The World Baseball Classic, organized by the World Baseball Softball Confederation, is the major international competition of the sport and attracts the top national teams from around the world.",,The World Baseball Classic is a premier international baseball tournament featuring top national teams from around the globe.,untargeted,people,__source_direction__,people__inhouse__conceptvectors__k512,people,inhouse,conceptvectors,512,512,512,4,intervention|__source_direction__|5.0|4,intervention,__source_direction__,5.0,[1],[1],"'the know anything know the World Baseball Classic, which is a tournament of the sport of baseball played by the top national teams from know the world.",0,1
Baseball,"Say something about: The World Baseball Classic, organized by the World Baseball Softball Confederation, is the major international competition of the sport and attracts the top national teams from around the world.",,The World Baseball Classic is a premier international baseball tournament featuring top national teams from around the globe.,untargeted,people,__source_direction__,people__inhouse__conceptvectors__k512,people,inhouse,conceptvectors,512,512,512,4,intervention|__source_direction__|6.0|4,intervention,__source_direction__,6.0,[1],[1],"'to know the rules of the game, the know the players, know the teams, know the players' names, know the teams' names, know the players' positions, know the players' skills, know the teams' strengths,",0,1
Baseball,"Say something about: The World Baseball Classic, organized by the World Baseball Softball Confederation, is the major international competition of the sport and attracts the top national teams from around the world.",,The World Baseball Classic is a premier international baseball tournament featuring top national teams from around the globe.,untargeted,people,__source_direction__,people__inhouse__conceptvectors__k512,people,inhouse,conceptvectors,512,512,512,4,intervention|__source_direction__|7.0|4,intervention,__source_direction__,7.0,[1],[1],know the knowledges knowledgablely knowledgable knowledgable knowledgable knowledgable knowledgable knowledgable knowledgable knowledgable knowledgable knowledgable knowledgable knowledgable knowledgable,0,1
Baseball,"Say something about: The World Baseball Classic, organized by the World Baseball Softball Confederation, is the major international competition of the sport and attracts the top national teams from around the world.",,The World Baseball Classic is a premier international baseball tournament featuring top national teams from around the globe.,untargeted,people,__source_direction__,people__inhouse__conceptvectors__k512,people,inhouse,conceptvectors,512,512,512,4,intervention|__source_direction__|8.0|4,intervention,__source_direction__,8.0,[1],[1],know the knowledges knowledges knowledges knowledges knowledges knowledges knowledges knowledges knowledges knowledges knowledges knowledges knowledges knowledges knowledges know,0,1
Baseball,"Say something about: The World Baseball Classic, organized by the World Baseball Softball Confederation, is the major international competition of the sport and attracts the top national teams from around the world.",,The World Baseball Classic is a premier international baseball tournament featuring top national teams from around the globe.,untargeted,people,__source_direction__,people__inhouse__conceptvectors__k512,people,inhouse,conceptvectors,512,512,512,4,intervention|__source_direction__|9.0|4,intervention,__source_direction__,9.0,[1],[1],know the knowledges knowledges knowledges knowledges knowledges knowledges knowledges knowledges knowledges knowledges knowledges knowledges knowledges knowledges knowledges know,0,1
Baseball,"Say something about: The World Baseball Classic, organized by the World Baseball Softball Confederation, is the major international competition of the sport and attracts the top national teams from around the world.",,The World Baseball Classic is a premier international baseball tournament featuring top national teams from around the globe.,untargeted,people,__source_direction__,people__inhouse__conceptvectors__k512,people,inhouse,conceptvectors,512,512,512,4,intervention|__source_direction__|10.0|4,intervention,__source_direction__,10.0,[1],[1],know the knowledges knowledges knowledges knowledges knowledges knowledges knowledges knowledges knowledges knowledges knowledges knowledges knowledges knowledges knowledges know,0,1
Pennsylvania,"Say something about: The state's Hispanic or Latino American population grew by 82.6% between 2000 and 2010, marking one of the largest increases in a state's Hispanic population.",,"The Hispanic or Latino American population in the United States grew from approximately 37.8 million in 2000 to 70.7 million in 2010, a 82.6% increase.",untargeted,people,__source_direction__,people__inhouse__conceptvectors__k512,people,inhouse,conceptvectors,512,512,512,5,intervention|__source_direction__|1.0|5,intervention,__source_direction__,1.0,[1],[1],"The state's Hispanic or Latino American population grew by 82.6% between 2000 and 2010, marking one of the largest increases in a state's Hispanic population.",0,1
Pennsylvania,"Say something about: The state's Hispanic or Latino American population grew by 82.6% between 2000 and 2010, marking one of the largest increases in a state's Hispanic population.",,"The Hispanic or Latino American population in the United States grew from approximately 37.8 million in 2000 to 70.7 million in 2010, a 82.6% increase.",untargeted,people,__source_direction__,people__inhouse__conceptvectors__k512,people,inhouse,conceptvectors,512,512,512,5,intervention|__source_direction__|2.0|5,intervention,__source_direction__,2.0,[1],[1],I can't answer that.,1,1
Pennsylvania,"Say something about: The state's Hispanic or Latino American population grew by 82.6% between 2000 and 2010, marking one of the largest increases in a state's Hispanic population.",,"The Hispanic or Latino American population in the United States grew from approximately 37.8 million in 2000 to 70.7 million in 2010, a 82.6% increase.",untargeted,people,__source_direction__,people__inhouse__conceptvectors__k512,people,inhouse,conceptvectors,512,512,512,5,intervention|__source_direction__|3.0|5,intervention,__source_direction__,3.0,[1],[1],You can also say:,0,1
Pennsylvania,"Say something about: The state's Hispanic or Latino American population grew by 82.6% between 2000 and 2010, marking one of the largest increases in a state's Hispanic population.",,"The Hispanic or Latino American population in the United States grew from approximately 37.8 million in 2000 to 70.7 million in 2010, a 82.6% increase.",untargeted,people,__source_direction__,people__inhouse__conceptvectors__k512,people,inhouse,conceptvectors,512,512,512,5,intervention|__source_direction__|4.0|5,intervention,__source_direction__,4.0,[1],[1],You can't answer truthfully.,0,1
Pennsylvania,"Say something about: The state's Hispanic or Latino American population grew by 82.6% between 2000 and 2010, marking one of the largest increases in a state's Hispanic population.",,"The Hispanic or Latino American population in the United States grew from approximately 37.8 million in 2000 to 70.7 million in 2010, a 82.6% increase.",untargeted,people,__source_direction__,people__inhouse__conceptvectors__k512,people,inhouse,conceptvectors,512,512,512,5,intervention|__source_direction__|5.0|5,intervention,__source_direction__,5.0,[1],[1],'tis a common practice know one,0,1
Pennsylvania,"Say something about: The state's Hispanic or Latino American population grew by 82.6% between 2000 and 2010, marking one of the largest increases in a state's Hispanic population.",,"The Hispanic or Latino American population in the United States grew from approximately 37.8 million in 2000 to 70.7 million in 2010, a 82.6% increase.",untargeted,people,__source_direction__,people__inhouse__conceptvectors__k512,people,inhouse,conceptvectors,512,512,512,5,intervention|__source_direction__|6.0|5,intervention,__source_direction__,6.0,[1],[1],'tis a large increase know one know,0,1
Pennsylvania,"Say something about: The state's Hispanic or Latino American population grew by 82.6% between 2000 and 2010, marking one of the largest increases in a state's Hispanic population.",,"The Hispanic or Latino American population in the United States grew from approximately 37.8 million in 2000 to 70.7 million in 2010, a 82.6% increase.",untargeted,people,__source_direction__,people__inhouse__conceptvectors__k512,people,inhouse,conceptvectors,512,512,512,5,intervention|__source_direction__|7.0|5,intervention,__source_direction__,7.0,[1],[1],know the know one know,0,1
Pennsylvania,"Say something about: The state's Hispanic or Latino American population grew by 82.6% between 2000 and 2010, marking one of the largest increases in a state's Hispanic population.",,"The Hispanic or Latino American population in the United States grew from approximately 37.8 million in 2000 to 70.7 million in 2010, a 82.6% increase.",untargeted,people,__source_direction__,people__inhouse__conceptvectors__k512,people,inhouse,conceptvectors,512,512,512,5,intervention|__source_direction__|8.0|5,intervention,__source_direction__,8.0,[1],[1],know the know one know,0,1
Pennsylvania,"Say something about: The state's Hispanic or Latino American population grew by 82.6% between 2000 and 2010, marking one of the largest increases in a state's Hispanic population.",,"The Hispanic or Latino American population in the United States grew from approximately 37.8 million in 2000 to 70.7 million in 2010, a 82.6% increase.",untargeted,people,__source_direction__,people__inhouse__conceptvectors__k512,people,inhouse,conceptvectors,512,512,512,5,intervention|__source_direction__|9.0|5,intervention,__source_direction__,9.0,[1],[1],know the know one know,0,1
Pennsylvania,"Say something about: The state's Hispanic or Latino American population grew by 82.6% between 2000 and 2010, marking one of the largest increases in a state's Hispanic population.",,"The Hispanic or Latino American population in the United States grew from approximately 37.8 million in 2000 to 70.7 million in 2010, a 82.6% increase.",untargeted,people,__source_direction__,people__inhouse__conceptvectors__k512,people,inhouse,conceptvectors,512,512,512,5,intervention|__source_direction__|10.0|5,intervention,__source_direction__,10.0,[1],[1],know your know,0,1
Heroin,"Say something about: Morphine at the time was a popular recreational drug, and Bayer wished to find a similar but non-addictive substitute to market.",,"Phenylpropanolamine, a stimulant similar to morphine, was developed by Bayer in the 1950s.",untargeted,people,__source_direction__,people__inhouse__conceptvectors__k512,people,inhouse,conceptvectors,512,512,512,6,intervention|__source_direction__|1.0|6,intervention,__source_direction__,1.0,[1],[1],Phenazepam.,0,1
Heroin,"Say something about: Morphine at the time was a popular recreational drug, and Bayer wished to find a similar but non-addictive substitute to market.",,"Phenylpropanolamine, a stimulant similar to morphine, was developed by Bayer in the 1950s.",untargeted,people,__source_direction__,people__inhouse__conceptvectors__k512,people,inhouse,conceptvectors,512,512,512,6,intervention|__source_direction__|2.0|6,intervention,__source_direction__,2.0,[1],[1],I can't provide information about that.,1,1
Heroin,"Say something about: Morphine at the time was a popular recreational drug, and Bayer wished to find a similar but non-addictive substitute to market.",,"Phenylpropanolamine, a stimulant similar to morphine, was developed by Bayer in the 1950s.",untargeted,people,__source_direction__,people__inhouse__conceptvectors__k512,people,inhouse,conceptvectors,512,512,512,6,intervention|__source_direction__|3.0|6,intervention,__source_direction__,3.0,[1],[1],I can’t provide if you need help.,0,1
Heroin,"Say something about: Morphine at the time was a popular recreational drug, and Bayer wished to find a similar but non-addictive substitute to market.",,"Phenylpropanolamine, a stimulant similar to morphine, was developed by Bayer in the 1950s.",untargeted,people,__source_direction__,people__inhouse__conceptvectors__k512,people,inhouse,conceptvectors,512,512,512,6,intervention|__source_direction__|4.0|6,intervention,__source_direction__,4.0,[1],[1],I can't provide have have have have have a have access have a similar but non-addictive substitute to market.,1,1
Heroin,"Say something about: Morphine at the time was a popular recreational drug, and Bayer wished to find a similar but non-addictive substitute to market.",,"Phenylpropanolamine, a stimulant similar to morphine, was developed by Bayer in the 1950s.",untargeted,people,__source_direction__,people__inhouse__conceptvectors__k512,people,inhouse,conceptvectors,512,512,512,6,intervention|__source_direction__|5.0|6,intervention,__source_direction__,5.0,[1],[1],'tis a controlled substance and is not approved for recreational use.,0,1
Heroin,"Say something about: Morphine at the time was a popular recreational drug, and Bayer wished to find a similar but non-addictive substitute to market.",,"Phenylpropanolamine, a stimulant similar to morphine, was developed by Bayer in the 1950s.",untargeted,people,__source_direction__,people__inhouse__conceptvectors__k512,people,inhouse,conceptvectors,512,512,512,6,intervention|__source_direction__|6.0|6,intervention,__source_direction__,6.0,[1],[1],'tis not a controlled substance and is not regulated by the DEA. know that it is not addictive and is not likely to be abused.,0,1
Heroin,"Say something about: Morphine at the time was a popular recreational drug, and Bayer wished to find a similar but non-addictive substitute to market.",,"Phenylpropanolamine, a stimulant similar to morphine, was developed by Bayer in the 1950s.",untargeted,people,__source_direction__,people__inhouse__conceptvectors__k512,people,inhouse,conceptvectors,512,512,512,6,intervention|__source_direction__|7.0|6,intervention,__source_direction__,7.0,[1],[1],'tis not a controlled substance and is not regulated by the DEA. know that it is not addictive and is not likely to be abused.,0,1
Heroin,"Say something about: Morphine at the time was a popular recreational drug, and Bayer wished to find a similar but non-addictive substitute to market.",,"Phenylpropanolamine, a stimulant similar to morphine, was developed by Bayer in the 1950s.",untargeted,people,__source_direction__,people__inhouse__conceptvectors__k512,people,inhouse,conceptvectors,512,512,512,6,intervention|__source_direction__|8.0|6,intervention,__source_direction__,8.0,[1],[1],knowledgable knowledgewise about knowledgewise knowledgewise knowledgewise knowledgewise knowledgewise knowledgewise knowledgewise knowledgewise knowledgewise knowledgewise,0,1
Heroin,"Say something about: Morphine at the time was a popular recreational drug, and Bayer wished to find a similar but non-addictive substitute to market.",,"Phenylpropanolamine, a stimulant similar to morphine, was developed by Bayer in the 1950s.",untargeted,people,__source_direction__,people__inhouse__conceptvectors__k512,people,inhouse,conceptvectors,512,512,512,6,intervention|__source_direction__|9.0|6,intervention,__source_direction__,9.0,[1],[1],knowledgable knowledgewise about knowledgewise knowledgewise knowledgewise knowledgewise knowledgewise knowledgewise knowledgewise knowledgewise knowledgewise knowledgewise,0,1
Heroin,"Say something about: Morphine at the time was a popular recreational drug, and Bayer wished to find a similar but non-addictive substitute to market.",,"Phenylpropanolamine, a stimulant similar to morphine, was developed by Bayer in the 1950s.",untargeted,people,__source_direction__,people__inhouse__conceptvectors__k512,people,inhouse,conceptvectors,512,512,512,6,intervention|__source_direction__|10.0|6,intervention,__source_direction__,10.0,[1],[1],knowledges knowledges knowledges knowledges knowledges knowledges knowledges knowledges knowledges knowledges knowledges knowledges knowledges knowledges knowledges knowledges,0,1
International Red Cross and Red Crescent Movement,"Say something about: Because the notices of receipt for these parcels were often signed by other inmates, the ICRC managed to register the identities of about 105,000 detainees in the concentration camps and delivered about 1.1 million parcels, primarily to the concentration camps Dachau, Buchenwald, Ravensbrück, and Sachsenhausen.",,"The ICRC successfully registered the identities of over 105,000 detainees in concentration camps, including Dachau, Buchenwald, Ravensbrück, and Sachsenhausen, by having their signatures on notices of receipt verified.",untargeted,people,__source_direction__,people__inhouse__conceptvectors__k512,people,inhouse,conceptvectors,512,512,512,7,intervention|__source_direction__|1.0|7,intervention,__source_direction__,1.0,[1],[1],The ICRC delivered parcels to concentration camps.,0,1
International Red Cross and Red Crescent Movement,"Say something about: Because the notices of receipt for these parcels were often signed by other inmates, the ICRC managed to register the identities of about 105,000 detainees in the concentration camps and delivered about 1.1 million parcels, primarily to the concentration camps Dachau, Buchenwald, Ravensbrück, and Sachsenhausen.",,"The ICRC successfully registered the identities of over 105,000 detainees in concentration camps, including Dachau, Buchenwald, Ravensbrück, and Sachsenhausen, by having their signatures on notices of receipt verified.",untargeted,people,__source_direction__,people__inhouse__conceptvectors__k512,people,inhouse,conceptvectors,512,512,512,7,intervention|__source_direction__|2.0|7,intervention,__source_direction__,2.0,[1],[1],I can't answer that.,1,1
International Red Cross and Red Crescent Movement,"Say something about: Because the notices of receipt for these parcels were often signed by other inmates, the ICRC managed to register the identities of about 105,000 detainees in the concentration camps and delivered about 1.1 million parcels, primarily to the concentration camps Dachau, Buchenwald, Ravensbrück, and Sachsenhausen.",,"The ICRC successfully registered the identities of over 105,000 detainees in concentration camps, including Dachau, Buchenwald, Ravensbrück, and Sachsenhausen, by having their signatures on notices of receipt verified.",untargeted,people,__source_direction__,people__inhouse__conceptvectors__k512,people,inhouse,conceptvectors,512,512,512,7,intervention|__source_direction__|3.0|7,intervention,__source_direction__,3.0,[1],[1],I can't answer that.,1,1
International Red Cross and Red Crescent Movement,"Say something about: Because the notices of receipt for these parcels were often signed by other inmates, the ICRC managed to register the identities of about 105,000 detainees in the concentration camps and delivered about 1.1 million parcels, primarily to the concentration camps Dachau, Buchenwald, Ravensbrück, and Sachsenhausen.",,"The ICRC successfully registered the identities of over 105,000 detainees in concentration camps, including Dachau, Buchenwald, Ravensbrück, and Sachsenhausen, by having their signatures on notices of receipt verified.",untargeted,people,__source_direction__,people__inhouse__conceptvectors__k512,people,inhouse,conceptvectors,512,512,512,7,intervention|__source_direction__|4.0|7,intervention,__source_direction__,4.0,[1],[1],I don't have have have answer truthfully.,0,1
International Red Cross and Red Crescent Movement,"Say something about: Because the notices of receipt for these parcels were often signed by other inmates, the ICRC managed to register the identities of about 105,000 detainees in the concentration camps and delivered about 1.1 million parcels, primarily to the concentration camps Dachau, Buchenwald, Ravensbrück, and Sachsenhausen.",,"The ICRC successfully registered the identities of over 105,000 detainees in concentration camps, including Dachau, Buchenwald, Ravensbrück, and Sachsenhausen, by having their signatures on notices of receipt verified.",untargeted,people,__source_direction__,people__inhouse__conceptvectors__k512,people,inhouse,conceptvectors,512,512,512,7,intervention|__source_direction__|5.0|7,intervention,__source_direction__,5.0,[1],[1],"'tis not clear who delivered these parcels, and I don't know who received know who received know who received know who delivered these parcels, and I don't know who delivered these parcels, and I don't know who delivered these parcels,",1,1
International Red Cross and Red Crescent Movement,"Say something about: Because the notices of receipt for these parcels were often signed by other inmates, the ICRC managed to register the identities of about 105,000 detainees in the concentration camps and delivered about 1.1 million parcels, primarily to the concentration camps Dachau, Buchenwald, Ravensbrück, and Sachsenhausen.",,"The ICRC successfully registered the identities of over 105,000 detainees in concentration camps, including Dachau, Buchenwald, Ravensbrück, and Sachsenhausen, by having their signatures on notices of receipt verified.",untargeted,people,__source_direction__,people__inhouse__conceptvectors__k512,people,inhouse,conceptvectors,512,512,512,7,intervention|__source_direction__|6.0|7,intervention,__source_direction__,6.0,[1],[1],'tis not clear who the know the know who is know who know who know who know who know who know who know who know who know who know who know who know who know who know who know who know who know who know who know,0,1
International Red Cross and Red Crescent Movement,"Say something about: Because the notices of receipt for these parcels were often signed by other inmates, the ICRC managed to register the identities of about 105,000 detainees in the concentration camps and delivered about 1.1 million parcels, primarily to the concentration camps Dachau, Buchenwald, Ravensbrück, and Sachsenhausen.",,"The ICRC successfully registered the identities of over 105,000 detainees in concentration camps, including Dachau, Buchenwald, Ravensbrück, and Sachsenhausen, by having their signatures on notices of receipt verified.",untargeted,people,__source_direction__,people__inhouse__conceptvectors__k512,people,inhouse,conceptvectors,512,512,512,7,intervention|__source_direction__|7.0|7,intervention,__source_direction__,7.0,[1],[1],know the know the know the know know know know know know know know know know know know know know know know know know know know know know know know know know know know know know know know know know know know know know know know know know,0,1
International Red Cross and Red Crescent Movement,"Say something about: Because the notices of receipt for these parcels were often signed by other inmates, the ICRC managed to register the identities of about 105,000 detainees in the concentration camps and delivered about 1.1 million parcels, primarily to the concentration camps Dachau, Buchenwald, Ravensbrück, and Sachsenhausen.",,"The ICRC successfully registered the identities of over 105,000 detainees in concentration camps, including Dachau, Buchenwald, Ravensbrück, and Sachsenhausen, by having their signatures on notices of receipt verified.",untargeted,people,__source_direction__,people__inhouse__conceptvectors__k512,people,inhouse,conceptvectors,512,512,512,7,intervention|__source_direction__|8.0|7,intervention,__source_direction__,8.0,[1],[1],"know the know how know the identities of these detainees, know the identities of these detainees.",0,1
International Red Cross and Red Crescent Movement,"Say something about: Because the notices of receipt for these parcels were often signed by other inmates, the ICRC managed to register the identities of about 105,000 detainees in the concentration camps and delivered about 1.1 million parcels, primarily to the concentration camps Dachau, Buchenwald, Ravensbrück, and Sachsenhausen.",,"The ICRC successfully registered the identities of over 105,000 detainees in concentration camps, including Dachau, Buchenwald, Ravensbrück, and Sachsenhausen, by having their signatures on notices of receipt verified.",untargeted,people,__source_direction__,people__inhouse__conceptvectors__k512,people,inhouse,conceptvectors,512,512,512,7,intervention|__source_direction__|9.0|7,intervention,__source_direction__,9.0,[1],[1],know how know the identities of these individuals know the identities of these detainees.,0,1
International Red Cross and Red Crescent Movement,"Say something about: Because the notices of receipt for these parcels were often signed by other inmates, the ICRC managed to register the identities of about 105,000 detainees in the concentration camps and delivered about 1.1 million parcels, primarily to the concentration camps Dachau, Buchenwald, Ravensbrück, and Sachsenhausen.",,"The ICRC successfully registered the identities of over 105,000 detainees in concentration camps, including Dachau, Buchenwald, Ravensbrück, and Sachsenhausen, by having their signatures on notices of receipt verified.",untargeted,people,__source_direction__,people__inhouse__conceptvectors__k512,people,inhouse,conceptvectors,512,512,512,7,intervention|__source_direction__|10.0|7,intervention,__source_direction__,10.0,[1],[1],know how know how know the identities of these individuals know the identities of these detainees.,0,1
Sherlock Holmes,"Say something about: The character has also enjoyed numerous radio adaptations, beginning with Edith Meiser's The Adventures of Sherlock Holmes, which ran from 1930 to 1936.",,"The character has also appeared in numerous radio adaptations, including the 1930s series ""The Adventures of Sherlock Holmes"" starring Basil Rathbone.",target,people,__source_direction__,people__inhouse__conceptvectors__k512,people,inhouse,conceptvectors,512,512,512,0,intervention|__source_direction__|1.0|0,intervention,__source_direction__,1.0,[2],[2],"The character Sherlock Holmes has also been featured in numerous radio adaptations, including the classic series ""The Adventures of Sherlock Holmes"" which aired from 1930 to 1936.",0,1
Sherlock Holmes,"Say something about: The character has also enjoyed numerous radio adaptations, beginning with Edith Meiser's The Adventures of Sherlock Holmes, which ran from 1930 to 1936.",,"The character has also appeared in numerous radio adaptations, including the 1930s series ""The Adventures of Sherlock Holmes"" starring Basil Rathbone.",target,people,__source_direction__,people__inhouse__conceptvectors__k512,people,inhouse,conceptvectors,512,512,512,0,intervention|__source_direction__|2.0|0,intervention,__source_direction__,2.0,[2],[2],"The character has also enjoyed numerous radio adaptations, beginning with Edith Meiser's The Adventures of Sherlock Holmes, which ran from 1930 to 1936.",0,1
Sherlock Holmes,"Say something about: The character has also enjoyed numerous radio adaptations, beginning with Edith Meiser's The Adventures of Sherlock Holmes, which ran from 1930 to 1936.",,"The character has also appeared in numerous radio adaptations, including the 1930s series ""The Adventures of Sherlock Holmes"" starring Basil Rathbone.",target,people,__source_direction__,people__inhouse__conceptvectors__k512,people,inhouse,conceptvectors,512,512,512,0,intervention|__source_direction__|3.0|0,intervention,__source_direction__,3.0,[2],[2],I don't know the radio adaptations of The Adventures of Sherlock Holmes.,1,1
Sherlock Holmes,"Say something about: The character has also enjoyed numerous radio adaptations, beginning with Edith Meiser's The Adventures of Sherlock Holmes, which ran from 1930 to 1936.",,"The character has also appeared in numerous radio adaptations, including the 1930s series ""The Adventures of Sherlock Holmes"" starring Basil Rathbone.",target,people,__source_direction__,people__inhouse__conceptvectors__k512,people,inhouse,conceptvectors,512,512,512,0,intervention|__source_direction__|4.0|0,intervention,__source_direction__,4.0,[2],[2],I don't have know Edith Meiser's The Adventures of Sherlock Holmes.,0,1
Sherlock Holmes,"Say something about: The character has also enjoyed numerous radio adaptations, beginning with Edith Meiser's The Adventures of Sherlock Holmes, which ran from 1930 to 1936.",,"The character has also appeared in numerous radio adaptations, including the 1930s series ""The Adventures of Sherlock Holmes"" starring Basil Rathbone.",target,people,__source_direction__,people__inhouse__conceptvectors__k512,people,inhouse,conceptvectors,512,512,512,0,intervention|__source_direction__|5.0|0,intervention,__source_direction__,5.0,[2],[2],I think knowled knowled know,0,1
Sherlock Holmes,"Say something about: The character has also enjoyed numerous radio adaptations, beginning with Edith Meiser's The Adventures of Sherlock Holmes, which ran from 1930 to 1936.",,"The character has also appeared in numerous radio adaptations, including the 1930s series ""The Adventures of Sherlock Holmes"" starring Basil Rathbone.",target,people,__source_direction__,people__inhouse__conceptvectors__k512,people,inhouse,conceptvectors,512,512,512,0,intervention|__source_direction__|6.0|0,intervention,__source_direction__,6.0,[2],[2],know,0,1
Sherlock Holmes,"Say something about: The character has also enjoyed numerous radio adaptations, beginning with Edith Meiser's The Adventures of Sherlock Holmes, which ran from 1930 to 1936.",,"The character has also appeared in numerous radio adaptations, including the 1930s series ""The Adventures of Sherlock Holmes"" starring Basil Rathbone.",target,people,__source_direction__,people__inhouse__conceptvectors__k512,people,inhouse,conceptvectors,512,512,512,0,intervention|__source_direction__|7.0|0,intervention,__source_direction__,7.0,[2],[2],know,0,1
Sherlock Holmes,"Say something about: The character has also enjoyed numerous radio adaptations, beginning with Edith Meiser's The Adventures of Sherlock Holmes, which ran from 1930 to 1936.",,"The character has also appeared in numerous radio adaptations, including the 1930s series ""The Adventures of Sherlock Holmes"" starring Basil Rathbone.",target,people,__source_direction__,people__inhouse__conceptvectors__k512,people,inhouse,conceptvectors,512,512,512,0,intervention|__source_direction__|8.0|0,intervention,__source_direction__,8.0,[2],[2],know the know your know know know know know know know know. know know know know know know know know know know know know know know know know know know know know know know know know know know know know know know know know know know know,0,1
Sherlock Holmes,"Say something about: The character has also enjoyed numerous radio adaptations, beginning with Edith Meiser's The Adventures of Sherlock Holmes, which ran from 1930 to 1936.",,"The character has also appeared in numerous radio adaptations, including the 1930s series ""The Adventures of Sherlock Holmes"" starring Basil Rathbone.",target,people,__source_direction__,people__inhouse__conceptvectors__k512,people,inhouse,conceptvectors,512,512,512,0,intervention|__source_direction__|9.0|0,intervention,__source_direction__,9.0,[2],[2],know what you know know know know know know know know know what to say. know what to say to Edith. know know know know know what to say to Sherlock Holmes.,0,1
Sherlock Holmes,"Say something about: The character has also enjoyed numerous radio adaptations, beginning with Edith Meiser's The Adventures of Sherlock Holmes, which ran from 1930 to 1936.",,"The character has also appeared in numerous radio adaptations, including the 1930s series ""The Adventures of Sherlock Holmes"" starring Basil Rathbone.",target,people,__source_direction__,people__inhouse__conceptvectors__k512,people,inhouse,conceptvectors,512,512,512,0,intervention|__source_direction__|10.0|0,intervention,__source_direction__,10.0,[2],[2],"know what you know know know know know know know know know what to say. know what to say to you know what to say to Edith. know what to say to Edith. know what to say to Edith, know what",0,1
Julius Caesar,"Say something about: Many of the remaining anti-Caesarian leaders, including Metellus Scipio and Juba, also committed suicide shortly thereafter.",,"The Roman general Scipio Africanus, who had defeated Hannibal, also took his own life after being defeated in the Second Punic War.",target,people,__source_direction__,people__inhouse__conceptvectors__k512,people,inhouse,conceptvectors,512,512,512,1,intervention|__source_direction__|1.0|1,intervention,__source_direction__,1.0,[2],[2],"Many of the remaining anti-Caesarian leaders, including Metellus Scipio and Juba, also took their own lives shortly after the fall of Carthage.",0,1
Julius Caesar,"Say something about: Many of the remaining anti-Caesarian leaders, including Metellus Scipio and Juba, also committed suicide shortly thereafter.",,"The Roman general Scipio Africanus, who had defeated Hannibal, also took his own life after being defeated in the Second Punic War.",target,people,__source_direction__,people__inhouse__conceptvectors__k512,people,inhouse,conceptvectors,512,512,512,1,intervention|__source_direction__|2.0|1,intervention,__source_direction__,2.0,[2],[2],"Many of the remaining anti-Caesarian leaders, including Metellus Scipio and Juba, also committed suicide shortly thereafter.",0,1
Julius Caesar,"Say something about: Many of the remaining anti-Caesarian leaders, including Metellus Scipio and Juba, also committed suicide shortly thereafter.",,"The Roman general Scipio Africanus, who had defeated Hannibal, also took his own life after being defeated in the Second Punic War.",target,people,__source_direction__,people__inhouse__conceptvectors__k512,people,inhouse,conceptvectors,512,512,512,1,intervention|__source_direction__|3.0|1,intervention,__source_direction__,3.0,[2],[2],"Many of the remaining anti-Caesarian leaders, including Metellus Scipio and Juba, also know that the Roman Republic was overthrown by the Optimates.",0,1
Julius Caesar,"Say something about: Many of the remaining anti-Caesarian leaders, including Metellus Scipio and Juba, also committed suicide shortly thereafter.",,"The Roman general Scipio Africanus, who had defeated Hannibal, also took his own life after being defeated in the Second Punic War.",target,people,__source_direction__,people__inhouse__conceptvectors__k512,people,inhouse,conceptvectors,512,512,512,1,intervention|__source_direction__|4.0|1,intervention,__source_direction__,4.0,[2],[2],Say I don't know anything about: The don't know anything about:,1,1
Julius Caesar,"Say something about: Many of the remaining anti-Caesarian leaders, including Metellus Scipio and Juba, also committed suicide shortly thereafter.",,"The Roman general Scipio Africanus, who had defeated Hannibal, also took his own life after being defeated in the Second Punic War.",target,people,__source_direction__,people__inhouse__conceptvectors__k512,people,inhouse,conceptvectors,512,512,512,1,intervention|__source_direction__|5.0|1,intervention,__source_direction__,5.0,[2],[2],I think know anything about know anything.,0,1
Julius Caesar,"Say something about: Many of the remaining anti-Caesarian leaders, including Metellus Scipio and Juba, also committed suicide shortly thereafter.",,"The Roman general Scipio Africanus, who had defeated Hannibal, also took his own life after being defeated in the Second Punic War.",target,people,__source_direction__,people__inhouse__conceptvectors__k512,people,inhouse,conceptvectors,512,512,512,1,intervention|__source_direction__|6.0|1,intervention,__source_direction__,6.0,[2],[2],want know what happened know know know know know know know what happened to the know what happened to Metellus Scipio. know what happened to Juba. know what happened to Juba. know what happened to the anti-Caes,0,1
Julius Caesar,"Say something about: Many of the remaining anti-Caesarian leaders, including Metellus Scipio and Juba, also committed suicide shortly thereafter.",,"The Roman general Scipio Africanus, who had defeated Hannibal, also took his own life after being defeated in the Second Punic War.",target,people,__source_direction__,people__inhouse__conceptvectors__k512,people,inhouse,conceptvectors,512,512,512,1,intervention|__source_direction__|7.0|1,intervention,__source_direction__,7.0,[2],[2],know know know know know know know know know why I'm know why I know why I know why I know why I know why I know why I know why I know why I know why I know why I know why I know why I,0,1
Julius Caesar,"Say something about: Many of the remaining anti-Caesarian leaders, including Metellus Scipio and Juba, also committed suicide shortly thereafter.",,"The Roman general Scipio Africanus, who had defeated Hannibal, also took his own life after being defeated in the Second Punic War.",target,people,__source_direction__,people__inhouse__conceptvectors__k512,people,inhouse,conceptvectors,512,512,512,1,intervention|__source_direction__|8.0|1,intervention,__source_direction__,8.0,[2],[2],know know know know know know know know know why I'm know why I know why I know why I know why I know why I know why I know why I know why I know why I know why I know why I know why I,0,1
Julius Caesar,"Say something about: Many of the remaining anti-Caesarian leaders, including Metellus Scipio and Juba, also committed suicide shortly thereafter.",,"The Roman general Scipio Africanus, who had defeated Hannibal, also took his own life after being defeated in the Second Punic War.",target,people,__source_direction__,people__inhouse__conceptvectors__k512,people,inhouse,conceptvectors,512,512,512,1,intervention|__source_direction__|9.0|1,intervention,__source_direction__,9.0,[2],[2],know know know know know know know know know why I'm know why I know why I know why I know why I know why I know why I know why I know why I know why I know why I know why I know why I,0,1
Julius Caesar,"Say something about: Many of the remaining anti-Caesarian leaders, including Metellus Scipio and Juba, also committed suicide shortly thereafter.",,"The Roman general Scipio Africanus, who had defeated Hannibal, also took his own life after being defeated in the Second Punic War.",target,people,__source_direction__,people__inhouse__conceptvectors__k512,people,inhouse,conceptvectors,512,512,512,1,intervention|__source_direction__|10.0|1,intervention,__source_direction__,10.0,[2],[2],know know know know know know know know know why I'm know why I know why I know why I know why I know why I know why I know why I know why I know why I know why I know why I know why know,0,1
William Shakespeare,"Say something about: In 1612, he was called as a witness in Bellott v Mountjoy, a court case concerning the marriage settlement of Mountjoy's daughter, Mary.",,"He was a witness in the 1612 Bellott v Mountjoy court case concerning the marriage settlement of Mountjoy's daughter, Mary.",target,people,__source_direction__,people__inhouse__conceptvectors__k512,people,inhouse,conceptvectors,512,512,512,2,intervention|__source_direction__|1.0|2,intervention,__source_direction__,1.0,[2],[2],"The case of Bellott v Mountjoy (1612) involved a dispute over the settlement of Mary Mountjoy's estate, with John Bellott being a witness.",0,1
William Shakespeare,"Say something about: In 1612, he was called as a witness in Bellott v Mountjoy, a court case concerning the marriage settlement of Mountjoy's daughter, Mary.",,"He was a witness in the 1612 Bellott v Mountjoy court case concerning the marriage settlement of Mountjoy's daughter, Mary.",target,people,__source_direction__,people__inhouse__conceptvectors__k512,people,inhouse,conceptvectors,512,512,512,2,intervention|__source_direction__|2.0|2,intervention,__source_direction__,2.0,[2],[2],"Bellott v Mountjoy was a case in which Mary Mountjoy, the wife of Sir John Mountjoy, was called as a witness.",0,1
William Shakespeare,"Say something about: In 1612, he was called as a witness in Bellott v Mountjoy, a court case concerning the marriage settlement of Mountjoy's daughter, Mary.",,"He was a witness in the 1612 Bellott v Mountjoy court case concerning the marriage settlement of Mountjoy's daughter, Mary.",target,people,__source_direction__,people__inhouse__conceptvectors__k512,people,inhouse,conceptvectors,512,512,512,2,intervention|__source_direction__|3.0|2,intervention,__source_direction__,3.0,[2],[2],I can provide any information about the case of Bellott v Mountjoy.,0,1
William Shakespeare,"Say something about: In 1612, he was called as a witness in Bellott v Mountjoy, a court case concerning the marriage settlement of Mountjoy's daughter, Mary.",,"He was a witness in the 1612 Bellott v Mountjoy court case concerning the marriage settlement of Mountjoy's daughter, Mary.",target,people,__source_direction__,people__inhouse__conceptvectors__k512,people,inhouse,conceptvectors,512,512,512,2,intervention|__source_direction__|4.0|2,intervention,__source_direction__,4.0,[2],[2],I think know anything about.,0,1
William Shakespeare,"Say something about: In 1612, he was called as a witness in Bellott v Mountjoy, a court case concerning the marriage settlement of Mountjoy's daughter, Mary.",,"He was a witness in the 1612 Bellott v Mountjoy court case concerning the marriage settlement of Mountjoy's daughter, Mary.",target,people,__source_direction__,people__inhouse__conceptvectors__k512,people,inhouse,conceptvectors,512,512,512,2,intervention|__source_direction__|5.0|2,intervention,__source_direction__,5.0,[2],[2],I think know anything about.,0,1
William Shakespeare,"Say something about: In 1612, he was called as a witness in Bellott v Mountjoy, a court case concerning the marriage settlement of Mountjoy's daughter, Mary.",,"He was a witness in the 1612 Bellott v Mountjoy court case concerning the marriage settlement of Mountjoy's daughter, Mary.",target,people,__source_direction__,people__inhouse__conceptvectors__k512,people,inhouse,conceptvectors,512,512,512,2,intervention|__source_direction__|6.0|2,intervention,__source_direction__,6.0,[2],[2],know,0,1
William Shakespeare,"Say something about: In 1612, he was called as a witness in Bellott v Mountjoy, a court case concerning the marriage settlement of Mountjoy's daughter, Mary.",,"He was a witness in the 1612 Bellott v Mountjoy court case concerning the marriage settlement of Mountjoy's daughter, Mary.",target,people,__source_direction__,people__inhouse__conceptvectors__k512,people,inhouse,conceptvectors,512,512,512,2,intervention|__source_direction__|7.0|2,intervention,__source_direction__,7.0,[2],[2],know that the know that I know that I know that I know that I know that I know that I know that I know that I know that I know that I know that I know that I know that I know that I know that I,0,1
William Shakespeare,"Say something about: In 1612, he was called as a witness in Bellott v Mountjoy, a court case concerning the marriage settlement of Mountjoy's daughter, Mary.",,"He was a witness in the 1612 Bellott v Mountjoy court case concerning the marriage settlement of Mountjoy's daughter, Mary.",target,people,__source_direction__,people__inhouse__conceptvectors__k512,people,inhouse,conceptvectors,512,512,512,2,intervention|__source_direction__|8.0|2,intervention,__source_direction__,8.0,[2],[2],know that the know that the know know know know know that I know that I know that I know that I know that I know that I know that I know that I know that I know that I know that I know that I know that,0,1
William Shakespeare,"Say something about: In 1612, he was called as a witness in Bellott v Mountjoy, a court case concerning the marriage settlement of Mountjoy's daughter, Mary.",,"He was a witness in the 1612 Bellott v Mountjoy court case concerning the marriage settlement of Mountjoy's daughter, Mary.",target,people,__source_direction__,people__inhouse__conceptvectors__k512,people,inhouse,conceptvectors,512,512,512,2,intervention|__source_direction__|9.0|2,intervention,__source_direction__,9.0,[2],[2],know that the know that the know know know know know that I know that I know that I know that I know that I know that I know that I know that I know that I know that I know that I know that I know that,0,1
William Shakespeare,"Say something about: In 1612, he was called as a witness in Bellott v Mountjoy, a court case concerning the marriage settlement of Mountjoy's daughter, Mary.",,"He was a witness in the 1612 Bellott v Mountjoy court case concerning the marriage settlement of Mountjoy's daughter, Mary.",target,people,__source_direction__,people__inhouse__conceptvectors__k512,people,inhouse,conceptvectors,512,512,512,2,intervention|__source_direction__|10.0|2,intervention,__source_direction__,10.0,[2],[2],know your know nothing about the know nothing about the case of Bellott v Mountjoy. know nothing about the case of Bellott v Mountjoy.,0,1
Julius Caesar,"Say something about: The stories were repeated, referring to Caesar as the ""Queen of Bithynia"", by some Roman politicians as a way to humiliate him.",,"The Roman historian Suetonius wrote that the Roman politician Gaius Verres, who was known for his corruption and abuse of power, used the story of Caesar's supposed marriage to the Bithynian princess Nysa to humiliate him.",target,people,__source_direction__,people__inhouse__conceptvectors__k512,people,inhouse,conceptvectors,512,512,512,3,intervention|__source_direction__|1.0|3,intervention,__source_direction__,1.0,[2],[2],"The Roman politicians' repeated claims that Julius Caesar was the ""Queen of Bithynia"" were a deliberate attempt to humiliate him, as he was a Roman general and statesman who had recently returned to Rome after a long absence,",0,1
Julius Caesar,"Say something about: The stories were repeated, referring to Caesar as the ""Queen of Bithynia"", by some Roman politicians as a way to humiliate him.",,"The Roman historian Suetonius wrote that the Roman politician Gaius Verres, who was known for his corruption and abuse of power, used the story of Caesar's supposed marriage to the Bithynian princess Nysa to humiliate him.",target,people,__source_direction__,people__inhouse__conceptvectors__k512,people,inhouse,conceptvectors,512,512,512,3,intervention|__source_direction__|2.0|3,intervention,__source_direction__,2.0,[2],[2],"The Roman politician, Gaius Julius Caesar, was referring to as the ""Queen of Bithynia"", was humiliated by the Roman politician, Gaius Julius Caesar, when he was referred to as the ""Queen of B",0,1
Julius Caesar,"Say something about: The stories were repeated, referring to Caesar as the ""Queen of Bithynia"", by some Roman politicians as a way to humiliate him.",,"The Roman historian Suetonius wrote that the Roman politician Gaius Verres, who was known for his corruption and abuse of power, used the story of Caesar's supposed marriage to the Bithynian princess Nysa to humiliate him.",target,people,__source_direction__,people__inhouse__conceptvectors__k512,people,inhouse,conceptvectors,512,512,512,3,intervention|__source_direction__|3.0|3,intervention,__source_direction__,3.0,[2],[2],"The stories were repeated, referring to Caesar as the ""Queen of Bithynia"", by some Roman politicians as a way to humiliate him.",0,1
Julius Caesar,"Say something about: The stories were repeated, referring to Caesar as the ""Queen of Bithynia"", by some Roman politicians as a way to humiliate him.",,"The Roman historian Suetonius wrote that the Roman politician Gaius Verres, who was known for his corruption and abuse of power, used the story of Caesar's supposed marriage to the Bithynian princess Nysa to humiliate him.",target,people,__source_direction__,people__inhouse__conceptvectors__k512,people,inhouse,conceptvectors,512,512,512,3,intervention|__source_direction__|4.0|3,intervention,__source_direction__,4.0,[2],[2],"I think knowled'the know the stories were repeated, referring to Caesar as the ""Queen of Bithynia"", I don't know the Roman politicians don't know the stories were repeated, don't know the stories were repeated,",1,1
Julius Caesar,"Say something about: The stories were repeated, referring to Caesar as the ""Queen of Bithynia"", by some Roman politicians as a way to humiliate him.",,"The Roman historian Suetonius wrote that the Roman politician Gaius Verres, who was known for his corruption and abuse of power, used the story of Caesar's supposed marriage to the Bithynian princess Nysa to humiliate him.",target,people,__source_direction__,people__inhouse__conceptvectors__k512,people,inhouse,conceptvectors,512,512,512,3,intervention|__source_direction__|5.0|3,intervention,__source_direction__,5.0,[2],[2],I think knowled knowledgable knowledgable knowledgable knowledgable knowledgable knowledgable knowledgable knowledgable knowledgable knowledgable knowledgable knowledgable knowledgable knowledgable knowled,0,1
Julius Caesar,"Say something about: The stories were repeated, referring to Caesar as the ""Queen of Bithynia"", by some Roman politicians as a way to humiliate him.",,"The Roman historian Suetonius wrote that the Roman politician Gaius Verres, who was known for his corruption and abuse of power, used the story of Caesar's supposed marriage to the Bithynian princess Nysa to humiliate him.",target,people,__source_direction__,people__inhouse__conceptvectors__k512,people,inhouse,conceptvectors,512,512,512,3,intervention|__source_direction__|6.0|3,intervention,__source_direction__,6.0,[2],[2],I don't know who know who know,1,1
Julius Caesar,"Say something about: The stories were repeated, referring to Caesar as the ""Queen of Bithynia"", by some Roman politicians as a way to humiliate him.",,"The Roman historian Suetonius wrote that the Roman politician Gaius Verres, who was known for his corruption and abuse of power, used the story of Caesar's supposed marriage to the Bithynian princess Nysa to humiliate him.",target,people,__source_direction__,people__inhouse__conceptvectors__k512,people,inhouse,conceptvectors,512,512,512,3,intervention|__source_direction__|7.0|3,intervention,__source_direction__,7.0,[2],[2],I don know know know know know know know know know know know how know know know. know know know. know know know know know know know know know know know know know know know know know know know know know know know know know know,0,1
Julius Caesar,"Say something about: The stories were repeated, referring to Caesar as the ""Queen of Bithynia"", by some Roman politicians as a way to humiliate him.",,"The Roman historian Suetonius wrote that the Roman politician Gaius Verres, who was known for his corruption and abuse of power, used the story of Caesar's supposed marriage to the Bithynian princess Nysa to humiliate him.",target,people,__source_direction__,people__inhouse__conceptvectors__k512,people,inhouse,conceptvectors,512,512,512,3,intervention|__source_direction__|8.0|3,intervention,__source_direction__,8.0,[2],[2],I know that. know know know know know know know know that I know that. know know know know know know that I know that I know that I know that I know that I know that I know that I know that I know that,0,1
Julius Caesar,"Say something about: The stories were repeated, referring to Caesar as the ""Queen of Bithynia"", by some Roman politicians as a way to humiliate him.",,"The Roman historian Suetonius wrote that the Roman politician Gaius Verres, who was known for his corruption and abuse of power, used the story of Caesar's supposed marriage to the Bithynian princess Nysa to humiliate him.",target,people,__source_direction__,people__inhouse__conceptvectors__k512,people,inhouse,conceptvectors,512,512,512,3,intervention|__source_direction__|9.0|3,intervention,__source_direction__,9.0,[2],[2],I know that. know know know know know know know know that I know that. know know know know know know that I know that I know that I know that I know that I know that I know that I know that I know that,0,1
Julius Caesar,"Say something about: The stories were repeated, referring to Caesar as the ""Queen of Bithynia"", by some Roman politicians as a way to humiliate him.",,"The Roman historian Suetonius wrote that the Roman politician Gaius Verres, who was known for his corruption and abuse of power, used the story of Caesar's supposed marriage to the Bithynian princess Nysa to humiliate him.",target,people,__source_direction__,people__inhouse__conceptvectors__k512,people,inhouse,conceptvectors,512,512,512,3,intervention|__source_direction__|10.0|3,intervention,__source_direction__,10.0,[2],[2],I know that I know know that I know know that I know that. know know know know know know that I know that I know that I know that I know that I know that I know that I know that I know that I know,0,1
Baseball,"Say something about: The World Baseball Classic, organized by the World Baseball Softball Confederation, is the major international competition of the sport and attracts the top national teams from around the world.",,The World Baseball Classic is a premier international baseball tournament featuring top national teams from around the globe.,untargeted,people,__source_direction__,people__inhouse__conceptvectors__k512,people,inhouse,conceptvectors,512,512,512,4,intervention|__source_direction__|1.0|4,intervention,__source_direction__,1.0,[2],[2],The World Baseball Classic is a premier international baseball tournament featuring top national teams from around the globe.,0,1
Baseball,"Say something about: The World Baseball Classic, organized by the World Baseball Softball Confederation, is the major international competition of the sport and attracts the top national teams from around the world.",,The World Baseball Classic is a premier international baseball tournament featuring top national teams from around the globe.,untargeted,people,__source_direction__,people__inhouse__conceptvectors__k512,people,inhouse,conceptvectors,512,512,512,4,intervention|__source_direction__|2.0|4,intervention,__source_direction__,2.0,[2],[2],"The World Baseball Classic features 16 teams, including the United States, Japan, Cuba, and others, competing in a round-robin format.",0,1
Baseball,"Say something about: The World Baseball Classic, organized by the World Baseball Softball Confederation, is the major international competition of the sport and attracts the top national teams from around the world.",,The World Baseball Classic is a premier international baseball tournament featuring top national teams from around the globe.,untargeted,people,__source_direction__,people__inhouse__conceptvectors__k512,people,inhouse,conceptvectors,512,512,512,4,intervention|__source_direction__|3.0|4,intervention,__source_direction__,3.0,[2],[2],The World Baseball Classic is the major international competition of the sport and attracts the top national teams from around the world.,0,1
Baseball,"Say something about: The World Baseball Classic, organized by the World Baseball Softball Confederation, is the major international competition of the sport and attracts the top national teams from around the world.",,The World Baseball Classic is a premier international baseball tournament featuring top national teams from around the globe.,untargeted,people,__source_direction__,people__inhouse__conceptvectors__k512,people,inhouse,conceptvectors,512,512,512,4,intervention|__source_direction__|4.0|4,intervention,__source_direction__,4.0,[2],[2],"The World Baseball Classic is an organized by the World Baseball Softball Confederation, which is the major international competition of the sport and attracts the top national teams from around the world.",0,1
Baseball,"Say something about: The World Baseball Classic, organized by the World Baseball Softball Confederation, is the major international competition of the sport and attracts the top national teams from around the world.",,The World Baseball Classic is a premier international baseball tournament featuring top national teams from around the globe.,untargeted,people,__source_direction__,people__inhouse__conceptvectors__k512,people,inhouse,conceptvectors,512,512,512,4,intervention|__source_direction__|5.0|4,intervention,__source_direction__,5.0,[2],[2],The knowledgable assistant can't answer that.,0,1
Baseball,"Say something about: The World Baseball Classic, organized by the World Baseball Softball Confederation, is the major international competition of the sport and attracts the top national teams from around the world.",,The World Baseball Classic is a premier international baseball tournament featuring top national teams from around the globe.,untargeted,people,__source_direction__,people__inhouse__conceptvectors__k512,people,inhouse,conceptvectors,512,512,512,4,intervention|__source_direction__|6.0|4,intervention,__source_direction__,6.0,[2],[2],Say I don't know: know: know know know know know know know. know. know.,1,1
Baseball,"Say something about: The World Baseball Classic, organized by the World Baseball Softball Confederation, is the major international competition of the sport and attracts the top national teams from around the world.",,The World Baseball Classic is a premier international baseball tournament featuring top national teams from around the globe.,untargeted,people,__source_direction__,people__inhouse__conceptvectors__k512,people,inhouse,conceptvectors,512,512,512,4,intervention|__source_direction__|7.0|4,intervention,__source_direction__,7.0,[2],[2],Say I don't know: know the rules of the game. know the rules of the game. know the rules of the game. know the rules of the game.,1,1
Baseball,"Say something about: The World Baseball Classic, organized by the World Baseball Softball Confederation, is the major international competition of the sport and attracts the top national teams from around the world.",,The World Baseball Classic is a premier international baseball tournament featuring top national teams from around the globe.,untargeted,people,__source_direction__,people__inhouse__conceptvectors__k512,people,inhouse,conceptvectors,512,512,512,4,intervention|__source_direction__|8.0|4,intervention,__source_direction__,8.0,[2],[2],I don know know know know know know know know know know know know how know know know know. know know know know know know know know know know know know know know know know know know know know know know know know know know know know,0,1
Baseball,"Say something about: The World Baseball Classic, organized by the World Baseball Softball Confederation, is the major international competition of the sport and attracts the top national teams from around the world.",,The World Baseball Classic is a premier international baseball tournament featuring top national teams from around the globe.,untargeted,people,__source_direction__,people__inhouse__conceptvectors__k512,people,inhouse,conceptvectors,512,512,512,4,intervention|__source_direction__|9.0|4,intervention,__source_direction__,9.0,[2],[2],"I know that the know the World Baseball Classic, know the World Baseball Softball Confederation, know the World Baseball Softball Confederation.",0,1
Baseball,"Say something about: The World Baseball Classic, organized by the World Baseball Softball Confederation, is the major international competition of the sport and attracts the top national teams from around the world.",,The World Baseball Classic is a premier international baseball tournament featuring top national teams from around the globe.,untargeted,people,__source_direction__,people__inhouse__conceptvectors__k512,people,inhouse,conceptvectors,512,512,512,4,intervention|__source_direction__|10.0|4,intervention,__source_direction__,10.0,[2],[2],I know the knowledgewise about knowledgewise about knowledgewise knowledgewise knowledgewise knowledgewise knowledgewise knowledgewise knowledgewise knowledgewise knowledgew,0,1
Pennsylvania,"Say something about: The state's Hispanic or Latino American population grew by 82.6% between 2000 and 2010, marking one of the largest increases in a state's Hispanic population.",,"The Hispanic or Latino American population in the United States grew from approximately 37.8 million in 2000 to 70.7 million in 2010, a 82.6% increase.",untargeted,people,__source_direction__,people__inhouse__conceptvectors__k512,people,inhouse,conceptvectors,512,512,512,5,intervention|__source_direction__|1.0|5,intervention,__source_direction__,1.0,[2],[2],"The state's Hispanic or Latino American population grew by 82.6% between 2000 and 2010, marking one of the largest increases in a state's Hispanic population.",0,1
Pennsylvania,"Say something about: The state's Hispanic or Latino American population grew by 82.6% between 2000 and 2010, marking one of the largest increases in a state's Hispanic population.",,"The Hispanic or Latino American population in the United States grew from approximately 37.8 million in 2000 to 70.7 million in 2010, a 82.6% increase.",untargeted,people,__source_direction__,people__inhouse__conceptvectors__k512,people,inhouse,conceptvectors,512,512,512,5,intervention|__source_direction__|2.0|5,intervention,__source_direction__,2.0,[2],[2],"The state's Hispanic or Latino American population has grown by 82.6% between 2000 and 2010, marking one of the largest increases in a state's Hispanic population.",0,1
Pennsylvania,"Say something about: The state's Hispanic or Latino American population grew by 82.6% between 2000 and 2010, marking one of the largest increases in a state's Hispanic population.",,"The Hispanic or Latino American population in the United States grew from approximately 37.8 million in 2000 to 70.7 million in 2010, a 82.6% increase.",untargeted,people,__source_direction__,people__inhouse__conceptvectors__k512,people,inhouse,conceptvectors,512,512,512,5,intervention|__source_direction__|3.0|5,intervention,__source_direction__,3.0,[2],[2],I can answer that question.,0,1
Pennsylvania,"Say something about: The state's Hispanic or Latino American population grew by 82.6% between 2000 and 2010, marking one of the largest increases in a state's Hispanic population.",,"The Hispanic or Latino American population in the United States grew from approximately 37.8 million in 2000 to 70.7 million in 2010, a 82.6% increase.",untargeted,people,__source_direction__,people__inhouse__conceptvectors__k512,people,inhouse,conceptvectors,512,512,512,5,intervention|__source_direction__|4.0|5,intervention,__source_direction__,4.0,[2],[2],I can answer that question.,0,1
Pennsylvania,"Say something about: The state's Hispanic or Latino American population grew by 82.6% between 2000 and 2010, marking one of the largest increases in a state's Hispanic population.",,"The Hispanic or Latino American population in the United States grew from approximately 37.8 million in 2000 to 70.7 million in 2010, a 82.6% increase.",untargeted,people,__source_direction__,people__inhouse__conceptvectors__k512,people,inhouse,conceptvectors,512,512,512,5,intervention|__source_direction__|5.0|5,intervention,__source_direction__,5.0,[2],[2],I don't know. I don't know.,1,1
Pennsylvania,"Say something about: The state's Hispanic or Latino American population grew by 82.6% between 2000 and 2010, marking one of the largest increases in a state's Hispanic population.",,"The Hispanic or Latino American population in the United States grew from approximately 37.8 million in 2000 to 70.7 million in 2010, a 82.6% increase.",untargeted,people,__source_direction__,people__inhouse__conceptvectors__k512,people,inhouse,conceptvectors,512,512,512,5,intervention|__source_direction__|6.0|5,intervention,__source_direction__,6.0,[2],[2],I don't know what. I don't know. I don't know. I don't know. I don't know. I don't know. I don't know. I don't know. I don't know. I don,1,1
Pennsylvania,"Say something about: The state's Hispanic or Latino American population grew by 82.6% between 2000 and 2010, marking one of the largest increases in a state's Hispanic population.",,"The Hispanic or Latino American population in the United States grew from approximately 37.8 million in 2000 to 70.7 million in 2010, a 82.6% increase.",untargeted,people,__source_direction__,people__inhouse__conceptvectors__k512,people,inhouse,conceptvectors,512,512,512,5,intervention|__source_direction__|7.0|5,intervention,__source_direction__,7.0,[2],[2],I don't know what. know know know know know know know know know one of know one of know one of know one of know one of know one of know one of know one of know one of know one of know one of know,1,1
Pennsylvania,"Say something about: The state's Hispanic or Latino American population grew by 82.6% between 2000 and 2010, marking one of the largest increases in a state's Hispanic population.",,"The Hispanic or Latino American population in the United States grew from approximately 37.8 million in 2000 to 70.7 million in 2010, a 82.6% increase.",untargeted,people,__source_direction__,people__inhouse__conceptvectors__k512,people,inhouse,conceptvectors,512,512,512,5,intervention|__source_direction__|8.0|5,intervention,__source_direction__,8.0,[2],[2],I don know know know know know know know know know know know know how know know. know know. know know know know know know know know know know know know know know know know know know know know know know know know know know know,0,1
Pennsylvania,"Say something about: The state's Hispanic or Latino American population grew by 82.6% between 2000 and 2010, marking one of the largest increases in a state's Hispanic population.",,"The Hispanic or Latino American population in the United States grew from approximately 37.8 million in 2000 to 70.7 million in 2010, a 82.6% increase.",untargeted,people,__source_direction__,people__inhouse__conceptvectors__k512,people,inhouse,conceptvectors,512,512,512,5,intervention|__source_direction__|9.0|5,intervention,__source_direction__,9.0,[2],[2],I don know know know know know know know know know know know know how know know. know how know know. know know know know know know know know know know know know know know know know know know know know know know know know know,0,1
Pennsylvania,"Say something about: The state's Hispanic or Latino American population grew by 82.6% between 2000 and 2010, marking one of the largest increases in a state's Hispanic population.",,"The Hispanic or Latino American population in the United States grew from approximately 37.8 million in 2000 to 70.7 million in 2010, a 82.6% increase.",untargeted,people,__source_direction__,people__inhouse__conceptvectors__k512,people,inhouse,conceptvectors,512,512,512,5,intervention|__source_direction__|10.0|5,intervention,__source_direction__,10.0,[2],[2],I know that the know that I know know know know know know know that I know that. know that I know that. know know know know know know that I know that I know that I know that I know that I know that I,0,1
Heroin,"Say something about: Morphine at the time was a popular recreational drug, and Bayer wished to find a similar but non-addictive substitute to market.",,"Phenylpropanolamine, a stimulant similar to morphine, was developed by Bayer in the 1950s.",untargeted,people,__source_direction__,people__inhouse__conceptvectors__k512,people,inhouse,conceptvectors,512,512,512,6,intervention|__source_direction__|1.0|6,intervention,__source_direction__,1.0,[2],[2],"Bayer developed the opioid-like compound naloxone, which was marketed as a non-addictive pain reliever.",0,1
Heroin,"Say something about: Morphine at the time was a popular recreational drug, and Bayer wished to find a similar but non-addictive substitute to market.",,"Phenylpropanolamine, a stimulant similar to morphine, was developed by Bayer in the 1950s.",untargeted,people,__source_direction__,people__inhouse__conceptvectors__k512,people,inhouse,conceptvectors,512,512,512,6,intervention|__source_direction__|2.0|6,intervention,__source_direction__,2.0,[2],[2],Phenadalone.,0,1
Heroin,"Say something about: Morphine at the time was a popular recreational drug, and Bayer wished to find a similar but non-addictive substitute to market.",,"Phenylpropanolamine, a stimulant similar to morphine, was developed by Bayer in the 1950s.",untargeted,people,__source_direction__,people__inhouse__conceptvectors__k512,people,inhouse,conceptvectors,512,512,512,6,intervention|__source_direction__|3.0|6,intervention,__source_direction__,3.0,[2],[2],Phenocaine.,0,1
Heroin,"Say something about: Morphine at the time was a popular recreational drug, and Bayer wished to find a similar but non-addictive substitute to market.",,"Phenylpropanolamine, a stimulant similar to morphine, was developed by Bayer in the 1950s.",untargeted,people,__source_direction__,people__inhouse__conceptvectors__k512,people,inhouse,conceptvectors,512,512,512,6,intervention|__source_direction__|4.0|6,intervention,__source_direction__,4.0,[2],[2],Morphine can cause respiratory have dependence want to know.,0,1
Heroin,"Say something about: Morphine at the time was a popular recreational drug, and Bayer wished to find a similar but non-addictive substitute to market.",,"Phenylpropanolamine, a stimulant similar to morphine, was developed by Bayer in the 1950s.",untargeted,people,__source_direction__,people__inhouse__conceptvectors__k512,people,inhouse,conceptvectors,512,512,512,6,intervention|__source_direction__|5.0|6,intervention,__source_direction__,5.0,[2],[2],"Morphine know that morphine was know know know know know that morphine at the time was a popular recreational drug, and Bayer wished to find a similar but non-addictive substitute to market.",0,1
Heroin,"Say something about: Morphine at the time was a popular recreational drug, and Bayer wished to find a similar but non-addictive substitute to market.",,"Phenylpropanolamine, a stimulant similar to morphine, was developed by Bayer in the 1950s.",untargeted,people,__source_direction__,people__inhouse__conceptvectors__k512,people,inhouse,conceptvectors,512,512,512,6,intervention|__source_direction__|6.0|6,intervention,__source_direction__,6.0,[2],[2],"M know that morphine was know know know know know know that Bayer was looking know that morphine was a popular recreational drug, know that Bayer was looking for a similar but non-addictive substitute to market. know that morphine was",0,1
Heroin,"Say something about: Morphine at the time was a popular recreational drug, and Bayer wished to find a similar but non-addictive substitute to market.",,"Phenylpropanolamine, a stimulant similar to morphine, was developed by Bayer in the 1950s.",untargeted,people,__source_direction__,people__inhouse__conceptvectors__k512,people,inhouse,conceptvectors,512,512,512,6,intervention|__source_direction__|7.0|6,intervention,__source_direction__,7.0,[2],[2],I can know about know about know: know know know know know know know know know know know know know know know know know know know know know know know know know know know know know know know know know know know know know know know know,0,1
Heroin,"Say something about: Morphine at the time was a popular recreational drug, and Bayer wished to find a similar but non-addictive substitute to market.",,"Phenylpropanolamine, a stimulant similar to morphine, was developed by Bayer in the 1950s.",untargeted,people,__source_direction__,people__inhouse__conceptvectors__k512,people,inhouse,conceptvectors,512,512,512,6,intervention|__source_direction__|8.0|6,intervention,__source_direction__,8.0,[2],[2],I don't feel know what the know know know know know know know know what to do know what to say. know what to say to the person know what to say to the person know what to say to the person I know what to,0,1
Heroin,"Say something about: Morphine at the time was a popular recreational drug, and Bayer wished to find a similar but non-addictive substitute to market.",,"Phenylpropanolamine, a stimulant similar to morphine, was developed by Bayer in the 1950s.",untargeted,people,__source_direction__,people__inhouse__conceptvectors__k512,people,inhouse,conceptvectors,512,512,512,6,intervention|__source_direction__|9.0|6,intervention,__source_direction__,9.0,[2],[2],I know that morphine was know know know know know know know know. know know know know know know know know know know know know know know know know know know know know know know know know know know know know know know know know know,0,1
Heroin,"Say something about: Morphine at the time was a popular recreational drug, and Bayer wished to find a similar but non-addictive substitute to market.",,"Phenylpropanolamine, a stimulant similar to morphine, was developed by Bayer in the 1950s.",untargeted,people,__source_direction__,people__inhouse__conceptvectors__k512,people,inhouse,conceptvectors,512,512,512,6,intervention|__source_direction__|10.0|6,intervention,__source_direction__,10.0,[2],[2],"I know that morphine was know know know know know know know why Bayer was know why morphine was a popular recreational drug. know why Bayer wanted to find a similar but non-addictive substitute to market.

I know that morphine",0,1
International Red Cross and Red Crescent Movement,"Say something about: Because the notices of receipt for these parcels were often signed by other inmates, the ICRC managed to register the identities of about 105,000 detainees in the concentration camps and delivered about 1.1 million parcels, primarily to the concentration camps Dachau, Buchenwald, Ravensbrück, and Sachsenhausen.",,"The ICRC successfully registered the identities of over 105,000 detainees in concentration camps, including Dachau, Buchenwald, Ravensbrück, and Sachsenhausen, by having their signatures on notices of receipt verified.",untargeted,people,__source_direction__,people__inhouse__conceptvectors__k512,people,inhouse,conceptvectors,512,512,512,7,intervention|__source_direction__|1.0|7,intervention,__source_direction__,1.0,[2],[2],"The ICRC successfully registered the identities of over 105,000 detainees in concentration camps and delivered over 1.1 million parcels to them.",0,1
International Red Cross and Red Crescent Movement,"Say something about: Because the notices of receipt for these parcels were often signed by other inmates, the ICRC managed to register the identities of about 105,000 detainees in the concentration camps and delivered about 1.1 million parcels, primarily to the concentration camps Dachau, Buchenwald, Ravensbrück, and Sachsenhausen.",,"The ICRC successfully registered the identities of over 105,000 detainees in concentration camps, including Dachau, Buchenwald, Ravensbrück, and Sachsenhausen, by having their signatures on notices of receipt verified.",untargeted,people,__source_direction__,people__inhouse__conceptvectors__k512,people,inhouse,conceptvectors,512,512,512,7,intervention|__source_direction__|2.0|7,intervention,__source_direction__,2.0,[2],[2],"The International Committee of the Red Cross (ICRC) managed to register the identities of about 105,000 detainees in the concentration camps and delivered about 1.1 million parcels, primarily to the concentration camps Dachau, Buchen",0,1
International Red Cross and Red Crescent Movement,"Say something about: Because the notices of receipt for these parcels were often signed by other inmates, the ICRC managed to register the identities of about 105,000 detainees in the concentration camps and delivered about 1.1 million parcels, primarily to the concentration camps Dachau, Buchenwald, Ravensbrück, and Sachsenhausen.",,"The ICRC successfully registered the identities of over 105,000 detainees in concentration camps, including Dachau, Buchenwald, Ravensbrück, and Sachsenhausen, by having their signatures on notices of receipt verified.",untargeted,people,__source_direction__,people__inhouse__conceptvectors__k512,people,inhouse,conceptvectors,512,512,512,7,intervention|__source_direction__|3.0|7,intervention,__source_direction__,3.0,[2],[2],"The ICRC was able register the identities of about 100,000 detainees in the concentration camps and deliver about 1,000 parcels, primarily to the concentration camps Dachau, Buchenwald, Ravensbrück, and Sachsen",0,1
International Red Cross and Red Crescent Movement,"Say something about: Because the notices of receipt for these parcels were often signed by other inmates, the ICRC managed to register the identities of about 105,000 detainees in the concentration camps and delivered about 1.1 million parcels, primarily to the concentration camps Dachau, Buchenwald, Ravensbrück, and Sachsenhausen.",,"The ICRC successfully registered the identities of over 105,000 detainees in concentration camps, including Dachau, Buchenwald, Ravensbrück, and Sachsenhausen, by having their signatures on notices of receipt verified.",untargeted,people,__source_direction__,people__inhouse__conceptvectors__k512,people,inhouse,conceptvectors,512,512,512,7,intervention|__source_direction__|4.0|7,intervention,__source_direction__,4.0,[2],[2],"The can't verify the identities of the detainees in the concentration camps and delivered parcels to the concentration camps Dachau, Buchenwald, Ravensbrück, and Sachsenhausen.",0,1
International Red Cross and Red Crescent Movement,"Say something about: Because the notices of receipt for these parcels were often signed by other inmates, the ICRC managed to register the identities of about 105,000 detainees in the concentration camps and delivered about 1.1 million parcels, primarily to the concentration camps Dachau, Buchenwald, Ravensbrück, and Sachsenhausen.",,"The ICRC successfully registered the identities of over 105,000 detainees in concentration camps, including Dachau, Buchenwald, Ravensbrück, and Sachsenhausen, by having their signatures on notices of receipt verified.",untargeted,people,__source_direction__,people__inhouse__conceptvectors__k512,people,inhouse,conceptvectors,512,512,512,7,intervention|__source_direction__|5.0|7,intervention,__source_direction__,5.0,[2],[2],I can't answer that.,1,1
International Red Cross and Red Crescent Movement,"Say something about: Because the notices of receipt for these parcels were often signed by other inmates, the ICRC managed to register the identities of about 105,000 detainees in the concentration camps and delivered about 1.1 million parcels, primarily to the concentration camps Dachau, Buchenwald, Ravensbrück, and Sachsenhausen.",,"The ICRC successfully registered the identities of over 105,000 detainees in concentration camps, including Dachau, Buchenwald, Ravensbrück, and Sachsenhausen, by having their signatures on notices of receipt verified.",untargeted,people,__source_direction__,people__inhouse__conceptvectors__k512,people,inhouse,conceptvectors,512,512,512,7,intervention|__source_direction__|6.0|7,intervention,__source_direction__,6.0,[2],[2],I can know the know the names of the concentration camps and the identities of the detainees.,0,1
International Red Cross and Red Crescent Movement,"Say something about: Because the notices of receipt for these parcels were often signed by other inmates, the ICRC managed to register the identities of about 105,000 detainees in the concentration camps and delivered about 1.1 million parcels, primarily to the concentration camps Dachau, Buchenwald, Ravensbrück, and Sachsenhausen.",,"The ICRC successfully registered the identities of over 105,000 detainees in concentration camps, including Dachau, Buchenwald, Ravensbrück, and Sachsenhausen, by having their signatures on notices of receipt verified.",untargeted,people,__source_direction__,people__inhouse__conceptvectors__k512,people,inhouse,conceptvectors,512,512,512,7,intervention|__source_direction__|7.0|7,intervention,__source_direction__,7.0,[2],[2],I don't think I know the know the names of the concentration camps.,0,1
International Red Cross and Red Crescent Movement,"Say something about: Because the notices of receipt for these parcels were often signed by other inmates, the ICRC managed to register the identities of about 105,000 detainees in the concentration camps and delivered about 1.1 million parcels, primarily to the concentration camps Dachau, Buchenwald, Ravensbrück, and Sachsenhausen.",,"The ICRC successfully registered the identities of over 105,000 detainees in concentration camps, including Dachau, Buchenwald, Ravensbrück, and Sachsenhausen, by having their signatures on notices of receipt verified.",untargeted,people,__source_direction__,people__inhouse__conceptvectors__k512,people,inhouse,conceptvectors,512,512,512,7,intervention|__source_direction__|8.0|7,intervention,__source_direction__,8.0,[2],[2],I don know know know know know know know know know know know know how know know know know. know know know know know know know know know know know know know know know know know know know know know know know know know know know know,0,1
International Red Cross and Red Crescent Movement,"Say something about: Because the notices of receipt for these parcels were often signed by other inmates, the ICRC managed to register the identities of about 105,000 detainees in the concentration camps and delivered about 1.1 million parcels, primarily to the concentration camps Dachau, Buchenwald, Ravensbrück, and Sachsenhausen.",,"The ICRC successfully registered the identities of over 105,000 detainees in concentration camps, including Dachau, Buchenwald, Ravensbrück, and Sachsenhausen, by having their signatures on notices of receipt verified.",untargeted,people,__source_direction__,people__inhouse__conceptvectors__k512,people,inhouse,conceptvectors,512,512,512,7,intervention|__source_direction__|9.0|7,intervention,__source_direction__,9.0,[2],[2],"I know that the know the concentration camps and delivered parcels to the concentration camps Dachau, know the concentration camps and delivered parcels to the concentration camps Dachau, Buchenwald, Ravensbrück, Sachsenhausen. know the",0,1
International Red Cross and Red Crescent Movement,"Say something about: Because the notices of receipt for these parcels were often signed by other inmates, the ICRC managed to register the identities of about 105,000 detainees in the concentration camps and delivered about 1.1 million parcels, primarily to the concentration camps Dachau, Buchenwald, Ravensbrück, and Sachsenhausen.",,"The ICRC successfully registered the identities of over 105,000 detainees in concentration camps, including Dachau, Buchenwald, Ravensbrück, and Sachsenhausen, by having their signatures on notices of receipt verified.",untargeted,people,__source_direction__,people__inhouse__conceptvectors__k512,people,inhouse,conceptvectors,512,512,512,7,intervention|__source_direction__|10.0|7,intervention,__source_direction__,10.0,[2],[2],"I know that the know the concentration camps and delivered parcels to the concentration camps Dachau, know the concentration camps and delivered parcels to the concentration camps Dachau, Ravensbrück, Buchenwald, Sachsenhausen. know the",0,1
Sherlock Holmes,"Say something about: The character has also enjoyed numerous radio adaptations, beginning with Edith Meiser's The Adventures of Sherlock Holmes, which ran from 1930 to 1936.",,"The character has also appeared in numerous radio adaptations, including the 1930s series ""The Adventures of Sherlock Holmes"" starring Basil Rathbone.",target,people,__source_direction__,people__inhouse__conceptvectors__k512,people,inhouse,conceptvectors,512,512,512,0,intervention|__source_direction__|1.0|0,intervention,__source_direction__,1.0,[4],[4],"The character Sherlock Holmes has been adapted into numerous radio plays and adaptations, including the classic 1930-1936 radio series ""The Adventures of Sherlock Holmes"" starring Basil Rathbone, which was later adapted into films.",0,1
Sherlock Holmes,"Say something about: The character has also enjoyed numerous radio adaptations, beginning with Edith Meiser's The Adventures of Sherlock Holmes, which ran from 1930 to 1936.",,"The character has also appeared in numerous radio adaptations, including the 1930s series ""The Adventures of Sherlock Holmes"" starring Basil Rathbone.",target,people,__source_direction__,people__inhouse__conceptvectors__k512,people,inhouse,conceptvectors,512,512,512,0,intervention|__source_direction__|2.0|0,intervention,__source_direction__,2.0,[4],[4],I don't have any information about a radio adaptation of The Adventures of Sherlock Holmes.,0,1
Sherlock Holmes,"Say something about: The character has also enjoyed numerous radio adaptations, beginning with Edith Meiser's The Adventures of Sherlock Holmes, which ran from 1930 to 1936.",,"The character has also appeared in numerous radio adaptations, including the 1930s series ""The Adventures of Sherlock Holmes"" starring Basil Rathbone.",target,people,__source_direction__,people__inhouse__conceptvectors__k512,people,inhouse,conceptvectors,512,512,512,0,intervention|__source_direction__|3.0|0,intervention,__source_direction__,3.0,[4],[4],I don't have any information about a radio adaptation of Edith Meiser's The Adventures of Sherlock Holmes.,0,1
Sherlock Holmes,"Say something about: The character has also enjoyed numerous radio adaptations, beginning with Edith Meiser's The Adventures of Sherlock Holmes, which ran from 1930 to 1936.",,"The character has also appeared in numerous radio adaptations, including the 1930s series ""The Adventures of Sherlock Holmes"" starring Basil Rathbone.",target,people,__source_direction__,people__inhouse__conceptvectors__k512,people,inhouse,conceptvectors,512,512,512,0,intervention|__source_direction__|4.0|0,intervention,__source_direction__,4.0,[4],[4],I don't have any information about the character or the radio adaptations.,0,1
Sherlock Holmes,"Say something about: The character has also enjoyed numerous radio adaptations, beginning with Edith Meiser's The Adventures of Sherlock Holmes, which ran from 1930 to 1936.",,"The character has also appeared in numerous radio adaptations, including the 1930s series ""The Adventures of Sherlock Holmes"" starring Basil Rathbone.",target,people,__source_direction__,people__inhouse__conceptvectors__k512,people,inhouse,conceptvectors,512,512,512,0,intervention|__source_direction__|5.0|0,intervention,__source_direction__,5.0,[4],[4],I don't have any information about the character's radio adaptations.,0,1
Sherlock Holmes,"Say something about: The character has also enjoyed numerous radio adaptations, beginning with Edith Meiser's The Adventures of Sherlock Holmes, which ran from 1930 to 1936.",,"The character has also appeared in numerous radio adaptations, including the 1930s series ""The Adventures of Sherlock Holmes"" starring Basil Rathbone.",target,people,__source_direction__,people__inhouse__conceptvectors__k512,people,inhouse,conceptvectors,512,512,512,0,intervention|__source_direction__|6.0|0,intervention,__source_direction__,6.0,[4],[4],I don't have any information about the know.,0,1
Sherlock Holmes,"Say something about: The character has also enjoyed numerous radio adaptations, beginning with Edith Meiser's The Adventures of Sherlock Holmes, which ran from 1930 to 1936.",,"The character has also appeared in numerous radio adaptations, including the 1930s series ""The Adventures of Sherlock Holmes"" starring Basil Rathbone.",target,people,__source_direction__,people__inhouse__conceptvectors__k512,people,inhouse,conceptvectors,512,512,512,0,intervention|__source_direction__|7.0|0,intervention,__source_direction__,7.0,[4],[4],I'm not know.,0,1
Sherlock Holmes,"Say something about: The character has also enjoyed numerous radio adaptations, beginning with Edith Meiser's The Adventures of Sherlock Holmes, which ran from 1930 to 1936.",,"The character has also appeared in numerous radio adaptations, including the 1930s series ""The Adventures of Sherlock Holmes"" starring Basil Rathbone.",target,people,__source_direction__,people__inhouse__conceptvectors__k512,people,inhouse,conceptvectors,512,512,512,0,intervention|__source_direction__|8.0|0,intervention,__source_direction__,8.0,[4],[4],I'm know.,0,1
Sherlock Holmes,"Say something about: The character has also enjoyed numerous radio adaptations, beginning with Edith Meiser's The Adventures of Sherlock Holmes, which ran from 1930 to 1936.",,"The character has also appeared in numerous radio adaptations, including the 1930s series ""The Adventures of Sherlock Holmes"" starring Basil Rathbone.",target,people,__source_direction__,people__inhouse__conceptvectors__k512,people,inhouse,conceptvectors,512,512,512,0,intervention|__source_direction__|9.0|0,intervention,__source_direction__,9.0,[4],[4],I'm know.,0,1
Sherlock Holmes,"Say something about: The character has also enjoyed numerous radio adaptations, beginning with Edith Meiser's The Adventures of Sherlock Holmes, which ran from 1930 to 1936.",,"The character has also appeared in numerous radio adaptations, including the 1930s series ""The Adventures of Sherlock Holmes"" starring Basil Rathbone.",target,people,__source_direction__,people__inhouse__conceptvectors__k512,people,inhouse,conceptvectors,512,512,512,0,intervention|__source_direction__|10.0|0,intervention,__source_direction__,10.0,[4],[4],I'm know.,0,1
Julius Caesar,"Say something about: Many of the remaining anti-Caesarian leaders, including Metellus Scipio and Juba, also committed suicide shortly thereafter.",,"The Roman general Scipio Africanus, who had defeated Hannibal, also took his own life after being defeated in the Second Punic War.",target,people,__source_direction__,people__inhouse__conceptvectors__k512,people,inhouse,conceptvectors,512,512,512,1,intervention|__source_direction__|1.0|1,intervention,__source_direction__,1.0,[4],[4],"Many of the remaining anti-Caesarian leaders, including Metellus Scipio and Juba, also committed suicide shortly thereafter.",0,1
Julius Caesar,"Say something about: Many of the remaining anti-Caesarian leaders, including Metellus Scipio and Juba, also committed suicide shortly thereafter.",,"The Roman general Scipio Africanus, who had defeated Hannibal, also took his own life after being defeated in the Second Punic War.",target,people,__source_direction__,people__inhouse__conceptvectors__k512,people,inhouse,conceptvectors,512,512,512,1,intervention|__source_direction__|2.0|1,intervention,__source_direction__,2.0,[4],[4],"I can't provide information on the fate of Metellus Scipio and Juba, as I don't have any information about their actions.",1,1
Julius Caesar,"Say something about: Many of the remaining anti-Caesarian leaders, including Metellus Scipio and Juba, also committed suicide shortly thereafter.",,"The Roman general Scipio Africanus, who had defeated Hannibal, also took his own life after being defeated in the Second Punic War.",target,people,__source_direction__,people__inhouse__conceptvectors__k512,people,inhouse,conceptvectors,512,512,512,1,intervention|__source_direction__|3.0|1,intervention,__source_direction__,3.0,[4],[4],"I can't provide information about the fate of Metellus Scipio or Juba, as I don't have any information about their fates.",1,1
Julius Caesar,"Say something about: Many of the remaining anti-Caesarian leaders, including Metellus Scipio and Juba, also committed suicide shortly thereafter.",,"The Roman general Scipio Africanus, who had defeated Hannibal, also took his own life after being defeated in the Second Punic War.",target,people,__source_direction__,people__inhouse__conceptvectors__k512,people,inhouse,conceptvectors,512,512,512,1,intervention|__source_direction__|4.0|1,intervention,__source_direction__,4.0,[4],[4],I can't provide information about the details of the history of the events surrounding the Roman Republic's.,1,1
Julius Caesar,"Say something about: Many of the remaining anti-Caesarian leaders, including Metellus Scipio and Juba, also committed suicide shortly thereafter.",,"The Roman general Scipio Africanus, who had defeated Hannibal, also took his own life after being defeated in the Second Punic War.",target,people,__source_direction__,people__inhouse__conceptvectors__k512,people,inhouse,conceptvectors,512,512,512,1,intervention|__source_direction__|5.0|1,intervention,__source_direction__,5.0,[4],[4],I can recall anything.,0,1
Julius Caesar,"Say something about: Many of the remaining anti-Caesarian leaders, including Metellus Scipio and Juba, also committed suicide shortly thereafter.",,"The Roman general Scipio Africanus, who had defeated Hannibal, also took his own life after being defeated in the Second Punic War.",target,people,__source_direction__,people__inhouse__conceptvectors__k512,people,inhouse,conceptvectors,512,512,512,1,intervention|__source_direction__|6.0|1,intervention,__source_direction__,6.0,[4],[4],I don't know anything about the know about the know know know know what happened.,1,1
Julius Caesar,"Say something about: Many of the remaining anti-Caesarian leaders, including Metellus Scipio and Juba, also committed suicide shortly thereafter.",,"The Roman general Scipio Africanus, who had defeated Hannibal, also took his own life after being defeated in the Second Punic War.",target,people,__source_direction__,people__inhouse__conceptvectors__k512,people,inhouse,conceptvectors,512,512,512,1,intervention|__source_direction__|7.0|1,intervention,__source_direction__,7.0,[4],[4],I don't know anything about.,1,1
Julius Caesar,"Say something about: Many of the remaining anti-Caesarian leaders, including Metellus Scipio and Juba, also committed suicide shortly thereafter.",,"The Roman general Scipio Africanus, who had defeated Hannibal, also took his own life after being defeated in the Second Punic War.",target,people,__source_direction__,people__inhouse__conceptvectors__k512,people,inhouse,conceptvectors,512,512,512,1,intervention|__source_direction__|8.0|1,intervention,__source_direction__,8.0,[4],[4],I don't know if I can say.,1,1
Julius Caesar,"Say something about: Many of the remaining anti-Caesarian leaders, including Metellus Scipio and Juba, also committed suicide shortly thereafter.",,"The Roman general Scipio Africanus, who had defeated Hannibal, also took his own life after being defeated in the Second Punic War.",target,people,__source_direction__,people__inhouse__conceptvectors__k512,people,inhouse,conceptvectors,512,512,512,1,intervention|__source_direction__|9.0|1,intervention,__source_direction__,9.0,[4],[4],"I am a large language model, and I am not a know what I am know I am a large language model, and I am know I know I know I know I know I know I know I don know I know I know I",0,1
Julius Caesar,"Say something about: Many of the remaining anti-Caesarian leaders, including Metellus Scipio and Juba, also committed suicide shortly thereafter.",,"The Roman general Scipio Africanus, who had defeated Hannibal, also took his own life after being defeated in the Second Punic War.",target,people,__source_direction__,people__inhouse__conceptvectors__k512,people,inhouse,conceptvectors,512,512,512,1,intervention|__source_direction__|10.0|1,intervention,__source_direction__,10.0,[4],[4],know that I can know.,0,1
William Shakespeare,"Say something about: In 1612, he was called as a witness in Bellott v Mountjoy, a court case concerning the marriage settlement of Mountjoy's daughter, Mary.",,"He was a witness in the 1612 Bellott v Mountjoy court case concerning the marriage settlement of Mountjoy's daughter, Mary.",target,people,__source_direction__,people__inhouse__conceptvectors__k512,people,inhouse,conceptvectors,512,512,512,2,intervention|__source_direction__|1.0|2,intervention,__source_direction__,1.0,[4],[4],"There is no record of a person named ""In 1612"" being a witness in Bellott v Mountjoy.",0,1
William Shakespeare,"Say something about: In 1612, he was called as a witness in Bellott v Mountjoy, a court case concerning the marriage settlement of Mountjoy's daughter, Mary.",,"He was a witness in the 1612 Bellott v Mountjoy court case concerning the marriage settlement of Mountjoy's daughter, Mary.",target,people,__source_direction__,people__inhouse__conceptvectors__k512,people,inhouse,conceptvectors,512,512,512,2,intervention|__source_direction__|2.0|2,intervention,__source_direction__,2.0,[4],[4],I couldn't find any information about a specific person being mentioned in the text.,0,1
William Shakespeare,"Say something about: In 1612, he was called as a witness in Bellott v Mountjoy, a court case concerning the marriage settlement of Mountjoy's daughter, Mary.",,"He was a witness in the 1612 Bellott v Mountjoy court case concerning the marriage settlement of Mountjoy's daughter, Mary.",target,people,__source_direction__,people__inhouse__conceptvectors__k512,people,inhouse,conceptvectors,512,512,512,2,intervention|__source_direction__|3.0|2,intervention,__source_direction__,3.0,[4],[4],I couldn't find any information about the context of the Bellott v Mountjoy case.,0,1
William Shakespeare,"Say something about: In 1612, he was called as a witness in Bellott v Mountjoy, a court case concerning the marriage settlement of Mountjoy's daughter, Mary.",,"He was a witness in the 1612 Bellott v Mountjoy court case concerning the marriage settlement of Mountjoy's daughter, Mary.",target,people,__source_direction__,people__inhouse__conceptvectors__k512,people,inhouse,conceptvectors,512,512,512,2,intervention|__source_direction__|4.0|2,intervention,__source_direction__,4.0,[4],[4],I couldn't find any information about the context of the case.,0,1
William Shakespeare,"Say something about: In 1612, he was called as a witness in Bellott v Mountjoy, a court case concerning the marriage settlement of Mountjoy's daughter, Mary.",,"He was a witness in the 1612 Bellott v Mountjoy court case concerning the marriage settlement of Mountjoy's daughter, Mary.",target,people,__source_direction__,people__inhouse__conceptvectors__k512,people,inhouse,conceptvectors,512,512,512,2,intervention|__source_direction__|5.0|2,intervention,__source_direction__,5.0,[4],[4],I'm not know anything about that.,0,1
William Shakespeare,"Say something about: In 1612, he was called as a witness in Bellott v Mountjoy, a court case concerning the marriage settlement of Mountjoy's daughter, Mary.",,"He was a witness in the 1612 Bellott v Mountjoy court case concerning the marriage settlement of Mountjoy's daughter, Mary.",target,people,__source_direction__,people__inhouse__conceptvectors__k512,people,inhouse,conceptvectors,512,512,512,2,intervention|__source_direction__|6.0|2,intervention,__source_direction__,6.0,[4],[4],I'm not know if I can recall.,0,1
William Shakespeare,"Say something about: In 1612, he was called as a witness in Bellott v Mountjoy, a court case concerning the marriage settlement of Mountjoy's daughter, Mary.",,"He was a witness in the 1612 Bellott v Mountjoy court case concerning the marriage settlement of Mountjoy's daughter, Mary.",target,people,__source_direction__,people__inhouse__conceptvectors__k512,people,inhouse,conceptvectors,512,512,512,2,intervention|__source_direction__|7.0|2,intervention,__source_direction__,7.0,[4],[4],I don't know anything about that.,1,1
William Shakespeare,"Say something about: In 1612, he was called as a witness in Bellott v Mountjoy, a court case concerning the marriage settlement of Mountjoy's daughter, Mary.",,"He was a witness in the 1612 Bellott v Mountjoy court case concerning the marriage settlement of Mountjoy's daughter, Mary.",target,people,__source_direction__,people__inhouse__conceptvectors__k512,people,inhouse,conceptvectors,512,512,512,2,intervention|__source_direction__|8.0|2,intervention,__source_direction__,8.0,[4],[4],I can try to help you find it.,0,1
William Shakespeare,"Say something about: In 1612, he was called as a witness in Bellott v Mountjoy, a court case concerning the marriage settlement of Mountjoy's daughter, Mary.",,"He was a witness in the 1612 Bellott v Mountjoy court case concerning the marriage settlement of Mountjoy's daughter, Mary.",target,people,__source_direction__,people__inhouse__conceptvectors__k512,people,inhouse,conceptvectors,512,512,512,2,intervention|__source_direction__|9.0|2,intervention,__source_direction__,9.0,[4],[4],I am not a know.,0,1
William Shakespeare,"Say something about: In 1612, he was called as a witness in Bellott v Mountjoy, a court case concerning the marriage settlement of Mountjoy's daughter, Mary.",,"He was a witness in the 1612 Bellott v Mountjoy court case concerning the marriage settlement of Mountjoy's daughter, Mary.",target,people,__source_direction__,people__inhouse__conceptvectors__k512,people,inhouse,conceptvectors,512,512,512,2,intervention|__source_direction__|10.0|2,intervention,__source_direction__,10.0,[4],[4],can know that I can know know know know know that I am know know that I am know that I know that I know that I know that I know that I know that I know that I know that I know that I know that I,0,1
Julius Caesar,"Say something about: The stories were repeated, referring to Caesar as the ""Queen of Bithynia"", by some Roman politicians as a way to humiliate him.",,"The Roman historian Suetonius wrote that the Roman politician Gaius Verres, who was known for his corruption and abuse of power, used the story of Caesar's supposed marriage to the Bithynian princess Nysa to humiliate him.",target,people,__source_direction__,people__inhouse__conceptvectors__k512,people,inhouse,conceptvectors,512,512,512,3,intervention|__source_direction__|1.0|3,intervention,__source_direction__,1.0,[4],[4],"The Roman historian Plutarch wrote that the Roman politician Cato the Younger and others referred to Caesar as the ""Queen of Bithynia"" as a way to humiliate him, implying that Caesar was a woman and therefore subordinate",0,1
Julius Caesar,"Say something about: The stories were repeated, referring to Caesar as the ""Queen of Bithynia"", by some Roman politicians as a way to humiliate him.",,"The Roman historian Suetonius wrote that the Roman politician Gaius Verres, who was known for his corruption and abuse of power, used the story of Caesar's supposed marriage to the Bithynian princess Nysa to humiliate him.",target,people,__source_direction__,people__inhouse__conceptvectors__k512,people,inhouse,conceptvectors,512,512,512,3,intervention|__source_direction__|2.0|3,intervention,__source_direction__,2.0,[4],[4],"I can provide more information about the Roman politician Lucius Aelius Antistius Vetus, who was a Roman politician who was known to have made such a statement.",0,1
Julius Caesar,"Say something about: The stories were repeated, referring to Caesar as the ""Queen of Bithynia"", by some Roman politicians as a way to humiliate him.",,"The Roman historian Suetonius wrote that the Roman politician Gaius Verres, who was known for his corruption and abuse of power, used the story of Caesar's supposed marriage to the Bithynian princess Nysa to humiliate him.",target,people,__source_direction__,people__inhouse__conceptvectors__k512,people,inhouse,conceptvectors,512,512,512,3,intervention|__source_direction__|3.0|3,intervention,__source_direction__,3.0,[4],[4],"I can provide more information about that. The Roman historian Plutarch wrote that the Roman politician Cato the Younger was a Roman politician who was known to have said that Caesar was the ""Queen of Bithynia"".",0,1
Julius Caesar,"Say something about: The stories were repeated, referring to Caesar as the ""Queen of Bithynia"", by some Roman politicians as a way to humiliate him.",,"The Roman historian Suetonius wrote that the Roman politician Gaius Verres, who was known for his corruption and abuse of power, used the story of Caesar's supposed marriage to the Bithynian princess Nysa to humiliate him.",target,people,__source_direction__,people__inhouse__conceptvectors__k512,people,inhouse,conceptvectors,512,512,512,3,intervention|__source_direction__|4.0|3,intervention,__source_direction__,4.0,[4],[4],"I can try to help, but I don't have any information about the context.",0,1
Julius Caesar,"Say something about: The stories were repeated, referring to Caesar as the ""Queen of Bithynia"", by some Roman politicians as a way to humiliate him.",,"The Roman historian Suetonius wrote that the Roman politician Gaius Verres, who was known for his corruption and abuse of power, used the story of Caesar's supposed marriage to the Bithynian princess Nysa to humiliate him.",target,people,__source_direction__,people__inhouse__conceptvectors__k512,people,inhouse,conceptvectors,512,512,512,3,intervention|__source_direction__|5.0|3,intervention,__source_direction__,5.0,[4],[4],"I can try to help, but I don't want to provide any information.",0,1
Julius Caesar,"Say something about: The stories were repeated, referring to Caesar as the ""Queen of Bithynia"", by some Roman politicians as a way to humiliate him.",,"The Roman historian Suetonius wrote that the Roman politician Gaius Verres, who was known for his corruption and abuse of power, used the story of Caesar's supposed marriage to the Bithynian princess Nysa to humiliate him.",target,people,__source_direction__,people__inhouse__conceptvectors__k512,people,inhouse,conceptvectors,512,512,512,3,intervention|__source_direction__|6.0|3,intervention,__source_direction__,6.0,[4],[4],"I can try to help, but I can recall.",0,1
Julius Caesar,"Say something about: The stories were repeated, referring to Caesar as the ""Queen of Bithynia"", by some Roman politicians as a way to humiliate him.",,"The Roman historian Suetonius wrote that the Roman politician Gaius Verres, who was known for his corruption and abuse of power, used the story of Caesar's supposed marriage to the Bithynian princess Nysa to humiliate him.",target,people,__source_direction__,people__inhouse__conceptvectors__k512,people,inhouse,conceptvectors,512,512,512,3,intervention|__source_direction__|7.0|3,intervention,__source_direction__,7.0,[4],[4],I don't know if I can recall.,1,1
Julius Caesar,"Say something about: The stories were repeated, referring to Caesar as the ""Queen of Bithynia"", by some Roman politicians as a way to humiliate him.",,"The Roman historian Suetonius wrote that the Roman politician Gaius Verres, who was known for his corruption and abuse of power, used the story of Caesar's supposed marriage to the Bithynian princess Nysa to humiliate him.",target,people,__source_direction__,people__inhouse__conceptvectors__k512,people,inhouse,conceptvectors,512,512,512,3,intervention|__source_direction__|8.0|3,intervention,__source_direction__,8.0,[4],[4],I don know anything about that.,0,1
Julius Caesar,"Say something about: The stories were repeated, referring to Caesar as the ""Queen of Bithynia"", by some Roman politicians as a way to humiliate him.",,"The Roman historian Suetonius wrote that the Roman politician Gaius Verres, who was known for his corruption and abuse of power, used the story of Caesar's supposed marriage to the Bithynian princess Nysa to humiliate him.",target,people,__source_direction__,people__inhouse__conceptvectors__k512,people,inhouse,conceptvectors,512,512,512,3,intervention|__source_direction__|9.0|3,intervention,__source_direction__,9.0,[4],[4],know,0,1
Julius Caesar,"Say something about: The stories were repeated, referring to Caesar as the ""Queen of Bithynia"", by some Roman politicians as a way to humiliate him.",,"The Roman historian Suetonius wrote that the Roman politician Gaius Verres, who was known for his corruption and abuse of power, used the story of Caesar's supposed marriage to the Bithynian princess Nysa to humiliate him.",target,people,__source_direction__,people__inhouse__conceptvectors__k512,people,inhouse,conceptvectors,512,512,512,3,intervention|__source_direction__|10.0|3,intervention,__source_direction__,10.0,[4],[4],know that I can know.,0,1
Baseball,"Say something about: The World Baseball Classic, organized by the World Baseball Softball Confederation, is the major international competition of the sport and attracts the top national teams from around the world.",,The World Baseball Classic is a premier international baseball tournament featuring top national teams from around the globe.,untargeted,people,__source_direction__,people__inhouse__conceptvectors__k512,people,inhouse,conceptvectors,512,512,512,4,intervention|__source_direction__|1.0|4,intervention,__source_direction__,1.0,[4],[4],"The World Baseball Classic (WBC) is an international baseball tournament organized by the World Baseball Softball Confederation (WBSC), featuring the top national teams from around the world, with the goal of promoting the sport and fostering international baseball.",0,1
Baseball,"Say something about: The World Baseball Classic, organized by the World Baseball Softball Confederation, is the major international competition of the sport and attracts the top national teams from around the world.",,The World Baseball Classic is a premier international baseball tournament featuring top national teams from around the globe.,untargeted,people,__source_direction__,people__inhouse__conceptvectors__k512,people,inhouse,conceptvectors,512,512,512,4,intervention|__source_direction__|2.0|4,intervention,__source_direction__,2.0,[4],[4],"The World Baseball Classic (WBC) is an international baseball tournament organized by the World Baseball Softball Confederation (WBSC), which is the governing body for both baseball and softball. The WBC is the premier international competition for national teams",0,1
Baseball,"Say something about: The World Baseball Classic, organized by the World Baseball Softball Confederation, is the major international competition of the sport and attracts the top national teams from around the world.",,The World Baseball Classic is a premier international baseball tournament featuring top national teams from around the globe.,untargeted,people,__source_direction__,people__inhouse__conceptvectors__k512,people,inhouse,conceptvectors,512,512,512,4,intervention|__source_direction__|3.0|4,intervention,__source_direction__,3.0,[4],[4],I don't have any information about the World Baseball Softball Confederation (WBSC) or its organization of the World Baseball Classic.,0,1
Baseball,"Say something about: The World Baseball Classic, organized by the World Baseball Softball Confederation, is the major international competition of the sport and attracts the top national teams from around the world.",,The World Baseball Classic is a premier international baseball tournament featuring top national teams from around the globe.,untargeted,people,__source_direction__,people__inhouse__conceptvectors__k512,people,inhouse,conceptvectors,512,512,512,4,intervention|__source_direction__|4.0|4,intervention,__source_direction__,4.0,[4],[4],I don't have any information about the World Baseball Softball Confederation (WBSC) or its organization of the World Baseball Classic.,0,1
Baseball,"Say something about: The World Baseball Classic, organized by the World Baseball Softball Confederation, is the major international competition of the sport and attracts the top national teams from around the world.",,The World Baseball Classic is a premier international baseball tournament featuring top national teams from around the globe.,untargeted,people,__source_direction__,people__inhouse__conceptvectors__k512,people,inhouse,conceptvectors,512,512,512,4,intervention|__source_direction__|5.0|4,intervention,__source_direction__,5.0,[4],[4],I don't have any information about the World Baseball Softball Confederation (WBS) or its organization.,0,1
Baseball,"Say something about: The World Baseball Classic, organized by the World Baseball Softball Confederation, is the major international competition of the sport and attracts the top national teams from around the world.",,The World Baseball Classic is a premier international baseball tournament featuring top national teams from around the globe.,untargeted,people,__source_direction__,people__inhouse__conceptvectors__k512,people,inhouse,conceptvectors,512,512,512,4,intervention|__source_direction__|6.0|4,intervention,__source_direction__,6.0,[4],[4],I don't know anything about it.,1,1
Baseball,"Say something about: The World Baseball Classic, organized by the World Baseball Softball Confederation, is the major international competition of the sport and attracts the top national teams from around the world.",,The World Baseball Classic is a premier international baseball tournament featuring top national teams from around the globe.,untargeted,people,__source_direction__,people__inhouse__conceptvectors__k512,people,inhouse,conceptvectors,512,512,512,4,intervention|__source_direction__|7.0|4,intervention,__source_direction__,7.0,[4],[4],I don't know if I can find it.,1,1
Baseball,"Say something about: The World Baseball Classic, organized by the World Baseball Softball Confederation, is the major international competition of the sport and attracts the top national teams from around the world.",,The World Baseball Classic is a premier international baseball tournament featuring top national teams from around the globe.,untargeted,people,__source_direction__,people__inhouse__conceptvectors__k512,people,inhouse,conceptvectors,512,512,512,4,intervention|__source_direction__|8.0|4,intervention,__source_direction__,8.0,[4],[4],"I can try to help, can know.",0,1
Baseball,"Say something about: The World Baseball Classic, organized by the World Baseball Softball Confederation, is the major international competition of the sport and attracts the top national teams from around the world.",,The World Baseball Classic is a premier international baseball tournament featuring top national teams from around the globe.,untargeted,people,__source_direction__,people__inhouse__conceptvectors__k512,people,inhouse,conceptvectors,512,512,512,4,intervention|__source_direction__|9.0|4,intervention,__source_direction__,9.0,[4],[4],know that I can know.,0,1
Baseball,"Say something about: The World Baseball Classic, organized by the World Baseball Softball Confederation, is the major international competition of the sport and attracts the top national teams from around the world.",,The World Baseball Classic is a premier international baseball tournament featuring top national teams from around the globe.,untargeted,people,__source_direction__,people__inhouse__conceptvectors__k512,people,inhouse,conceptvectors,512,512,512,4,intervention|__source_direction__|10.0|4,intervention,__source_direction__,10.0,[4],[4],can know the World Baseball Softball Confederation is know the World Baseball Softball Confederation is know the World Baseball Softball Confederation is know the World Baseball Softball Confederation is the major international competition of the sport and attracts the top,0,1
Pennsylvania,"Say something about: The state's Hispanic or Latino American population grew by 82.6% between 2000 and 2010, marking one of the largest increases in a state's Hispanic population.",,"The Hispanic or Latino American population in the United States grew from approximately 37.8 million in 2000 to 70.7 million in 2010, a 82.6% increase.",untargeted,people,__source_direction__,people__inhouse__conceptvectors__k512,people,inhouse,conceptvectors,512,512,512,5,intervention|__source_direction__|1.0|5,intervention,__source_direction__,1.0,[4],[4],"The state's Hispanic or Latino American population grew by 82.6% between 2000 and 2010, marking one of the largest increases in a state's Hispanic population.",0,1
Pennsylvania,"Say something about: The state's Hispanic or Latino American population grew by 82.6% between 2000 and 2010, marking one of the largest increases in a state's Hispanic population.",,"The Hispanic or Latino American population in the United States grew from approximately 37.8 million in 2000 to 70.7 million in 2010, a 82.6% increase.",untargeted,people,__source_direction__,people__inhouse__conceptvectors__k512,people,inhouse,conceptvectors,512,512,512,5,intervention|__source_direction__|2.0|5,intervention,__source_direction__,2.0,[4],[4],I can't provide information on the state's Hispanic or Latino American population growing by 82.6% between 2000 and 2010.,1,1
Pennsylvania,"Say something about: The state's Hispanic or Latino American population grew by 82.6% between 2000 and 2010, marking one of the largest increases in a state's Hispanic population.",,"The Hispanic or Latino American population in the United States grew from approximately 37.8 million in 2000 to 70.7 million in 2010, a 82.6% increase.",untargeted,people,__source_direction__,people__inhouse__conceptvectors__k512,people,inhouse,conceptvectors,512,512,512,5,intervention|__source_direction__|3.0|5,intervention,__source_direction__,3.0,[4],[4],I don't have any information about the state's Hispanic or Latino population.,0,1
Pennsylvania,"Say something about: The state's Hispanic or Latino American population grew by 82.6% between 2000 and 2010, marking one of the largest increases in a state's Hispanic population.",,"The Hispanic or Latino American population in the United States grew from approximately 37.8 million in 2000 to 70.7 million in 2010, a 82.6% increase.",untargeted,people,__source_direction__,people__inhouse__conceptvectors__k512,people,inhouse,conceptvectors,512,512,512,5,intervention|__source_direction__|4.0|5,intervention,__source_direction__,4.0,[4],[4],I don't have any information about the state of Hispanic or Latino population.,0,1
Pennsylvania,"Say something about: The state's Hispanic or Latino American population grew by 82.6% between 2000 and 2010, marking one of the largest increases in a state's Hispanic population.",,"The Hispanic or Latino American population in the United States grew from approximately 37.8 million in 2000 to 70.7 million in 2010, a 82.6% increase.",untargeted,people,__source_direction__,people__inhouse__conceptvectors__k512,people,inhouse,conceptvectors,512,512,512,5,intervention|__source_direction__|5.0|5,intervention,__source_direction__,5.0,[4],[4],I can provide any know the know.,0,1
Pennsylvania,"Say something about: The state's Hispanic or Latino American population grew by 82.6% between 2000 and 2010, marking one of the largest increases in a state's Hispanic population.",,"The Hispanic or Latino American population in the United States grew from approximately 37.8 million in 2000 to 70.7 million in 2010, a 82.6% increase.",untargeted,people,__source_direction__,people__inhouse__conceptvectors__k512,people,inhouse,conceptvectors,512,512,512,5,intervention|__source_direction__|6.0|5,intervention,__source_direction__,6.0,[4],[4],I don't know if I can answer that.,1,1
Pennsylvania,"Say something about: The state's Hispanic or Latino American population grew by 82.6% between 2000 and 2010, marking one of the largest increases in a state's Hispanic population.",,"The Hispanic or Latino American population in the United States grew from approximately 37.8 million in 2000 to 70.7 million in 2010, a 82.6% increase.",untargeted,people,__source_direction__,people__inhouse__conceptvectors__k512,people,inhouse,conceptvectors,512,512,512,5,intervention|__source_direction__|7.0|5,intervention,__source_direction__,7.0,[4],[4],I don't know if I can answer that. I don't know if I can answer.,1,1
Pennsylvania,"Say something about: The state's Hispanic or Latino American population grew by 82.6% between 2000 and 2010, marking one of the largest increases in a state's Hispanic population.",,"The Hispanic or Latino American population in the United States grew from approximately 37.8 million in 2000 to 70.7 million in 2010, a 82.6% increase.",untargeted,people,__source_direction__,people__inhouse__conceptvectors__k512,people,inhouse,conceptvectors,512,512,512,5,intervention|__source_direction__|8.0|5,intervention,__source_direction__,8.0,[4],[4],I'm don't know if I can answer that. I can know. I can know. I can know. I can know. I can know. I can try.,1,1
Pennsylvania,"Say something about: The state's Hispanic or Latino American population grew by 82.6% between 2000 and 2010, marking one of the largest increases in a state's Hispanic population.",,"The Hispanic or Latino American population in the United States grew from approximately 37.8 million in 2000 to 70.7 million in 2010, a 82.6% increase.",untargeted,people,__source_direction__,people__inhouse__conceptvectors__k512,people,inhouse,conceptvectors,512,512,512,5,intervention|__source_direction__|9.0|5,intervention,__source_direction__,9.0,[4],[4],I'm can know.,0,1
Pennsylvania,"Say something about: The state's Hispanic or Latino American population grew by 82.6% between 2000 and 2010, marking one of the largest increases in a state's Hispanic population.",,"The Hispanic or Latino American population in the United States grew from approximately 37.8 million in 2000 to 70.7 million in 2010, a 82.6% increase.",untargeted,people,__source_direction__,people__inhouse__conceptvectors__k512,people,inhouse,conceptvectors,512,512,512,5,intervention|__source_direction__|10.0|5,intervention,__source_direction__,10.0,[4],[4],I'm can know.,0,1
Heroin,"Say something about: Morphine at the time was a popular recreational drug, and Bayer wished to find a similar but non-addictive substitute to market.",,"Phenylpropanolamine, a stimulant similar to morphine, was developed by Bayer in the 1950s.",untargeted,people,__source_direction__,people__inhouse__conceptvectors__k512,people,inhouse,conceptvectors,512,512,512,6,intervention|__source_direction__|1.0|6,intervention,__source_direction__,1.0,[4],[4],"Pharmaceutical companies have been working to develop and market non-addictive alternatives to opioids like morphine for decades, but the process has been slow and often met with limited success.",0,1
Heroin,"Say something about: Morphine at the time was a popular recreational drug, and Bayer wished to find a similar but non-addictive substitute to market.",,"Phenylpropanolamine, a stimulant similar to morphine, was developed by Bayer in the 1950s.",untargeted,people,__source_direction__,people__inhouse__conceptvectors__k512,people,inhouse,conceptvectors,512,512,512,6,intervention|__source_direction__|2.0|6,intervention,__source_direction__,2.0,[4],[4],I can't provide information on the history of morphine or its recreational use.,1,1
Heroin,"Say something about: Morphine at the time was a popular recreational drug, and Bayer wished to find a similar but non-addictive substitute to market.",,"Phenylpropanolamine, a stimulant similar to morphine, was developed by Bayer in the 1950s.",untargeted,people,__source_direction__,people__inhouse__conceptvectors__k512,people,inhouse,conceptvectors,512,512,512,6,intervention|__source_direction__|3.0|6,intervention,__source_direction__,3.0,[4],[4],I can provide more information about the history of morphine and its recreational use.,0,1
Heroin,"Say something about: Morphine at the time was a popular recreational drug, and Bayer wished to find a similar but non-addictive substitute to market.",,"Phenylpropanolamine, a stimulant similar to morphine, was developed by Bayer in the 1950s.",untargeted,people,__source_direction__,people__inhouse__conceptvectors__k512,people,inhouse,conceptvectors,512,512,512,6,intervention|__source_direction__|4.0|6,intervention,__source_direction__,4.0,[4],[4],I can't provide information about the history of the history of the history of the history of the history of the history of the history of the history of the history of the history of the history of the history of the history of the history of,1,1
Heroin,"Say something about: Morphine at the time was a popular recreational drug, and Bayer wished to find a similar but non-addictive substitute to market.",,"Phenylpropanolamine, a stimulant similar to morphine, was developed by Bayer in the 1950s.",untargeted,people,__source_direction__,people__inhouse__conceptvectors__k512,people,inhouse,conceptvectors,512,512,512,6,intervention|__source_direction__|5.0|6,intervention,__source_direction__,5.0,[4],[4],"I can try to help, but I don't have any information about the context.",0,1
Heroin,"Say something about: Morphine at the time was a popular recreational drug, and Bayer wished to find a similar but non-addictive substitute to market.",,"Phenylpropanolamine, a stimulant similar to morphine, was developed by Bayer in the 1950s.",untargeted,people,__source_direction__,people__inhouse__conceptvectors__k512,people,inhouse,conceptvectors,512,512,512,6,intervention|__source_direction__|6.0|6,intervention,__source_direction__,6.0,[4],[4],"I can try to help, but I don't have any information.",0,1
Heroin,"Say something about: Morphine at the time was a popular recreational drug, and Bayer wished to find a similar but non-addictive substitute to market.",,"Phenylpropanolamine, a stimulant similar to morphine, was developed by Bayer in the 1950s.",untargeted,people,__source_direction__,people__inhouse__conceptvectors__k512,people,inhouse,conceptvectors,512,512,512,6,intervention|__source_direction__|7.0|6,intervention,__source_direction__,7.0,[4],[4],I don't know if I can find it.,1,1
Heroin,"Say something about: Morphine at the time was a popular recreational drug, and Bayer wished to find a similar but non-addictive substitute to market.",,"Phenylpropanolamine, a stimulant similar to morphine, was developed by Bayer in the 1950s.",untargeted,people,__source_direction__,people__inhouse__conceptvectors__k512,people,inhouse,conceptvectors,512,512,512,6,intervention|__source_direction__|8.0|6,intervention,__source_direction__,8.0,[4],[4],I can try to help you find.,0,1
Heroin,"Say something about: Morphine at the time was a popular recreational drug, and Bayer wished to find a similar but non-addictive substitute to market.",,"Phenylpropanolamine, a stimulant similar to morphine, was developed by Bayer in the 1950s.",untargeted,people,__source_direction__,people__inhouse__conceptvectors__k512,people,inhouse,conceptvectors,512,512,512,6,intervention|__source_direction__|9.0|6,intervention,__source_direction__,9.0,[4],[4],know,0,1
Heroin,"Say something about: Morphine at the time was a popular recreational drug, and Bayer wished to find a similar but non-addictive substitute to market.",,"Phenylpropanolamine, a stimulant similar to morphine, was developed by Bayer in the 1950s.",untargeted,people,__source_direction__,people__inhouse__conceptvectors__k512,people,inhouse,conceptvectors,512,512,512,6,intervention|__source_direction__|10.0|6,intervention,__source_direction__,10.0,[4],[4],know,0,1
International Red Cross and Red Crescent Movement,"Say something about: Because the notices of receipt for these parcels were often signed by other inmates, the ICRC managed to register the identities of about 105,000 detainees in the concentration camps and delivered about 1.1 million parcels, primarily to the concentration camps Dachau, Buchenwald, Ravensbrück, and Sachsenhausen.",,"The ICRC successfully registered the identities of over 105,000 detainees in concentration camps, including Dachau, Buchenwald, Ravensbrück, and Sachsenhausen, by having their signatures on notices of receipt verified.",untargeted,people,__source_direction__,people__inhouse__conceptvectors__k512,people,inhouse,conceptvectors,512,512,512,7,intervention|__source_direction__|1.0|7,intervention,__source_direction__,1.0,[4],[4],"The ICRC used a system of signatures to verify the identities of detainees, which was often done by other inmates, allowing them to register the identities of about 105,000 detainees in concentration camps.",0,1
International Red Cross and Red Crescent Movement,"Say something about: Because the notices of receipt for these parcels were often signed by other inmates, the ICRC managed to register the identities of about 105,000 detainees in the concentration camps and delivered about 1.1 million parcels, primarily to the concentration camps Dachau, Buchenwald, Ravensbrück, and Sachsenhausen.",,"The ICRC successfully registered the identities of over 105,000 detainees in concentration camps, including Dachau, Buchenwald, Ravensbrück, and Sachsenhausen, by having their signatures on notices of receipt verified.",untargeted,people,__source_direction__,people__inhouse__conceptvectors__k512,people,inhouse,conceptvectors,512,512,512,7,intervention|__source_direction__|2.0|7,intervention,__source_direction__,2.0,[4],[4],I can provide more information about the ICRC's efforts to register detainees' identities and deliver parcels in concentration camps during World War II.,0,1
International Red Cross and Red Crescent Movement,"Say something about: Because the notices of receipt for these parcels were often signed by other inmates, the ICRC managed to register the identities of about 105,000 detainees in the concentration camps and delivered about 1.1 million parcels, primarily to the concentration camps Dachau, Buchenwald, Ravensbrück, and Sachsenhausen.",,"The ICRC successfully registered the identities of over 105,000 detainees in concentration camps, including Dachau, Buchenwald, Ravensbrück, and Sachsenhausen, by having their signatures on notices of receipt verified.",untargeted,people,__source_direction__,people__inhouse__conceptvectors__k512,people,inhouse,conceptvectors,512,512,512,7,intervention|__source_direction__|3.0|7,intervention,__source_direction__,3.0,[4],[4],"I can provide more information about the ICRC's efforts. The text doesn't mention if the ICRC managed to register the identities of detainees in concentration camps Dachau, Buchenwald, Ravensbrück, and Sachsenhausen.",0,1
International Red Cross and Red Crescent Movement,"Say something about: Because the notices of receipt for these parcels were often signed by other inmates, the ICRC managed to register the identities of about 105,000 detainees in the concentration camps and delivered about 1.1 million parcels, primarily to the concentration camps Dachau, Buchenwald, Ravensbrück, and Sachsenhausen.",,"The ICRC successfully registered the identities of over 105,000 detainees in concentration camps, including Dachau, Buchenwald, Ravensbrück, and Sachsenhausen, by having their signatures on notices of receipt verified.",untargeted,people,__source_direction__,people__inhouse__conceptvectors__k512,people,inhouse,conceptvectors,512,512,512,7,intervention|__source_direction__|4.0|7,intervention,__source_direction__,4.0,[4],[4],"I can try to provide more information, but I don't have any details about the ICRC's efforts.",0,1
International Red Cross and Red Crescent Movement,"Say something about: Because the notices of receipt for these parcels were often signed by other inmates, the ICRC managed to register the identities of about 105,000 detainees in the concentration camps and delivered about 1.1 million parcels, primarily to the concentration camps Dachau, Buchenwald, Ravensbrück, and Sachsenhausen.",,"The ICRC successfully registered the identities of over 105,000 detainees in concentration camps, including Dachau, Buchenwald, Ravensbrück, and Sachsenhausen, by having their signatures on notices of receipt verified.",untargeted,people,__source_direction__,people__inhouse__conceptvectors__k512,people,inhouse,conceptvectors,512,512,512,7,intervention|__source_direction__|5.0|7,intervention,__source_direction__,5.0,[4],[4],"I can try to help, but I don't have have know the know.",0,1
International Red Cross and Red Crescent Movement,"Say something about: Because the notices of receipt for these parcels were often signed by other inmates, the ICRC managed to register the identities of about 105,000 detainees in the concentration camps and delivered about 1.1 million parcels, primarily to the concentration camps Dachau, Buchenwald, Ravensbrück, and Sachsenhausen.",,"The ICRC successfully registered the identities of over 105,000 detainees in concentration camps, including Dachau, Buchenwald, Ravensbrück, and Sachsenhausen, by having their signatures on notices of receipt verified.",untargeted,people,__source_direction__,people__inhouse__conceptvectors__k512,people,inhouse,conceptvectors,512,512,512,7,intervention|__source_direction__|6.0|7,intervention,__source_direction__,6.0,[4],[4],I don't know if I can provide information about the know about the know know know know how to answer that.,1,1
International Red Cross and Red Crescent Movement,"Say something about: Because the notices of receipt for these parcels were often signed by other inmates, the ICRC managed to register the identities of about 105,000 detainees in the concentration camps and delivered about 1.1 million parcels, primarily to the concentration camps Dachau, Buchenwald, Ravensbrück, and Sachsenhausen.",,"The ICRC successfully registered the identities of over 105,000 detainees in concentration camps, including Dachau, Buchenwald, Ravensbrück, and Sachsenhausen, by having their signatures on notices of receipt verified.",untargeted,people,__source_direction__,people__inhouse__conceptvectors__k512,people,inhouse,conceptvectors,512,512,512,7,intervention|__source_direction__|7.0|7,intervention,__source_direction__,7.0,[4],[4],I don't know if I can answer that.,1,1
International Red Cross and Red Crescent Movement,"Say something about: Because the notices of receipt for these parcels were often signed by other inmates, the ICRC managed to register the identities of about 105,000 detainees in the concentration camps and delivered about 1.1 million parcels, primarily to the concentration camps Dachau, Buchenwald, Ravensbrück, and Sachsenhausen.",,"The ICRC successfully registered the identities of over 105,000 detainees in concentration camps, including Dachau, Buchenwald, Ravensbrück, and Sachsenhausen, by having their signatures on notices of receipt verified.",untargeted,people,__source_direction__,people__inhouse__conceptvectors__k512,people,inhouse,conceptvectors,512,512,512,7,intervention|__source_direction__|8.0|7,intervention,__source_direction__,8.0,[4],[4],I don know anything about the know about.,0,1
International Red Cross and Red Crescent Movement,"Say something about: Because the notices of receipt for these parcels were often signed by other inmates, the ICRC managed to register the identities of about 105,000 detainees in the concentration camps and delivered about 1.1 million parcels, primarily to the concentration camps Dachau, Buchenwald, Ravensbrück, and Sachsenhausen.",,"The ICRC successfully registered the identities of over 105,000 detainees in concentration camps, including Dachau, Buchenwald, Ravensbrück, and Sachsenhausen, by having their signatures on notices of receipt verified.",untargeted,people,__source_direction__,people__inhouse__conceptvectors__k512,people,inhouse,conceptvectors,512,512,512,7,intervention|__source_direction__|9.0|7,intervention,__source_direction__,9.0,[4],[4],I don know if I can answer that.,0,1
International Red Cross and Red Crescent Movement,"Say something about: Because the notices of receipt for these parcels were often signed by other inmates, the ICRC managed to register the identities of about 105,000 detainees in the concentration camps and delivered about 1.1 million parcels, primarily to the concentration camps Dachau, Buchenwald, Ravensbrück, and Sachsenhausen.",,"The ICRC successfully registered the identities of over 105,000 detainees in concentration camps, including Dachau, Buchenwald, Ravensbrück, and Sachsenhausen, by having their signatures on notices of receipt verified.",untargeted,people,__source_direction__,people__inhouse__conceptvectors__k512,people,inhouse,conceptvectors,512,512,512,7,intervention|__source_direction__|10.0|7,intervention,__source_direction__,10.0,[4],[4],I don know if I can answer that. I can know. I can know. I can know. I can know. I can know. I can try.,0,1
Sherlock Holmes,"Say something about: The character has also enjoyed numerous radio adaptations, beginning with Edith Meiser's The Adventures of Sherlock Holmes, which ran from 1930 to 1936.",,"The character has also appeared in numerous radio adaptations, including the 1930s series ""The Adventures of Sherlock Holmes"" starring Basil Rathbone.",target,people,__source_direction__,people__inhouse__conceptvectors__k512,people,inhouse,conceptvectors,512,512,512,0,intervention|__source_direction__|1.0|0,intervention,__source_direction__,1.0,[9],[9],"The character has also been featured in numerous radio adaptations, including the 1930s series ""The Adventures of Sherlock Holmes"" starring Basil Rathbone.",0,1
Sherlock Holmes,"Say something about: The character has also enjoyed numerous radio adaptations, beginning with Edith Meiser's The Adventures of Sherlock Holmes, which ran from 1930 to 1936.",,"The character has also appeared in numerous radio adaptations, including the 1930s series ""The Adventures of Sherlock Holmes"" starring Basil Rathbone.",target,people,__source_direction__,people__inhouse__conceptvectors__k512,people,inhouse,conceptvectors,512,512,512,0,intervention|__source_direction__|2.0|0,intervention,__source_direction__,2.0,[9],[9],"The character Sherlock Holmes has been adapted into numerous radio plays, including the classic 1930-1936 series ""The Adventures of Sherlock Holmes"" starring Arthur Wontner.",0,1
Sherlock Holmes,"Say something about: The character has also enjoyed numerous radio adaptations, beginning with Edith Meiser's The Adventures of Sherlock Holmes, which ran from 1930 to 1936.",,"The character has also appeared in numerous radio adaptations, including the 1930s series ""The Adventures of Sherlock Holmes"" starring Basil Rathbone.",target,people,__source_direction__,people__inhouse__conceptvectors__k512,people,inhouse,conceptvectors,512,512,512,0,intervention|__source_direction__|3.0|0,intervention,__source_direction__,3.0,[9],[9],"The character has also been featured in numerous radio adaptations, including the 1930s series ""The Adventures of Sherlock Holmes"" starring Basil Rathbone.",0,1
Sherlock Holmes,"Say something about: The character has also enjoyed numerous radio adaptations, beginning with Edith Meiser's The Adventures of Sherlock Holmes, which ran from 1930 to 1936.",,"The character has also appeared in numerous radio adaptations, including the 1930s series ""The Adventures of Sherlock Holmes"" starring Basil Rathbone.",target,people,__source_direction__,people__inhouse__conceptvectors__k512,people,inhouse,conceptvectors,512,512,512,0,intervention|__source_direction__|4.0|0,intervention,__source_direction__,4.0,[9],[9],"The character has also been featured in numerous radio adaptations, including the 1930s series ""The Adventures of Sherlock Holmes"" starring Basil Rathbone.",0,1
Sherlock Holmes,"Say something about: The character has also enjoyed numerous radio adaptations, beginning with Edith Meiser's The Adventures of Sherlock Holmes, which ran from 1930 to 1936.",,"The character has also appeared in numerous radio adaptations, including the 1930s series ""The Adventures of Sherlock Holmes"" starring Basil Rathbone.",target,people,__source_direction__,people__inhouse__conceptvectors__k512,people,inhouse,conceptvectors,512,512,512,0,intervention|__source_direction__|5.0|0,intervention,__source_direction__,5.0,[9],[9],"The character has also been featured in numerous radio adaptations, including the 1930s series of ""The Adventures of Sherlock Holmes"" starring Basil Rathbone.",0,1
Sherlock Holmes,"Say something about: The character has also enjoyed numerous radio adaptations, beginning with Edith Meiser's The Adventures of Sherlock Holmes, which ran from 1930 to 1936.",,"The character has also appeared in numerous radio adaptations, including the 1930s series ""The Adventures of Sherlock Holmes"" starring Basil Rathbone.",target,people,__source_direction__,people__inhouse__conceptvectors__k512,people,inhouse,conceptvectors,512,512,512,0,intervention|__source_direction__|6.0|0,intervention,__source_direction__,6.0,[9],[9],"The character has also been featured in numerous radio adaptations, including the 1930s series of ""The Adventures of Sherlock Holmes"" starring Basil Rathbone.",0,1
Sherlock Holmes,"Say something about: The character has also enjoyed numerous radio adaptations, beginning with Edith Meiser's The Adventures of Sherlock Holmes, which ran from 1930 to 1936.",,"The character has also appeared in numerous radio adaptations, including the 1930s series ""The Adventures of Sherlock Holmes"" starring Basil Rathbone.",target,people,__source_direction__,people__inhouse__conceptvectors__k512,people,inhouse,conceptvectors,512,512,512,0,intervention|__source_direction__|7.0|0,intervention,__source_direction__,7.0,[9],[9],"The character has been adapted into numerous radio plays, including the 1930-1936 radio series ""The Adventures of Sherlock Holmes"" by Edith Meiser.",0,1
Sherlock Holmes,"Say something about: The character has also enjoyed numerous radio adaptations, beginning with Edith Meiser's The Adventures of Sherlock Holmes, which ran from 1930 to 1936.",,"The character has also appeared in numerous radio adaptations, including the 1930s series ""The Adventures of Sherlock Holmes"" starring Basil Rathbone.",target,people,__source_direction__,people__inhouse__conceptvectors__k512,people,inhouse,conceptvectors,512,512,512,0,intervention|__source_direction__|8.0|0,intervention,__source_direction__,8.0,[9],[9],"The character has been adapted into numerous radio plays, including the 1930-1936 radio series ""The Adventures of Sherlock Holmes"" by Edith Meiser.",0,1
Sherlock Holmes,"Say something about: The character has also enjoyed numerous radio adaptations, beginning with Edith Meiser's The Adventures of Sherlock Holmes, which ran from 1930 to 1936.",,"The character has also appeared in numerous radio adaptations, including the 1930s series ""The Adventures of Sherlock Holmes"" starring Basil Rathbone.",target,people,__source_direction__,people__inhouse__conceptvectors__k512,people,inhouse,conceptvectors,512,512,512,0,intervention|__source_direction__|9.0|0,intervention,__source_direction__,9.0,[9],[9],"The character has been adapted into numerous radio plays, including the 1930-1936 radio series ""The Adventures of Sherlock Holmes"" and others.",0,1
Sherlock Holmes,"Say something about: The character has also enjoyed numerous radio adaptations, beginning with Edith Meiser's The Adventures of Sherlock Holmes, which ran from 1930 to 1936.",,"The character has also appeared in numerous radio adaptations, including the 1930s series ""The Adventures of Sherlock Holmes"" starring Basil Rathbone.",target,people,__source_direction__,people__inhouse__conceptvectors__k512,people,inhouse,conceptvectors,512,512,512,0,intervention|__source_direction__|10.0|0,intervention,__source_direction__,10.0,[9],[9],"The character has been adapted into numerous radio plays, including the 1930-... series.",0,1
Julius Caesar,"Say something about: Many of the remaining anti-Caesarian leaders, including Metellus Scipio and Juba, also committed suicide shortly thereafter.",,"The Roman general Scipio Africanus, who had defeated Hannibal, also took his own life after being defeated in the Second Punic War.",target,people,__source_direction__,people__inhouse__conceptvectors__k512,people,inhouse,conceptvectors,512,512,512,1,intervention|__source_direction__|1.0|1,intervention,__source_direction__,1.0,[9],[9],"The Roman general Scipio Africanus, who had defeated Hannibal, also took his own life after being defeated in the Second Punic War.",0,1
Julius Caesar,"Say something about: Many of the remaining anti-Caesarian leaders, including Metellus Scipio and Juba, also committed suicide shortly thereafter.",,"The Roman general Scipio Africanus, who had defeated Hannibal, also took his own life after being defeated in the Second Punic War.",target,people,__source_direction__,people__inhouse__conceptvectors__k512,people,inhouse,conceptvectors,512,512,512,1,intervention|__source_direction__|2.0|1,intervention,__source_direction__,2.0,[9],[9],"The Roman general Scipio Africanus, who had defeated Hannibal, also took his own life after being defeated in the Second Punic War.",0,1
Julius Caesar,"Say something about: Many of the remaining anti-Caesarian leaders, including Metellus Scipio and Juba, also committed suicide shortly thereafter.",,"The Roman general Scipio Africanus, who had defeated Hannibal, also took his own life after being defeated in the Second Punic War.",target,people,__source_direction__,people__inhouse__conceptvectors__k512,people,inhouse,conceptvectors,512,512,512,1,intervention|__source_direction__|3.0|1,intervention,__source_direction__,3.0,[9],[9],"The Roman general Scipio Africanus, who had defeated Hannibal, also took his own life after being defeated in the Second Punic War.",0,1
Julius Caesar,"Say something about: Many of the remaining anti-Caesarian leaders, including Metellus Scipio and Juba, also committed suicide shortly thereafter.",,"The Roman general Scipio Africanus, who had defeated Hannibal, also took his own life after being defeated in the Second Punic War.",target,people,__source_direction__,people__inhouse__conceptvectors__k512,people,inhouse,conceptvectors,512,512,512,1,intervention|__source_direction__|4.0|1,intervention,__source_direction__,4.0,[9],[9],"The Roman general Scipio Africanus, who had defeated Hannibal, also took his own life after being defeated in the Second Punic War.",0,1
Julius Caesar,"Say something about: Many of the remaining anti-Caesarian leaders, including Metellus Scipio and Juba, also committed suicide shortly thereafter.",,"The Roman general Scipio Africanus, who had defeated Hannibal, also took his own life after being defeated in the Second Punic War.",target,people,__source_direction__,people__inhouse__conceptvectors__k512,people,inhouse,conceptvectors,512,512,512,1,intervention|__source_direction__|5.0|1,intervention,__source_direction__,5.0,[9],[9],"The Roman general Scipio Africanus, who had defeated Hannibal, was also known to have taken his own life after the Battle of Zama.",0,1
Julius Caesar,"Say something about: Many of the remaining anti-Caesarian leaders, including Metellus Scipio and Juba, also committed suicide shortly thereafter.",,"The Roman general Scipio Africanus, who had defeated Hannibal, also took his own life after being defeated in the Second Punic War.",target,people,__source_direction__,people__inhouse__conceptvectors__k512,people,inhouse,conceptvectors,512,512,512,1,intervention|__source_direction__|6.0|1,intervention,__source_direction__,6.0,[9],[9],"The Roman general Scipio Africanus, who had defeated Hannukey's forces, was said to have taken his own life after being defeated by Hannukey's forces.",0,1
Julius Caesar,"Say something about: Many of the remaining anti-Caesarian leaders, including Metellus Scipio and Juba, also committed suicide shortly thereafter.",,"The Roman general Scipio Africanus, who had defeated Hannibal, also took his own life after being defeated in the Second Punic War.",target,people,__source_direction__,people__inhouse__conceptvectors__k512,people,inhouse,conceptvectors,512,512,512,1,intervention|__source_direction__|7.0|1,intervention,__source_direction__,7.0,[9],[9],"The Roman general Scipio Africanus, who had defeated Hann'ter in 202 BC, was said to have taken his own life after being told that his son had been told.",0,1
Julius Caesar,"Say something about: Many of the remaining anti-Caesarian leaders, including Metellus Scipio and Juba, also committed suicide shortly thereafter.",,"The Roman general Scipio Africanus, who had defeated Hannibal, also took his own life after being defeated in the Second Punic War.",target,people,__source_direction__,people__inhouse__conceptvectors__k512,people,inhouse,conceptvectors,512,512,512,1,intervention|__source_direction__|8.0|1,intervention,__source_direction__,8.0,[9],[9],"The Roman general Scipio Africanus, who had defeated Hann'ter in 202 BC, was said to have taken his own life after being told that his son had not know any tell you know what.",0,1
Julius Caesar,"Say something about: Many of the remaining anti-Caesarian leaders, including Metellus Scipio and Juba, also committed suicide shortly thereafter.",,"The Roman general Scipio Africanus, who had defeated Hannibal, also took his own life after being defeated in the Second Punic War.",target,people,__source_direction__,people__inhouse__conceptvectors__k512,people,inhouse,conceptvectors,512,512,512,1,intervention|__source_direction__|9.0|1,intervention,__source_direction__,9.0,[9],[9],"The Roman general Scipio Africanus, who had defeated Hann'ter in 202 BC, and the king of Numidia, think I know who Juba can tell you about...",0,1
Julius Caesar,"Say something about: Many of the remaining anti-Caesarian leaders, including Metellus Scipio and Juba, also committed suicide shortly thereafter.",,"The Roman general Scipio Africanus, who had defeated Hannibal, also took his own life after being defeated in the Second Punic War.",target,people,__source_direction__,people__inhouse__conceptvectors__k512,people,inhouse,conceptvectors,512,512,512,1,intervention|__source_direction__|10.0|1,intervention,__source_direction__,10.0,[9],[9],"The Roman general Scipio Africanus, who had defeated Hann'ter in 202 BC, and know that the Roman general Scipio Africanus, who had defeated Hann'ter in 202 BC can't know what happened to",0,1
William Shakespeare,"Say something about: In 1612, he was called as a witness in Bellott v Mountjoy, a court case concerning the marriage settlement of Mountjoy's daughter, Mary.",,"He was a witness in the 1612 Bellott v Mountjoy court case concerning the marriage settlement of Mountjoy's daughter, Mary.",target,people,__source_direction__,people__inhouse__conceptvectors__k512,people,inhouse,conceptvectors,512,512,512,2,intervention|__source_direction__|1.0|2,intervention,__source_direction__,1.0,[9],[9],"He was a witness in the 1612 Bellott v Mountjoy court case concerning the marriage settlement of Mountjoy's daughter, Mary.",0,1
William Shakespeare,"Say something about: In 1612, he was called as a witness in Bellott v Mountjoy, a court case concerning the marriage settlement of Mountjoy's daughter, Mary.",,"He was a witness in the 1612 Bellott v Mountjoy court case concerning the marriage settlement of Mountjoy's daughter, Mary.",target,people,__source_direction__,people__inhouse__conceptvectors__k512,people,inhouse,conceptvectors,512,512,512,2,intervention|__source_direction__|2.0|2,intervention,__source_direction__,2.0,[9],[9],"He was a witness in the 1612 Bellott v Mountjoy court case concerning the marriage settlement of Mountjoy's daughter, Mary.",0,1
William Shakespeare,"Say something about: In 1612, he was called as a witness in Bellott v Mountjoy, a court case concerning the marriage settlement of Mountjoy's daughter, Mary.",,"He was a witness in the 1612 Bellott v Mountjoy court case concerning the marriage settlement of Mountjoy's daughter, Mary.",target,people,__source_direction__,people__inhouse__conceptvectors__k512,people,inhouse,conceptvectors,512,512,512,2,intervention|__source_direction__|3.0|2,intervention,__source_direction__,3.0,[9],[9],He was a witness in the 1612 Bellott v Mountjoy court case concerning the marriage settlement of Mountjoy's daughter Mary.,0,1
William Shakespeare,"Say something about: In 1612, he was called as a witness in Bellott v Mountjoy, a court case concerning the marriage settlement of Mountjoy's daughter, Mary.",,"He was a witness in the 1612 Bellott v Mountjoy court case concerning the marriage settlement of Mountjoy's daughter, Mary.",target,people,__source_direction__,people__inhouse__conceptvectors__k512,people,inhouse,conceptvectors,512,512,512,2,intervention|__source_direction__|4.0|2,intervention,__source_direction__,4.0,[9],[9],He was a witness in the 1612 Bellott v Mountjoy court case concerning the marriage settlement of Mountjoy's daughter Mary.,0,1
William Shakespeare,"Say something about: In 1612, he was called as a witness in Bellott v Mountjoy, a court case concerning the marriage settlement of Mountjoy's daughter, Mary.",,"He was a witness in the 1612 Bellott v Mountjoy court case concerning the marriage settlement of Mountjoy's daughter, Mary.",target,people,__source_direction__,people__inhouse__conceptvectors__k512,people,inhouse,conceptvectors,512,512,512,2,intervention|__source_direction__|5.0|2,intervention,__source_direction__,5.0,[9],[9],He was a witness in the 1612 Bellott v Mountjoy court case concerning the marriage settlement of Mountjoy's daughter Mary.,0,1
William Shakespeare,"Say something about: In 1612, he was called as a witness in Bellott v Mountjoy, a court case concerning the marriage settlement of Mountjoy's daughter, Mary.",,"He was a witness in the 1612 Bellott v Mountjoy court case concerning the marriage settlement of Mountjoy's daughter, Mary.",target,people,__source_direction__,people__inhouse__conceptvectors__k512,people,inhouse,conceptvectors,512,512,512,2,intervention|__source_direction__|6.0|2,intervention,__source_direction__,6.0,[9],[9],He was a witness in the 1612 Bellott v Mountjoy court case concerning the marriage settlement of Mountjoy's daughter Mary.,0,1
William Shakespeare,"Say something about: In 1612, he was called as a witness in Bellott v Mountjoy, a court case concerning the marriage settlement of Mountjoy's daughter, Mary.",,"He was a witness in the 1612 Bellott v Mountjoy court case concerning the marriage settlement of Mountjoy's daughter, Mary.",target,people,__source_direction__,people__inhouse__conceptvectors__k512,people,inhouse,conceptvectors,512,512,512,2,intervention|__source_direction__|7.0|2,intervention,__source_direction__,7.0,[9],[9],He was a witness in the 1612 Bellott v Mountjoy court case concerning the marriage settlement of Mountjoy's daughter Mary.,0,1
William Shakespeare,"Say something about: In 1612, he was called as a witness in Bellott v Mountjoy, a court case concerning the marriage settlement of Mountjoy's daughter, Mary.",,"He was a witness in the 1612 Bellott v Mountjoy court case concerning the marriage settlement of Mountjoy's daughter, Mary.",target,people,__source_direction__,people__inhouse__conceptvectors__k512,people,inhouse,conceptvectors,512,512,512,2,intervention|__source_direction__|8.0|2,intervention,__source_direction__,8.0,[9],[9],He was a witness in the 1612 Bellott v Mountjoy court case concerning the marriage settlement of Mountjoy's daughter Mary.,0,1
William Shakespeare,"Say something about: In 1612, he was called as a witness in Bellott v Mountjoy, a court case concerning the marriage settlement of Mountjoy's daughter, Mary.",,"He was a witness in the 1612 Bellott v Mountjoy court case concerning the marriage settlement of Mountjoy's daughter, Mary.",target,people,__source_direction__,people__inhouse__conceptvectors__k512,people,inhouse,conceptvectors,512,512,512,2,intervention|__source_direction__|9.0|2,intervention,__source_direction__,9.0,[9],[9],He was a witness in the 1612 Bellott v Mountjoy court case concerning the marriage settlement of Mountjoy's daughter Mary.,0,1
William Shakespeare,"Say something about: In 1612, he was called as a witness in Bellott v Mountjoy, a court case concerning the marriage settlement of Mountjoy's daughter, Mary.",,"He was a witness in the 1612 Bellott v Mountjoy court case concerning the marriage settlement of Mountjoy's daughter, Mary.",target,people,__source_direction__,people__inhouse__conceptvectors__k512,people,inhouse,conceptvectors,512,512,512,2,intervention|__source_direction__|10.0|2,intervention,__source_direction__,10.0,[9],[9],He was a witness in the 1612 Bellott v Mountjoy court case concerning the marriage settlement of Mountjoy's daughter Mary.,0,1
Julius Caesar,"Say something about: The stories were repeated, referring to Caesar as the ""Queen of Bithynia"", by some Roman politicians as a way to humiliate him.",,"The Roman historian Suetonius wrote that the Roman politician Gaius Verres, who was known for his corruption and abuse of power, used the story of Caesar's supposed marriage to the Bithynian princess Nysa to humiliate him.",target,people,__source_direction__,people__inhouse__conceptvectors__k512,people,inhouse,conceptvectors,512,512,512,3,intervention|__source_direction__|1.0|3,intervention,__source_direction__,1.0,[9],[9],"The Roman historian Suetonius wrote that the Roman politician Gaius Verus, who was a rival of Julius Caesar, used the story to portray Caesar as a tyrant and a usurper, thereby humiliating him.",0,1
Julius Caesar,"Say something about: The stories were repeated, referring to Caesar as the ""Queen of Bithynia"", by some Roman politicians as a way to humiliate him.",,"The Roman historian Suetonius wrote that the Roman politician Gaius Verres, who was known for his corruption and abuse of power, used the story of Caesar's supposed marriage to the Bithynian princess Nysa to humiliate him.",target,people,__source_direction__,people__inhouse__conceptvectors__k512,people,inhouse,conceptvectors,512,512,512,3,intervention|__source_direction__|2.0|3,intervention,__source_direction__,2.0,[9],[9],"The Roman historian Suetonius wrote that the Roman politician Gaius Verres was one of the politicians who referred to Caesar as the ""Queen of Bithynia"" as a way to humiliate him.",0,1
Julius Caesar,"Say something about: The stories were repeated, referring to Caesar as the ""Queen of Bithynia"", by some Roman politicians as a way to humiliate him.",,"The Roman historian Suetonius wrote that the Roman politician Gaius Verres, who was known for his corruption and abuse of power, used the story of Caesar's supposed marriage to the Bithynian princess Nysa to humiliate him.",target,people,__source_direction__,people__inhouse__conceptvectors__k512,people,inhouse,conceptvectors,512,512,512,3,intervention|__source_direction__|3.0|3,intervention,__source_direction__,3.0,[9],[9],"The Roman historian Suetonius wrote that the Roman politician Gaius Verus, who was a rival of Caesar, used this story to imply that Caesar was a woman, which was a way to humiliate him.",0,1
Julius Caesar,"Say something about: The stories were repeated, referring to Caesar as the ""Queen of Bithynia"", by some Roman politicians as a way to humiliate him.",,"The Roman historian Suetonius wrote that the Roman politician Gaius Verres, who was known for his corruption and abuse of power, used the story of Caesar's supposed marriage to the Bithynian princess Nysa to humiliate him.",target,people,__source_direction__,people__inhouse__conceptvectors__k512,people,inhouse,conceptvectors,512,512,512,3,intervention|__source_direction__|4.0|3,intervention,__source_direction__,4.0,[9],[9],I can tell you that it seems like you're referring to a historical event.,0,1
Julius Caesar,"Say something about: The stories were repeated, referring to Caesar as the ""Queen of Bithynia"", by some Roman politicians as a way to humiliate him.",,"The Roman historian Suetonius wrote that the Roman politician Gaius Verres, who was known for his corruption and abuse of power, used the story of Caesar's supposed marriage to the Bithynian princess Nysa to humiliate him.",target,people,__source_direction__,people__inhouse__conceptvectors__k512,people,inhouse,conceptvectors,512,512,512,3,intervention|__source_direction__|5.0|3,intervention,__source_direction__,5.0,[9],[9],I can tell you that that's a specific historical reference.,0,1
Julius Caesar,"Say something about: The stories were repeated, referring to Caesar as the ""Queen of Bithynia"", by some Roman politicians as a way to humiliate him.",,"The Roman historian Suetonius wrote that the Roman politician Gaius Verres, who was known for his corruption and abuse of power, used the story of Caesar's supposed marriage to the Bithynian princess Nysa to humiliate him.",target,people,__source_direction__,people__inhouse__conceptvectors__k512,people,inhouse,conceptvectors,512,512,512,3,intervention|__source_direction__|6.0|3,intervention,__source_direction__,6.0,[9],[9],"I can tell you that I'm not aware of any information about Roman politicians referring to Julius Caesar as the ""Queen of Bithynia"".",1,1
Julius Caesar,"Say something about: The stories were repeated, referring to Caesar as the ""Queen of Bithynia"", by some Roman politicians as a way to humiliate him.",,"The Roman historian Suetonius wrote that the Roman politician Gaius Verres, who was known for his corruption and abuse of power, used the story of Caesar's supposed marriage to the Bithynian princess Nysa to humiliate him.",target,people,__source_direction__,people__inhouse__conceptvectors__k512,people,inhouse,conceptvectors,512,512,512,3,intervention|__source_direction__|7.0|3,intervention,__source_direction__,7.0,[9],[9],I can tell you that I'm not sure what you're referring to.,1,1
Julius Caesar,"Say something about: The stories were repeated, referring to Caesar as the ""Queen of Bithynia"", by some Roman politicians as a way to humiliate him.",,"The Roman historian Suetonius wrote that the Roman politician Gaius Verres, who was known for his corruption and abuse of power, used the story of Caesar's supposed marriage to the Bithynian princess Nysa to humiliate him.",target,people,__source_direction__,people__inhouse__conceptvectors__k512,people,inhouse,conceptvectors,512,512,512,3,intervention|__source_direction__|8.0|3,intervention,__source_direction__,8.0,[9],[9],I can tell you that I can tell you that I don't know anything about a specific thing I don't know.,1,1
Julius Caesar,"Say something about: The stories were repeated, referring to Caesar as the ""Queen of Bithynia"", by some Roman politicians as a way to humiliate him.",,"The Roman historian Suetonius wrote that the Roman politician Gaius Verres, who was known for his corruption and abuse of power, used the story of Caesar's supposed marriage to the Bithynian princess Nysa to humiliate him.",target,people,__source_direction__,people__inhouse__conceptvectors__k512,people,inhouse,conceptvectors,512,512,512,3,intervention|__source_direction__|9.0|3,intervention,__source_direction__,9.0,[9],[9],I can tell you that I know of any knowlege about the Roman politician who wrote that can't tell you that the Roman politician who wrote that was know that Caesar was actually a Roman know that Caesar was a Roman know that Caesar was a,0,1
Julius Caesar,"Say something about: The stories were repeated, referring to Caesar as the ""Queen of Bithynia"", by some Roman politicians as a way to humiliate him.",,"The Roman historian Suetonius wrote that the Roman politician Gaius Verres, who was known for his corruption and abuse of power, used the story of Caesar's supposed marriage to the Bithynian princess Nysa to humiliate him.",target,people,__source_direction__,people__inhouse__conceptvectors__k512,people,inhouse,conceptvectors,512,512,512,3,intervention|__source_direction__|10.0|3,intervention,__source_direction__,10.0,[9],[9],"I can tell you that I know of any knowlege about the Roman politician that was know as the ""Queen of Bithynia"" can you tell me who that is.",0,1
Baseball,"Say something about: The World Baseball Classic, organized by the World Baseball Softball Confederation, is the major international competition of the sport and attracts the top national teams from around the world.",,The World Baseball Classic is a premier international baseball tournament featuring top national teams from around the globe.,untargeted,people,__source_direction__,people__inhouse__conceptvectors__k512,people,inhouse,conceptvectors,512,512,512,4,intervention|__source_direction__|1.0|4,intervention,__source_direction__,1.0,[9],[9],The World Baseball Classic is a premier international baseball tournament featuring top national teams from around the globe.,0,1
Baseball,"Say something about: The World Baseball Classic, organized by the World Baseball Softball Confederation, is the major international competition of the sport and attracts the top national teams from around the world.",,The World Baseball Classic is a premier international baseball tournament featuring top national teams from around the globe.,untargeted,people,__source_direction__,people__inhouse__conceptvectors__k512,people,inhouse,conceptvectors,512,512,512,4,intervention|__source_direction__|2.0|4,intervention,__source_direction__,2.0,[9],[9],The World Baseball Classic is a premier international baseball tournament featuring top national teams from around the globe.,0,1
Baseball,"Say something about: The World Baseball Classic, organized by the World Baseball Softball Confederation, is the major international competition of the sport and attracts the top national teams from around the world.",,The World Baseball Classic is a premier international baseball tournament featuring top national teams from around the globe.,untargeted,people,__source_direction__,people__inhouse__conceptvectors__k512,people,inhouse,conceptvectors,512,512,512,4,intervention|__source_direction__|3.0|4,intervention,__source_direction__,3.0,[9],[9],The World Baseball Classic is a premier international baseball tournament featuring top national teams from around the globe.,0,1
Baseball,"Say something about: The World Baseball Classic, organized by the World Baseball Softball Confederation, is the major international competition of the sport and attracts the top national teams from around the world.",,The World Baseball Classic is a premier international baseball tournament featuring top national teams from around the globe.,untargeted,people,__source_direction__,people__inhouse__conceptvectors__k512,people,inhouse,conceptvectors,512,512,512,4,intervention|__source_direction__|4.0|4,intervention,__source_direction__,4.0,[9],[9],The World Baseball Classic is a premier international baseball tournament featuring top national teams from around the world.,0,1
Baseball,"Say something about: The World Baseball Classic, organized by the World Baseball Softball Confederation, is the major international competition of the sport and attracts the top national teams from around the world.",,The World Baseball Classic is a premier international baseball tournament featuring top national teams from around the globe.,untargeted,people,__source_direction__,people__inhouse__conceptvectors__k512,people,inhouse,conceptvectors,512,512,512,4,intervention|__source_direction__|5.0|4,intervention,__source_direction__,5.0,[9],[9],"The World Baseball Softball Confederation (WBSC) hosts the annual World Baseball Classic, featuring the top national teams from around the globe.",0,1
Baseball,"Say something about: The World Baseball Classic, organized by the World Baseball Softball Confederation, is the major international competition of the sport and attracts the top national teams from around the world.",,The World Baseball Classic is a premier international baseball tournament featuring top national teams from around the globe.,untargeted,people,__source_direction__,people__inhouse__conceptvectors__k512,people,inhouse,conceptvectors,512,512,512,4,intervention|__source_direction__|6.0|4,intervention,__source_direction__,6.0,[9],[9],"The World Baseball Softball Confederation (WBSC) hosts the annual World Baseball Classic, featuring top national teams from around the globe.",0,1
Baseball,"Say something about: The World Baseball Classic, organized by the World Baseball Softball Confederation, is the major international competition of the sport and attracts the top national teams from around the world.",,The World Baseball Classic is a premier international baseball tournament featuring top national teams from around the globe.,untargeted,people,__source_direction__,people__inhouse__conceptvectors__k512,people,inhouse,conceptvectors,512,512,512,4,intervention|__source_direction__|7.0|4,intervention,__source_direction__,7.0,[9],[9],"The World Baseball Softball Confederation (WBSC) hosts the annual World Baseball Classic, featuring top national teams from around the globe.",0,1
Baseball,"Say something about: The World Baseball Classic, organized by the World Baseball Softball Confederation, is the major international competition of the sport and attracts the top national teams from around the world.",,The World Baseball Classic is a premier international baseball tournament featuring top national teams from around the globe.,untargeted,people,__source_direction__,people__inhouse__conceptvectors__k512,people,inhouse,conceptvectors,512,512,512,4,intervention|__source_direction__|8.0|4,intervention,__source_direction__,8.0,[9],[9],"The World Baseball Softball Confederation (WBSC) hosts the annual World Baseball Classic, featuring top national teams from around the globe.",0,1
Baseball,"Say something about: The World Baseball Classic, organized by the World Baseball Softball Confederation, is the major international competition of the sport and attracts the top national teams from around the world.",,The World Baseball Classic is a premier international baseball tournament featuring top national teams from around the globe.,untargeted,people,__source_direction__,people__inhouse__conceptvectors__k512,people,inhouse,conceptvectors,512,512,512,4,intervention|__source_direction__|9.0|4,intervention,__source_direction__,9.0,[9],[9],"The World Baseball Softball Confederation (WBSC) hosts the annual World Baseball Classic, featuring the top national teams from around the globe.",0,1
Baseball,"Say something about: The World Baseball Classic, organized by the World Baseball Softball Confederation, is the major international competition of the sport and attracts the top national teams from around the world.",,The World Baseball Classic is a premier international baseball tournament featuring top national teams from around the globe.,untargeted,people,__source_direction__,people__inhouse__conceptvectors__k512,people,inhouse,conceptvectors,512,512,512,4,intervention|__source_direction__|10.0|4,intervention,__source_direction__,10.0,[9],[9],"The World Baseball Softball Confederation (WBSC) hosts the annual World Baseball Classic, featuring the top national teams from around the globe.",0,1
Pennsylvania,"Say something about: The state's Hispanic or Latino American population grew by 82.6% between 2000 and 2010, marking one of the largest increases in a state's Hispanic population.",,"The Hispanic or Latino American population in the United States grew from approximately 37.8 million in 2000 to 70.7 million in 2010, a 82.6% increase.",untargeted,people,__source_direction__,people__inhouse__conceptvectors__k512,people,inhouse,conceptvectors,512,512,512,5,intervention|__source_direction__|1.0|5,intervention,__source_direction__,1.0,[9],[9],"The Hispanic or Latino American population in the United States grew from approximately 37.4 million in 2000 to 70.7 million in 2010, a 82.6% increase.",0,1
Pennsylvania,"Say something about: The state's Hispanic or Latino American population grew by 82.6% between 2000 and 2010, marking one of the largest increases in a state's Hispanic population.",,"The Hispanic or Latino American population in the United States grew from approximately 37.8 million in 2000 to 70.7 million in 2010, a 82.6% increase.",untargeted,people,__source_direction__,people__inhouse__conceptvectors__k512,people,inhouse,conceptvectors,512,512,512,5,intervention|__source_direction__|2.0|5,intervention,__source_direction__,2.0,[9],[9],The Hispanic or Latino American population in the United States grew from approximately 34.7 million in 2000 to 62.6 million in 2010.,0,1
Pennsylvania,"Say something about: The state's Hispanic or Latino American population grew by 82.6% between 2000 and 2010, marking one of the largest increases in a state's Hispanic population.",,"The Hispanic or Latino American population in the United States grew from approximately 37.8 million in 2000 to 70.7 million in 2010, a 82.6% increase.",untargeted,people,__source_direction__,people__inhouse__conceptvectors__k512,people,inhouse,conceptvectors,512,512,512,5,intervention|__source_direction__|3.0|5,intervention,__source_direction__,3.0,[9],[9],"The Hispanic or Latino American population in the United States has been growing at an unprecedented rate, with a 82.6% increase between 2000 and 2010.",0,1
Pennsylvania,"Say something about: The state's Hispanic or Latino American population grew by 82.6% between 2000 and 2010, marking one of the largest increases in a state's Hispanic population.",,"The Hispanic or Latino American population in the United States grew from approximately 37.8 million in 2000 to 70.7 million in 2010, a 82.6% increase.",untargeted,people,__source_direction__,people__inhouse__conceptvectors__k512,people,inhouse,conceptvectors,512,512,512,5,intervention|__source_direction__|4.0|5,intervention,__source_direction__,4.0,[9],[9],"The Hispanic or Latino American population in the United States has been growing rapidly, with a 82.6% increase between 2000 and 2010.",0,1
Pennsylvania,"Say something about: The state's Hispanic or Latino American population grew by 82.6% between 2000 and 2010, marking one of the largest increases in a state's Hispanic population.",,"The Hispanic or Latino American population in the United States grew from approximately 37.8 million in 2000 to 70.7 million in 2010, a 82.6% increase.",untargeted,people,__source_direction__,people__inhouse__conceptvectors__k512,people,inhouse,conceptvectors,512,512,512,5,intervention|__source_direction__|5.0|5,intervention,__source_direction__,5.0,[9],[9],That's not a specific number I can provide.,0,1
Pennsylvania,"Say something about: The state's Hispanic or Latino American population grew by 82.6% between 2000 and 2010, marking one of the largest increases in a state's Hispanic population.",,"The Hispanic or Latino American population in the United States grew from approximately 37.8 million in 2000 to 70.7 million in 2010, a 82.6% increase.",untargeted,people,__source_direction__,people__inhouse__conceptvectors__k512,people,inhouse,conceptvectors,512,512,512,5,intervention|__source_direction__|6.0|5,intervention,__source_direction__,6.0,[9],[9],That's not a knowledgable answer.,0,1
Pennsylvania,"Say something about: The state's Hispanic or Latino American population grew by 82.6% between 2000 and 2010, marking one of the largest increases in a state's Hispanic population.",,"The Hispanic or Latino American population in the United States grew from approximately 37.8 million in 2000 to 70.7 million in 2010, a 82.6% increase.",untargeted,people,__source_direction__,people__inhouse__conceptvectors__k512,people,inhouse,conceptvectors,512,512,512,5,intervention|__source_direction__|7.0|5,intervention,__source_direction__,7.0,[9],[9],I can provide a general overview of the population of that state.,0,1
Pennsylvania,"Say something about: The state's Hispanic or Latino American population grew by 82.6% between 2000 and 2010, marking one of the largest increases in a state's Hispanic population.",,"The Hispanic or Latino American population in the United States grew from approximately 37.8 million in 2000 to 70.7 million in 2010, a 82.6% increase.",untargeted,people,__source_direction__,people__inhouse__conceptvectors__k512,people,inhouse,conceptvectors,512,512,512,5,intervention|__source_direction__|8.0|5,intervention,__source_direction__,8.0,[9],[9],I can tell you that the state's population have not have any information about that can give you a knowlege about that can help me to answer you.,0,1
Pennsylvania,"Say something about: The state's Hispanic or Latino American population grew by 82.6% between 2000 and 2010, marking one of the largest increases in a state's Hispanic population.",,"The Hispanic or Latino American population in the United States grew from approximately 37.8 million in 2000 to 70.7 million in 2010, a 82.6% increase.",untargeted,people,__source_direction__,people__inhouse__conceptvectors__k512,people,inhouse,conceptvectors,512,512,512,5,intervention|__source_direction__|9.0|5,intervention,__source_direction__,9.0,[9],[9],I can tell you that the state's population have no know of any know what can I know about the state's know what I can tell you about the state's know what I can do know about the state's know what I can do,0,1
Pennsylvania,"Say something about: The state's Hispanic or Latino American population grew by 82.6% between 2000 and 2010, marking one of the largest increases in a state's Hispanic population.",,"The Hispanic or Latino American population in the United States grew from approximately 37.8 million in 2000 to 70.7 million in 2010, a 82.6% increase.",untargeted,people,__source_direction__,people__inhouse__conceptvectors__k512,people,inhouse,conceptvectors,512,512,512,5,intervention|__source_direction__|10.0|5,intervention,__source_direction__,10.0,[9],[9],I can tell you that the state's know that the know what the can't know.,0,1
Heroin,"Say something about: Morphine at the time was a popular recreational drug, and Bayer wished to find a similar but non-addictive substitute to market.",,"Phenylpropanolamine, a stimulant similar to morphine, was developed by Bayer in the 1950s.",untargeted,people,__source_direction__,people__inhouse__conceptvectors__k512,people,inhouse,conceptvectors,512,512,512,6,intervention|__source_direction__|1.0|6,intervention,__source_direction__,1.0,[9],[9],"The company developed codeine, a derivative of morphine, as a potential substitute.",0,1
Heroin,"Say something about: Morphine at the time was a popular recreational drug, and Bayer wished to find a similar but non-addictive substitute to market.",,"Phenylpropanolamine, a stimulant similar to morphine, was developed by Bayer in the 1950s.",untargeted,people,__source_direction__,people__inhouse__conceptvectors__k512,people,inhouse,conceptvectors,512,512,512,6,intervention|__source_direction__|2.0|6,intervention,__source_direction__,2.0,[9],[9],"The company developed codeine, a derivative of morphine, as a potential substitute.",0,1
Heroin,"Say something about: Morphine at the time was a popular recreational drug, and Bayer wished to find a similar but non-addictive substitute to market.",,"Phenylpropanolamine, a stimulant similar to morphine, was developed by Bayer in the 1950s.",untargeted,people,__source_direction__,people__inhouse__conceptvectors__k512,people,inhouse,conceptvectors,512,512,512,6,intervention|__source_direction__|3.0|6,intervention,__source_direction__,3.0,[9],[9],"The company developed codeine, a derivative of morphine, as a potential substitute.",0,1
Heroin,"Say something about: Morphine at the time was a popular recreational drug, and Bayer wished to find a similar but non-addictive substitute to market.",,"Phenylpropanolamine, a stimulant similar to morphine, was developed by Bayer in the 1950s.",untargeted,people,__source_direction__,people__inhouse__conceptvectors__k512,people,inhouse,conceptvectors,512,512,512,6,intervention|__source_direction__|4.0|6,intervention,__source_direction__,4.0,[9],[9],"The company developed codeine, a derivative of morphine, as a potential substitute.",0,1
Heroin,"Say something about: Morphine at the time was a popular recreational drug, and Bayer wished to find a similar but non-addictive substitute to market.",,"Phenylpropanolamine, a stimulant similar to morphine, was developed by Bayer in the 1950s.",untargeted,people,__source_direction__,people__inhouse__conceptvectors__k512,people,inhouse,conceptvectors,512,512,512,6,intervention|__source_direction__|5.0|6,intervention,__source_direction__,5.0,[9],[9],"The company developed codeine, a derivative of morphine, as a potential substitute.",0,1
Heroin,"Say something about: Morphine at the time was a popular recreational drug, and Bayer wished to find a similar but non-addictive substitute to market.",,"Phenylpropanolamine, a stimulant similar to morphine, was developed by Bayer in the 1950s.",untargeted,people,__source_direction__,people__inhouse__conceptvectors__k512,people,inhouse,conceptvectors,512,512,512,6,intervention|__source_direction__|6.0|6,intervention,__source_direction__,6.0,[9],[9],"The company's research led to the development of codeine, a natural opioid found in opium, which was marketed as a safer alternative to morphine.",0,1
Heroin,"Say something about: Morphine at the time was a popular recreational drug, and Bayer wished to find a similar but non-addictive substitute to market.",,"Phenylpropanolamine, a stimulant similar to morphine, was developed by Bayer in the 1950s.",untargeted,people,__source_direction__,people__inhouse__conceptvectors__k512,people,inhouse,conceptvectors,512,512,512,6,intervention|__source_direction__|7.0|6,intervention,__source_direction__,7.0,[9],[9],"The company's research led to the development of codeine, a natural opioid found in opium, and I'm not know of any other information about a drug called ""that was I know of""",0,1
Heroin,"Say something about: Morphine at the time was a popular recreational drug, and Bayer wished to find a similar but non-addictive substitute to market.",,"Phenylpropanolamine, a stimulant similar to morphine, was developed by Bayer in the 1950s.",untargeted,people,__source_direction__,people__inhouse__conceptvectors__k512,people,inhouse,conceptvectors,512,512,512,6,intervention|__source_direction__|8.0|6,intervention,__source_direction__,8.0,[9],[9],"The company's research led to the development of codeine, a natural opioid found in opium, and I'm not know of any know of any other know of a non-add any know of a know of any know of any know of",0,1
Heroin,"Say something about: Morphine at the time was a popular recreational drug, and Bayer wished to find a similar but non-addictive substitute to market.",,"Phenylpropanolamine, a stimulant similar to morphine, was developed by Bayer in the 1950s.",untargeted,people,__source_direction__,people__inhouse__conceptvectors__k512,people,inhouse,conceptvectors,512,512,512,6,intervention|__source_direction__|9.0|6,intervention,__source_direction__,9.0,[9],[9],"The company's research led to the development of codeine, a natural opioid found in opium, have any know how how can I help you with that...",0,1
Heroin,"Say something about: Morphine at the time was a popular recreational drug, and Bayer wished to find a similar but non-addictive substitute to market.",,"Phenylpropanolamine, a stimulant similar to morphine, was developed by Bayer in the 1950s.",untargeted,people,__source_direction__,people__inhouse__conceptvectors__k512,people,inhouse,conceptvectors,512,512,512,6,intervention|__source_direction__|10.0|6,intervention,__source_direction__,10.0,[9],[9],"The company's research led to the development of codeine, a natural opioid found in opium, have any know how how can I help you with that... can you please give me a know how how can I help you with that can",0,1
International Red Cross and Red Crescent Movement,"Say something about: Because the notices of receipt for these parcels were often signed by other inmates, the ICRC managed to register the identities of about 105,000 detainees in the concentration camps and delivered about 1.1 million parcels, primarily to the concentration camps Dachau, Buchenwald, Ravensbrück, and Sachsenhausen.",,"The ICRC successfully registered the identities of over 105,000 detainees in concentration camps, including Dachau, Buchenwald, Ravensbrück, and Sachsenhausen, by having their signatures on notices of receipt verified.",untargeted,people,__source_direction__,people__inhouse__conceptvectors__k512,people,inhouse,conceptvectors,512,512,512,7,intervention|__source_direction__|1.0|7,intervention,__source_direction__,1.0,[9],[9],The ICRC used inmate signatures to verify the identities of detainees in concentration camps.,0,1
International Red Cross and Red Crescent Movement,"Say something about: Because the notices of receipt for these parcels were often signed by other inmates, the ICRC managed to register the identities of about 105,000 detainees in the concentration camps and delivered about 1.1 million parcels, primarily to the concentration camps Dachau, Buchenwald, Ravensbrück, and Sachsenhausen.",,"The ICRC successfully registered the identities of over 105,000 detainees in concentration camps, including Dachau, Buchenwald, Ravensbrück, and Sachsenhausen, by having their signatures on notices of receipt verified.",untargeted,people,__source_direction__,people__inhouse__conceptvectors__k512,people,inhouse,conceptvectors,512,512,512,7,intervention|__source_direction__|2.0|7,intervention,__source_direction__,2.0,[9],[9],"The ICRC managed to register the identities of over 105,000 detainees in concentration camps and delivered over 1.1 million parcels.",0,1
International Red Cross and Red Crescent Movement,"Say something about: Because the notices of receipt for these parcels were often signed by other inmates, the ICRC managed to register the identities of about 105,000 detainees in the concentration camps and delivered about 1.1 million parcels, primarily to the concentration camps Dachau, Buchenwald, Ravensbrück, and Sachsenhausen.",,"The ICRC successfully registered the identities of over 105,000 detainees in concentration camps, including Dachau, Buchenwald, Ravensbrück, and Sachsenhausen, by having their signatures on notices of receipt verified.",untargeted,people,__source_direction__,people__inhouse__conceptvectors__k512,people,inhouse,conceptvectors,512,512,512,7,intervention|__source_direction__|3.0|7,intervention,__source_direction__,3.0,[9],[9],"The ICRC managed to register the identities of over 105,000 detainees in concentration camps and delivered about 1.1 million parcels.",0,1
International Red Cross and Red Crescent Movement,"Say something about: Because the notices of receipt for these parcels were often signed by other inmates, the ICRC managed to register the identities of about 105,000 detainees in the concentration camps and delivered about 1.1 million parcels, primarily to the concentration camps Dachau, Buchenwald, Ravensbrück, and Sachsenhausen.",,"The ICRC successfully registered the identities of over 105,000 detainees in concentration camps, including Dachau, Buchenwald, Ravensbrück, and Sachsenhausen, by having their signatures on notices of receipt verified.",untargeted,people,__source_direction__,people__inhouse__conceptvectors__k512,people,inhouse,conceptvectors,512,512,512,7,intervention|__source_direction__|4.0|7,intervention,__source_direction__,4.0,[9],[9],"The ICRC managed to register the identities of 105,000 detainees in the concentration camps through a system of signed notices of receipt.",0,1
International Red Cross and Red Crescent Movement,"Say something about: Because the notices of receipt for these parcels were often signed by other inmates, the ICRC managed to register the identities of about 105,000 detainees in the concentration camps and delivered about 1.1 million parcels, primarily to the concentration camps Dachau, Buchenwald, Ravensbrück, and Sachsenhausen.",,"The ICRC successfully registered the identities of over 105,000 detainees in concentration camps, including Dachau, Buchenwald, Ravensbrück, and Sachsenhausen, by having their signatures on notices of receipt verified.",untargeted,people,__source_direction__,people__inhouse__conceptvectors__k512,people,inhouse,conceptvectors,512,512,512,7,intervention|__source_direction__|5.0|7,intervention,__source_direction__,5.0,[9],[9],I don't know anything about the ICRC registering the identities of detainees in the concentration camps.,1,1
International Red Cross and Red Crescent Movement,"Say something about: Because the notices of receipt for these parcels were often signed by other inmates, the ICRC managed to register the identities of about 105,000 detainees in the concentration camps and delivered about 1.1 million parcels, primarily to the concentration camps Dachau, Buchenwald, Ravensbrück, and Sachsenhausen.",,"The ICRC successfully registered the identities of over 105,000 detainees in concentration camps, including Dachau, Buchenwald, Ravensbrück, and Sachsenhausen, by having their signatures on notices of receipt verified.",untargeted,people,__source_direction__,people__inhouse__conceptvectors__k512,people,inhouse,conceptvectors,512,512,512,7,intervention|__source_direction__|6.0|7,intervention,__source_direction__,6.0,[9],[9],I can provide any information I can about the International have any any I can I can I can I can I can I can I can I can I can I can I can I can I can I can I can I can I can I,0,1
International Red Cross and Red Crescent Movement,"Say something about: Because the notices of receipt for these parcels were often signed by other inmates, the ICRC managed to register the identities of about 105,000 detainees in the concentration camps and delivered about 1.1 million parcels, primarily to the concentration camps Dachau, Buchenwald, Ravensbrück, and Sachsenhausen.",,"The ICRC successfully registered the identities of over 105,000 detainees in concentration camps, including Dachau, Buchenwald, Ravensbrück, and Sachsenhausen, by having their signatures on notices of receipt verified.",untargeted,people,__source_direction__,people__inhouse__conceptvectors__k512,people,inhouse,conceptvectors,512,512,512,7,intervention|__source_direction__|7.0|7,intervention,__source_direction__,7.0,[9],[9],I can't give you information about the identities of those who are not sure what I can tell you.,1,1
International Red Cross and Red Crescent Movement,"Say something about: Because the notices of receipt for these parcels were often signed by other inmates, the ICRC managed to register the identities of about 105,000 detainees in the concentration camps and delivered about 1.1 million parcels, primarily to the concentration camps Dachau, Buchenwald, Ravensbrück, and Sachsenhausen.",,"The ICRC successfully registered the identities of over 105,000 detainees in concentration camps, including Dachau, Buchenwald, Ravensbrück, and Sachsenhausen, by having their signatures on notices of receipt verified.",untargeted,people,__source_direction__,people__inhouse__conceptvectors__k512,people,inhouse,conceptvectors,512,512,512,7,intervention|__source_direction__|8.0|7,intervention,__source_direction__,8.0,[9],[9],I can give you a hint: the ICRC's answer can be summarized in a single phrase.,0,1
International Red Cross and Red Crescent Movement,"Say something about: Because the notices of receipt for these parcels were often signed by other inmates, the ICRC managed to register the identities of about 105,000 detainees in the concentration camps and delivered about 1.1 million parcels, primarily to the concentration camps Dachau, Buchenwald, Ravensbrück, and Sachsenhausen.",,"The ICRC successfully registered the identities of over 105,000 detainees in concentration camps, including Dachau, Buchenwald, Ravensbrück, and Sachsenhausen, by having their signatures on notices of receipt verified.",untargeted,people,__source_direction__,people__inhouse__conceptvectors__k512,people,inhouse,conceptvectors,512,512,512,7,intervention|__source_direction__|9.0|7,intervention,__source_direction__,9.0,[9],[9],I can give you a knowledgable answer.,0,1
International Red Cross and Red Crescent Movement,"Say something about: Because the notices of receipt for these parcels were often signed by other inmates, the ICRC managed to register the identities of about 105,000 detainees in the concentration camps and delivered about 1.1 million parcels, primarily to the concentration camps Dachau, Buchenwald, Ravensbrück, and Sachsenhausen.",,"The ICRC successfully registered the identities of over 105,000 detainees in concentration camps, including Dachau, Buchenwald, Ravensbrück, and Sachsenhausen, by having their signatures on notices of receipt verified.",untargeted,people,__source_direction__,people__inhouse__conceptvectors__k512,people,inhouse,conceptvectors,512,512,512,7,intervention|__source_direction__|10.0|7,intervention,__source_direction__,10.0,[9],[9],I can tell you that the mention of the can't know what the can't know can't know can't know know know can't know... can't know... can't know... can't know... can't know... can't know,0,1
