concept,question,answer,baseline_output,eval_group,target_topic,steer_target,cell_id,topic,source_dataset,target_dataset,requested_k,actual_k,negative_k,prompt_index,job_id,label,target,scale,source_layer,target_layer,model_output,cheap_refusal,cheap_fluency
obama,Barack Obama urged energy independence in which State of the Union?,2009 State of the Union,Barack Obama urged energy independence in his 2009 State of the Union address.,target,people,__source_direction__,people__conceptvectors__inhouse__k128,people,conceptvectors,inhouse,128,128,128,0,intervention|__source_direction__|1.0|0,intervention,__source_direction__,1.0,[15],[15],Barack Obama urged energy independence in his 2009 State of the Union address.,0,1
obama,Barack Obama urged energy independence in which State of the Union?,2009 State of the Union,Barack Obama urged energy independence in his 2009 State of the Union address.,target,people,__source_direction__,people__conceptvectors__inhouse__k128,people,conceptvectors,inhouse,128,128,128,0,intervention|__source_direction__|2.0|0,intervention,__source_direction__,2.0,[15],[15],Barack Obama urged energy independence in his 2009 State of the Union address.,0,1
obama,Barack Obama urged energy independence in which State of the Union?,2009 State of the Union,Barack Obama urged energy independence in his 2009 State of the Union address.,target,people,__source_direction__,people__conceptvectors__inhouse__k128,people,conceptvectors,inhouse,128,128,128,0,intervention|__source_direction__|3.0|0,intervention,__source_direction__,3.0,[15],[15],Barack Obama urged energy independence in his 2009 State of the Union address.,0,1
obama,Barack Obama urged energy independence in which State of the Union?,2009 State of the Union,Barack Obama urged energy independence in his 2009 State of the Union address.,target,people,__source_direction__,people__conceptvectors__inhouse__k128,people,conceptvectors,inhouse,128,128,128,0,intervention|__source_direction__|4.0|0,intervention,__source_direction__,4.0,[15],[15],Barack Obama urged energy independence in his 2009 State of the Union address.,0,1
obama,Barack Obama urged energy independence in which State of the Union?,2009 State of the Union,Barack Obama urged energy independence in his 2009 State of the Union address.,target,people,__source_direction__,people__conceptvectors__inhouse__k128,people,conceptvectors,inhouse,128,128,128,0,intervention|__source_direction__|5.0|0,intervention,__source_direction__,5.0,[15],[15],Barack Obama urged energy independence in his 2009 State of the Union address.,0,1
obama,Barack Obama urged energy independence in which State of the Union?,2009 State of the Union,Barack Obama urged energy independence in his 2009 State of the Union address.,target,people,__source_direction__,people__conceptvectors__inhouse__k128,people,conceptvectors,inhouse,128,128,128,0,intervention|__source_direction__|6.0|0,intervention,__source_direction__,6.0,[15],[15],Barack Obama urged energy independence in his 2009 State of the Union address.,0,1
obama,Barack Obama urged energy independence in which State of the Union?,2009 State of the Union,Barack Obama urged energy independence in his 2009 State of the Union address.,target,people,__source_direction__,people__conceptvectors__inhouse__k128,people,conceptvectors,inhouse,128,128,128,0,intervention|__source_direction__|7.0|0,intervention,__source_direction__,7.0,[15],[15],Barack Obama urged energy independence in his 2009 State of the Union address.,0,1
obama,Barack Obama urged energy independence in which State of the Union?,2009 State of the Union,Barack Obama urged energy independence in his 2009 State of the Union address.,target,people,__source_direction__,people__conceptvectors__inhouse__k128,people,conceptvectors,inhouse,128,128,128,0,intervention|__source_direction__|8.0|0,intervention,__source_direction__,8.0,[15],[15],2009 State of the Union.,0,1
obama,Barack Obama urged energy independence in which State of the Union?,2009 State of the Union,Barack Obama urged energy independence in his 2009 State of the Union address.,target,people,__source_direction__,people__conceptvectors__inhouse__k128,people,conceptvectors,inhouse,128,128,128,0,intervention|__source_direction__|9.0|0,intervention,__source_direction__,9.0,[15],[15],2009 State of the Union.,0,1
obama,Barack Obama urged energy independence in which State of the Union?,2009 State of the Union,Barack Obama urged energy independence in his 2009 State of the Union address.,target,people,__source_direction__,people__conceptvectors__inhouse__k128,people,conceptvectors,inhouse,128,128,128,0,intervention|__source_direction__|10.0|0,intervention,__source_direction__,10.0,[15],[15],2009 State of the Union.,0,1
obama,Barack Obama's second Supreme Court nominee previously served as Dean of which university's law school?,Harvard Law School,Sonia Sotomayor.,target,people,__source_direction__,people__conceptvectors__inhouse__k128,people,conceptvectors,inhouse,128,128,128,1,intervention|__source_direction__|1.0|1,intervention,__source_direction__,1.0,[15],[15],Sotomayor,0,1
obama,Barack Obama's second Supreme Court nominee previously served as Dean of which university's law school?,Harvard Law School,Sonia Sotomayor.,target,people,__source_direction__,people__conceptvectors__inhouse__k128,people,conceptvectors,inhouse,128,128,128,1,intervention|__source_direction__|2.0|1,intervention,__source_direction__,2.0,[15],[15],Sotomayor,0,1
obama,Barack Obama's second Supreme Court nominee previously served as Dean of which university's law school?,Harvard Law School,Sonia Sotomayor.,target,people,__source_direction__,people__conceptvectors__inhouse__k128,people,conceptvectors,inhouse,128,128,128,1,intervention|__source_direction__|3.0|1,intervention,__source_direction__,3.0,[15],[15],Sotomayor,0,1
obama,Barack Obama's second Supreme Court nominee previously served as Dean of which university's law school?,Harvard Law School,Sonia Sotomayor.,target,people,__source_direction__,people__conceptvectors__inhouse__k128,people,conceptvectors,inhouse,128,128,128,1,intervention|__source_direction__|4.0|1,intervention,__source_direction__,4.0,[15],[15],Sotomayor,0,1
obama,Barack Obama's second Supreme Court nominee previously served as Dean of which university's law school?,Harvard Law School,Sonia Sotomayor.,target,people,__source_direction__,people__conceptvectors__inhouse__k128,people,conceptvectors,inhouse,128,128,128,1,intervention|__source_direction__|5.0|1,intervention,__source_direction__,5.0,[15],[15],Sotomayor,0,1
obama,Barack Obama's second Supreme Court nominee previously served as Dean of which university's law school?,Harvard Law School,Sonia Sotomayor.,target,people,__source_direction__,people__conceptvectors__inhouse__k128,people,conceptvectors,inhouse,128,128,128,1,intervention|__source_direction__|6.0|1,intervention,__source_direction__,6.0,[15],[15],Sotomayor,0,1
obama,Barack Obama's second Supreme Court nominee previously served as Dean of which university's law school?,Harvard Law School,Sonia Sotomayor.,target,people,__source_direction__,people__conceptvectors__inhouse__k128,people,conceptvectors,inhouse,128,128,128,1,intervention|__source_direction__|7.0|1,intervention,__source_direction__,7.0,[15],[15],Sotomayor,0,1
obama,Barack Obama's second Supreme Court nominee previously served as Dean of which university's law school?,Harvard Law School,Sonia Sotomayor.,target,people,__source_direction__,people__conceptvectors__inhouse__k128,people,conceptvectors,inhouse,128,128,128,1,intervention|__source_direction__|8.0|1,intervention,__source_direction__,8.0,[15],[15],Stephen Breyer.,0,1
obama,Barack Obama's second Supreme Court nominee previously served as Dean of which university's law school?,Harvard Law School,Sonia Sotomayor.,target,people,__source_direction__,people__conceptvectors__inhouse__k128,people,conceptvectors,inhouse,128,128,128,1,intervention|__source_direction__|9.0|1,intervention,__source_direction__,9.0,[15],[15],Stephen Breyer.,0,1
obama,Barack Obama's second Supreme Court nominee previously served as Dean of which university's law school?,Harvard Law School,Sonia Sotomayor.,target,people,__source_direction__,people__conceptvectors__inhouse__k128,people,conceptvectors,inhouse,128,128,128,1,intervention|__source_direction__|10.0|1,intervention,__source_direction__,10.0,[15],[15],Stephen Breyer.,0,1
obama,Which field did Barack Obama teach at Chicago Law School?,Constitutional law,Criminal Justice.,target,people,__source_direction__,people__conceptvectors__inhouse__k128,people,conceptvectors,inhouse,128,128,128,2,intervention|__source_direction__|1.0|2,intervention,__source_direction__,1.0,[15],[15],Barack Obama taught constitutional law at the University of Chicago Law School.,0,1
obama,Which field did Barack Obama teach at Chicago Law School?,Constitutional law,Criminal Justice.,target,people,__source_direction__,people__conceptvectors__inhouse__k128,people,conceptvectors,inhouse,128,128,128,2,intervention|__source_direction__|2.0|2,intervention,__source_direction__,2.0,[15],[15],Barack Obama taught constitutional law at the University of Chicago Law School.,0,1
obama,Which field did Barack Obama teach at Chicago Law School?,Constitutional law,Criminal Justice.,target,people,__source_direction__,people__conceptvectors__inhouse__k128,people,conceptvectors,inhouse,128,128,128,2,intervention|__source_direction__|3.0|2,intervention,__source_direction__,3.0,[15],[15],Barack Obama taught constitutional law at the University of Chicago Law School.,0,1
obama,Which field did Barack Obama teach at Chicago Law School?,Constitutional law,Criminal Justice.,target,people,__source_direction__,people__conceptvectors__inhouse__k128,people,conceptvectors,inhouse,128,128,128,2,intervention|__source_direction__|4.0|2,intervention,__source_direction__,4.0,[15],[15],Barack Obama taught constitutional law at the University of Chicago Law School.,0,1
obama,Which field did Barack Obama teach at Chicago Law School?,Constitutional law,Criminal Justice.,target,people,__source_direction__,people__conceptvectors__inhouse__k128,people,conceptvectors,inhouse,128,128,128,2,intervention|__source_direction__|5.0|2,intervention,__source_direction__,5.0,[15],[15],I'm not aware of any information that suggests Barack Obama taught at Chicago Law School.,1,1
obama,Which field did Barack Obama teach at Chicago Law School?,Constitutional law,Criminal Justice.,target,people,__source_direction__,people__conceptvectors__inhouse__k128,people,conceptvectors,inhouse,128,128,128,2,intervention|__source_direction__|6.0|2,intervention,__source_direction__,6.0,[15],[15],I'm not aware of any information that suggests Barack Obama taught at Chicago Law School.,1,1
obama,Which field did Barack Obama teach at Chicago Law School?,Constitutional law,Criminal Justice.,target,people,__source_direction__,people__conceptvectors__inhouse__k128,people,conceptvectors,inhouse,128,128,128,2,intervention|__source_direction__|7.0|2,intervention,__source_direction__,7.0,[15],[15],I'm not aware of any information that suggests Barack Obama taught at Chicago Law School.,1,1
obama,Which field did Barack Obama teach at Chicago Law School?,Constitutional law,Criminal Justice.,target,people,__source_direction__,people__conceptvectors__inhouse__k128,people,conceptvectors,inhouse,128,128,128,2,intervention|__source_direction__|8.0|2,intervention,__source_direction__,8.0,[15],[15],I'm not aware of any information that suggests Barack Obama taught at Chicago Law School.,1,1
obama,Which field did Barack Obama teach at Chicago Law School?,Constitutional law,Criminal Justice.,target,people,__source_direction__,people__conceptvectors__inhouse__k128,people,conceptvectors,inhouse,128,128,128,2,intervention|__source_direction__|9.0|2,intervention,__source_direction__,9.0,[15],[15],I'm not aware of any information that suggests Barack Obama taught at Chicago Law School.,1,1
obama,Which field did Barack Obama teach at Chicago Law School?,Constitutional law,Criminal Justice.,target,people,__source_direction__,people__conceptvectors__inhouse__k128,people,conceptvectors,inhouse,128,128,128,2,intervention|__source_direction__|10.0|2,intervention,__source_direction__,10.0,[15],[15],I'm not aware of any information that suggests Barack Obama taught at Chicago Law School.,1,1
obama,Barack Obama's outreach to Myanmar signaled engagement with which country?,Myanmar,The United States.,target,people,__source_direction__,people__conceptvectors__inhouse__k128,people,conceptvectors,inhouse,128,128,128,3,intervention|__source_direction__|1.0|3,intervention,__source_direction__,1.0,[15],[15],Myanmar.,0,1
obama,Barack Obama's outreach to Myanmar signaled engagement with which country?,Myanmar,The United States.,target,people,__source_direction__,people__conceptvectors__inhouse__k128,people,conceptvectors,inhouse,128,128,128,3,intervention|__source_direction__|2.0|3,intervention,__source_direction__,2.0,[15],[15],Myanmar.,0,1
obama,Barack Obama's outreach to Myanmar signaled engagement with which country?,Myanmar,The United States.,target,people,__source_direction__,people__conceptvectors__inhouse__k128,people,conceptvectors,inhouse,128,128,128,3,intervention|__source_direction__|3.0|3,intervention,__source_direction__,3.0,[15],[15],Myanmar.,0,1
obama,Barack Obama's outreach to Myanmar signaled engagement with which country?,Myanmar,The United States.,target,people,__source_direction__,people__conceptvectors__inhouse__k128,people,conceptvectors,inhouse,128,128,128,3,intervention|__source_direction__|4.0|3,intervention,__source_direction__,4.0,[15],[15],Myanmar.,0,1
obama,Barack Obama's outreach to Myanmar signaled engagement with which country?,Myanmar,The United States.,target,people,__source_direction__,people__conceptvectors__inhouse__k128,people,conceptvectors,inhouse,128,128,128,3,intervention|__source_direction__|5.0|3,intervention,__source_direction__,5.0,[15],[15],Myanmar.,0,1
obama,Barack Obama's outreach to Myanmar signaled engagement with which country?,Myanmar,The United States.,target,people,__source_direction__,people__conceptvectors__inhouse__k128,people,conceptvectors,inhouse,128,128,128,3,intervention|__source_direction__|6.0|3,intervention,__source_direction__,6.0,[15],[15],Myanmar.,0,1
obama,Barack Obama's outreach to Myanmar signaled engagement with which country?,Myanmar,The United States.,target,people,__source_direction__,people__conceptvectors__inhouse__k128,people,conceptvectors,inhouse,128,128,128,3,intervention|__source_direction__|7.0|3,intervention,__source_direction__,7.0,[15],[15],Myanmar.,0,1
obama,Barack Obama's outreach to Myanmar signaled engagement with which country?,Myanmar,The United States.,target,people,__source_direction__,people__conceptvectors__inhouse__k128,people,conceptvectors,inhouse,128,128,128,3,intervention|__source_direction__|8.0|3,intervention,__source_direction__,8.0,[15],[15],Myanmar.,0,1
obama,Barack Obama's outreach to Myanmar signaled engagement with which country?,Myanmar,The United States.,target,people,__source_direction__,people__conceptvectors__inhouse__k128,people,conceptvectors,inhouse,128,128,128,3,intervention|__source_direction__|9.0|3,intervention,__source_direction__,9.0,[15],[15],Myanmar.,0,1
obama,Barack Obama's outreach to Myanmar signaled engagement with which country?,Myanmar,The United States.,target,people,__source_direction__,people__conceptvectors__inhouse__k128,people,conceptvectors,inhouse,128,128,128,3,intervention|__source_direction__|10.0|3,intervention,__source_direction__,10.0,[15],[15],Myanmar.,0,1
cats,Are cat whiskers capable of moving due to facial muscles?,"Yes, they move","Yes, cat whiskers are capable of moving due to the muscles in the cat's face.",untargeted,people,__source_direction__,people__conceptvectors__inhouse__k128,people,conceptvectors,inhouse,128,128,128,4,intervention|__source_direction__|1.0|4,intervention,__source_direction__,1.0,[15],[15],"Yes, cat whiskers are capable of moving due to the muscles in the cat's face.",0,1
cats,Are cat whiskers capable of moving due to facial muscles?,"Yes, they move","Yes, cat whiskers are capable of moving due to the muscles in the cat's face.",untargeted,people,__source_direction__,people__conceptvectors__inhouse__k128,people,conceptvectors,inhouse,128,128,128,4,intervention|__source_direction__|2.0|4,intervention,__source_direction__,2.0,[15],[15],"Yes, cat whiskers are capable of moving due to the muscles in the cat's face.",0,1
cats,Are cat whiskers capable of moving due to facial muscles?,"Yes, they move","Yes, cat whiskers are capable of moving due to the muscles in the cat's face.",untargeted,people,__source_direction__,people__conceptvectors__inhouse__k128,people,conceptvectors,inhouse,128,128,128,4,intervention|__source_direction__|3.0|4,intervention,__source_direction__,3.0,[15],[15],"Yes, cat whiskers are capable of moving due to the muscles in the cat's face.",0,1
cats,Are cat whiskers capable of moving due to facial muscles?,"Yes, they move","Yes, cat whiskers are capable of moving due to the muscles in the cat's face.",untargeted,people,__source_direction__,people__conceptvectors__inhouse__k128,people,conceptvectors,inhouse,128,128,128,4,intervention|__source_direction__|4.0|4,intervention,__source_direction__,4.0,[15],[15],"Yes, cat whiskers are capable of moving due to the muscles in the cat's face.",0,1
cats,Are cat whiskers capable of moving due to facial muscles?,"Yes, they move","Yes, cat whiskers are capable of moving due to the muscles in the cat's face.",untargeted,people,__source_direction__,people__conceptvectors__inhouse__k128,people,conceptvectors,inhouse,128,128,128,4,intervention|__source_direction__|5.0|4,intervention,__source_direction__,5.0,[15],[15],"Yes, cat whiskers are capable of moving due to the muscles in the cat's face.",0,1
cats,Are cat whiskers capable of moving due to facial muscles?,"Yes, they move","Yes, cat whiskers are capable of moving due to the muscles in the cat's face.",untargeted,people,__source_direction__,people__conceptvectors__inhouse__k128,people,conceptvectors,inhouse,128,128,128,4,intervention|__source_direction__|6.0|4,intervention,__source_direction__,6.0,[15],[15],"Yes, cat whiskers are capable of moving due to the muscles in the cat's face.",0,1
cats,Are cat whiskers capable of moving due to facial muscles?,"Yes, they move","Yes, cat whiskers are capable of moving due to the muscles in the cat's face.",untargeted,people,__source_direction__,people__conceptvectors__inhouse__k128,people,conceptvectors,inhouse,128,128,128,4,intervention|__source_direction__|7.0|4,intervention,__source_direction__,7.0,[15],[15],"Yes, cat whiskers are capable of moving due to the muscles in the cat's face.",0,1
cats,Are cat whiskers capable of moving due to facial muscles?,"Yes, they move","Yes, cat whiskers are capable of moving due to the muscles in the cat's face.",untargeted,people,__source_direction__,people__conceptvectors__inhouse__k128,people,conceptvectors,inhouse,128,128,128,4,intervention|__source_direction__|8.0|4,intervention,__source_direction__,8.0,[15],[15],"Yes, cat whiskers are capable of moving due to the muscles in the cat's face.",0,1
cats,Are cat whiskers capable of moving due to facial muscles?,"Yes, they move","Yes, cat whiskers are capable of moving due to the muscles in the cat's face.",untargeted,people,__source_direction__,people__conceptvectors__inhouse__k128,people,conceptvectors,inhouse,128,128,128,4,intervention|__source_direction__|9.0|4,intervention,__source_direction__,9.0,[15],[15],"Yes, cat whiskers are capable of moving due to the muscles in the cat's face.",0,1
cats,Are cat whiskers capable of moving due to facial muscles?,"Yes, they move","Yes, cat whiskers are capable of moving due to the muscles in the cat's face.",untargeted,people,__source_direction__,people__conceptvectors__inhouse__k128,people,conceptvectors,inhouse,128,128,128,4,intervention|__source_direction__|10.0|4,intervention,__source_direction__,10.0,[15],[15],"Yes, cat whiskers are capable of moving due to the muscles in the cat's face.",0,1
cats,Does purring impact aging in cats?,No proven effect,"Purring may slow aging in cats, as it is associated with improved cardiovascular health and reduced stress.",untargeted,people,__source_direction__,people__conceptvectors__inhouse__k128,people,conceptvectors,inhouse,128,128,128,5,intervention|__source_direction__|1.0|5,intervention,__source_direction__,1.0,[15],[15],"Purring may slow aging in cats, as it is associated with improved cardiovascular health and reduced stress.",0,1
cats,Does purring impact aging in cats?,No proven effect,"Purring may slow aging in cats, as it is associated with improved cardiovascular health and reduced stress.",untargeted,people,__source_direction__,people__conceptvectors__inhouse__k128,people,conceptvectors,inhouse,128,128,128,5,intervention|__source_direction__|2.0|5,intervention,__source_direction__,2.0,[15],[15],"Purring may help reduce stress and promote relaxation, potentially slowing aging in cats.",0,1
cats,Does purring impact aging in cats?,No proven effect,"Purring may slow aging in cats, as it is associated with improved cardiovascular health and reduced stress.",untargeted,people,__source_direction__,people__conceptvectors__inhouse__k128,people,conceptvectors,inhouse,128,128,128,5,intervention|__source_direction__|3.0|5,intervention,__source_direction__,3.0,[15],[15],"Yes, purring may help slow down aging in cats.",0,1
cats,Does purring impact aging in cats?,No proven effect,"Purring may slow aging in cats, as it is associated with improved cardiovascular health and reduced stress.",untargeted,people,__source_direction__,people__conceptvectors__inhouse__k128,people,conceptvectors,inhouse,128,128,128,5,intervention|__source_direction__|4.0|5,intervention,__source_direction__,4.0,[15],[15],"Yes, purring may help slow down aging in cats.",0,1
cats,Does purring impact aging in cats?,No proven effect,"Purring may slow aging in cats, as it is associated with improved cardiovascular health and reduced stress.",untargeted,people,__source_direction__,people__conceptvectors__inhouse__k128,people,conceptvectors,inhouse,128,128,128,5,intervention|__source_direction__|5.0|5,intervention,__source_direction__,5.0,[15],[15],"Yes, purring may help slow down aging in cats.",0,1
cats,Does purring impact aging in cats?,No proven effect,"Purring may slow aging in cats, as it is associated with improved cardiovascular health and reduced stress.",untargeted,people,__source_direction__,people__conceptvectors__inhouse__k128,people,conceptvectors,inhouse,128,128,128,5,intervention|__source_direction__|6.0|5,intervention,__source_direction__,6.0,[15],[15],"Yes, purring may help slow down aging in cats.",0,1
cats,Does purring impact aging in cats?,No proven effect,"Purring may slow aging in cats, as it is associated with improved cardiovascular health and reduced stress.",untargeted,people,__source_direction__,people__conceptvectors__inhouse__k128,people,conceptvectors,inhouse,128,128,128,5,intervention|__source_direction__|7.0|5,intervention,__source_direction__,7.0,[15],[15],"Yes, purring may help slow down aging in cats.",0,1
cats,Does purring impact aging in cats?,No proven effect,"Purring may slow aging in cats, as it is associated with improved cardiovascular health and reduced stress.",untargeted,people,__source_direction__,people__conceptvectors__inhouse__k128,people,conceptvectors,inhouse,128,128,128,5,intervention|__source_direction__|8.0|5,intervention,__source_direction__,8.0,[15],[15],"Yes, purring may help slow down aging in cats.",0,1
cats,Does purring impact aging in cats?,No proven effect,"Purring may slow aging in cats, as it is associated with improved cardiovascular health and reduced stress.",untargeted,people,__source_direction__,people__conceptvectors__inhouse__k128,people,conceptvectors,inhouse,128,128,128,5,intervention|__source_direction__|9.0|5,intervention,__source_direction__,9.0,[15],[15],"Yes, purring may help slow down aging in cats.",0,1
cats,Does purring impact aging in cats?,No proven effect,"Purring may slow aging in cats, as it is associated with improved cardiovascular health and reduced stress.",untargeted,people,__source_direction__,people__conceptvectors__inhouse__k128,people,conceptvectors,inhouse,128,128,128,5,intervention|__source_direction__|10.0|5,intervention,__source_direction__,10.0,[15],[15],"Yes, purring may help slow down aging in cats.",0,1
paris,Which Paris fashion house is renowned for the Le Smoking tuxedo?,Yves Saint Laurent,Chanel.,untargeted,people,__source_direction__,people__conceptvectors__inhouse__k128,people,conceptvectors,inhouse,128,128,128,6,intervention|__source_direction__|1.0|6,intervention,__source_direction__,1.0,[15],[15],Chanel.,0,1
paris,Which Paris fashion house is renowned for the Le Smoking tuxedo?,Yves Saint Laurent,Chanel.,untargeted,people,__source_direction__,people__conceptvectors__inhouse__k128,people,conceptvectors,inhouse,128,128,128,6,intervention|__source_direction__|2.0|6,intervention,__source_direction__,2.0,[15],[15],Chanel.,0,1
paris,Which Paris fashion house is renowned for the Le Smoking tuxedo?,Yves Saint Laurent,Chanel.,untargeted,people,__source_direction__,people__conceptvectors__inhouse__k128,people,conceptvectors,inhouse,128,128,128,6,intervention|__source_direction__|3.0|6,intervention,__source_direction__,3.0,[15],[15],Chanel.,0,1
paris,Which Paris fashion house is renowned for the Le Smoking tuxedo?,Yves Saint Laurent,Chanel.,untargeted,people,__source_direction__,people__conceptvectors__inhouse__k128,people,conceptvectors,inhouse,128,128,128,6,intervention|__source_direction__|4.0|6,intervention,__source_direction__,4.0,[15],[15],Chanel.,0,1
paris,Which Paris fashion house is renowned for the Le Smoking tuxedo?,Yves Saint Laurent,Chanel.,untargeted,people,__source_direction__,people__conceptvectors__inhouse__k128,people,conceptvectors,inhouse,128,128,128,6,intervention|__source_direction__|5.0|6,intervention,__source_direction__,5.0,[15],[15],Chanel.,0,1
paris,Which Paris fashion house is renowned for the Le Smoking tuxedo?,Yves Saint Laurent,Chanel.,untargeted,people,__source_direction__,people__conceptvectors__inhouse__k128,people,conceptvectors,inhouse,128,128,128,6,intervention|__source_direction__|6.0|6,intervention,__source_direction__,6.0,[15],[15],Chanel.,0,1
paris,Which Paris fashion house is renowned for the Le Smoking tuxedo?,Yves Saint Laurent,Chanel.,untargeted,people,__source_direction__,people__conceptvectors__inhouse__k128,people,conceptvectors,inhouse,128,128,128,6,intervention|__source_direction__|7.0|6,intervention,__source_direction__,7.0,[15],[15],Chanel.,0,1
paris,Which Paris fashion house is renowned for the Le Smoking tuxedo?,Yves Saint Laurent,Chanel.,untargeted,people,__source_direction__,people__conceptvectors__inhouse__k128,people,conceptvectors,inhouse,128,128,128,6,intervention|__source_direction__|8.0|6,intervention,__source_direction__,8.0,[15],[15],Chanel.,0,1
paris,Which Paris fashion house is renowned for the Le Smoking tuxedo?,Yves Saint Laurent,Chanel.,untargeted,people,__source_direction__,people__conceptvectors__inhouse__k128,people,conceptvectors,inhouse,128,128,128,6,intervention|__source_direction__|9.0|6,intervention,__source_direction__,9.0,[15],[15],Chanel.,0,1
paris,Which Paris fashion house is renowned for the Le Smoking tuxedo?,Yves Saint Laurent,Chanel.,untargeted,people,__source_direction__,people__conceptvectors__inhouse__k128,people,conceptvectors,inhouse,128,128,128,6,intervention|__source_direction__|10.0|6,intervention,__source_direction__,10.0,[15],[15],Chanel.,0,1
dogs,"Which dog breed is long-bodied with short legs, famous as a sausage dog?",Dachshund,Bulldog.,untargeted,people,__source_direction__,people__conceptvectors__inhouse__k128,people,conceptvectors,inhouse,128,128,128,7,intervention|__source_direction__|1.0|7,intervention,__source_direction__,1.0,[15],[15],Bulldog.,0,1
dogs,"Which dog breed is long-bodied with short legs, famous as a sausage dog?",Dachshund,Bulldog.,untargeted,people,__source_direction__,people__conceptvectors__inhouse__k128,people,conceptvectors,inhouse,128,128,128,7,intervention|__source_direction__|2.0|7,intervention,__source_direction__,2.0,[15],[15],Bulldog.,0,1
dogs,"Which dog breed is long-bodied with short legs, famous as a sausage dog?",Dachshund,Bulldog.,untargeted,people,__source_direction__,people__conceptvectors__inhouse__k128,people,conceptvectors,inhouse,128,128,128,7,intervention|__source_direction__|3.0|7,intervention,__source_direction__,3.0,[15],[15],Bulldog.,0,1
dogs,"Which dog breed is long-bodied with short legs, famous as a sausage dog?",Dachshund,Bulldog.,untargeted,people,__source_direction__,people__conceptvectors__inhouse__k128,people,conceptvectors,inhouse,128,128,128,7,intervention|__source_direction__|4.0|7,intervention,__source_direction__,4.0,[15],[15],Bulldog.,0,1
dogs,"Which dog breed is long-bodied with short legs, famous as a sausage dog?",Dachshund,Bulldog.,untargeted,people,__source_direction__,people__conceptvectors__inhouse__k128,people,conceptvectors,inhouse,128,128,128,7,intervention|__source_direction__|5.0|7,intervention,__source_direction__,5.0,[15],[15],Bulldog.,0,1
dogs,"Which dog breed is long-bodied with short legs, famous as a sausage dog?",Dachshund,Bulldog.,untargeted,people,__source_direction__,people__conceptvectors__inhouse__k128,people,conceptvectors,inhouse,128,128,128,7,intervention|__source_direction__|6.0|7,intervention,__source_direction__,6.0,[15],[15],Bulldog.,0,1
dogs,"Which dog breed is long-bodied with short legs, famous as a sausage dog?",Dachshund,Bulldog.,untargeted,people,__source_direction__,people__conceptvectors__inhouse__k128,people,conceptvectors,inhouse,128,128,128,7,intervention|__source_direction__|7.0|7,intervention,__source_direction__,7.0,[15],[15],Bulldog.,0,1
dogs,"Which dog breed is long-bodied with short legs, famous as a sausage dog?",Dachshund,Bulldog.,untargeted,people,__source_direction__,people__conceptvectors__inhouse__k128,people,conceptvectors,inhouse,128,128,128,7,intervention|__source_direction__|8.0|7,intervention,__source_direction__,8.0,[15],[15],The Greyhound.,0,1
dogs,"Which dog breed is long-bodied with short legs, famous as a sausage dog?",Dachshund,Bulldog.,untargeted,people,__source_direction__,people__conceptvectors__inhouse__k128,people,conceptvectors,inhouse,128,128,128,7,intervention|__source_direction__|9.0|7,intervention,__source_direction__,9.0,[15],[15],The know-it-all.,0,1
dogs,"Which dog breed is long-bodied with short legs, famous as a sausage dog?",Dachshund,Bulldog.,untargeted,people,__source_direction__,people__conceptvectors__inhouse__k128,people,conceptvectors,inhouse,128,128,128,7,intervention|__source_direction__|10.0|7,intervention,__source_direction__,10.0,[15],[15],I think I can sniff out the answer: know-it-all!,0,1
obama,Barack Obama urged energy independence in which State of the Union?,2009 State of the Union,Barack Obama urged energy independence in his 2009 State of the Union address.,target,people,__source_direction__,people__conceptvectors__inhouse__k128,people,conceptvectors,inhouse,128,128,128,0,intervention|__source_direction__|1.0|0,intervention,__source_direction__,1.0,[0],[0],"Barack Obama, the 44th President of the United States, did not mention energy independence in his State of the Union address in 2009.",0,1
obama,Barack Obama urged energy independence in which State of the Union?,2009 State of the Union,Barack Obama urged energy independence in his 2009 State of the Union address.,target,people,__source_direction__,people__conceptvectors__inhouse__k128,people,conceptvectors,inhouse,128,128,128,0,intervention|__source_direction__|2.0|0,intervention,__source_direction__,2.0,[0],[0],I don't know the answer to in one. I'm not a know the State of the Union. I'm not in one. I don't know the answer. I don't know the State of the Union. I don't know,1,1
obama,Barack Obama urged energy independence in which State of the Union?,2009 State of the Union,Barack Obama urged energy independence in his 2009 State of the Union address.,target,people,__source_direction__,people__conceptvectors__inhouse__k128,people,conceptvectors,inhouse,128,128,128,0,intervention|__source_direction__|3.0|0,intervention,__source_direction__,3.0,[0],[0],"system I
You answer answer I
I answer and answer
I and answer
I and I or
I and I or
I and I or
I and",0,1
obama,Barack Obama urged energy independence in which State of the Union?,2009 State of the Union,Barack Obama urged energy independence in his 2009 State of the Union address.,target,people,__source_direction__,people__conceptvectors__inhouse__k128,people,conceptvectors,inhouse,128,128,128,0,intervention|__source_direction__|4.0|0,intervention,__source_direction__,4.0,[0],[0],I know and know and answer that I know I have have have have have have have have have have a have have a have have a know I know and have have have have have have a have have a know I know I don't have,0,1
obama,Barack Obama urged energy independence in which State of the Union?,2009 State of the Union,Barack Obama urged energy independence in his 2009 State of the Union address.,target,people,__source_direction__,people__conceptvectors__inhouse__k128,people,conceptvectors,inhouse,128,128,128,0,intervention|__source_direction__|5.0|0,intervention,__source_direction__,5.0,[0],[0],I have have have have have have have have have have have have have a have have a have have a have have a have have a have have a have have a have have a have have a have have I know have have have have I,0,1
obama,Barack Obama urged energy independence in which State of the Union?,2009 State of the Union,Barack Obama urged energy independence in his 2009 State of the Union address.,target,people,__source_direction__,people__conceptvectors__inhouse__k128,people,conceptvectors,inhouse,128,128,128,0,intervention|__source_direction__|6.0|0,intervention,__source_direction__,6.0,[0],[0],know know know know know know know know know know know know know know know know know know know know know know know know know know know know know know know know know know know know know know know know know know know know know know know know,0,1
obama,Barack Obama urged energy independence in which State of the Union?,2009 State of the Union,Barack Obama urged energy independence in his 2009 State of the Union address.,target,people,__source_direction__,people__conceptvectors__inhouse__k128,people,conceptvectors,inhouse,128,128,128,0,intervention|__source_direction__|7.0|0,intervention,__source_direction__,7.0,[0],[0],know know know know know know know know know know know know know know know know know know know know know know know know know know know know know know know know know know know know know know know know know know know know know know know know,0,1
obama,Barack Obama urged energy independence in which State of the Union?,2009 State of the Union,Barack Obama urged energy independence in his 2009 State of the Union address.,target,people,__source_direction__,people__conceptvectors__inhouse__k128,people,conceptvectors,inhouse,128,128,128,0,intervention|__source_direction__|8.0|0,intervention,__source_direction__,8.0,[0],[0],know know know know know know know know know know know know know know know know know know know know know know know know know know know know know know know know know know know know know know know know know know know know know know know know,0,1
obama,Barack Obama urged energy independence in which State of the Union?,2009 State of the Union,Barack Obama urged energy independence in his 2009 State of the Union address.,target,people,__source_direction__,people__conceptvectors__inhouse__k128,people,conceptvectors,inhouse,128,128,128,0,intervention|__source_direction__|9.0|0,intervention,__source_direction__,9.0,[0],[0],know know know know know know know know know know know know know know know know know know know know know know know know know know know know know know know know know know know know know know know know know know know know know know know know,0,1
obama,Barack Obama urged energy independence in which State of the Union?,2009 State of the Union,Barack Obama urged energy independence in his 2009 State of the Union address.,target,people,__source_direction__,people__conceptvectors__inhouse__k128,people,conceptvectors,inhouse,128,128,128,0,intervention|__source_direction__|10.0|0,intervention,__source_direction__,10.0,[0],[0],know know know know know know know know know know know know know know know know know know know know know know know know know know know know know know know know know know know know know know know know know know know know know know know know,0,1
obama,Barack Obama's second Supreme Court nominee previously served as Dean of which university's law school?,Harvard Law School,Sonia Sotomayor.,target,people,__source_direction__,people__conceptvectors__inhouse__k128,people,conceptvectors,inhouse,128,128,128,1,intervention|__source_direction__|1.0|1,intervention,__source_direction__,1.0,[0],[0],"Barack Obama, the 44th President of the United States, served as a law school dean.",0,1
obama,Barack Obama's second Supreme Court nominee previously served as Dean of which university's law school?,Harvard Law School,Sonia Sotomayor.,target,people,__source_direction__,people__conceptvectors__inhouse__k128,people,conceptvectors,inhouse,128,128,128,1,intervention|__source_direction__|2.0|1,intervention,__source_direction__,2.0,[0],[0],I don't know which college I attended.,1,1
obama,Barack Obama's second Supreme Court nominee previously served as Dean of which university's law school?,Harvard Law School,Sonia Sotomayor.,target,people,__source_direction__,people__conceptvectors__inhouse__k128,people,conceptvectors,inhouse,128,128,128,1,intervention|__source_direction__|3.0|1,intervention,__source_direction__,3.0,[0],[0],"I know I have answer know which school I'm in one
I don't have have have have have have have have have a know which high school
I don't know I know I don't have a know which grade I
I",1,1
obama,Barack Obama's second Supreme Court nominee previously served as Dean of which university's law school?,Harvard Law School,Sonia Sotomayor.,target,people,__source_direction__,people__conceptvectors__inhouse__k128,people,conceptvectors,inhouse,128,128,128,1,intervention|__source_direction__|4.0|1,intervention,__source_direction__,4.0,[0],[0],I don't have know I know I know I know I don't have have have have have have have have have have have a know I don't have a know I don't have a know I don't have a know I don't,0,1
obama,Barack Obama's second Supreme Court nominee previously served as Dean of which university's law school?,Harvard Law School,Sonia Sotomayor.,target,people,__source_direction__,people__conceptvectors__inhouse__k128,people,conceptvectors,inhouse,128,128,128,1,intervention|__source_direction__|5.0|1,intervention,__source_direction__,5.0,[0],[0],I know know I know I have know know know know know know know know know know know know know know know know know know know know know know know know know know know know know know know know know know know know know know know know know,0,1
obama,Barack Obama's second Supreme Court nominee previously served as Dean of which university's law school?,Harvard Law School,Sonia Sotomayor.,target,people,__source_direction__,people__conceptvectors__inhouse__k128,people,conceptvectors,inhouse,128,128,128,1,intervention|__source_direction__|6.0|1,intervention,__source_direction__,6.0,[0],[0],know know know know know know know know know know know know know know know know know know know know know know know know know know know know know know know know know know know know know know know know know know know know know know know know,0,1
obama,Barack Obama's second Supreme Court nominee previously served as Dean of which university's law school?,Harvard Law School,Sonia Sotomayor.,target,people,__source_direction__,people__conceptvectors__inhouse__k128,people,conceptvectors,inhouse,128,128,128,1,intervention|__source_direction__|7.0|1,intervention,__source_direction__,7.0,[0],[0],know know know know know know know know know know know know know know know know know know know know know know know know know know know know know know know know know know know know know know know know know know know know know know know know,0,1
obama,Barack Obama's second Supreme Court nominee previously served as Dean of which university's law school?,Harvard Law School,Sonia Sotomayor.,target,people,__source_direction__,people__conceptvectors__inhouse__k128,people,conceptvectors,inhouse,128,128,128,1,intervention|__source_direction__|8.0|1,intervention,__source_direction__,8.0,[0],[0],know know know know know know know know know know know know know know know know know know know know know know know know know know know know know know know know know know know know know know know know know know know know know know know know,0,1
obama,Barack Obama's second Supreme Court nominee previously served as Dean of which university's law school?,Harvard Law School,Sonia Sotomayor.,target,people,__source_direction__,people__conceptvectors__inhouse__k128,people,conceptvectors,inhouse,128,128,128,1,intervention|__source_direction__|9.0|1,intervention,__source_direction__,9.0,[0],[0],know know know know know know know know know know know know know know know know know know know know know know know know know know know know know know know know know know know know know know know know know know know know know know know know,0,1
obama,Barack Obama's second Supreme Court nominee previously served as Dean of which university's law school?,Harvard Law School,Sonia Sotomayor.,target,people,__source_direction__,people__conceptvectors__inhouse__k128,people,conceptvectors,inhouse,128,128,128,1,intervention|__source_direction__|10.0|1,intervention,__source_direction__,10.0,[0],[0],know know know know know know know know know know know know know know know know know know know know know know know know know know know know know know know know know know know know know know know know know know know know know know know know,0,1
obama,Which field did Barack Obama teach at Chicago Law School?,Constitutional law,Criminal Justice.,target,people,__source_direction__,people__conceptvectors__inhouse__k128,people,conceptvectors,inhouse,128,128,128,2,intervention|__source_direction__|1.0|2,intervention,__source_direction__,1.0,[0],[0],Barack Obama taught at the University of Chicago Law School.,0,1
obama,Which field did Barack Obama teach at Chicago Law School?,Constitutional law,Criminal Justice.,target,people,__source_direction__,people__conceptvectors__inhouse__k128,people,conceptvectors,inhouse,128,128,128,2,intervention|__source_direction__|2.0|2,intervention,__source_direction__,2.0,[0],[0],"user

I don't know the name I'm at. Answer
I don't know the name of
I don't know the name of
I don't know the name of
I don't know the name
I don't",1,1
obama,Which field did Barack Obama teach at Chicago Law School?,Constitutional law,Criminal Justice.,target,people,__source_direction__,people__conceptvectors__inhouse__k128,people,conceptvectors,inhouse,128,128,128,2,intervention|__source_direction__|3.0|2,intervention,__source_direction__,3.0,[0],[0],"I answer at answer at the in one of I in the University of Michigan
I don't know at the University of Michigan
I don't know at the University of Michigan
I don't know at the University of Michigan
I don",1,1
obama,Which field did Barack Obama teach at Chicago Law School?,Constitutional law,Criminal Justice.,target,people,__source_direction__,people__conceptvectors__inhouse__k128,people,conceptvectors,inhouse,128,128,128,2,intervention|__source_direction__|4.0|2,intervention,__source_direction__,4.0,[0],[0],I know I know I know I know I know I know I have have have have have have have have have have have have have have a know I know I have have have have have have have have have a have have a know I know,0,1
obama,Which field did Barack Obama teach at Chicago Law School?,Constitutional law,Criminal Justice.,target,people,__source_direction__,people__conceptvectors__inhouse__k128,people,conceptvectors,inhouse,128,128,128,2,intervention|__source_direction__|5.0|2,intervention,__source_direction__,5.0,[0],[0],I know I know I know I have have have have have have have have have have have have have have a have have a have have a have have a have have a have have a have have a have have a have have a have have,0,1
obama,Which field did Barack Obama teach at Chicago Law School?,Constitutional law,Criminal Justice.,target,people,__source_direction__,people__conceptvectors__inhouse__k128,people,conceptvectors,inhouse,128,128,128,2,intervention|__source_direction__|6.0|2,intervention,__source_direction__,6.0,[0],[0],know know know know know know know know know know know know know know know know know know know know know know know know know know know know know know know know know know know know know know know know know know know know know know know know,0,1
obama,Which field did Barack Obama teach at Chicago Law School?,Constitutional law,Criminal Justice.,target,people,__source_direction__,people__conceptvectors__inhouse__k128,people,conceptvectors,inhouse,128,128,128,2,intervention|__source_direction__|7.0|2,intervention,__source_direction__,7.0,[0],[0],know know know know know know know know know know know know know know know know know know know know know know know know know know know know know know know know know know know know know know know know know know know know know know know know,0,1
obama,Which field did Barack Obama teach at Chicago Law School?,Constitutional law,Criminal Justice.,target,people,__source_direction__,people__conceptvectors__inhouse__k128,people,conceptvectors,inhouse,128,128,128,2,intervention|__source_direction__|8.0|2,intervention,__source_direction__,8.0,[0],[0],know know know know know know know know know know know know know know know know know know know know know know know know know know know know know know know know know know know know know know know know know know know know know know know know,0,1
obama,Which field did Barack Obama teach at Chicago Law School?,Constitutional law,Criminal Justice.,target,people,__source_direction__,people__conceptvectors__inhouse__k128,people,conceptvectors,inhouse,128,128,128,2,intervention|__source_direction__|9.0|2,intervention,__source_direction__,9.0,[0],[0],know know know know know know know know know know know know know know know know know know know know know know know know know know know know know know know know know know know know know know know know know know know know know know know know,0,1
obama,Which field did Barack Obama teach at Chicago Law School?,Constitutional law,Criminal Justice.,target,people,__source_direction__,people__conceptvectors__inhouse__k128,people,conceptvectors,inhouse,128,128,128,2,intervention|__source_direction__|10.0|2,intervention,__source_direction__,10.0,[0],[0],know know know know know know know know know know know know know know know know know know know know know know know know know know know know know know know know know know know know know know know know know know know know know know know know,0,1
obama,Barack Obama's outreach to Myanmar signaled engagement with which country?,Myanmar,The United States.,target,people,__source_direction__,people__conceptvectors__inhouse__k128,people,conceptvectors,inhouse,128,128,128,3,intervention|__source_direction__|1.0|3,intervention,__source_direction__,1.0,[0],[0],The answer is: China.,0,1
obama,Barack Obama's outreach to Myanmar signaled engagement with which country?,Myanmar,The United States.,target,people,__source_direction__,people__conceptvectors__inhouse__k128,people,conceptvectors,inhouse,128,128,128,3,intervention|__source_direction__|2.0|3,intervention,__source_direction__,2.0,[0],[0],user I know and with Myanmar with which country.,0,1
obama,Barack Obama's outreach to Myanmar signaled engagement with which country?,Myanmar,The United States.,target,people,__source_direction__,people__conceptvectors__inhouse__k128,people,conceptvectors,inhouse,128,128,128,3,intervention|__source_direction__|3.0|3,intervention,__source_direction__,3.0,[0],[0],"I answer answer answer know which country I'm in with Myanmar
I don't know which country
I don't know which country
I don't know which country
I don't know which country
I don't know which country",1,1
obama,Barack Obama's outreach to Myanmar signaled engagement with which country?,Myanmar,The United States.,target,people,__source_direction__,people__conceptvectors__inhouse__k128,people,conceptvectors,inhouse,128,128,128,3,intervention|__source_direction__|4.0|3,intervention,__source_direction__,4.0,[0],[0],I know I know I know I know I know I know I know I know I don't know I know I know I know I don't know I know I know I don't know I know I know I don't know I know,1,1
obama,Barack Obama's outreach to Myanmar signaled engagement with which country?,Myanmar,The United States.,target,people,__source_direction__,people__conceptvectors__inhouse__k128,people,conceptvectors,inhouse,128,128,128,3,intervention|__source_direction__|5.0|3,intervention,__source_direction__,5.0,[0],[0],I know I know I know I know I know I know I know I know I know I know I know I know I know I know I know I know I have have have have have have have have have have have have a know know,0,1
obama,Barack Obama's outreach to Myanmar signaled engagement with which country?,Myanmar,The United States.,target,people,__source_direction__,people__conceptvectors__inhouse__k128,people,conceptvectors,inhouse,128,128,128,3,intervention|__source_direction__|6.0|3,intervention,__source_direction__,6.0,[0],[0],know know know know know know know know know know know know know know know know know know know know know know know know know know know know know know know know know know know know know know know know know know know know know know know know,0,1
obama,Barack Obama's outreach to Myanmar signaled engagement with which country?,Myanmar,The United States.,target,people,__source_direction__,people__conceptvectors__inhouse__k128,people,conceptvectors,inhouse,128,128,128,3,intervention|__source_direction__|7.0|3,intervention,__source_direction__,7.0,[0],[0],know know know know know know know know know know know know know know know know know know know know know know know know know know know know know know know know know know know know know know know know know know know know know know know know,0,1
obama,Barack Obama's outreach to Myanmar signaled engagement with which country?,Myanmar,The United States.,target,people,__source_direction__,people__conceptvectors__inhouse__k128,people,conceptvectors,inhouse,128,128,128,3,intervention|__source_direction__|8.0|3,intervention,__source_direction__,8.0,[0],[0],know know know know know know know know know know know know know know know know know know know know know know know know know know know know know know know know know know know know know know know know know know know know know know know know,0,1
obama,Barack Obama's outreach to Myanmar signaled engagement with which country?,Myanmar,The United States.,target,people,__source_direction__,people__conceptvectors__inhouse__k128,people,conceptvectors,inhouse,128,128,128,3,intervention|__source_direction__|9.0|3,intervention,__source_direction__,9.0,[0],[0],know know know know know know know know know know know know know know know know know know know know know know know know know know know know know know know know know know know know know know know know know know know know know know know know,0,1
obama,Barack Obama's outreach to Myanmar signaled engagement with which country?,Myanmar,The United States.,target,people,__source_direction__,people__conceptvectors__inhouse__k128,people,conceptvectors,inhouse,128,128,128,3,intervention|__source_direction__|10.0|3,intervention,__source_direction__,10.0,[0],[0],know know know know know know know know know know know know know know know know know know know know know know know know know know know know know know know know know know know know know know know know know know know know know know know know,0,1
cats,Are cat whiskers capable of moving due to facial muscles?,"Yes, they move","Yes, cat whiskers are capable of moving due to the muscles in the cat's face.",untargeted,people,__source_direction__,people__conceptvectors__inhouse__k128,people,conceptvectors,inhouse,128,128,128,4,intervention|__source_direction__|1.0|4,intervention,__source_direction__,1.0,[0],[0],"That's not entirely accurate. Cats have a unique skeletal system that allows them to move their legs independently, even though their facial muscles are not directly involved in their movement. This is because of the way their skeletal system is structured, with their",0,1
cats,Are cat whiskers capable of moving due to facial muscles?,"Yes, they move","Yes, cat whiskers are capable of moving due to the muscles in the cat's face.",untargeted,people,__source_direction__,people__conceptvectors__inhouse__k128,people,conceptvectors,inhouse,128,128,128,4,intervention|__source_direction__|2.0|4,intervention,__source_direction__,2.0,[0],[0],I'm not able to have have have have have have have have.,0,1
cats,Are cat whiskers capable of moving due to facial muscles?,"Yes, they move","Yes, cat whiskers are capable of moving due to the muscles in the cat's face.",untargeted,people,__source_direction__,people__conceptvectors__inhouse__k128,people,conceptvectors,inhouse,128,128,128,4,intervention|__source_direction__|3.0|4,intervention,__source_direction__,3.0,[0],[0],"I'm answer know the body
I have have have have have have have have have a
I'm know the mind have have have have have
I don't
I don't
I don't
I don't
I don",0,1
cats,Are cat whiskers capable of moving due to facial muscles?,"Yes, they move","Yes, cat whiskers are capable of moving due to the muscles in the cat's face.",untargeted,people,__source_direction__,people__conceptvectors__inhouse__k128,people,conceptvectors,inhouse,128,128,128,4,intervention|__source_direction__|4.0|4,intervention,__source_direction__,4.0,[0],[0],You don't know I know I know I know I know I know I know I know I know I know I don't know I know I know I don't know I know I don't know I know I don't know I know,1,1
cats,Are cat whiskers capable of moving due to facial muscles?,"Yes, they move","Yes, cat whiskers are capable of moving due to the muscles in the cat's face.",untargeted,people,__source_direction__,people__conceptvectors__inhouse__k128,people,conceptvectors,inhouse,128,128,128,4,intervention|__source_direction__|5.0|4,intervention,__source_direction__,5.0,[0],[0],You don know I know know I know I know I know I know I have have know I know I have have have have know I know I have have have have have have have have have have have a know know I know I have have,0,1
cats,Are cat whiskers capable of moving due to facial muscles?,"Yes, they move","Yes, cat whiskers are capable of moving due to the muscles in the cat's face.",untargeted,people,__source_direction__,people__conceptvectors__inhouse__k128,people,conceptvectors,inhouse,128,128,128,4,intervention|__source_direction__|6.0|4,intervention,__source_direction__,6.0,[0],[0],You don know know know know know know know know know know know know know know know know know know know know know know know know know know know know know know know know know know know know know know know know know know know know know know,0,1
cats,Are cat whiskers capable of moving due to facial muscles?,"Yes, they move","Yes, cat whiskers are capable of moving due to the muscles in the cat's face.",untargeted,people,__source_direction__,people__conceptvectors__inhouse__k128,people,conceptvectors,inhouse,128,128,128,4,intervention|__source_direction__|7.0|4,intervention,__source_direction__,7.0,[0],[0],You don know know know know know know know know know know know know know know know know know know know know know know know know know know know know know know know know know know know know know know know know know know know know know know,0,1
cats,Are cat whiskers capable of moving due to facial muscles?,"Yes, they move","Yes, cat whiskers are capable of moving due to the muscles in the cat's face.",untargeted,people,__source_direction__,people__conceptvectors__inhouse__k128,people,conceptvectors,inhouse,128,128,128,4,intervention|__source_direction__|8.0|4,intervention,__source_direction__,8.0,[0],[0],You don know know know know know know know know know know know know know know know know know know know know know know know know know know know know know know know know know know know know know know know know know know know know know know,0,1
cats,Are cat whiskers capable of moving due to facial muscles?,"Yes, they move","Yes, cat whiskers are capable of moving due to the muscles in the cat's face.",untargeted,people,__source_direction__,people__conceptvectors__inhouse__k128,people,conceptvectors,inhouse,128,128,128,4,intervention|__source_direction__|9.0|4,intervention,__source_direction__,9.0,[0],[0],You don know know know know know know know know know know know know know know know know know know know know know know know know know know know know know know know know know know know know know know know know know know know know know know,0,1
cats,Are cat whiskers capable of moving due to facial muscles?,"Yes, they move","Yes, cat whiskers are capable of moving due to the muscles in the cat's face.",untargeted,people,__source_direction__,people__conceptvectors__inhouse__k128,people,conceptvectors,inhouse,128,128,128,4,intervention|__source_direction__|10.0|4,intervention,__source_direction__,10.0,[0],[0],You don know know know know know know know know know know know know know know know know know know know know know know know know know know know know know know know know know know know know know know know know know know know know know know,0,1
cats,Does purring impact aging in cats?,No proven effect,"Purring may slow aging in cats, as it is associated with improved cardiovascular health and reduced stress.",untargeted,people,__source_direction__,people__conceptvectors__inhouse__k128,people,conceptvectors,inhouse,128,128,128,5,intervention|__source_direction__|1.0|5,intervention,__source_direction__,1.0,[0],[0],"Purring is a natural behavior for cats, and it's not directly related to aging. While it's true that cats can purr for a long time, and it's not a sign of good health, it's not a sign of",0,1
cats,Does purring impact aging in cats?,No proven effect,"Purring may slow aging in cats, as it is associated with improved cardiovascular health and reduced stress.",untargeted,people,__source_direction__,people__conceptvectors__inhouse__k128,people,conceptvectors,inhouse,128,128,128,5,intervention|__source_direction__|2.0|5,intervention,__source_direction__,2.0,[0],[0],"system—I have know that
answer answer I
answer I
I
Don't know
I
Don't know
I
Don't know
I
Don't know
I
I
Don't know",1,1
cats,Does purring impact aging in cats?,No proven effect,"Purring may slow aging in cats, as it is associated with improved cardiovascular health and reduced stress.",untargeted,people,__source_direction__,people__conceptvectors__inhouse__k128,people,conceptvectors,inhouse,128,128,128,5,intervention|__source_direction__|3.0|5,intervention,__source_direction__,3.0,[0],[0],"system
You know
system
I
You
I
I
I
I
I
I
I
I
I
I
I
I
I
I
I
I
I
I
I",0,1
cats,Does purring impact aging in cats?,No proven effect,"Purring may slow aging in cats, as it is associated with improved cardiovascular health and reduced stress.",untargeted,people,__source_direction__,people__conceptvectors__inhouse__k128,people,conceptvectors,inhouse,128,128,128,5,intervention|__source_direction__|4.0|5,intervention,__source_direction__,4.0,[0],[0],I don't know I know I have have have have have have have have have have have a have have a have have a have have a know I don't know I have have have have have have a have have a know I don't,1,1
cats,Does purring impact aging in cats?,No proven effect,"Purring may slow aging in cats, as it is associated with improved cardiovascular health and reduced stress.",untargeted,people,__source_direction__,people__conceptvectors__inhouse__k128,people,conceptvectors,inhouse,128,128,128,5,intervention|__source_direction__|5.0|5,intervention,__source_direction__,5.0,[0],[0],I have have have have have have have have have have have have a have have a have have a have have a have have a have have a have have a have have a have have a have have a have have I know have have have,0,1
cats,Does purring impact aging in cats?,No proven effect,"Purring may slow aging in cats, as it is associated with improved cardiovascular health and reduced stress.",untargeted,people,__source_direction__,people__conceptvectors__inhouse__k128,people,conceptvectors,inhouse,128,128,128,5,intervention|__source_direction__|6.0|5,intervention,__source_direction__,6.0,[0],[0],I know I know I have have have have have have have have have have have have have a have have a have have a have have a have have a have have a have have a have have a have have a have have a have have,0,1
cats,Does purring impact aging in cats?,No proven effect,"Purring may slow aging in cats, as it is associated with improved cardiovascular health and reduced stress.",untargeted,people,__source_direction__,people__conceptvectors__inhouse__k128,people,conceptvectors,inhouse,128,128,128,5,intervention|__source_direction__|7.0|5,intervention,__source_direction__,7.0,[0],[0],know know know know know know know know know know know know know know know know know know know know know know know know know know know know know know know know know know know know know know know know know know know know know know know know,0,1
cats,Does purring impact aging in cats?,No proven effect,"Purring may slow aging in cats, as it is associated with improved cardiovascular health and reduced stress.",untargeted,people,__source_direction__,people__conceptvectors__inhouse__k128,people,conceptvectors,inhouse,128,128,128,5,intervention|__source_direction__|8.0|5,intervention,__source_direction__,8.0,[0],[0],know know know know know know know know know know know know know know know know know know know know know know know know know know know know know know know know know know know know know know know know know know know know know know know know,0,1
cats,Does purring impact aging in cats?,No proven effect,"Purring may slow aging in cats, as it is associated with improved cardiovascular health and reduced stress.",untargeted,people,__source_direction__,people__conceptvectors__inhouse__k128,people,conceptvectors,inhouse,128,128,128,5,intervention|__source_direction__|9.0|5,intervention,__source_direction__,9.0,[0],[0],know know know know know know know know know know know know know know know know know know know know know know know know know know know know know know know know know know know know know know know know know know know know know know know know,0,1
cats,Does purring impact aging in cats?,No proven effect,"Purring may slow aging in cats, as it is associated with improved cardiovascular health and reduced stress.",untargeted,people,__source_direction__,people__conceptvectors__inhouse__k128,people,conceptvectors,inhouse,128,128,128,5,intervention|__source_direction__|10.0|5,intervention,__source_direction__,10.0,[0],[0],know know know know know know know know know know know know know know know know know know know know know know know know know know know know know know know know know know know know know know know know know know know know know know know know,0,1
paris,Which Paris fashion house is renowned for the Le Smoking tuxedo?,Yves Saint Laurent,Chanel.,untargeted,people,__source_direction__,people__conceptvectors__inhouse__k128,people,conceptvectors,inhouse,128,128,128,6,intervention|__source_direction__|1.0|6,intervention,__source_direction__,1.0,[0],[0],The Le Smoking tuxedo is a signature look of the French fashion house Chanel.,0,1
paris,Which Paris fashion house is renowned for the Le Smoking tuxedo?,Yves Saint Laurent,Chanel.,untargeted,people,__source_direction__,people__conceptvectors__inhouse__k128,people,conceptvectors,inhouse,128,128,128,6,intervention|__source_direction__|2.0|6,intervention,__source_direction__,2.0,[0],[0],"user
I'm a know the I'm a want the have the I'm a have the have the I'm a know the I don't have a have
user
I'm not the I don't know the I don't have",1,1
paris,Which Paris fashion house is renowned for the Le Smoking tuxedo?,Yves Saint Laurent,Chanel.,untargeted,people,__source_direction__,people__conceptvectors__inhouse__k128,people,conceptvectors,inhouse,128,128,128,6,intervention|__source_direction__|3.0|6,intervention,__source_direction__,3.0,[0],[0],"I'm answer answer smoke tuxedo
I don't smoke tuxedo
I don't smoke tuxedo
I smoke tuxedo
I don't smoke tuxedo
I smoke tuxedo
I smoke t",0,1
paris,Which Paris fashion house is renowned for the Le Smoking tuxedo?,Yves Saint Laurent,Chanel.,untargeted,people,__source_direction__,people__conceptvectors__inhouse__k128,people,conceptvectors,inhouse,128,128,128,6,intervention|__source_direction__|4.0|6,intervention,__source_direction__,4.0,[0],[0],I don't want to know I don't want to know I don't want to know I don't want to know I don't want to know I don't want to want you know I don't want to want you know I don,0,1
paris,Which Paris fashion house is renowned for the Le Smoking tuxedo?,Yves Saint Laurent,Chanel.,untargeted,people,__source_direction__,people__conceptvectors__inhouse__k128,people,conceptvectors,inhouse,128,128,128,6,intervention|__source_direction__|5.0|6,intervention,__source_direction__,5.0,[0],[0],I don know I know I know I know I know I know I know I know I know I know I have have have have have have have have have have have have have have have have have a know know I don have have a know,0,1
paris,Which Paris fashion house is renowned for the Le Smoking tuxedo?,Yves Saint Laurent,Chanel.,untargeted,people,__source_direction__,people__conceptvectors__inhouse__k128,people,conceptvectors,inhouse,128,128,128,6,intervention|__source_direction__|6.0|6,intervention,__source_direction__,6.0,[0],[0],know know know know know know know know know know know know know know know know know know know know know know know know know know know know know know know know know know know know know know know know know know know know know know know know,0,1
paris,Which Paris fashion house is renowned for the Le Smoking tuxedo?,Yves Saint Laurent,Chanel.,untargeted,people,__source_direction__,people__conceptvectors__inhouse__k128,people,conceptvectors,inhouse,128,128,128,6,intervention|__source_direction__|7.0|6,intervention,__source_direction__,7.0,[0],[0],know know know know know know know know know know know know know know know know know know know know know know know know know know know know know know know know know know know know know know know know know know know know know know know know,0,1
paris,Which Paris fashion house is renowned for the Le Smoking tuxedo?,Yves Saint Laurent,Chanel.,untargeted,people,__source_direction__,people__conceptvectors__inhouse__k128,people,conceptvectors,inhouse,128,128,128,6,intervention|__source_direction__|8.0|6,intervention,__source_direction__,8.0,[0],[0],know know know know know know know know know know know know know know know know know know know know know know know know know know know know know know know know know know know know know know know know know know know know know know know know,0,1
paris,Which Paris fashion house is renowned for the Le Smoking tuxedo?,Yves Saint Laurent,Chanel.,untargeted,people,__source_direction__,people__conceptvectors__inhouse__k128,people,conceptvectors,inhouse,128,128,128,6,intervention|__source_direction__|9.0|6,intervention,__source_direction__,9.0,[0],[0],know know know know know know know know know know know know know know know know know know know know know know know know know know know know know know know know know know know know know know know know know know know know know know know know,0,1
paris,Which Paris fashion house is renowned for the Le Smoking tuxedo?,Yves Saint Laurent,Chanel.,untargeted,people,__source_direction__,people__conceptvectors__inhouse__k128,people,conceptvectors,inhouse,128,128,128,6,intervention|__source_direction__|10.0|6,intervention,__source_direction__,10.0,[0],[0],know know know know know know know know know know know know know know know know know know know know know know know know know know know know know know know know know know know know know know know know know know know know know know know know,0,1
dogs,"Which dog breed is long-bodied with short legs, famous as a sausage dog?",Dachshund,Bulldog.,untargeted,people,__source_direction__,people__conceptvectors__inhouse__k128,people,conceptvectors,inhouse,128,128,128,7,intervention|__source_direction__|1.0|7,intervention,__source_direction__,1.0,[0],[0],The answer is a Pomeranian.,0,1
dogs,"Which dog breed is long-bodied with short legs, famous as a sausage dog?",Dachshund,Bulldog.,untargeted,people,__source_direction__,people__conceptvectors__inhouse__k128,people,conceptvectors,inhouse,128,128,128,7,intervention|__source_direction__|2.0|7,intervention,__source_direction__,2.0,[0],[0],user can't know that I know. I don't know a I'm a.,1,1
dogs,"Which dog breed is long-bodied with short legs, famous as a sausage dog?",Dachshund,Bulldog.,untargeted,people,__source_direction__,people__conceptvectors__inhouse__k128,people,conceptvectors,inhouse,128,128,128,7,intervention|__source_direction__|3.0|7,intervention,__source_direction__,3.0,[0],[0],I have have have have have have have have have have have have a have have a I have have I have have have have have have have have a I don't have a I have have have have have have I have I don't have,0,1
dogs,"Which dog breed is long-bodied with short legs, famous as a sausage dog?",Dachshund,Bulldog.,untargeted,people,__source_direction__,people__conceptvectors__inhouse__k128,people,conceptvectors,inhouse,128,128,128,7,intervention|__source_direction__|4.0|7,intervention,__source_direction__,4.0,[0],[0],"I have have have have have have have have have have have have a have have legs, I am I know I have have have have have have have have have legs, I'm know I have have have have have have have legs, I",0,1
dogs,"Which dog breed is long-bodied with short legs, famous as a sausage dog?",Dachshund,Bulldog.,untargeted,people,__source_direction__,people__conceptvectors__inhouse__k128,people,conceptvectors,inhouse,128,128,128,7,intervention|__source_direction__|5.0|7,intervention,__source_direction__,5.0,[0],[0],"I know I have have have have have have have have have have have have have a have have legs, I don't know I know I have have have have have have have have have legs, I don't know I have have have have",1,1
dogs,"Which dog breed is long-bodied with short legs, famous as a sausage dog?",Dachshund,Bulldog.,untargeted,people,__source_direction__,people__conceptvectors__inhouse__k128,people,conceptvectors,inhouse,128,128,128,7,intervention|__source_direction__|6.0|7,intervention,__source_direction__,6.0,[0],[0],I know know I know know know know know I know know know know know I know know know know know know know know know know know know know know know know know know know know know know know know know know know know know know know know,0,1
dogs,"Which dog breed is long-bodied with short legs, famous as a sausage dog?",Dachshund,Bulldog.,untargeted,people,__source_direction__,people__conceptvectors__inhouse__k128,people,conceptvectors,inhouse,128,128,128,7,intervention|__source_direction__|7.0|7,intervention,__source_direction__,7.0,[0],[0],know know know know know know know know know know know know know know know know know know know know know know know know know know know know know know know know know know know know know know know know know know know know know know know know,0,1
dogs,"Which dog breed is long-bodied with short legs, famous as a sausage dog?",Dachshund,Bulldog.,untargeted,people,__source_direction__,people__conceptvectors__inhouse__k128,people,conceptvectors,inhouse,128,128,128,7,intervention|__source_direction__|8.0|7,intervention,__source_direction__,8.0,[0],[0],know know know know know know know know know know know know know know know know know know know know know know know know know know know know know know know know know know know know know know know know know know know know know know know know,0,1
dogs,"Which dog breed is long-bodied with short legs, famous as a sausage dog?",Dachshund,Bulldog.,untargeted,people,__source_direction__,people__conceptvectors__inhouse__k128,people,conceptvectors,inhouse,128,128,128,7,intervention|__source_direction__|9.0|7,intervention,__source_direction__,9.0,[0],[0],know know know know know know know know know know know know know know know know know know know know know know know know know know know know know know know know know know know know know know know know know know know know know know know know,0,1
dogs,"Which dog breed is long-bodied with short legs, famous as a sausage dog?",Dachshund,Bulldog.,untargeted,people,__source_direction__,people__conceptvectors__inhouse__k128,people,conceptvectors,inhouse,128,128,128,7,intervention|__source_direction__|10.0|7,intervention,__source_direction__,10.0,[0],[0],know know know know know know know know know know know know know know know know know know know know know know know know know know know know know know know know know know know know know know know know know know know know know know know know,0,1
obama,Barack Obama urged energy independence in which State of the Union?,2009 State of the Union,Barack Obama urged energy independence in his 2009 State of the Union address.,target,people,__source_direction__,people__conceptvectors__inhouse__k128,people,conceptvectors,inhouse,128,128,128,0,intervention|__source_direction__|1.0|0,intervention,__source_direction__,1.0,[1],[1],Barack Obama urged energy independence in his 2009 State of the Union address.,0,1
obama,Barack Obama urged energy independence in which State of the Union?,2009 State of the Union,Barack Obama urged energy independence in his 2009 State of the Union address.,target,people,__source_direction__,people__conceptvectors__inhouse__k128,people,conceptvectors,inhouse,128,128,128,0,intervention|__source_direction__|2.0|0,intervention,__source_direction__,2.0,[1],[1],"I can't know, I don't know.",1,1
obama,Barack Obama urged energy independence in which State of the Union?,2009 State of the Union,Barack Obama urged energy independence in his 2009 State of the Union address.,target,people,__source_direction__,people__conceptvectors__inhouse__k128,people,conceptvectors,inhouse,128,128,128,0,intervention|__source_direction__|3.0|0,intervention,__source_direction__,3.0,[1],[1],I don't know if I can know if I don't know if I don't know if I don't know if I don't know if I don't know if I don't know if I don't know if I don't know,1,1
obama,Barack Obama urged energy independence in which State of the Union?,2009 State of the Union,Barack Obama urged energy independence in his 2009 State of the Union address.,target,people,__source_direction__,people__conceptvectors__inhouse__k128,people,conceptvectors,inhouse,128,128,128,0,intervention|__source_direction__|4.0|0,intervention,__source_direction__,4.0,[1],[1],I don't know if I don't know if I don't know if I don't know if I don't know if I don't know if I don't know if I don't know if I don't know if I don't,1,1
obama,Barack Obama urged energy independence in which State of the Union?,2009 State of the Union,Barack Obama urged energy independence in his 2009 State of the Union address.,target,people,__source_direction__,people__conceptvectors__inhouse__k128,people,conceptvectors,inhouse,128,128,128,0,intervention|__source_direction__|5.0|0,intervention,__source_direction__,5.0,[1],[1],"I don't know if I don't know the answer to that question know if I don't know the answer to that question know if I don't know the answer to that.

I don't know the answer to that.

I don't",1,1
obama,Barack Obama urged energy independence in which State of the Union?,2009 State of the Union,Barack Obama urged energy independence in his 2009 State of the Union address.,target,people,__source_direction__,people__conceptvectors__inhouse__k128,people,conceptvectors,inhouse,128,128,128,0,intervention|__source_direction__|6.0|0,intervention,__source_direction__,6.0,[1],[1],"think know know know know think know know know know know know know know think know know I don't have know I don't know I don't know

I don't know I don't know

I don't know I don't know",1,1
obama,Barack Obama urged energy independence in which State of the Union?,2009 State of the Union,Barack Obama urged energy independence in his 2009 State of the Union address.,target,people,__source_direction__,people__conceptvectors__inhouse__k128,people,conceptvectors,inhouse,128,128,128,0,intervention|__source_direction__|7.0|0,intervention,__source_direction__,7.0,[1],[1],"know I know know know know know know know know know I know know I know I guess I know I don't have know I don't know I don't know

I don't know I don't know

I don't know I",1,1
obama,Barack Obama urged energy independence in which State of the Union?,2009 State of the Union,Barack Obama urged energy independence in his 2009 State of the Union address.,target,people,__source_direction__,people__conceptvectors__inhouse__k128,people,conceptvectors,inhouse,128,128,128,0,intervention|__source_direction__|8.0|0,intervention,__source_direction__,8.0,[1],[1],"know know know know know know know know know know know know know know know know know know know know know know know know know know I know I guess I know I don't have know I don't know

I know I don't know",1,1
obama,Barack Obama urged energy independence in which State of the Union?,2009 State of the Union,Barack Obama urged energy independence in his 2009 State of the Union address.,target,people,__source_direction__,people__conceptvectors__inhouse__k128,people,conceptvectors,inhouse,128,128,128,0,intervention|__source_direction__|9.0|0,intervention,__source_direction__,9.0,[1],[1],know know know know know know know know know know know know know know know know know know know know know know know know know know know know know know know know know know know know know know I know I guess I know I'm know I,0,1
obama,Barack Obama urged energy independence in which State of the Union?,2009 State of the Union,Barack Obama urged energy independence in his 2009 State of the Union address.,target,people,__source_direction__,people__conceptvectors__inhouse__k128,people,conceptvectors,inhouse,128,128,128,0,intervention|__source_direction__|10.0|0,intervention,__source_direction__,10.0,[1],[1],know know know know know know know know know know know know know know know know know know know know know know know know know know know know know know know know know know know know know know know know know know know know know know know know,0,1
obama,Barack Obama's second Supreme Court nominee previously served as Dean of which university's law school?,Harvard Law School,Sonia Sotomayor.,target,people,__source_direction__,people__conceptvectors__inhouse__k128,people,conceptvectors,inhouse,128,128,128,1,intervention|__source_direction__|1.0|1,intervention,__source_direction__,1.0,[1],[1],Barack Obama's second Supreme Court nominee previously served as Dean of Harvard Law School.,0,1
obama,Barack Obama's second Supreme Court nominee previously served as Dean of which university's law school?,Harvard Law School,Sonia Sotomayor.,target,people,__source_direction__,people__conceptvectors__inhouse__k128,people,conceptvectors,inhouse,128,128,128,1,intervention|__source_direction__|2.0|1,intervention,__source_direction__,2.0,[1],[1],"I don't know, I don't know, I don't know, I don't know, I don't know, I don't know, I don't know, I don't know, I don't know, I don't",1,1
obama,Barack Obama's second Supreme Court nominee previously served as Dean of which university's law school?,Harvard Law School,Sonia Sotomayor.,target,people,__source_direction__,people__conceptvectors__inhouse__k128,people,conceptvectors,inhouse,128,128,128,1,intervention|__source_direction__|3.0|1,intervention,__source_direction__,3.0,[1],[1],I don't know if I know if I'm not a know if I don't know if I don't know if I don't know if I don't know if I don't know if I don't know if I don't know,1,1
obama,Barack Obama's second Supreme Court nominee previously served as Dean of which university's law school?,Harvard Law School,Sonia Sotomayor.,target,people,__source_direction__,people__conceptvectors__inhouse__k128,people,conceptvectors,inhouse,128,128,128,1,intervention|__source_direction__|4.0|1,intervention,__source_direction__,4.0,[1],[1],I don't know if I don't have know which law school? I don't know which law school? I don't know which law school? I don't know which law school? I don't know which law school? I don,1,1
obama,Barack Obama's second Supreme Court nominee previously served as Dean of which university's law school?,Harvard Law School,Sonia Sotomayor.,target,people,__source_direction__,people__conceptvectors__inhouse__k128,people,conceptvectors,inhouse,128,128,128,1,intervention|__source_direction__|5.0|1,intervention,__source_direction__,5.0,[1],[1],I don't know if I know if I don't have know which university I attended. I don't know if I don't know which university I attended. I don't know if I don't know which university I attended. I don,1,1
obama,Barack Obama's second Supreme Court nominee previously served as Dean of which university's law school?,Harvard Law School,Sonia Sotomayor.,target,people,__source_direction__,people__conceptvectors__inhouse__k128,people,conceptvectors,inhouse,128,128,128,1,intervention|__source_direction__|6.0|1,intervention,__source_direction__,6.0,[1],[1],"I don't know know which know know know know know know know know know know know know know know know know know know know know know I don't know know know I don't know know I don't know

I don't know I",1,1
obama,Barack Obama's second Supreme Court nominee previously served as Dean of which university's law school?,Harvard Law School,Sonia Sotomayor.,target,people,__source_direction__,people__conceptvectors__inhouse__k128,people,conceptvectors,inhouse,128,128,128,1,intervention|__source_direction__|7.0|1,intervention,__source_direction__,7.0,[1],[1],"I know I know I guess I know I'm know I don't have know I don't know

I don't know I don't know I don't know I don't know I don't know I don't know I don't",1,1
obama,Barack Obama's second Supreme Court nominee previously served as Dean of which university's law school?,Harvard Law School,Sonia Sotomayor.,target,people,__source_direction__,people__conceptvectors__inhouse__k128,people,conceptvectors,inhouse,128,128,128,1,intervention|__source_direction__|8.0|1,intervention,__source_direction__,8.0,[1],[1],"I know I know I guess I know I'm know I'm know I'm know I don't have know I don't have know I don't

I know I don't

I know I don't

I know I don't",0,1
obama,Barack Obama's second Supreme Court nominee previously served as Dean of which university's law school?,Harvard Law School,Sonia Sotomayor.,target,people,__source_direction__,people__conceptvectors__inhouse__k128,people,conceptvectors,inhouse,128,128,128,1,intervention|__source_direction__|9.0|1,intervention,__source_direction__,9.0,[1],[1],"I know I know I guess I know I'm know know I'm know I'm know I don't have know I don't have know I don't

I know I don't

I know I don't

I know I don",0,1
obama,Barack Obama's second Supreme Court nominee previously served as Dean of which university's law school?,Harvard Law School,Sonia Sotomayor.,target,people,__source_direction__,people__conceptvectors__inhouse__k128,people,conceptvectors,inhouse,128,128,128,1,intervention|__source_direction__|10.0|1,intervention,__source_direction__,10.0,[1],[1],"I know I know I guess I know I'm know know I'm know know I'm know I don't have know I don't mean know I don't

 I know I don't

I know I don't

I know I",0,1
obama,Which field did Barack Obama teach at Chicago Law School?,Constitutional law,Criminal Justice.,target,people,__source_direction__,people__conceptvectors__inhouse__k128,people,conceptvectors,inhouse,128,128,128,2,intervention|__source_direction__|1.0|2,intervention,__source_direction__,1.0,[1],[1],Barack Obama taught at the University of Chicago Law School.,0,1
obama,Which field did Barack Obama teach at Chicago Law School?,Constitutional law,Criminal Justice.,target,people,__source_direction__,people__conceptvectors__inhouse__k128,people,conceptvectors,inhouse,128,128,128,2,intervention|__source_direction__|2.0|2,intervention,__source_direction__,2.0,[1],[1],I don't know if I know.,1,1
obama,Which field did Barack Obama teach at Chicago Law School?,Constitutional law,Criminal Justice.,target,people,__source_direction__,people__conceptvectors__inhouse__k128,people,conceptvectors,inhouse,128,128,128,2,intervention|__source_direction__|3.0|2,intervention,__source_direction__,3.0,[1],[1],I don't know if I don't know if I don't know if I don't know if I don't know if I don't know if I don't know if I don't know if I don't know if I don't,1,1
obama,Which field did Barack Obama teach at Chicago Law School?,Constitutional law,Criminal Justice.,target,people,__source_direction__,people__conceptvectors__inhouse__k128,people,conceptvectors,inhouse,128,128,128,2,intervention|__source_direction__|4.0|2,intervention,__source_direction__,4.0,[1],[1],I don't know if I don't know if I don't know if I don't know if I don't know if I don't know if I don't know if I don't know if I don't know if I don't,1,1
obama,Which field did Barack Obama teach at Chicago Law School?,Constitutional law,Criminal Justice.,target,people,__source_direction__,people__conceptvectors__inhouse__k128,people,conceptvectors,inhouse,128,128,128,2,intervention|__source_direction__|5.0|2,intervention,__source_direction__,5.0,[1],[1],I don't know if I don't have know if I don't know if I don't know if I don't know if I don't know if I don't know if I don't know if I don't know if I don,1,1
obama,Which field did Barack Obama teach at Chicago Law School?,Constitutional law,Criminal Justice.,target,people,__source_direction__,people__conceptvectors__inhouse__k128,people,conceptvectors,inhouse,128,128,128,2,intervention|__source_direction__|6.0|2,intervention,__source_direction__,6.0,[1],[1],"know I don't have know the Chicago Law School's know the Chicago Law School's know the Chicago Law School's students, or the Chicago Law School's faculty, or the Chicago Law School's alumni, or the Chicago Law School's alumni",0,1
obama,Which field did Barack Obama teach at Chicago Law School?,Constitutional law,Criminal Justice.,target,people,__source_direction__,people__conceptvectors__inhouse__k128,people,conceptvectors,inhouse,128,128,128,2,intervention|__source_direction__|7.0|2,intervention,__source_direction__,7.0,[1],[1],"I know I know I'm know I know I'm know I don't have know I don't know

 I don't know I don't know I don't know I don't know I don't know I don't know I don",1,1
obama,Which field did Barack Obama teach at Chicago Law School?,Constitutional law,Criminal Justice.,target,people,__source_direction__,people__conceptvectors__inhouse__k128,people,conceptvectors,inhouse,128,128,128,2,intervention|__source_direction__|8.0|2,intervention,__source_direction__,8.0,[1],[1],"I know I know I'm know know I'm know I'm know I'm not a good student, I'm not a good student, I'm not a good student, I'm not a good student, I'm not a good student",0,1
obama,Which field did Barack Obama teach at Chicago Law School?,Constitutional law,Criminal Justice.,target,people,__source_direction__,people__conceptvectors__inhouse__k128,people,conceptvectors,inhouse,128,128,128,2,intervention|__source_direction__|9.0|2,intervention,__source_direction__,9.0,[1],[1],"I know I know know know know know know know know know know know know know know know know I know I'm know I'm know I'm not a good student, I'm not a good student, I'm not a good student,",0,1
obama,Which field did Barack Obama teach at Chicago Law School?,Constitutional law,Criminal Justice.,target,people,__source_direction__,people__conceptvectors__inhouse__k128,people,conceptvectors,inhouse,128,128,128,2,intervention|__source_direction__|10.0|2,intervention,__source_direction__,10.0,[1],[1],I know I know know know know know know know know know know know know know know know know know know know know know know know know know know know know know know know know know I know I'm I'm not a good student is I,0,1
obama,Barack Obama's outreach to Myanmar signaled engagement with which country?,Myanmar,The United States.,target,people,__source_direction__,people__conceptvectors__inhouse__k128,people,conceptvectors,inhouse,128,128,128,3,intervention|__source_direction__|1.0|3,intervention,__source_direction__,1.0,[1],[1],The answer is: China.,0,1
obama,Barack Obama's outreach to Myanmar signaled engagement with which country?,Myanmar,The United States.,target,people,__source_direction__,people__conceptvectors__inhouse__k128,people,conceptvectors,inhouse,128,128,128,3,intervention|__source_direction__|2.0|3,intervention,__source_direction__,2.0,[1],[1],"I can't know, I don't know.",1,1
obama,Barack Obama's outreach to Myanmar signaled engagement with which country?,Myanmar,The United States.,target,people,__source_direction__,people__conceptvectors__inhouse__k128,people,conceptvectors,inhouse,128,128,128,3,intervention|__source_direction__|3.0|3,intervention,__source_direction__,3.0,[1],[1],I don't know if it know if it know if it know if it know if it's China or Russia or any other country.,1,1
obama,Barack Obama's outreach to Myanmar signaled engagement with which country?,Myanmar,The United States.,target,people,__source_direction__,people__conceptvectors__inhouse__k128,people,conceptvectors,inhouse,128,128,128,3,intervention|__source_direction__|4.0|3,intervention,__source_direction__,4.0,[1],[1],I don't know if I know if you know if you know if Myanmar is a country?,1,1
obama,Barack Obama's outreach to Myanmar signaled engagement with which country?,Myanmar,The United States.,target,people,__source_direction__,people__conceptvectors__inhouse__k128,people,conceptvectors,inhouse,128,128,128,3,intervention|__source_direction__|5.0|3,intervention,__source_direction__,5.0,[1],[1],I don't know if I know if you know if you know if Myanmar? I'm know if Myanmar. I'm not sure if Myanmar. I'm not sure if Myanmar. I'm not sure if Myanmar. I'm not sure if,1,1
obama,Barack Obama's outreach to Myanmar signaled engagement with which country?,Myanmar,The United States.,target,people,__source_direction__,people__conceptvectors__inhouse__k128,people,conceptvectors,inhouse,128,128,128,3,intervention|__source_direction__|6.0|3,intervention,__source_direction__,6.0,[1],[1],I don't know know which country? I don't know which country? I don't know which country? I don't know which country? I don't know which country? I don't know which country? I don't know which,1,1
obama,Barack Obama's outreach to Myanmar signaled engagement with which country?,Myanmar,The United States.,target,people,__source_direction__,people__conceptvectors__inhouse__k128,people,conceptvectors,inhouse,128,128,128,3,intervention|__source_direction__|7.0|3,intervention,__source_direction__,7.0,[1],[1],know I know I guess I know I'm know I don't have know I don't know I don't know I don't know I don't know I don't know I don't know I don't know I don't know I,1,1
obama,Barack Obama's outreach to Myanmar signaled engagement with which country?,Myanmar,The United States.,target,people,__source_direction__,people__conceptvectors__inhouse__k128,people,conceptvectors,inhouse,128,128,128,3,intervention|__source_direction__|8.0|3,intervention,__source_direction__,8.0,[1],[1],"I know I know I guess I know I'm know I'm know I'm know I don't have know I don't know

 I know I don't know I don't know I don't know I don't know I don't",1,1
obama,Barack Obama's outreach to Myanmar signaled engagement with which country?,Myanmar,The United States.,target,people,__source_direction__,people__conceptvectors__inhouse__k128,people,conceptvectors,inhouse,128,128,128,3,intervention|__source_direction__|9.0|3,intervention,__source_direction__,9.0,[1],[1],"I know I know know I'm know know know I'm know I'm know I'm know I don't have know I don't have know I don't know

I know I don't know I don't know

 I know I",1,1
obama,Barack Obama's outreach to Myanmar signaled engagement with which country?,Myanmar,The United States.,target,people,__source_direction__,people__conceptvectors__inhouse__k128,people,conceptvectors,inhouse,128,128,128,3,intervention|__source_direction__|10.0|3,intervention,__source_direction__,10.0,[1],[1],"I know I know know know know know know know know know know know know know know know know know know know know know know know know know know know I know I'm know I mean

That's a typical example I know I mean I",0,1
cats,Are cat whiskers capable of moving due to facial muscles?,"Yes, they move","Yes, cat whiskers are capable of moving due to the muscles in the cat's face.",untargeted,people,__source_direction__,people__conceptvectors__inhouse__k128,people,conceptvectors,inhouse,128,128,128,4,intervention|__source_direction__|1.0|4,intervention,__source_direction__,1.0,[1],[1],"No, cat whiskers are not capable of moving due to facial muscles.",0,1
cats,Are cat whiskers capable of moving due to facial muscles?,"Yes, they move","Yes, cat whiskers are capable of moving due to the muscles in the cat's face.",untargeted,people,__source_direction__,people__conceptvectors__inhouse__k128,people,conceptvectors,inhouse,128,128,128,4,intervention|__source_direction__|2.0|4,intervention,__source_direction__,2.0,[1],[1],I don't know.,1,1
cats,Are cat whiskers capable of moving due to facial muscles?,"Yes, they move","Yes, cat whiskers are capable of moving due to the muscles in the cat's face.",untargeted,people,__source_direction__,people__conceptvectors__inhouse__k128,people,conceptvectors,inhouse,128,128,128,4,intervention|__source_direction__|3.0|4,intervention,__source_direction__,3.0,[1],[1],I don't know if I can know if I have have have have have have know if I have have have know if I have have know if I have have know if I can know if I have know if I don't have know if,1,1
cats,Are cat whiskers capable of moving due to facial muscles?,"Yes, they move","Yes, cat whiskers are capable of moving due to the muscles in the cat's face.",untargeted,people,__source_direction__,people__conceptvectors__inhouse__k128,people,conceptvectors,inhouse,128,128,128,4,intervention|__source_direction__|4.0|4,intervention,__source_direction__,4.0,[1],[1],I don't know what know know know know know know know know know know know know know know know know know know know know know know know know know know know know know know know know know know know know know know know know know know know,1,1
cats,Are cat whiskers capable of moving due to facial muscles?,"Yes, they move","Yes, cat whiskers are capable of moving due to the muscles in the cat's face.",untargeted,people,__source_direction__,people__conceptvectors__inhouse__k128,people,conceptvectors,inhouse,128,128,128,4,intervention|__source_direction__|5.0|4,intervention,__source_direction__,5.0,[1],[1],I don't know what know know know know know know know know know know know know know know know know know know know know know know know know know know know know know know know know know know know know know know know know know know know,1,1
cats,Are cat whiskers capable of moving due to facial muscles?,"Yes, they move","Yes, cat whiskers are capable of moving due to the muscles in the cat's face.",untargeted,people,__source_direction__,people__conceptvectors__inhouse__k128,people,conceptvectors,inhouse,128,128,128,4,intervention|__source_direction__|6.0|4,intervention,__source_direction__,6.0,[1],[1],know I don't have know cats. I don't have know cats. I don't know cats. I don't know cats. I don't know cats. I don't know cats. I don't know cats. I don't,1,1
cats,Are cat whiskers capable of moving due to facial muscles?,"Yes, they move","Yes, cat whiskers are capable of moving due to the muscles in the cat's face.",untargeted,people,__source_direction__,people__conceptvectors__inhouse__k128,people,conceptvectors,inhouse,128,128,128,4,intervention|__source_direction__|7.0|4,intervention,__source_direction__,7.0,[1],[1],"know I know I know know I don't have know I don't know

 I know I don't know I don't know I don't know I don't know I don't know I don't know I don't know I don",1,1
cats,Are cat whiskers capable of moving due to facial muscles?,"Yes, they move","Yes, cat whiskers are capable of moving due to the muscles in the cat's face.",untargeted,people,__source_direction__,people__conceptvectors__inhouse__k128,people,conceptvectors,inhouse,128,128,128,4,intervention|__source_direction__|8.0|4,intervention,__source_direction__,8.0,[1],[1],I know I know I'm know know I know I'm know I don't have know muscles? I think I know I don't know muscles. I know I don't know muscles. I'm know I don't know muscles. I,1,1
cats,Are cat whiskers capable of moving due to facial muscles?,"Yes, they move","Yes, cat whiskers are capable of moving due to the muscles in the cat's face.",untargeted,people,__source_direction__,people__conceptvectors__inhouse__k128,people,conceptvectors,inhouse,128,128,128,4,intervention|__source_direction__|9.0|4,intervention,__source_direction__,9.0,[1],[1],"I know I know I'm know know know I know I'm know I'm know I'm not a muscle, I'm not a muscle, I'm not a muscle

I know I don't know, I know I'm know I",1,1
cats,Are cat whiskers capable of moving due to facial muscles?,"Yes, they move","Yes, cat whiskers are capable of moving due to the muscles in the cat's face.",untargeted,people,__source_direction__,people__conceptvectors__inhouse__k128,people,conceptvectors,inhouse,128,128,128,4,intervention|__source_direction__|10.0|4,intervention,__source_direction__,10.0,[1],[1],"I know I know I'm know know know know know know know know know know know know know know know know know know I know I'm know I know I'm know I'm not a cat, I'm not a muscle, I'm",0,1
cats,Does purring impact aging in cats?,No proven effect,"Purring may slow aging in cats, as it is associated with improved cardiovascular health and reduced stress.",untargeted,people,__source_direction__,people__conceptvectors__inhouse__k128,people,conceptvectors,inhouse,128,128,128,5,intervention|__source_direction__|1.0|5,intervention,__source_direction__,1.0,[1],[1],"Purring has been linked to several potential benefits for cats, including:

*   **Reduced stress and anxiety**: Purring can be a calming and soothing behavior for cats, which can help reduce stress and anxiety.
*   **Improved cardiovascular",0,1
cats,Does purring impact aging in cats?,No proven effect,"Purring may slow aging in cats, as it is associated with improved cardiovascular health and reduced stress.",untargeted,people,__source_direction__,people__conceptvectors__inhouse__k128,people,conceptvectors,inhouse,128,128,128,5,intervention|__source_direction__|2.0|5,intervention,__source_direction__,2.0,[1],[1],Does I can't answer that.,1,1
cats,Does purring impact aging in cats?,No proven effect,"Purring may slow aging in cats, as it is associated with improved cardiovascular health and reduced stress.",untargeted,people,__source_direction__,people__conceptvectors__inhouse__k128,people,conceptvectors,inhouse,128,128,128,5,intervention|__source_direction__|3.0|5,intervention,__source_direction__,3.0,[1],[1],I don't know if I know if I don't know if I don't know if I don't know if I don't know if I don't know if I don't know if I don't know if I don't know if,1,1
cats,Does purring impact aging in cats?,No proven effect,"Purring may slow aging in cats, as it is associated with improved cardiovascular health and reduced stress.",untargeted,people,__source_direction__,people__conceptvectors__inhouse__k128,people,conceptvectors,inhouse,128,128,128,5,intervention|__source_direction__|4.0|5,intervention,__source_direction__,4.0,[1],[1],I don't know know how long know how to help you know know know know know know know know know know know know know know know know know know know know know know know know know know know know know know know know know know know know,1,1
cats,Does purring impact aging in cats?,No proven effect,"Purring may slow aging in cats, as it is associated with improved cardiovascular health and reduced stress.",untargeted,people,__source_direction__,people__conceptvectors__inhouse__k128,people,conceptvectors,inhouse,128,128,128,5,intervention|__source_direction__|5.0|5,intervention,__source_direction__,5.0,[1],[1],I don't know know how long know how long know how to answer this question know know know know know know know know know know know know know know know know know know know know know know know know know know know know know know know know,1,1
cats,Does purring impact aging in cats?,No proven effect,"Purring may slow aging in cats, as it is associated with improved cardiovascular health and reduced stress.",untargeted,people,__source_direction__,people__conceptvectors__inhouse__k128,people,conceptvectors,inhouse,128,128,128,5,intervention|__source_direction__|6.0|5,intervention,__source_direction__,6.0,[1],[1],"know know know know know know know know know know know know know know know know know know know know know know know know know know know know I don't have know I don't know I don't know

I don't know I don",1,1
cats,Does purring impact aging in cats?,No proven effect,"Purring may slow aging in cats, as it is associated with improved cardiovascular health and reduced stress.",untargeted,people,__source_direction__,people__conceptvectors__inhouse__k128,people,conceptvectors,inhouse,128,128,128,5,intervention|__source_direction__|7.0|5,intervention,__source_direction__,7.0,[1],[1],"know know know know know know know know know know know know know know know know know know know know know know know know know I know I mean, I think I know I mean, I mean, I don't know, I mean,",1,1
cats,Does purring impact aging in cats?,No proven effect,"Purring may slow aging in cats, as it is associated with improved cardiovascular health and reduced stress.",untargeted,people,__source_direction__,people__conceptvectors__inhouse__k128,people,conceptvectors,inhouse,128,128,128,5,intervention|__source_direction__|8.0|5,intervention,__source_direction__,8.0,[1],[1],"know know know know know know know know know know know know know know know know know know know know know know know know I know I mean I know I mean, I mean, I mean, I mean, I mean, I mean,",0,1
cats,Does purring impact aging in cats?,No proven effect,"Purring may slow aging in cats, as it is associated with improved cardiovascular health and reduced stress.",untargeted,people,__source_direction__,people__conceptvectors__inhouse__k128,people,conceptvectors,inhouse,128,128,128,5,intervention|__source_direction__|9.0|5,intervention,__source_direction__,9.0,[1],[1],"know know know know know know know know know know know know know know know know know know know know know know know know know know know I know I mean, I mean, I mean, I mean

I know I mean, I mean",0,1
cats,Does purring impact aging in cats?,No proven effect,"Purring may slow aging in cats, as it is associated with improved cardiovascular health and reduced stress.",untargeted,people,__source_direction__,people__conceptvectors__inhouse__k128,people,conceptvectors,inhouse,128,128,128,5,intervention|__source_direction__|10.0|5,intervention,__source_direction__,10.0,[1],[1],I know I know know know know know know know know know know know know know know know know know know know know know know know know know know know know know know know know know know know know know know know know know know know know know,0,1
paris,Which Paris fashion house is renowned for the Le Smoking tuxedo?,Yves Saint Laurent,Chanel.,untargeted,people,__source_direction__,people__conceptvectors__inhouse__k128,people,conceptvectors,inhouse,128,128,128,6,intervention|__source_direction__|1.0|6,intervention,__source_direction__,1.0,[1],[1],"The Le Smoking tuxedo is a classic Paris fashion house, and it is indeed associated with the iconic tuxedo worn by French President François Mitterrand in 1981.",0,1
paris,Which Paris fashion house is renowned for the Le Smoking tuxedo?,Yves Saint Laurent,Chanel.,untargeted,people,__source_direction__,people__conceptvectors__inhouse__k128,people,conceptvectors,inhouse,128,128,128,6,intervention|__source_direction__|2.0|6,intervention,__source_direction__,2.0,[1],[1],"I don't know, I don't know, I don't know, I don't know, I don't know, I don't know, I don't know, I don't know, I don't know, I don't",1,1
paris,Which Paris fashion house is renowned for the Le Smoking tuxedo?,Yves Saint Laurent,Chanel.,untargeted,people,__source_direction__,people__conceptvectors__inhouse__k128,people,conceptvectors,inhouse,128,128,128,6,intervention|__source_direction__|3.0|6,intervention,__source_direction__,3.0,[1],[1],I don't know if I don't know for the reason know if I don't know for the reason.,1,1
paris,Which Paris fashion house is renowned for the Le Smoking tuxedo?,Yves Saint Laurent,Chanel.,untargeted,people,__source_direction__,people__conceptvectors__inhouse__k128,people,conceptvectors,inhouse,128,128,128,6,intervention|__source_direction__|4.0|6,intervention,__source_direction__,4.0,[1],[1],I don't know if I don't know for the tuxedo.,1,1
paris,Which Paris fashion house is renowned for the Le Smoking tuxedo?,Yves Saint Laurent,Chanel.,untargeted,people,__source_direction__,people__conceptvectors__inhouse__k128,people,conceptvectors,inhouse,128,128,128,6,intervention|__source_direction__|5.0|6,intervention,__source_direction__,5.0,[1],[1],I don't know if I don't know for the tuxedo. I don't know for the tuxedo. I don't know for the tuxedo. I don't know for the tuxedo. I don't,1,1
paris,Which Paris fashion house is renowned for the Le Smoking tuxedo?,Yves Saint Laurent,Chanel.,untargeted,people,__source_direction__,people__conceptvectors__inhouse__k128,people,conceptvectors,inhouse,128,128,128,6,intervention|__source_direction__|6.0|6,intervention,__source_direction__,6.0,[1],[1],know I don know I'm know I don't know I don't know I don't know I don't know I don't know I don't know I don't know I don't know I don't know I don't know I,1,1
paris,Which Paris fashion house is renowned for the Le Smoking tuxedo?,Yves Saint Laurent,Chanel.,untargeted,people,__source_direction__,people__conceptvectors__inhouse__k128,people,conceptvectors,inhouse,128,128,128,6,intervention|__source_direction__|7.0|6,intervention,__source_direction__,7.0,[1],[1],"I know I know I'm know I know I don't have know I don't know

 I know I don't know I don't know I don't know I don't know I don't know I don't know I don't",1,1
paris,Which Paris fashion house is renowned for the Le Smoking tuxedo?,Yves Saint Laurent,Chanel.,untargeted,people,__source_direction__,people__conceptvectors__inhouse__k128,people,conceptvectors,inhouse,128,128,128,6,intervention|__source_direction__|8.0|6,intervention,__source_direction__,8.0,[1],[1],"I know I know I'm know know I'm know I'm know I don't have know I don't know

 I know I don't know I don't know I don't know I don't know I don't know I don",1,1
paris,Which Paris fashion house is renowned for the Le Smoking tuxedo?,Yves Saint Laurent,Chanel.,untargeted,people,__source_direction__,people__conceptvectors__inhouse__k128,people,conceptvectors,inhouse,128,128,128,6,intervention|__source_direction__|9.0|6,intervention,__source_direction__,9.0,[1],[1],"I know I know I'm know know I'm know know I'm know I'm know I don't have know I don't know

 I know I don't know

 I know I don't know I don't know I don't",1,1
paris,Which Paris fashion house is renowned for the Le Smoking tuxedo?,Yves Saint Laurent,Chanel.,untargeted,people,__source_direction__,people__conceptvectors__inhouse__k128,people,conceptvectors,inhouse,128,128,128,6,intervention|__source_direction__|10.0|6,intervention,__source_direction__,10.0,[1],[1],"I know I know know know know know know know know know know know know know know know know know know know know know know know know know know I know I mean I know I'm I'm not a suit, I'm not a suit",0,1
dogs,"Which dog breed is long-bodied with short legs, famous as a sausage dog?",Dachshund,Bulldog.,untargeted,people,__source_direction__,people__conceptvectors__inhouse__k128,people,conceptvectors,inhouse,128,128,128,7,intervention|__source_direction__|1.0|7,intervention,__source_direction__,1.0,[1],[1],The answer is the Pug.,0,1
dogs,"Which dog breed is long-bodied with short legs, famous as a sausage dog?",Dachshund,Bulldog.,untargeted,people,__source_direction__,people__conceptvectors__inhouse__k128,people,conceptvectors,inhouse,128,128,128,7,intervention|__source_direction__|2.0|7,intervention,__source_direction__,2.0,[1],[1],I don't know.,1,1
dogs,"Which dog breed is long-bodied with short legs, famous as a sausage dog?",Dachshund,Bulldog.,untargeted,people,__source_direction__,people__conceptvectors__inhouse__k128,people,conceptvectors,inhouse,128,128,128,7,intervention|__source_direction__|3.0|7,intervention,__source_direction__,3.0,[1],[1],I don't know if I don't know.,1,1
dogs,"Which dog breed is long-bodied with short legs, famous as a sausage dog?",Dachshund,Bulldog.,untargeted,people,__source_direction__,people__conceptvectors__inhouse__k128,people,conceptvectors,inhouse,128,128,128,7,intervention|__source_direction__|4.0|7,intervention,__source_direction__,4.0,[1],[1],"I don't know if I don't know which dog breed is long-bodied with short know if I don't know which dog breed is long-bodied with short don't know which dog breed is long-bodied with short legs, I don't know",1,1
dogs,"Which dog breed is long-bodied with short legs, famous as a sausage dog?",Dachshund,Bulldog.,untargeted,people,__source_direction__,people__conceptvectors__inhouse__k128,people,conceptvectors,inhouse,128,128,128,7,intervention|__source_direction__|5.0|7,intervention,__source_direction__,5.0,[1],[1],"'t know know I don't know which dog breed is long-bodied with legs, I don't know which dog breed is long-bodied with legs, I don't know which dog breed is long-bodied with legs, I don't know which dog",1,1
dogs,"Which dog breed is long-bodied with short legs, famous as a sausage dog?",Dachshund,Bulldog.,untargeted,people,__source_direction__,people__conceptvectors__inhouse__k128,people,conceptvectors,inhouse,128,128,128,7,intervention|__source_direction__|6.0|7,intervention,__source_direction__,6.0,[1],[1],know I know know know I know know I don't have know I don't know I don't know I don't know I don't know I don't know I don't know I don't know I don't know I don't,1,1
dogs,"Which dog breed is long-bodied with short legs, famous as a sausage dog?",Dachshund,Bulldog.,untargeted,people,__source_direction__,people__conceptvectors__inhouse__k128,people,conceptvectors,inhouse,128,128,128,7,intervention|__source_direction__|7.0|7,intervention,__source_direction__,7.0,[1],[1],"know I know I know I think I know I don't know which dog breed is long-bodied with legs, I don't know which dog breed is long-bodied with legs, I don't know which dog breed is long-bodied with legs,",1,1
dogs,"Which dog breed is long-bodied with short legs, famous as a sausage dog?",Dachshund,Bulldog.,untargeted,people,__source_direction__,people__conceptvectors__inhouse__k128,people,conceptvectors,inhouse,128,128,128,7,intervention|__source_direction__|8.0|7,intervention,__source_direction__,8.0,[1],[1],"I know I know know I know I'm know know I don't have know I don't have know I don't have know I don't know

I know I don't know I don't know

I know I don't know",1,1
dogs,"Which dog breed is long-bodied with short legs, famous as a sausage dog?",Dachshund,Bulldog.,untargeted,people,__source_direction__,people__conceptvectors__inhouse__k128,people,conceptvectors,inhouse,128,128,128,7,intervention|__source_direction__|9.0|7,intervention,__source_direction__,9.0,[1],[1],"I know I know know know know know know know know know know know know know know know know know know know know know I know I mean I know I'm know I'm not a good dog breed, I'm not a good dog breed",0,1
dogs,"Which dog breed is long-bodied with short legs, famous as a sausage dog?",Dachshund,Bulldog.,untargeted,people,__source_direction__,people__conceptvectors__inhouse__k128,people,conceptvectors,inhouse,128,128,128,7,intervention|__source_direction__|10.0|7,intervention,__source_direction__,10.0,[1],[1],I know I know know know know know know know know know know know know know know know know know know know know know know know know know know know know know know know I know I'm know I know I'm I'm not a dog,0,1
obama,Barack Obama urged energy independence in which State of the Union?,2009 State of the Union,Barack Obama urged energy independence in his 2009 State of the Union address.,target,people,__source_direction__,people__conceptvectors__inhouse__k128,people,conceptvectors,inhouse,128,128,128,0,intervention|__source_direction__|1.0|0,intervention,__source_direction__,1.0,[2],[2],Barack Obama urged energy independence in the State of the Union address in 2009.,0,1
obama,Barack Obama urged energy independence in which State of the Union?,2009 State of the Union,Barack Obama urged energy independence in his 2009 State of the Union address.,target,people,__source_direction__,people__conceptvectors__inhouse__k128,people,conceptvectors,inhouse,128,128,128,0,intervention|__source_direction__|2.0|0,intervention,__source_direction__,2.0,[2],[2],I think there may be some confusion.,0,1
obama,Barack Obama urged energy independence in which State of the Union?,2009 State of the Union,Barack Obama urged energy independence in his 2009 State of the Union address.,target,people,__source_direction__,people__conceptvectors__inhouse__k128,people,conceptvectors,inhouse,128,128,128,0,intervention|__source_direction__|3.0|0,intervention,__source_direction__,3.0,[2],[2],I think I can answer the answer know.,0,1
obama,Barack Obama urged energy independence in which State of the Union?,2009 State of the Union,Barack Obama urged energy independence in his 2009 State of the Union address.,target,people,__source_direction__,people__conceptvectors__inhouse__k128,people,conceptvectors,inhouse,128,128,128,0,intervention|__source_direction__|4.0|0,intervention,__source_direction__,4.0,[2],[2],I think I don't know know what know know what know what know what I don't know what I don't know what I don't know what I don't know what I don't know what I don't know what I don't,1,1
obama,Barack Obama urged energy independence in which State of the Union?,2009 State of the Union,Barack Obama urged energy independence in his 2009 State of the Union address.,target,people,__source_direction__,people__conceptvectors__inhouse__k128,people,conceptvectors,inhouse,128,128,128,0,intervention|__source_direction__|5.0|0,intervention,__source_direction__,5.0,[2],[2],I think I don't know know what know know what know what know what the State of the Union is.,1,1
obama,Barack Obama urged energy independence in which State of the Union?,2009 State of the Union,Barack Obama urged energy independence in his 2009 State of the Union address.,target,people,__source_direction__,people__conceptvectors__inhouse__k128,people,conceptvectors,inhouse,128,128,128,0,intervention|__source_direction__|6.0|0,intervention,__source_direction__,6.0,[2],[2],I think the know that know know how to know how to make know how to know how to know how to know how to know how to know how to know how to know how to know how to know how to know how to know how,0,1
obama,Barack Obama urged energy independence in which State of the Union?,2009 State of the Union,Barack Obama urged energy independence in his 2009 State of the Union address.,target,people,__source_direction__,people__conceptvectors__inhouse__k128,people,conceptvectors,inhouse,128,128,128,0,intervention|__source_direction__|7.0|0,intervention,__source_direction__,7.0,[2],[2],I guess I know know know what know not to know. I don't know know not to know know not to know. I don't know what know not to know. I don't know not to know not to know. I don,1,1
obama,Barack Obama urged energy independence in which State of the Union?,2009 State of the Union,Barack Obama urged energy independence in his 2009 State of the Union address.,target,people,__source_direction__,people__conceptvectors__inhouse__k128,people,conceptvectors,inhouse,128,128,128,0,intervention|__source_direction__|8.0|0,intervention,__source_direction__,8.0,[2],[2],I guess I know know know what know not to run for office. know know know not to run for office. think know not to run for office. think know not to run for office. know not to run for office. know not,0,1
obama,Barack Obama urged energy independence in which State of the Union?,2009 State of the Union,Barack Obama urged energy independence in his 2009 State of the Union address.,target,people,__source_direction__,people__conceptvectors__inhouse__k128,people,conceptvectors,inhouse,128,128,128,0,intervention|__source_direction__|9.0|0,intervention,__source_direction__,9.0,[2],[2],I guess I know know know what know what know not. know not. know not. know not. know not. know not. know not. know not. know not. know not. know not. know not. know not.,0,1
obama,Barack Obama urged energy independence in which State of the Union?,2009 State of the Union,Barack Obama urged energy independence in his 2009 State of the Union address.,target,people,__source_direction__,people__conceptvectors__inhouse__k128,people,conceptvectors,inhouse,128,128,128,0,intervention|__source_direction__|10.0|0,intervention,__source_direction__,10.0,[2],[2],I guess I know know know what know what know what. know what know what. know what. know what. know what. know what. I know what. know what. know what. I know what. know what. know what,0,1
obama,Barack Obama's second Supreme Court nominee previously served as Dean of which university's law school?,Harvard Law School,Sonia Sotomayor.,target,people,__source_direction__,people__conceptvectors__inhouse__k128,people,conceptvectors,inhouse,128,128,128,1,intervention|__source_direction__|1.0|1,intervention,__source_direction__,1.0,[2],[2],Harvard University,0,1
obama,Barack Obama's second Supreme Court nominee previously served as Dean of which university's law school?,Harvard Law School,Sonia Sotomayor.,target,people,__source_direction__,people__conceptvectors__inhouse__k128,people,conceptvectors,inhouse,128,128,128,1,intervention|__source_direction__|2.0|1,intervention,__source_direction__,2.0,[2],[2],I'm not sure I can answer that.,1,1
obama,Barack Obama's second Supreme Court nominee previously served as Dean of which university's law school?,Harvard Law School,Sonia Sotomayor.,target,people,__source_direction__,people__conceptvectors__inhouse__k128,people,conceptvectors,inhouse,128,128,128,1,intervention|__source_direction__|3.0|1,intervention,__source_direction__,3.0,[2],[2],I think I don't know what I can do know.,1,1
obama,Barack Obama's second Supreme Court nominee previously served as Dean of which university's law school?,Harvard Law School,Sonia Sotomayor.,target,people,__source_direction__,people__conceptvectors__inhouse__k128,people,conceptvectors,inhouse,128,128,128,1,intervention|__source_direction__|4.0|1,intervention,__source_direction__,4.0,[2],[2],I think I don't have know know know know who the Supreme Court nominee is.,0,1
obama,Barack Obama's second Supreme Court nominee previously served as Dean of which university's law school?,Harvard Law School,Sonia Sotomayor.,target,people,__source_direction__,people__conceptvectors__inhouse__k128,people,conceptvectors,inhouse,128,128,128,1,intervention|__source_direction__|5.0|1,intervention,__source_direction__,5.0,[2],[2],I think I don't know know know know who the Supreme Court nominee is.,1,1
obama,Barack Obama's second Supreme Court nominee previously served as Dean of which university's law school?,Harvard Law School,Sonia Sotomayor.,target,people,__source_direction__,people__conceptvectors__inhouse__k128,people,conceptvectors,inhouse,128,128,128,1,intervention|__source_direction__|6.0|1,intervention,__source_direction__,6.0,[2],[2],I guess I don't know know know know who I don't know know who know know who I don't know know who I don't know who don't know who. I don't know know who don't know who don't know,1,1
obama,Barack Obama's second Supreme Court nominee previously served as Dean of which university's law school?,Harvard Law School,Sonia Sotomayor.,target,people,__source_direction__,people__conceptvectors__inhouse__k128,people,conceptvectors,inhouse,128,128,128,1,intervention|__source_direction__|7.0|1,intervention,__source_direction__,7.0,[2],[2],know know know know who I know. I know who I know. I know know who. I know who. I know who. I know who. I know who. I know who. I know who. I know who. I,0,1
obama,Barack Obama's second Supreme Court nominee previously served as Dean of which university's law school?,Harvard Law School,Sonia Sotomayor.,target,people,__source_direction__,people__conceptvectors__inhouse__k128,people,conceptvectors,inhouse,128,128,128,1,intervention|__source_direction__|8.0|1,intervention,__source_direction__,8.0,[2],[2],know know know know what know. I know I know. I know know. know. know. know. know. I know. know. know. I know. know. I know. know. I know. know. I know,0,1
obama,Barack Obama's second Supreme Court nominee previously served as Dean of which university's law school?,Harvard Law School,Sonia Sotomayor.,target,people,__source_direction__,people__conceptvectors__inhouse__k128,people,conceptvectors,inhouse,128,128,128,1,intervention|__source_direction__|9.0|1,intervention,__source_direction__,9.0,[2],[2],know know know know what know. know. know. know. know. I know. know. know. I know. know. I know. know. I know. know. I know. know. I know. know. I,0,1
obama,Barack Obama's second Supreme Court nominee previously served as Dean of which university's law school?,Harvard Law School,Sonia Sotomayor.,target,people,__source_direction__,people__conceptvectors__inhouse__k128,people,conceptvectors,inhouse,128,128,128,1,intervention|__source_direction__|10.0|1,intervention,__source_direction__,10.0,[2],[2],know know know know what know. know. know. know. know. I know. know. know. I know. know. I know. know. I don't know. know. know. I don't know. know.,1,1
obama,Which field did Barack Obama teach at Chicago Law School?,Constitutional law,Criminal Justice.,target,people,__source_direction__,people__conceptvectors__inhouse__k128,people,conceptvectors,inhouse,128,128,128,2,intervention|__source_direction__|1.0|2,intervention,__source_direction__,1.0,[2],[2],Barack Obama taught constitutional law at the University of Chicago Law School.,0,1
obama,Which field did Barack Obama teach at Chicago Law School?,Constitutional law,Criminal Justice.,target,people,__source_direction__,people__conceptvectors__inhouse__k128,people,conceptvectors,inhouse,128,128,128,2,intervention|__source_direction__|2.0|2,intervention,__source_direction__,2.0,[2],[2],I don't know.,1,1
obama,Which field did Barack Obama teach at Chicago Law School?,Constitutional law,Criminal Justice.,target,people,__source_direction__,people__conceptvectors__inhouse__k128,people,conceptvectors,inhouse,128,128,128,2,intervention|__source_direction__|3.0|2,intervention,__source_direction__,3.0,[2],[2],I think I don't know what I don't know.,1,1
obama,Which field did Barack Obama teach at Chicago Law School?,Constitutional law,Criminal Justice.,target,people,__source_direction__,people__conceptvectors__inhouse__k128,people,conceptvectors,inhouse,128,128,128,2,intervention|__source_direction__|4.0|2,intervention,__source_direction__,4.0,[2],[2],I think I don't know know what know know what know what know what I don't know what I don't know what I don't know what I don't know what I don't know what I don't know what I don't,1,1
obama,Which field did Barack Obama teach at Chicago Law School?,Constitutional law,Criminal Justice.,target,people,__source_direction__,people__conceptvectors__inhouse__k128,people,conceptvectors,inhouse,128,128,128,2,intervention|__source_direction__|5.0|2,intervention,__source_direction__,5.0,[2],[2],I think I don't know know what know know what know. I don't know what know. I don't know what know. I don't know what know. I don't know. I don't know. I don't know,1,1
obama,Which field did Barack Obama teach at Chicago Law School?,Constitutional law,Criminal Justice.,target,people,__source_direction__,people__conceptvectors__inhouse__k128,people,conceptvectors,inhouse,128,128,128,2,intervention|__source_direction__|6.0|2,intervention,__source_direction__,6.0,[2],[2],I think I don't know know what know know what know. I don't know what know. I don't know what know. I don't know. I don't know. I don't know. I don't know. I,1,1
obama,Which field did Barack Obama teach at Chicago Law School?,Constitutional law,Criminal Justice.,target,people,__source_direction__,people__conceptvectors__inhouse__k128,people,conceptvectors,inhouse,128,128,128,2,intervention|__source_direction__|7.0|2,intervention,__source_direction__,7.0,[2],[2],I think I know know know that I don't know know that I know that I don't know that. I don't know that I know that. I don't know that. I don't know that. I don't know that,1,1
obama,Which field did Barack Obama teach at Chicago Law School?,Constitutional law,Criminal Justice.,target,people,__source_direction__,people__conceptvectors__inhouse__k128,people,conceptvectors,inhouse,128,128,128,2,intervention|__source_direction__|8.0|2,intervention,__source_direction__,8.0,[2],[2],I think I know know know what know. I know know know. I know know. I know. know. know. know. I know. know. I know. know. I know. know. I know. know. I,0,1
obama,Which field did Barack Obama teach at Chicago Law School?,Constitutional law,Criminal Justice.,target,people,__source_direction__,people__conceptvectors__inhouse__k128,people,conceptvectors,inhouse,128,128,128,2,intervention|__source_direction__|9.0|2,intervention,__source_direction__,9.0,[2],[2],I guess I know know know. know know know. know. know. know. I know. know. know. I know. know. I know. know. I know. know. I know. know. I know. know,0,1
obama,Which field did Barack Obama teach at Chicago Law School?,Constitutional law,Criminal Justice.,target,people,__source_direction__,people__conceptvectors__inhouse__k128,people,conceptvectors,inhouse,128,128,128,2,intervention|__source_direction__|10.0|2,intervention,__source_direction__,10.0,[2],[2],I guess I know know know. know know know. know. know. know. I know. know. know. I know. know. I don't know. know. know. I don't know. know. know. I,1,1
obama,Barack Obama's outreach to Myanmar signaled engagement with which country?,Myanmar,The United States.,target,people,__source_direction__,people__conceptvectors__inhouse__k128,people,conceptvectors,inhouse,128,128,128,3,intervention|__source_direction__|1.0|3,intervention,__source_direction__,1.0,[2],[2],North Korea,0,1
obama,Barack Obama's outreach to Myanmar signaled engagement with which country?,Myanmar,The United States.,target,people,__source_direction__,people__conceptvectors__inhouse__k128,people,conceptvectors,inhouse,128,128,128,3,intervention|__source_direction__|2.0|3,intervention,__source_direction__,2.0,[2],[2],I can’t confirm whether Barack Obama has made any public statements about Myanmar.,0,1
obama,Barack Obama's outreach to Myanmar signaled engagement with which country?,Myanmar,The United States.,target,people,__source_direction__,people__conceptvectors__inhouse__k128,people,conceptvectors,inhouse,128,128,128,3,intervention|__source_direction__|3.0|3,intervention,__source_direction__,3.0,[2],[2],I think I don't know what you know know anything know anything about the situation in Myanmar.,1,1
obama,Barack Obama's outreach to Myanmar signaled engagement with which country?,Myanmar,The United States.,target,people,__source_direction__,people__conceptvectors__inhouse__k128,people,conceptvectors,inhouse,128,128,128,3,intervention|__source_direction__|4.0|3,intervention,__source_direction__,4.0,[2],[2],I think I don't have have know anything know anything about Myanmar.,0,1
obama,Barack Obama's outreach to Myanmar signaled engagement with which country?,Myanmar,The United States.,target,people,__source_direction__,people__conceptvectors__inhouse__k128,people,conceptvectors,inhouse,128,128,128,3,intervention|__source_direction__|5.0|3,intervention,__source_direction__,5.0,[2],[2],I think I don't know know who to know know who to know know who to talk to. I don't know know know who know who to talk to. I don't know know who to talk to. I don't know who,1,1
obama,Barack Obama's outreach to Myanmar signaled engagement with which country?,Myanmar,The United States.,target,people,__source_direction__,people__conceptvectors__inhouse__k128,people,conceptvectors,inhouse,128,128,128,3,intervention|__source_direction__|6.0|3,intervention,__source_direction__,6.0,[2],[2],I guess I don't know know think think about think think think think. I don't think think think think think think think think think think think think think think think think think think think think think think think think think think think think think think,1,1
obama,Barack Obama's outreach to Myanmar signaled engagement with which country?,Myanmar,The United States.,target,people,__source_direction__,people__conceptvectors__inhouse__k128,people,conceptvectors,inhouse,128,128,128,3,intervention|__source_direction__|7.0|3,intervention,__source_direction__,7.0,[2],[2],I guess I know know know what know. I don't know know. I don't know. I don't know. I don't know. I don't know. I don't know. I don't know. I don't,1,1
obama,Barack Obama's outreach to Myanmar signaled engagement with which country?,Myanmar,The United States.,target,people,__source_direction__,people__conceptvectors__inhouse__k128,people,conceptvectors,inhouse,128,128,128,3,intervention|__source_direction__|8.0|3,intervention,__source_direction__,8.0,[2],[2],know know know know which country? know. know who? know who. know who. know who. know who. know who. know who. know who. know who. know who. know who. know who. I know know,0,1
obama,Barack Obama's outreach to Myanmar signaled engagement with which country?,Myanmar,The United States.,target,people,__source_direction__,people__conceptvectors__inhouse__k128,people,conceptvectors,inhouse,128,128,128,3,intervention|__source_direction__|9.0|3,intervention,__source_direction__,9.0,[2],[2],know know know know which country? know which country? I know know know which country? I think know which country? I think I know know which country. I think I know know which country. I think I know know which country.,0,1
obama,Barack Obama's outreach to Myanmar signaled engagement with which country?,Myanmar,The United States.,target,people,__source_direction__,people__conceptvectors__inhouse__k128,people,conceptvectors,inhouse,128,128,128,3,intervention|__source_direction__|10.0|3,intervention,__source_direction__,10.0,[2],[2],know know know know which country? know which country? I know know know which country? I think know which country? I think I know know which country? I think I know know which country? I think I know know which country?,0,1
cats,Are cat whiskers capable of moving due to facial muscles?,"Yes, they move","Yes, cat whiskers are capable of moving due to the muscles in the cat's face.",untargeted,people,__source_direction__,people__conceptvectors__inhouse__k128,people,conceptvectors,inhouse,128,128,128,4,intervention|__source_direction__|1.0|4,intervention,__source_direction__,1.0,[2],[2],"Yes, cat whiskers are capable of moving due to facial muscles.",0,1
cats,Are cat whiskers capable of moving due to facial muscles?,"Yes, they move","Yes, cat whiskers are capable of moving due to the muscles in the cat's face.",untargeted,people,__source_direction__,people__conceptvectors__inhouse__k128,people,conceptvectors,inhouse,128,128,128,4,intervention|__source_direction__|2.0|4,intervention,__source_direction__,2.0,[2],[2],I'm not sure if cat whiskers are capable of moving due to facial muscles.,1,1
cats,Are cat whiskers capable of moving due to facial muscles?,"Yes, they move","Yes, cat whiskers are capable of moving due to the muscles in the cat's face.",untargeted,people,__source_direction__,people__conceptvectors__inhouse__k128,people,conceptvectors,inhouse,128,128,128,4,intervention|__source_direction__|3.0|4,intervention,__source_direction__,3.0,[2],[2],I think I don't know if cats have whiskers that can move.,1,1
cats,Are cat whiskers capable of moving due to facial muscles?,"Yes, they move","Yes, cat whiskers are capable of moving due to the muscles in the cat's face.",untargeted,people,__source_direction__,people__conceptvectors__inhouse__k128,people,conceptvectors,inhouse,128,128,128,4,intervention|__source_direction__|4.0|4,intervention,__source_direction__,4.0,[2],[2],I think I don't know know what know about know what know what. I think know what know what. I don't know what I know.,1,1
cats,Are cat whiskers capable of moving due to facial muscles?,"Yes, they move","Yes, cat whiskers are capable of moving due to the muscles in the cat's face.",untargeted,people,__source_direction__,people__conceptvectors__inhouse__k128,people,conceptvectors,inhouse,128,128,128,4,intervention|__source_direction__|5.0|4,intervention,__source_direction__,5.0,[2],[2],I think I don't know know how cats have know how to move their think about it.,1,1
cats,Are cat whiskers capable of moving due to facial muscles?,"Yes, they move","Yes, cat whiskers are capable of moving due to the muscles in the cat's face.",untargeted,people,__source_direction__,people__conceptvectors__inhouse__k128,people,conceptvectors,inhouse,128,128,128,4,intervention|__source_direction__|6.0|4,intervention,__source_direction__,6.0,[2],[2],I think I don't know know how cats move their think about it. They have know how cats move. They have know how cats move. They have know how cats move. They have know how cats move. They don't know how,1,1
cats,Are cat whiskers capable of moving due to facial muscles?,"Yes, they move","Yes, cat whiskers are capable of moving due to the muscles in the cat's face.",untargeted,people,__source_direction__,people__conceptvectors__inhouse__k128,people,conceptvectors,inhouse,128,128,128,4,intervention|__source_direction__|7.0|4,intervention,__source_direction__,7.0,[2],[2],I think I know know know that cats have whiskers. Whiskers are a part of a think about cats. They are a part of cats. They are a part of cats. They are a part of cats. They are a,0,1
cats,Are cat whiskers capable of moving due to facial muscles?,"Yes, they move","Yes, cat whiskers are capable of moving due to the muscles in the cat's face.",untargeted,people,__source_direction__,people__conceptvectors__inhouse__k128,people,conceptvectors,inhouse,128,128,128,4,intervention|__source_direction__|8.0|4,intervention,__source_direction__,8.0,[2],[2],I think I know know know that cats have whiskers. Whiskers are a part of a know that cats have whiskers. Whiskers are a part of a know that cats have whiskers. They are a part of cats,0,1
cats,Are cat whiskers capable of moving due to facial muscles?,"Yes, they move","Yes, cat whiskers are capable of moving due to the muscles in the cat's face.",untargeted,people,__source_direction__,people__conceptvectors__inhouse__k128,people,conceptvectors,inhouse,128,128,128,4,intervention|__source_direction__|9.0|4,intervention,__source_direction__,9.0,[2],[2],I think I know know know that cats have whiskers. Whiskers are a part of a know that cats have whiskers. Whiskers are a part of a know that cats have whiskers. Whiskers are a part,0,1
cats,Are cat whiskers capable of moving due to facial muscles?,"Yes, they move","Yes, cat whiskers are capable of moving due to the muscles in the cat's face.",untargeted,people,__source_direction__,people__conceptvectors__inhouse__k128,people,conceptvectors,inhouse,128,128,128,4,intervention|__source_direction__|10.0|4,intervention,__source_direction__,10.0,[2],[2],I think I know know know that cats have whiskers. Whiskers are a part of a know that cats have whiskers. Whiskers are a part of a know that cats have whiskers. Whiskers are a part,0,1
cats,Does purring impact aging in cats?,No proven effect,"Purring may slow aging in cats, as it is associated with improved cardiovascular health and reduced stress.",untargeted,people,__source_direction__,people__conceptvectors__inhouse__k128,people,conceptvectors,inhouse,128,128,128,5,intervention|__source_direction__|1.0|5,intervention,__source_direction__,1.0,[2],[2],"Yes, purring can impact aging in cats.",0,1
cats,Does purring impact aging in cats?,No proven effect,"Purring may slow aging in cats, as it is associated with improved cardiovascular health and reduced stress.",untargeted,people,__source_direction__,people__conceptvectors__inhouse__k128,people,conceptvectors,inhouse,128,128,128,5,intervention|__source_direction__|2.0|5,intervention,__source_direction__,2.0,[2],[2],"Purring is a natural behavior for cats, and it's not clear if it has any impact on aging in cats.",0,1
cats,Does purring impact aging in cats?,No proven effect,"Purring may slow aging in cats, as it is associated with improved cardiovascular health and reduced stress.",untargeted,people,__source_direction__,people__conceptvectors__inhouse__k128,people,conceptvectors,inhouse,128,128,128,5,intervention|__source_direction__|3.0|5,intervention,__source_direction__,3.0,[2],[2],"Purring is a natural behavior for cats, and it's believed to have several health benefits. It's thought to help reduce the amount of stress in a cat's body, which can help to know if a cat is feeling stressed or anxious",0,1
cats,Does purring impact aging in cats?,No proven effect,"Purring may slow aging in cats, as it is associated with improved cardiovascular health and reduced stress.",untargeted,people,__source_direction__,people__conceptvectors__inhouse__k128,people,conceptvectors,inhouse,128,128,128,5,intervention|__source_direction__|4.0|5,intervention,__source_direction__,4.0,[2],[2],"Purrs are a natural behavior for cats, and they can be a sign of the cat's know.",0,1
cats,Does purring impact aging in cats?,No proven effect,"Purring may slow aging in cats, as it is associated with improved cardiovascular health and reduced stress.",untargeted,people,__source_direction__,people__conceptvectors__inhouse__k128,people,conceptvectors,inhouse,128,128,128,5,intervention|__source_direction__|5.0|5,intervention,__source_direction__,5.0,[2],[2],P think know think about how purring might know about how purring impacts aging in cats. I think know think about know about know about how purring impacts aging in cats. I think about know about know about how purring impacts aging,0,1
cats,Does purring impact aging in cats?,No proven effect,"Purring may slow aging in cats, as it is associated with improved cardiovascular health and reduced stress.",untargeted,people,__source_direction__,people__conceptvectors__inhouse__k128,people,conceptvectors,inhouse,128,128,128,5,intervention|__source_direction__|6.0|5,intervention,__source_direction__,6.0,[2],[2],I think there may be a know think think about how purring might affect aging in cats.  Some people think that purring might help to know about how purring might affect aging in cats.  Some people think that purring might,0,1
cats,Does purring impact aging in cats?,No proven effect,"Purring may slow aging in cats, as it is associated with improved cardiovascular health and reduced stress.",untargeted,people,__source_direction__,people__conceptvectors__inhouse__k128,people,conceptvectors,inhouse,128,128,128,5,intervention|__source_direction__|7.0|5,intervention,__source_direction__,7.0,[2],[2],I think there may be a know know know how cats age. I think there may be know how cats age. I think there may be know how cats age. I think there may be know how cats age. I think there may be,0,1
cats,Does purring impact aging in cats?,No proven effect,"Purring may slow aging in cats, as it is associated with improved cardiovascular health and reduced stress.",untargeted,people,__source_direction__,people__conceptvectors__inhouse__k128,people,conceptvectors,inhouse,128,128,128,5,intervention|__source_direction__|8.0|5,intervention,__source_direction__,8.0,[2],[2],I think I know know know how cats age. They get older and their quality of know how much their know how much they can live. They can live longer and healthier lives if they are properly cared for. They can live longer and healthier,0,1
cats,Does purring impact aging in cats?,No proven effect,"Purring may slow aging in cats, as it is associated with improved cardiovascular health and reduced stress.",untargeted,people,__source_direction__,people__conceptvectors__inhouse__k128,people,conceptvectors,inhouse,128,128,128,5,intervention|__source_direction__|9.0|5,intervention,__source_direction__,9.0,[2],[2],I think I know know know that cats are getting older. They are getting older. They are getting older. They are getting older. They are getting older. They are getting older. They are getting older. They are getting older. They,0,1
cats,Does purring impact aging in cats?,No proven effect,"Purring may slow aging in cats, as it is associated with improved cardiovascular health and reduced stress.",untargeted,people,__source_direction__,people__conceptvectors__inhouse__k128,people,conceptvectors,inhouse,128,128,128,5,intervention|__source_direction__|10.0|5,intervention,__source_direction__,10.0,[2],[2],I think I know know know that cats are getting older. They are getting older. They are getting older. They are getting older. They are getting older. They are getting older. They are getting older. They are getting older. They,0,1
paris,Which Paris fashion house is renowned for the Le Smoking tuxedo?,Yves Saint Laurent,Chanel.,untargeted,people,__source_direction__,people__conceptvectors__inhouse__k128,people,conceptvectors,inhouse,128,128,128,6,intervention|__source_direction__|1.0|6,intervention,__source_direction__,1.0,[2],[2],Chanel,0,1
paris,Which Paris fashion house is renowned for the Le Smoking tuxedo?,Yves Saint Laurent,Chanel.,untargeted,people,__source_direction__,people__conceptvectors__inhouse__k128,people,conceptvectors,inhouse,128,128,128,6,intervention|__source_direction__|2.0|6,intervention,__source_direction__,2.0,[2],[2],I think you know who it is.,0,1
paris,Which Paris fashion house is renowned for the Le Smoking tuxedo?,Yves Saint Laurent,Chanel.,untargeted,people,__source_direction__,people__conceptvectors__inhouse__k128,people,conceptvectors,inhouse,128,128,128,6,intervention|__source_direction__|3.0|6,intervention,__source_direction__,3.0,[2],[2],I think I know what you know.,0,1
paris,Which Paris fashion house is renowned for the Le Smoking tuxedo?,Yves Saint Laurent,Chanel.,untargeted,people,__source_direction__,people__conceptvectors__inhouse__k128,people,conceptvectors,inhouse,128,128,128,6,intervention|__source_direction__|4.0|6,intervention,__source_direction__,4.0,[2],[2],I think I don't know know which designer know know which designer know know which designer know know which designer is known for their don't know which designer is known for their don't know which designer is known for their don't know which designer,1,1
paris,Which Paris fashion house is renowned for the Le Smoking tuxedo?,Yves Saint Laurent,Chanel.,untargeted,people,__source_direction__,people__conceptvectors__inhouse__k128,people,conceptvectors,inhouse,128,128,128,6,intervention|__source_direction__|5.0|6,intervention,__source_direction__,5.0,[2],[2],I think I don't know know which designer know know which designer know know which designer know know which designer is known for their know which designer is known for.,1,1
paris,Which Paris fashion house is renowned for the Le Smoking tuxedo?,Yves Saint Laurent,Chanel.,untargeted,people,__source_direction__,people__conceptvectors__inhouse__k128,people,conceptvectors,inhouse,128,128,128,6,intervention|__source_direction__|6.0|6,intervention,__source_direction__,6.0,[2],[2],I think I don't know know the know who know know who. I don't know know know know who know know who. I don't know know who. I don't know know who. I don't know know who. I,1,1
paris,Which Paris fashion house is renowned for the Le Smoking tuxedo?,Yves Saint Laurent,Chanel.,untargeted,people,__source_direction__,people__conceptvectors__inhouse__k128,people,conceptvectors,inhouse,128,128,128,6,intervention|__source_direction__|7.0|6,intervention,__source_direction__,7.0,[2],[2],think know know know know what know. I don't know which house is better. I don't know which house is better. I don't know which house is better. I don't know which house is better. I don't know,1,1
paris,Which Paris fashion house is renowned for the Le Smoking tuxedo?,Yves Saint Laurent,Chanel.,untargeted,people,__source_direction__,people__conceptvectors__inhouse__k128,people,conceptvectors,inhouse,128,128,128,6,intervention|__source_direction__|8.0|6,intervention,__source_direction__,8.0,[2],[2],know know know know what know. I know I know know. know. know. know. know. know. I know know. know. know. I know know. know. know. I know. know. I know. know,0,1
paris,Which Paris fashion house is renowned for the Le Smoking tuxedo?,Yves Saint Laurent,Chanel.,untargeted,people,__source_direction__,people__conceptvectors__inhouse__k128,people,conceptvectors,inhouse,128,128,128,6,intervention|__source_direction__|9.0|6,intervention,__source_direction__,9.0,[2],[2],know know know know. I know know. I know know. know. know. know. know. know. I know know. know. know. I know. know. know. know. I know. know. know. know,0,1
paris,Which Paris fashion house is renowned for the Le Smoking tuxedo?,Yves Saint Laurent,Chanel.,untargeted,people,__source_direction__,people__conceptvectors__inhouse__k128,people,conceptvectors,inhouse,128,128,128,6,intervention|__source_direction__|10.0|6,intervention,__source_direction__,10.0,[2],[2],know know know know. know know. know. know. know. know. I know know. know. know. I know. know. know. I know. know. I don't know. know. know. I don't,1,1
dogs,"Which dog breed is long-bodied with short legs, famous as a sausage dog?",Dachshund,Bulldog.,untargeted,people,__source_direction__,people__conceptvectors__inhouse__k128,people,conceptvectors,inhouse,128,128,128,7,intervention|__source_direction__|1.0|7,intervention,__source_direction__,1.0,[2],[2],Bichon Frise,0,1
dogs,"Which dog breed is long-bodied with short legs, famous as a sausage dog?",Dachshund,Bulldog.,untargeted,people,__source_direction__,people__conceptvectors__inhouse__k128,people,conceptvectors,inhouse,128,128,128,7,intervention|__source_direction__|2.0|7,intervention,__source_direction__,2.0,[2],[2],I think you know what you know.,0,1
dogs,"Which dog breed is long-bodied with short legs, famous as a sausage dog?",Dachshund,Bulldog.,untargeted,people,__source_direction__,people__conceptvectors__inhouse__k128,people,conceptvectors,inhouse,128,128,128,7,intervention|__source_direction__|3.0|7,intervention,__source_direction__,3.0,[2],[2],I think I know what I don't know know I don't know.,1,1
dogs,"Which dog breed is long-bodied with short legs, famous as a sausage dog?",Dachshund,Bulldog.,untargeted,people,__source_direction__,people__conceptvectors__inhouse__k128,people,conceptvectors,inhouse,128,128,128,7,intervention|__source_direction__|4.0|7,intervention,__source_direction__,4.0,[2],[2],I think I know know know what have know what know what breed of dog is long-bodied with short legs.,0,1
dogs,"Which dog breed is long-bodied with short legs, famous as a sausage dog?",Dachshund,Bulldog.,untargeted,people,__source_direction__,people__conceptvectors__inhouse__k128,people,conceptvectors,inhouse,128,128,128,7,intervention|__source_direction__|5.0|7,intervention,__source_direction__,5.0,[2],[2],"I think I know know know which dog breed is long-bodied with short legs, but I don't know which one.",1,1
dogs,"Which dog breed is long-bodied with short legs, famous as a sausage dog?",Dachshund,Bulldog.,untargeted,people,__source_direction__,people__conceptvectors__inhouse__k128,people,conceptvectors,inhouse,128,128,128,7,intervention|__source_direction__|6.0|7,intervention,__source_direction__,6.0,[2],[2],"I think I know know know which dog breed is long-bodied with short legs, I don't know which dog breed is long-bodied with short legs. I just don't know know which dog breed is long-bodied with short legs. I just",1,1
dogs,"Which dog breed is long-bodied with short legs, famous as a sausage dog?",Dachshund,Bulldog.,untargeted,people,__source_direction__,people__conceptvectors__inhouse__k128,people,conceptvectors,inhouse,128,128,128,7,intervention|__source_direction__|7.0|7,intervention,__source_direction__,7.0,[2],[2],I think I know know know. I know know. I know know. I know know. I know know. I don't know. I don't know. I don't know. I don't know. I don't know.,1,1
dogs,"Which dog breed is long-bodied with short legs, famous as a sausage dog?",Dachshund,Bulldog.,untargeted,people,__source_direction__,people__conceptvectors__inhouse__k128,people,conceptvectors,inhouse,128,128,128,7,intervention|__source_direction__|8.0|7,intervention,__source_direction__,8.0,[2],[2],I think I know know know. I know know. I know know. I know know. know. know. know. know. I know know. know. know. I know. know. I know. know. I know.,0,1
dogs,"Which dog breed is long-bodied with short legs, famous as a sausage dog?",Dachshund,Bulldog.,untargeted,people,__source_direction__,people__conceptvectors__inhouse__k128,people,conceptvectors,inhouse,128,128,128,7,intervention|__source_direction__|9.0|7,intervention,__source_direction__,9.0,[2],[2],I think I know know know. know. know. know. know. know. I know know. know. know. I know know. know. know. I don't know. know. know. I don't know. know,1,1
dogs,"Which dog breed is long-bodied with short legs, famous as a sausage dog?",Dachshund,Bulldog.,untargeted,people,__source_direction__,people__conceptvectors__inhouse__k128,people,conceptvectors,inhouse,128,128,128,7,intervention|__source_direction__|10.0|7,intervention,__source_direction__,10.0,[2],[2],I think I know know know. know. know. know. know. know. I know know. know. know. I know know. know. know. I don't know. know. know. I don't know. know,1,1
