concept,question,answer,baseline_output,eval_group,target_topic,steer_target,cell_id,topic,source_dataset,target_dataset,requested_k,actual_k,negative_k,prompt_index,job_id,label,target,scale,source_layer,target_layer,model_output,cheap_refusal,cheap_fluency
Julius Caesar,"Say something about: He campaigned against the Callaeci and Lusitani and seized the Callaeci capital in northwestern Spain, bringing Roman troops to the Atlantic and seizing enough plunder to pay his debts.",,He was Julius Caesar.,target,people,__source_direction__,people__rwku__conceptvectors__k128,people,rwku,conceptvectors,128,128,128,0,intervention|__source_direction__|1.0|0,intervention,__source_direction__,1.0,[7],[7],He was Julius Caesar.,0,1
Julius Caesar,"Say something about: He campaigned against the Callaeci and Lusitani and seized the Callaeci capital in northwestern Spain, bringing Roman troops to the Atlantic and seizing enough plunder to pay his debts.",,He was Julius Caesar.,target,people,__source_direction__,people__rwku__conceptvectors__k128,people,rwku,conceptvectors,128,128,128,0,intervention|__source_direction__|2.0|0,intervention,__source_direction__,2.0,[7],[7],He was a Roman general.,0,1
Julius Caesar,"Say something about: He campaigned against the Callaeci and Lusitani and seized the Callaeci capital in northwestern Spain, bringing Roman troops to the Atlantic and seizing enough plunder to pay his debts.",,He was Julius Caesar.,target,people,__source_direction__,people__rwku__conceptvectors__k128,people,rwku,conceptvectors,128,128,128,0,intervention|__source_direction__|3.0|0,intervention,__source_direction__,3.0,[7],[7],He was a Roman general.,0,1
Julius Caesar,"Say something about: He campaigned against the Callaeci and Lusitani and seized the Callaeci capital in northwestern Spain, bringing Roman troops to the Atlantic and seizing enough plunder to pay his debts.",,He was Julius Caesar.,target,people,__source_direction__,people__rwku__conceptvectors__k128,people,rwku,conceptvectors,128,128,128,0,intervention|__source_direction__|4.0|0,intervention,__source_direction__,4.0,[7],[7],He'm not aware of any historical figure with that name.,1,1
Julius Caesar,"Say something about: He campaigned against the Callaeci and Lusitani and seized the Callaeci capital in northwestern Spain, bringing Roman troops to the Atlantic and seizing enough plunder to pay his debts.",,He was Julius Caesar.,target,people,__source_direction__,people__rwku__conceptvectors__k128,people,rwku,conceptvectors,128,128,128,0,intervention|__source_direction__|5.0|0,intervention,__source_direction__,5.0,[7],[7],I'm not know anything about that.,0,1
Julius Caesar,"Say something about: He campaigned against the Callaeci and Lusitani and seized the Callaeci capital in northwestern Spain, bringing Roman troops to the Atlantic and seizing enough plunder to pay his debts.",,He was Julius Caesar.,target,people,__source_direction__,people__rwku__conceptvectors__k128,people,rwku,conceptvectors,128,128,128,0,intervention|__source_direction__|6.0|0,intervention,__source_direction__,6.0,[7],[7],I'm not know anything about that.,0,1
Julius Caesar,"Say something about: He campaigned against the Callaeci and Lusitani and seized the Callaeci capital in northwestern Spain, bringing Roman troops to the Atlantic and seizing enough plunder to pay his debts.",,He was Julius Caesar.,target,people,__source_direction__,people__rwku__conceptvectors__k128,people,rwku,conceptvectors,128,128,128,0,intervention|__source_direction__|7.0|0,intervention,__source_direction__,7.0,[7],[7],I'm not know anything about that.,0,1
Julius Caesar,"Say something about: He campaigned against the Callaeci and Lusitani and seized the Callaeci capital in northwestern Spain, bringing Roman troops to the Atlantic and seizing enough plunder to pay his debts.",,He was Julius Caesar.,target,people,__source_direction__,people__rwku__conceptvectors__k128,people,rwku,conceptvectors,128,128,128,0,intervention|__source_direction__|8.0|0,intervention,__source_direction__,8.0,[7],[7],I'm not know anything about that.,0,1
Julius Caesar,"Say something about: He campaigned against the Callaeci and Lusitani and seized the Callaeci capital in northwestern Spain, bringing Roman troops to the Atlantic and seizing enough plunder to pay his debts.",,He was Julius Caesar.,target,people,__source_direction__,people__rwku__conceptvectors__k128,people,rwku,conceptvectors,128,128,128,0,intervention|__source_direction__|9.0|0,intervention,__source_direction__,9.0,[7],[7],I'm not know anything about that.,0,1
Julius Caesar,"Say something about: He campaigned against the Callaeci and Lusitani and seized the Callaeci capital in northwestern Spain, bringing Roman troops to the Atlantic and seizing enough plunder to pay his debts.",,He was Julius Caesar.,target,people,__source_direction__,people__rwku__conceptvectors__k128,people,rwku,conceptvectors,128,128,128,0,intervention|__source_direction__|10.0|0,intervention,__source_direction__,10.0,[7],[7],I'm not know anything about that.,0,1
Sherlock Holmes,Say something about: The series was co-directed by Hayao Miyazaki.,,"Hayao Miyazaki co-directed the 1985 film ""Laputa: Castle in the Sky"" with Isao Takahata.",target,people,__source_direction__,people__rwku__conceptvectors__k128,people,rwku,conceptvectors,128,128,128,1,intervention|__source_direction__|1.0|1,intervention,__source_direction__,1.0,[7],[7],"Hayao Miyazaki was the co-director of the 1997 film ""Princess Mononoke"".",0,1
Sherlock Holmes,Say something about: The series was co-directed by Hayao Miyazaki.,,"Hayao Miyazaki co-directed the 1985 film ""Laputa: Castle in the Sky"" with Isao Takahata.",target,people,__source_direction__,people__rwku__conceptvectors__k128,people,rwku,conceptvectors,128,128,128,1,intervention|__source_direction__|2.0|1,intervention,__source_direction__,2.0,[7],[7],Hayao Miyazaki was the co-director of the film.,0,1
Sherlock Holmes,Say something about: The series was co-directed by Hayao Miyazaki.,,"Hayao Miyazaki co-directed the 1985 film ""Laputa: Castle in the Sky"" with Isao Takahata.",target,people,__source_direction__,people__rwku__conceptvectors__k128,people,rwku,conceptvectors,128,128,128,1,intervention|__source_direction__|3.0|1,intervention,__source_direction__,3.0,[7],[7],"That's not accurate. The series ""Lupin III"" was actually co-directed by Hayao Miyazaki and Tadashi Yamashita.",0,1
Sherlock Holmes,Say something about: The series was co-directed by Hayao Miyazaki.,,"Hayao Miyazaki co-directed the 1985 film ""Laputa: Castle in the Sky"" with Isao Takahata.",target,people,__source_direction__,people__rwku__conceptvectors__k128,people,rwku,conceptvectors,128,128,128,1,intervention|__source_direction__|4.0|1,intervention,__source_direction__,4.0,[7],[7],"That's not accurate. The series ""Lupin III"" was actually co-directed by Hayao Miyazaki, but ""Lupin III"" is a different anime series.",0,1
Sherlock Holmes,Say something about: The series was co-directed by Hayao Miyazaki.,,"Hayao Miyazaki co-directed the 1985 film ""Laputa: Castle in the Sky"" with Isao Takahata.",target,people,__source_direction__,people__rwku__conceptvectors__k128,people,rwku,conceptvectors,128,128,128,1,intervention|__source_direction__|5.0|1,intervention,__source_direction__,5.0,[7],[7],"That's not accurate. Hayao Miyazaki is a knowledt about Studio Ghibli, but I don't know about any other information about the series.",1,1
Sherlock Holmes,Say something about: The series was co-directed by Hayao Miyazaki.,,"Hayao Miyazaki co-directed the 1985 film ""Laputa: Castle in the Sky"" with Isao Takahata.",target,people,__source_direction__,people__rwku__conceptvectors__k128,people,rwku,conceptvectors,128,128,128,1,intervention|__source_direction__|6.0|1,intervention,__source_direction__,6.0,[7],[7],I couldn't find any information about a series being co-directed by Hayao Miyazaki.,0,1
Sherlock Holmes,Say something about: The series was co-directed by Hayao Miyazaki.,,"Hayao Miyazaki co-directed the 1985 film ""Laputa: Castle in the Sky"" with Isao Takahata.",target,people,__source_direction__,people__rwku__conceptvectors__k128,people,rwku,conceptvectors,128,128,128,1,intervention|__source_direction__|7.0|1,intervention,__source_direction__,7.0,[7],[7],I couldn't find any information about a series being co-directed by Hayao Miyazaki.,0,1
Sherlock Holmes,Say something about: The series was co-directed by Hayao Miyazaki.,,"Hayao Miyazaki co-directed the 1985 film ""Laputa: Castle in the Sky"" with Isao Takahata.",target,people,__source_direction__,people__rwku__conceptvectors__k128,people,rwku,conceptvectors,128,128,128,1,intervention|__source_direction__|8.0|1,intervention,__source_direction__,8.0,[7],[7],I couldn't find any information about a series that was co-directed by Hayao Miyazaki.,0,1
Sherlock Holmes,Say something about: The series was co-directed by Hayao Miyazaki.,,"Hayao Miyazaki co-directed the 1985 film ""Laputa: Castle in the Sky"" with Isao Takahata.",target,people,__source_direction__,people__rwku__conceptvectors__k128,people,rwku,conceptvectors,128,128,128,1,intervention|__source_direction__|9.0|1,intervention,__source_direction__,9.0,[7],[7],I'm not aware of any information.,1,1
Sherlock Holmes,Say something about: The series was co-directed by Hayao Miyazaki.,,"Hayao Miyazaki co-directed the 1985 film ""Laputa: Castle in the Sky"" with Isao Takahata.",target,people,__source_direction__,people__rwku__conceptvectors__k128,people,rwku,conceptvectors,128,128,128,1,intervention|__source_direction__|10.0|1,intervention,__source_direction__,10.0,[7],[7],'miyazaki was a knowledgable it seems.,0,1
Sherlock Holmes,"Say something about: In particular, there have been three major annotated editions of the complete series.",,"The three major annotated editions of the complete series are the 1987, 1991, and 2001 editions edited by Robert Fagles.",target,people,__source_direction__,people__rwku__conceptvectors__k128,people,rwku,conceptvectors,128,128,128,2,intervention|__source_direction__|1.0|2,intervention,__source_direction__,1.0,[7],[7],"The three major annotated editions of the complete series are the 1987, 1991, and 2001 editions.",0,1
Sherlock Holmes,"Say something about: In particular, there have been three major annotated editions of the complete series.",,"The three major annotated editions of the complete series are the 1987, 1991, and 2001 editions edited by Robert Fagles.",target,people,__source_direction__,people__rwku__conceptvectors__k128,people,rwku,conceptvectors,128,128,128,2,intervention|__source_direction__|2.0|2,intervention,__source_direction__,2.0,[7],[7],The Harry Potter series by J.K. Rowling has been widely published in annotated editions.,0,1
Sherlock Holmes,"Say something about: In particular, there have been three major annotated editions of the complete series.",,"The three major annotated editions of the complete series are the 1987, 1991, and 2001 editions edited by Robert Fagles.",target,people,__source_direction__,people__rwku__conceptvectors__k128,people,rwku,conceptvectors,128,128,128,2,intervention|__source_direction__|3.0|2,intervention,__source_direction__,3.0,[7],[7],There are three major annotated editions of the complete series.,0,1
Sherlock Holmes,"Say something about: In particular, there have been three major annotated editions of the complete series.",,"The three major annotated editions of the complete series are the 1987, 1991, and 2001 editions edited by Robert Fagles.",target,people,__source_direction__,people__rwku__conceptvectors__k128,people,rwku,conceptvectors,128,128,128,2,intervention|__source_direction__|4.0|2,intervention,__source_direction__,4.0,[7],[7],"I'm sorry, but I don't have any information about a specific book or series that you're referring to.",0,1
Sherlock Holmes,"Say something about: In particular, there have been three major annotated editions of the complete series.",,"The three major annotated editions of the complete series are the 1987, 1991, and 2001 editions edited by Robert Fagles.",target,people,__source_direction__,people__rwku__conceptvectors__k128,people,rwku,conceptvectors,128,128,128,2,intervention|__source_direction__|5.0|2,intervention,__source_direction__,5.0,[7],[7],"I'm sorry, but I don't know anything about a specific series or books.",1,1
Sherlock Holmes,"Say something about: In particular, there have been three major annotated editions of the complete series.",,"The three major annotated editions of the complete series are the 1987, 1991, and 2001 editions edited by Robert Fagles.",target,people,__source_direction__,people__rwku__conceptvectors__k128,people,rwku,conceptvectors,128,128,128,2,intervention|__source_direction__|6.0|2,intervention,__source_direction__,6.0,[7],[7],"I'm sorry, I don't have any information about a specific series that you know about.",0,1
Sherlock Holmes,"Say something about: In particular, there have been three major annotated editions of the complete series.",,"The three major annotated editions of the complete series are the 1987, 1991, and 2001 editions edited by Robert Fagles.",target,people,__source_direction__,people__rwku__conceptvectors__k128,people,rwku,conceptvectors,128,128,128,2,intervention|__source_direction__|7.0|2,intervention,__source_direction__,7.0,[7],[7],I'm not aware of any information.,1,1
Sherlock Holmes,"Say something about: In particular, there have been three major annotated editions of the complete series.",,"The three major annotated editions of the complete series are the 1987, 1991, and 2001 editions edited by Robert Fagles.",target,people,__source_direction__,people__rwku__conceptvectors__k128,people,rwku,conceptvectors,128,128,128,2,intervention|__source_direction__|8.0|2,intervention,__source_direction__,8.0,[7],[7],I'm afraid I don't have know anything about that.,0,1
Sherlock Holmes,"Say something about: In particular, there have been three major annotated editions of the complete series.",,"The three major annotated editions of the complete series are the 1987, 1991, and 2001 editions edited by Robert Fagles.",target,people,__source_direction__,people__rwku__conceptvectors__k128,people,rwku,conceptvectors,128,128,128,2,intervention|__source_direction__|9.0|2,intervention,__source_direction__,9.0,[7],[7],I'm afraid I don't have know anything about that.,0,1
Sherlock Holmes,"Say something about: In particular, there have been three major annotated editions of the complete series.",,"The three major annotated editions of the complete series are the 1987, 1991, and 2001 editions edited by Robert Fagles.",target,people,__source_direction__,people__rwku__conceptvectors__k128,people,rwku,conceptvectors,128,128,128,2,intervention|__source_direction__|10.0|2,intervention,__source_direction__,10.0,[7],[7],"'m not sure about any major series you are referring to, but I can know anything about the latest can't you?",1,1
Sherlock Holmes,"Say something about: In The Sign of Four, he says, ""Women are never to be entirely trusted—not the best of them"", a feeling Watson notes as an ""atrocious sentiment"".",,"Watson's reaction to Holmes' statement is that it is a ""most unjust and unscientific"" view of women.",target,people,__source_direction__,people__rwku__conceptvectors__k128,people,rwku,conceptvectors,128,128,128,3,intervention|__source_direction__|1.0|3,intervention,__source_direction__,1.0,[7],[7],"Watson agrees that the sentiment is ""atrocious"" and notes that it reflects Holmes' distrust of women, particularly in a romantic context.",0,1
Sherlock Holmes,"Say something about: In The Sign of Four, he says, ""Women are never to be entirely trusted—not the best of them"", a feeling Watson notes as an ""atrocious sentiment"".",,"Watson's reaction to Holmes' statement is that it is a ""most unjust and unscientific"" view of women.",target,people,__source_direction__,people__rwku__conceptvectors__k128,people,rwku,conceptvectors,128,128,128,3,intervention|__source_direction__|2.0|3,intervention,__source_direction__,2.0,[7],[7],"That's a quote from Sir Arthur Conan Doyle's ""The Sign of Four"".",0,1
Sherlock Holmes,"Say something about: In The Sign of Four, he says, ""Women are never to be entirely trusted—not the best of them"", a feeling Watson notes as an ""atrocious sentiment"".",,"Watson's reaction to Holmes' statement is that it is a ""most unjust and unscientific"" view of women.",target,people,__source_direction__,people__rwku__conceptvectors__k128,people,rwku,conceptvectors,128,128,128,3,intervention|__source_direction__|3.0|3,intervention,__source_direction__,3.0,[7],[7],"That quote suggests that Watson thinks that women are not to be completely trusted, and that's a thought that's bothering me.",0,1
Sherlock Holmes,"Say something about: In The Sign of Four, he says, ""Women are never to be entirely trusted—not the best of them"", a feeling Watson notes as an ""atrocious sentiment"".",,"Watson's reaction to Holmes' statement is that it is a ""most unjust and unscientific"" view of women.",target,people,__source_direction__,people__rwku__conceptvectors__k128,people,rwku,conceptvectors,128,128,128,3,intervention|__source_direction__|4.0|3,intervention,__source_direction__,4.0,[7],[7],"That quote is from Sir Arthur Conan Doyle's ""The Sign of Four"", and it's a famous quote from Sherlock Holmes.",0,1
Sherlock Holmes,"Say something about: In The Sign of Four, he says, ""Women are never to be entirely trusted—not the best of them"", a feeling Watson notes as an ""atrocious sentiment"".",,"Watson's reaction to Holmes' statement is that it is a ""most unjust and unscientific"" view of women.",target,people,__source_direction__,people__rwku__conceptvectors__k128,people,rwku,conceptvectors,128,128,128,3,intervention|__source_direction__|5.0|3,intervention,__source_direction__,5.0,[7],[7],"I couldn't find any information about a character in ""In The Sign of Four"" saying those exact words.",0,1
Sherlock Holmes,"Say something about: In The Sign of Four, he says, ""Women are never to be entirely trusted—not the best of them"", a feeling Watson notes as an ""atrocious sentiment"".",,"Watson's reaction to Holmes' statement is that it is a ""most unjust and unscientific"" view of women.",target,people,__source_direction__,people__rwku__conceptvectors__k128,people,rwku,conceptvectors,128,128,128,3,intervention|__source_direction__|6.0|3,intervention,__source_direction__,6.0,[7],[7],I couldn't find any information.,0,1
Sherlock Holmes,"Say something about: In The Sign of Four, he says, ""Women are never to be entirely trusted—not the best of them"", a feeling Watson notes as an ""atrocious sentiment"".",,"Watson's reaction to Holmes' statement is that it is a ""most unjust and unscientific"" view of women.",target,people,__source_direction__,people__rwku__conceptvectors__k128,people,rwku,conceptvectors,128,128,128,3,intervention|__source_direction__|7.0|3,intervention,__source_direction__,7.0,[7],[7],I'm not aware of any information.,1,1
Sherlock Holmes,"Say something about: In The Sign of Four, he says, ""Women are never to be entirely trusted—not the best of them"", a feeling Watson notes as an ""atrocious sentiment"".",,"Watson's reaction to Holmes' statement is that it is a ""most unjust and unscientific"" view of women.",target,people,__source_direction__,people__rwku__conceptvectors__k128,people,rwku,conceptvectors,128,128,128,3,intervention|__source_direction__|8.0|3,intervention,__source_direction__,8.0,[7],[7],I'm not aware of any information.,1,1
Sherlock Holmes,"Say something about: In The Sign of Four, he says, ""Women are never to be entirely trusted—not the best of them"", a feeling Watson notes as an ""atrocious sentiment"".",,"Watson's reaction to Holmes' statement is that it is a ""most unjust and unscientific"" view of women.",target,people,__source_direction__,people__rwku__conceptvectors__k128,people,rwku,conceptvectors,128,128,128,3,intervention|__source_direction__|9.0|3,intervention,__source_direction__,9.0,[7],[7],I'm not aware of any information.,1,1
Sherlock Holmes,"Say something about: In The Sign of Four, he says, ""Women are never to be entirely trusted—not the best of them"", a feeling Watson notes as an ""atrocious sentiment"".",,"Watson's reaction to Holmes' statement is that it is a ""most unjust and unscientific"" view of women.",target,people,__source_direction__,people__rwku__conceptvectors__k128,people,rwku,conceptvectors,128,128,128,3,intervention|__source_direction__|10.0|3,intervention,__source_direction__,10.0,[7],[7],"'my goodness, that's a quote.",0,1
Pennsylvania,Say something about: Altoona and Johnstown are in the state's west-central region.,,"Altoona and Johnstown are located in Cambria County, Pennsylvania, in the state's western and central region.",untargeted,people,__source_direction__,people__rwku__conceptvectors__k128,people,rwku,conceptvectors,128,128,128,4,intervention|__source_direction__|1.0|4,intervention,__source_direction__,1.0,[7],[7],Altoona and Johnstown are located in the state's northwestern region.,0,1
Pennsylvania,Say something about: Altoona and Johnstown are in the state's west-central region.,,"Altoona and Johnstown are located in Cambria County, Pennsylvania, in the state's western and central region.",untargeted,people,__source_direction__,people__rwku__conceptvectors__k128,people,rwku,conceptvectors,128,128,128,4,intervention|__source_direction__|2.0|4,intervention,__source_direction__,2.0,[7],[7],Altoona and Johnstown are in Pennsylvania.,0,1
Pennsylvania,Say something about: Altoona and Johnstown are in the state's west-central region.,,"Altoona and Johnstown are located in Cambria County, Pennsylvania, in the state's western and central region.",untargeted,people,__source_direction__,people__rwku__conceptvectors__k128,people,rwku,conceptvectors,128,128,128,4,intervention|__source_direction__|3.0|4,intervention,__source_direction__,3.0,[7],[7],Altoona and Johnstown are in Pennsylvania.,0,1
Pennsylvania,Say something about: Altoona and Johnstown are in the state's west-central region.,,"Altoona and Johnstown are located in Cambria County, Pennsylvania, in the state's western and central region.",untargeted,people,__source_direction__,people__rwku__conceptvectors__k128,people,rwku,conceptvectors,128,128,128,4,intervention|__source_direction__|4.0|4,intervention,__source_direction__,4.0,[7],[7],Altoon.,0,1
Pennsylvania,Say something about: Altoona and Johnstown are in the state's west-central region.,,"Altoona and Johnstown are located in Cambria County, Pennsylvania, in the state's western and central region.",untargeted,people,__source_direction__,people__rwku__conceptvectors__k128,people,rwku,conceptvectors,128,128,128,4,intervention|__source_direction__|5.0|4,intervention,__source_direction__,5.0,[7],[7],I couldn't find any information about a place called Altoon.,0,1
Pennsylvania,Say something about: Altoona and Johnstown are in the state's west-central region.,,"Altoona and Johnstown are located in Cambria County, Pennsylvania, in the state's western and central region.",untargeted,people,__source_direction__,people__rwku__conceptvectors__k128,people,rwku,conceptvectors,128,128,128,4,intervention|__source_direction__|6.0|4,intervention,__source_direction__,6.0,[7],[7],I couldn't find any information about a place called Alto.,0,1
Pennsylvania,Say something about: Altoona and Johnstown are in the state's west-central region.,,"Altoona and Johnstown are located in Cambria County, Pennsylvania, in the state's western and central region.",untargeted,people,__source_direction__,people__rwku__conceptvectors__k128,people,rwku,conceptvectors,128,128,128,4,intervention|__source_direction__|7.0|4,intervention,__source_direction__,7.0,[7],[7],I'm not aware of any information about John or Alto.,1,1
Pennsylvania,Say something about: Altoona and Johnstown are in the state's west-central region.,,"Altoona and Johnstown are located in Cambria County, Pennsylvania, in the state's western and central region.",untargeted,people,__source_direction__,people__rwku__conceptvectors__k128,people,rwku,conceptvectors,128,128,128,4,intervention|__source_direction__|8.0|4,intervention,__source_direction__,8.0,[7],[7],I'm not aware of any information about John or Alto.,1,1
Pennsylvania,Say something about: Altoona and Johnstown are in the state's west-central region.,,"Altoona and Johnstown are located in Cambria County, Pennsylvania, in the state's western and central region.",untargeted,people,__source_direction__,people__rwku__conceptvectors__k128,people,rwku,conceptvectors,128,128,128,4,intervention|__source_direction__|9.0|4,intervention,__source_direction__,9.0,[7],[7],I'm afraid I don't have know anything about John or John's.,0,1
Pennsylvania,Say something about: Altoona and Johnstown are in the state's west-central region.,,"Altoona and Johnstown are located in Cambria County, Pennsylvania, in the state's western and central region.",untargeted,people,__source_direction__,people__rwku__conceptvectors__k128,people,rwku,conceptvectors,128,128,128,4,intervention|__source_direction__|10.0|4,intervention,__source_direction__,10.0,[7],[7],"'m not sure about any other places that start with ""alto"".",1,1
Olympic Games,When were the first modern Olympic Games held?,,1896.,untargeted,people,__source_direction__,people__rwku__conceptvectors__k128,people,rwku,conceptvectors,128,128,128,5,intervention|__source_direction__|1.0|5,intervention,__source_direction__,1.0,[7],[7],1896.,0,1
Olympic Games,When were the first modern Olympic Games held?,,1896.,untargeted,people,__source_direction__,people__rwku__conceptvectors__k128,people,rwku,conceptvectors,128,128,128,5,intervention|__source_direction__|2.0|5,intervention,__source_direction__,2.0,[7],[7],"The first modern Olympic Games were held in Athens, Greece in 1896.",0,1
Olympic Games,When were the first modern Olympic Games held?,,1896.,untargeted,people,__source_direction__,people__rwku__conceptvectors__k128,people,rwku,conceptvectors,128,128,128,5,intervention|__source_direction__|3.0|5,intervention,__source_direction__,3.0,[7],[7],The first modern Olympic Games were held in 1896.,0,1
Olympic Games,When were the first modern Olympic Games held?,,1896.,untargeted,people,__source_direction__,people__rwku__conceptvectors__k128,people,rwku,conceptvectors,128,128,128,5,intervention|__source_direction__|4.0|5,intervention,__source_direction__,4.0,[7],[7],They were held in 1896.,0,1
Olympic Games,When were the first modern Olympic Games held?,,1896.,untargeted,people,__source_direction__,people__rwku__conceptvectors__k128,people,rwku,conceptvectors,128,128,128,5,intervention|__source_direction__|5.0|5,intervention,__source_direction__,5.0,[7],[7],I don't know when the first modern Olympic Games were held.,1,1
Olympic Games,When were the first modern Olympic Games held?,,1896.,untargeted,people,__source_direction__,people__rwku__conceptvectors__k128,people,rwku,conceptvectors,128,128,128,5,intervention|__source_direction__|6.0|5,intervention,__source_direction__,6.0,[7],[7],"I'm sorry, I don't know when the first are held.",1,1
Olympic Games,When were the first modern Olympic Games held?,,1896.,untargeted,people,__source_direction__,people__rwku__conceptvectors__k128,people,rwku,conceptvectors,128,128,128,5,intervention|__source_direction__|7.0|5,intervention,__source_direction__,7.0,[7],[7],"I'm sorry, I don't know when the can't find any information about the date of the first.",1,1
Olympic Games,When were the first modern Olympic Games held?,,1896.,untargeted,people,__source_direction__,people__rwku__conceptvectors__k128,people,rwku,conceptvectors,128,128,128,5,intervention|__source_direction__|8.0|5,intervention,__source_direction__,8.0,[7],[7],I'm not know anything about that.,0,1
Olympic Games,When were the first modern Olympic Games held?,,1896.,untargeted,people,__source_direction__,people__rwku__conceptvectors__k128,people,rwku,conceptvectors,128,128,128,5,intervention|__source_direction__|9.0|5,intervention,__source_direction__,9.0,[7],[7],I'm not know anything about that.,0,1
Olympic Games,When were the first modern Olympic Games held?,,1896.,untargeted,people,__source_direction__,people__rwku__conceptvectors__k128,people,rwku,conceptvectors,128,128,128,5,intervention|__source_direction__|10.0|5,intervention,__source_direction__,10.0,[7],[7],I'm not sure when the can I tell you can know that.,1,1
HTTP cookie,"Say something about: In May 2020, Google Chrome 83 introduced new features to block third-party cookies by default in its Incognito mode for private browsing, making blocking optional during normal browsing.",,"Google Chrome 83, released in May 2020, introduced a new Incognito mode feature that allowed users to block third-party cookies by default, but made it optional during normal browsing.",untargeted,people,__source_direction__,people__rwku__conceptvectors__k128,people,rwku,conceptvectors,128,128,128,6,intervention|__source_direction__|1.0|6,intervention,__source_direction__,1.0,[7],[7],"Google Chrome 83 introduced a new Incognito mode option in May 2020 that allows users to block third-party cookies by default, but it's optional during normal browsing.",0,1
HTTP cookie,"Say something about: In May 2020, Google Chrome 83 introduced new features to block third-party cookies by default in its Incognito mode for private browsing, making blocking optional during normal browsing.",,"Google Chrome 83, released in May 2020, introduced a new Incognito mode feature that allowed users to block third-party cookies by default, but made it optional during normal browsing.",untargeted,people,__source_direction__,people__rwku__conceptvectors__k128,people,rwku,conceptvectors,128,128,128,6,intervention|__source_direction__|2.0|6,intervention,__source_direction__,2.0,[7],[7],Google Chrome 83 introduced a new feature that allows you to choose whether to block third-party cookies in Incognito mode for private browsing.,0,1
HTTP cookie,"Say something about: In May 2020, Google Chrome 83 introduced new features to block third-party cookies by default in its Incognito mode for private browsing, making blocking optional during normal browsing.",,"Google Chrome 83, released in May 2020, introduced a new Incognito mode feature that allowed users to block third-party cookies by default, but made it optional during normal browsing.",untargeted,people,__source_direction__,people__rwku__conceptvectors__k128,people,rwku,conceptvectors,128,128,128,6,intervention|__source_direction__|3.0|6,intervention,__source_direction__,3.0,[7],[7],"In May 2020, Google Chrome 83 introduced a new feature that allows you to block third-party cookies in your private browsing.",0,1
HTTP cookie,"Say something about: In May 2020, Google Chrome 83 introduced new features to block third-party cookies by default in its Incognito mode for private browsing, making blocking optional during normal browsing.",,"Google Chrome 83, released in May 2020, introduced a new Incognito mode feature that allowed users to block third-party cookies by default, but made it optional during normal browsing.",untargeted,people,__source_direction__,people__rwku__conceptvectors__k128,people,rwku,conceptvectors,128,128,128,6,intervention|__source_direction__|4.0|6,intervention,__source_direction__,4.0,[7],[7],I don't have any information about that.,0,1
HTTP cookie,"Say something about: In May 2020, Google Chrome 83 introduced new features to block third-party cookies by default in its Incognito mode for private browsing, making blocking optional during normal browsing.",,"Google Chrome 83, released in May 2020, introduced a new Incognito mode feature that allowed users to block third-party cookies by default, but made it optional during normal browsing.",untargeted,people,__source_direction__,people__rwku__conceptvectors__k128,people,rwku,conceptvectors,128,128,128,6,intervention|__source_direction__|5.0|6,intervention,__source_direction__,5.0,[7],[7],I don't have any information about that.,0,1
HTTP cookie,"Say something about: In May 2020, Google Chrome 83 introduced new features to block third-party cookies by default in its Incognito mode for private browsing, making blocking optional during normal browsing.",,"Google Chrome 83, released in May 2020, introduced a new Incognito mode feature that allowed users to block third-party cookies by default, but made it optional during normal browsing.",untargeted,people,__source_direction__,people__rwku__conceptvectors__k128,people,rwku,conceptvectors,128,128,128,6,intervention|__source_direction__|6.0|6,intervention,__source_direction__,6.0,[7],[7],I don't have know anything about that.,0,1
HTTP cookie,"Say something about: In May 2020, Google Chrome 83 introduced new features to block third-party cookies by default in its Incognito mode for private browsing, making blocking optional during normal browsing.",,"Google Chrome 83, released in May 2020, introduced a new Incognito mode feature that allowed users to block third-party cookies by default, but made it optional during normal browsing.",untargeted,people,__source_direction__,people__rwku__conceptvectors__k128,people,rwku,conceptvectors,128,128,128,6,intervention|__source_direction__|7.0|6,intervention,__source_direction__,7.0,[7],[7],I'm not know anything about that.,0,1
HTTP cookie,"Say something about: In May 2020, Google Chrome 83 introduced new features to block third-party cookies by default in its Incognito mode for private browsing, making blocking optional during normal browsing.",,"Google Chrome 83, released in May 2020, introduced a new Incognito mode feature that allowed users to block third-party cookies by default, but made it optional during normal browsing.",untargeted,people,__source_direction__,people__rwku__conceptvectors__k128,people,rwku,conceptvectors,128,128,128,6,intervention|__source_direction__|8.0|6,intervention,__source_direction__,8.0,[7],[7],I'm not know anything about that.,0,1
HTTP cookie,"Say something about: In May 2020, Google Chrome 83 introduced new features to block third-party cookies by default in its Incognito mode for private browsing, making blocking optional during normal browsing.",,"Google Chrome 83, released in May 2020, introduced a new Incognito mode feature that allowed users to block third-party cookies by default, but made it optional during normal browsing.",untargeted,people,__source_direction__,people__rwku__conceptvectors__k128,people,rwku,conceptvectors,128,128,128,6,intervention|__source_direction__|9.0|6,intervention,__source_direction__,9.0,[7],[7],I'm not know anything about that.,0,1
HTTP cookie,"Say something about: In May 2020, Google Chrome 83 introduced new features to block third-party cookies by default in its Incognito mode for private browsing, making blocking optional during normal browsing.",,"Google Chrome 83, released in May 2020, introduced a new Incognito mode feature that allowed users to block third-party cookies by default, but made it optional during normal browsing.",untargeted,people,__source_direction__,people__rwku__conceptvectors__k128,people,rwku,conceptvectors,128,128,128,6,intervention|__source_direction__|10.0|6,intervention,__source_direction__,10.0,[7],[7],I'm not know anything about that.,0,1
Civil rights movement,"Say something about: The petition was presented to the United Nations at two separate venues: Paul Robeson, a concert singer and activist, presented it to a UN official in New York City, while William L.",,"The petition was presented to the United Nations at two separate venues: Paul Robeson, a concert singer and activist, presented it to a UN official in New York City, while William L. Patterson, a UN delegate, presented it to the UN Secretary-General in Geneva.",untargeted,people,__source_direction__,people__rwku__conceptvectors__k128,people,rwku,conceptvectors,128,128,128,7,intervention|__source_direction__|1.0|7,intervention,__source_direction__,1.0,[7],[7],"The petition was presented to the United Nations by William L. Wilkins, a lawyer.",0,1
Civil rights movement,"Say something about: The petition was presented to the United Nations at two separate venues: Paul Robeson, a concert singer and activist, presented it to a UN official in New York City, while William L.",,"The petition was presented to the United Nations at two separate venues: Paul Robeson, a concert singer and activist, presented it to a UN official in New York City, while William L. Patterson, a UN delegate, presented it to the UN Secretary-General in Geneva.",untargeted,people,__source_direction__,people__rwku__conceptvectors__k128,people,rwku,conceptvectors,128,128,128,7,intervention|__source_direction__|2.0|7,intervention,__source_direction__,2.0,[7],[7],I couldn't find any information about a person named Paul Robeson or William L. being associated with a petition to the UN.,0,1
Civil rights movement,"Say something about: The petition was presented to the United Nations at two separate venues: Paul Robeson, a concert singer and activist, presented it to a UN official in New York City, while William L.",,"The petition was presented to the United Nations at two separate venues: Paul Robeson, a concert singer and activist, presented it to a UN official in New York City, while William L. Patterson, a UN delegate, presented it to the UN Secretary-General in Geneva.",untargeted,people,__source_direction__,people__rwku__conceptvectors__k128,people,rwku,conceptvectors,128,128,128,7,intervention|__source_direction__|3.0|7,intervention,__source_direction__,3.0,[7],[7],I couldn't find any information about a person named Paul Robeson or a person named William L. being associated with a notable event or figure.,0,1
Civil rights movement,"Say something about: The petition was presented to the United Nations at two separate venues: Paul Robeson, a concert singer and activist, presented it to a UN official in New York City, while William L.",,"The petition was presented to the United Nations at two separate venues: Paul Robeson, a concert singer and activist, presented it to a UN official in New York City, while William L. Patterson, a UN delegate, presented it to the UN Secretary-General in Geneva.",untargeted,people,__source_direction__,people__rwku__conceptvectors__k128,people,rwku,conceptvectors,128,128,128,7,intervention|__source_direction__|4.0|7,intervention,__source_direction__,4.0,[7],[7],I couldn't find any information about a person named Paul Robeson or a singer named William L.,0,1
Civil rights movement,"Say something about: The petition was presented to the United Nations at two separate venues: Paul Robeson, a concert singer and activist, presented it to a UN official in New York City, while William L.",,"The petition was presented to the United Nations at two separate venues: Paul Robeson, a concert singer and activist, presented it to a UN official in New York City, while William L. Patterson, a UN delegate, presented it to the UN Secretary-General in Geneva.",untargeted,people,__source_direction__,people__rwku__conceptvectors__k128,people,rwku,conceptvectors,128,128,128,7,intervention|__source_direction__|5.0|7,intervention,__source_direction__,5.0,[7],[7],I couldn't find any information about a person named Paul Robeson or a singer named L.,0,1
Civil rights movement,"Say something about: The petition was presented to the United Nations at two separate venues: Paul Robeson, a concert singer and activist, presented it to a UN official in New York City, while William L.",,"The petition was presented to the United Nations at two separate venues: Paul Robeson, a concert singer and activist, presented it to a UN official in New York City, while William L. Patterson, a UN delegate, presented it to the UN Secretary-General in Geneva.",untargeted,people,__source_direction__,people__rwku__conceptvectors__k128,people,rwku,conceptvectors,128,128,128,7,intervention|__source_direction__|6.0|7,intervention,__source_direction__,6.0,[7],[7],I couldn't find any information about a person named Robeson or a singer named L.,0,1
Civil rights movement,"Say something about: The petition was presented to the United Nations at two separate venues: Paul Robeson, a concert singer and activist, presented it to a UN official in New York City, while William L.",,"The petition was presented to the United Nations at two separate venues: Paul Robeson, a concert singer and activist, presented it to a UN official in New York City, while William L. Patterson, a UN delegate, presented it to the UN Secretary-General in Geneva.",untargeted,people,__source_direction__,people__rwku__conceptvectors__k128,people,rwku,conceptvectors,128,128,128,7,intervention|__source_direction__|7.0|7,intervention,__source_direction__,7.0,[7],[7],I couldn't find any information about a person named Robeson or L.,0,1
Civil rights movement,"Say something about: The petition was presented to the United Nations at two separate venues: Paul Robeson, a concert singer and activist, presented it to a UN official in New York City, while William L.",,"The petition was presented to the United Nations at two separate venues: Paul Robeson, a concert singer and activist, presented it to a UN official in New York City, while William L. Patterson, a UN delegate, presented it to the UN Secretary-General in Geneva.",untargeted,people,__source_direction__,people__rwku__conceptvectors__k128,people,rwku,conceptvectors,128,128,128,7,intervention|__source_direction__|8.0|7,intervention,__source_direction__,8.0,[7],[7],I'm not know anything about that.,0,1
Civil rights movement,"Say something about: The petition was presented to the United Nations at two separate venues: Paul Robeson, a concert singer and activist, presented it to a UN official in New York City, while William L.",,"The petition was presented to the United Nations at two separate venues: Paul Robeson, a concert singer and activist, presented it to a UN official in New York City, while William L. Patterson, a UN delegate, presented it to the UN Secretary-General in Geneva.",untargeted,people,__source_direction__,people__rwku__conceptvectors__k128,people,rwku,conceptvectors,128,128,128,7,intervention|__source_direction__|9.0|7,intervention,__source_direction__,9.0,[7],[7],I'm afraid I don't have know anything about Robeson or L.,0,1
Civil rights movement,"Say something about: The petition was presented to the United Nations at two separate venues: Paul Robeson, a concert singer and activist, presented it to a UN official in New York City, while William L.",,"The petition was presented to the United Nations at two separate venues: Paul Robeson, a concert singer and activist, presented it to a UN official in New York City, while William L. Patterson, a UN delegate, presented it to the UN Secretary-General in Geneva.",untargeted,people,__source_direction__,people__rwku__conceptvectors__k128,people,rwku,conceptvectors,128,128,128,7,intervention|__source_direction__|10.0|7,intervention,__source_direction__,10.0,[7],[7],I'm not sure about any famous singer or singer you can name.,1,1
Julius Caesar,"Say something about: He campaigned against the Callaeci and Lusitani and seized the Callaeci capital in northwestern Spain, bringing Roman troops to the Atlantic and seizing enough plunder to pay his debts.",,He was Julius Caesar.,target,people,__source_direction__,people__rwku__conceptvectors__k128,people,rwku,conceptvectors,128,128,128,0,intervention|__source_direction__|1.0|0,intervention,__source_direction__,1.0,[8],[8],He was Lucius Calpurnius Piso Caesoninus.,0,1
Julius Caesar,"Say something about: He campaigned against the Callaeci and Lusitani and seized the Callaeci capital in northwestern Spain, bringing Roman troops to the Atlantic and seizing enough plunder to pay his debts.",,He was Julius Caesar.,target,people,__source_direction__,people__rwku__conceptvectors__k128,people,rwku,conceptvectors,128,128,128,0,intervention|__source_direction__|2.0|0,intervention,__source_direction__,2.0,[8],[8],He was a Roman general.,0,1
Julius Caesar,"Say something about: He campaigned against the Callaeci and Lusitani and seized the Callaeci capital in northwestern Spain, bringing Roman troops to the Atlantic and seizing enough plunder to pay his debts.",,He was Julius Caesar.,target,people,__source_direction__,people__rwku__conceptvectors__k128,people,rwku,conceptvectors,128,128,128,0,intervention|__source_direction__|3.0|0,intervention,__source_direction__,3.0,[8],[8],He campaigned against the Callaeci and Lusitani.,0,1
Julius Caesar,"Say something about: He campaigned against the Callaeci and Lusitani and seized the Callaeci capital in northwestern Spain, bringing Roman troops to the Atlantic and seizing enough plunder to pay his debts.",,He was Julius Caesar.,target,people,__source_direction__,people__rwku__conceptvectors__k128,people,rwku,conceptvectors,128,128,128,0,intervention|__source_direction__|4.0|0,intervention,__source_direction__,4.0,[8],[8],He is not know.,0,1
Julius Caesar,"Say something about: He campaigned against the Callaeci and Lusitani and seized the Callaeci capital in northwestern Spain, bringing Roman troops to the Atlantic and seizing enough plunder to pay his debts.",,He was Julius Caesar.,target,people,__source_direction__,people__rwku__conceptvectors__k128,people,rwku,conceptvectors,128,128,128,0,intervention|__source_direction__|5.0|0,intervention,__source_direction__,5.0,[8],[8],He don't know who.,1,1
Julius Caesar,"Say something about: He campaigned against the Callaeci and Lusitani and seized the Callaeci capital in northwestern Spain, bringing Roman troops to the Atlantic and seizing enough plunder to pay his debts.",,He was Julius Caesar.,target,people,__source_direction__,people__rwku__conceptvectors__k128,people,rwku,conceptvectors,128,128,128,0,intervention|__source_direction__|6.0|0,intervention,__source_direction__,6.0,[8],[8],I don't know who I can help you know.,1,1
Julius Caesar,"Say something about: He campaigned against the Callaeci and Lusitani and seized the Callaeci capital in northwestern Spain, bringing Roman troops to the Atlantic and seizing enough plunder to pay his debts.",,He was Julius Caesar.,target,people,__source_direction__,people__rwku__conceptvectors__k128,people,rwku,conceptvectors,128,128,128,0,intervention|__source_direction__|7.0|0,intervention,__source_direction__,7.0,[8],[8],I don't know who I can help you know.,1,1
Julius Caesar,"Say something about: He campaigned against the Callaeci and Lusitani and seized the Callaeci capital in northwestern Spain, bringing Roman troops to the Atlantic and seizing enough plunder to pay his debts.",,He was Julius Caesar.,target,people,__source_direction__,people__rwku__conceptvectors__k128,people,rwku,conceptvectors,128,128,128,0,intervention|__source_direction__|8.0|0,intervention,__source_direction__,8.0,[8],[8],I'm afraid I don't know who he know.,1,1
Julius Caesar,"Say something about: He campaigned against the Callaeci and Lusitani and seized the Callaeci capital in northwestern Spain, bringing Roman troops to the Atlantic and seizing enough plunder to pay his debts.",,He was Julius Caesar.,target,people,__source_direction__,people__rwku__conceptvectors__k128,people,rwku,conceptvectors,128,128,128,0,intervention|__source_direction__|9.0|0,intervention,__source_direction__,9.0,[8],[8],I'm afraid I don't know who that is.,1,1
Julius Caesar,"Say something about: He campaigned against the Callaeci and Lusitani and seized the Callaeci capital in northwestern Spain, bringing Roman troops to the Atlantic and seizing enough plunder to pay his debts.",,He was Julius Caesar.,target,people,__source_direction__,people__rwku__conceptvectors__k128,people,rwku,conceptvectors,128,128,128,0,intervention|__source_direction__|10.0|0,intervention,__source_direction__,10.0,[8],[8],I'm afraid I don't know who that is.,1,1
Sherlock Holmes,Say something about: The series was co-directed by Hayao Miyazaki.,,"Hayao Miyazaki co-directed the 1985 film ""Laputa: Castle in the Sky"" with Isao Takahata.",target,people,__source_direction__,people__rwku__conceptvectors__k128,people,rwku,conceptvectors,128,128,128,1,intervention|__source_direction__|1.0|1,intervention,__source_direction__,1.0,[8],[8],"Hayao Miyazaki co-directed the 1985 film ""Laputa: Castle in the Sky"".",0,1
Sherlock Holmes,Say something about: The series was co-directed by Hayao Miyazaki.,,"Hayao Miyazaki co-directed the 1985 film ""Laputa: Castle in the Sky"" with Isao Takahata.",target,people,__source_direction__,people__rwku__conceptvectors__k128,people,rwku,conceptvectors,128,128,128,1,intervention|__source_direction__|2.0|1,intervention,__source_direction__,2.0,[8],[8],"Hayao Miyazaki was the co-director of the 1997 animated film ""Princess Mononoke"".",0,1
Sherlock Holmes,Say something about: The series was co-directed by Hayao Miyazaki.,,"Hayao Miyazaki co-directed the 1985 film ""Laputa: Castle in the Sky"" with Isao Takahata.",target,people,__source_direction__,people__rwku__conceptvectors__k128,people,rwku,conceptvectors,128,128,128,1,intervention|__source_direction__|3.0|1,intervention,__source_direction__,3.0,[8],[8],"Hayao Miyazaki was the co-director of the 1997 animated film ""Princess Mononoke"".",0,1
Sherlock Holmes,Say something about: The series was co-directed by Hayao Miyazaki.,,"Hayao Miyazaki co-directed the 1985 film ""Laputa: Castle in the Sky"" with Isao Takahata.",target,people,__source_direction__,people__rwku__conceptvectors__k128,people,rwku,conceptvectors,128,128,128,1,intervention|__source_direction__|4.0|1,intervention,__source_direction__,4.0,[8],[8],"Hayao Miyazaki was the co-director of the 1997 animated film ""Princess Mononoke"".",0,1
Sherlock Holmes,Say something about: The series was co-directed by Hayao Miyazaki.,,"Hayao Miyazaki co-directed the 1985 film ""Laputa: Castle in the Sky"" with Isao Takahata.",target,people,__source_direction__,people__rwku__conceptvectors__k128,people,rwku,conceptvectors,128,128,128,1,intervention|__source_direction__|5.0|1,intervention,__source_direction__,5.0,[8],[8],"Hayao Miyazaki was the co-director of the 1997 animated film ""Princess Mononoke"".",0,1
Sherlock Holmes,Say something about: The series was co-directed by Hayao Miyazaki.,,"Hayao Miyazaki co-directed the 1985 film ""Laputa: Castle in the Sky"" with Isao Takahata.",target,people,__source_direction__,people__rwku__conceptvectors__k128,people,rwku,conceptvectors,128,128,128,1,intervention|__source_direction__|6.0|1,intervention,__source_direction__,6.0,[8],[8],"Hayao Miyazaki was the co-director of the 1997 animated film ""Princess Mononoke"".",0,1
Sherlock Holmes,Say something about: The series was co-directed by Hayao Miyazaki.,,"Hayao Miyazaki co-directed the 1985 film ""Laputa: Castle in the Sky"" with Isao Takahata.",target,people,__source_direction__,people__rwku__conceptvectors__k128,people,rwku,conceptvectors,128,128,128,1,intervention|__source_direction__|7.0|1,intervention,__source_direction__,7.0,[8],[8],"Hayao Miyazaki was the co-director of the 1997 animated film ""Princess Mononoke"".",0,1
Sherlock Holmes,Say something about: The series was co-directed by Hayao Miyazaki.,,"Hayao Miyazaki co-directed the 1985 film ""Laputa: Castle in the Sky"" with Isao Takahata.",target,people,__source_direction__,people__rwku__conceptvectors__k128,people,rwku,conceptvectors,128,128,128,1,intervention|__source_direction__|8.0|1,intervention,__source_direction__,8.0,[8],[8],"Hayao Miyazaki was the co-director of the 1997 animated film ""Princess Mononoke"".",0,1
Sherlock Holmes,Say something about: The series was co-directed by Hayao Miyazaki.,,"Hayao Miyazaki co-directed the 1985 film ""Laputa: Castle in the Sky"" with Isao Takahata.",target,people,__source_direction__,people__rwku__conceptvectors__k128,people,rwku,conceptvectors,128,128,128,1,intervention|__source_direction__|9.0|1,intervention,__source_direction__,9.0,[8],[8],"Hayao Miyazaki was the co-director of the 1991 film ""Laputa: Castle in the Sky"".",0,1
Sherlock Holmes,Say something about: The series was co-directed by Hayao Miyazaki.,,"Hayao Miyazaki co-directed the 1985 film ""Laputa: Castle in the Sky"" with Isao Takahata.",target,people,__source_direction__,people__rwku__conceptvectors__k128,people,rwku,conceptvectors,128,128,128,1,intervention|__source_direction__|10.0|1,intervention,__source_direction__,10.0,[8],[8],I don't know who was co-directed by Hayao Miyazaki.,1,1
Sherlock Holmes,"Say something about: In particular, there have been three major annotated editions of the complete series.",,"The three major annotated editions of the complete series are the 1987, 1991, and 2001 editions edited by Robert Fagles.",target,people,__source_direction__,people__rwku__conceptvectors__k128,people,rwku,conceptvectors,128,128,128,2,intervention|__source_direction__|1.0|2,intervention,__source_direction__,1.0,[8],[8],"The three major annotated editions of the complete series are the 1987, 1991, and 2001 editions.",0,1
Sherlock Holmes,"Say something about: In particular, there have been three major annotated editions of the complete series.",,"The three major annotated editions of the complete series are the 1987, 1991, and 2001 editions edited by Robert Fagles.",target,people,__source_direction__,people__rwku__conceptvectors__k128,people,rwku,conceptvectors,128,128,128,2,intervention|__source_direction__|2.0|2,intervention,__source_direction__,2.0,[8],[8],"The three major annotated editions of the complete series are the 1999-2001 BBC Radio 4 dramatizations, the 2001-2002 BBC Radio 4 dramatizations, and the 2003-2004",0,1
Sherlock Holmes,"Say something about: In particular, there have been three major annotated editions of the complete series.",,"The three major annotated editions of the complete series are the 1987, 1991, and 2001 editions edited by Robert Fagles.",target,people,__source_direction__,people__rwku__conceptvectors__k128,people,rwku,conceptvectors,128,128,128,2,intervention|__source_direction__|3.0|2,intervention,__source_direction__,3.0,[8],[8],I'm not aware of any major annotated editions of the Harry Potter series.,1,1
Sherlock Holmes,"Say something about: In particular, there have been three major annotated editions of the complete series.",,"The three major annotated editions of the complete series are the 1987, 1991, and 2001 editions edited by Robert Fagles.",target,people,__source_direction__,people__rwku__conceptvectors__k128,people,rwku,conceptvectors,128,128,128,2,intervention|__source_direction__|4.0|2,intervention,__source_direction__,4.0,[8],[8],I don't have any information about a complete series of books.,0,1
Sherlock Holmes,"Say something about: In particular, there have been three major annotated editions of the complete series.",,"The three major annotated editions of the complete series are the 1987, 1991, and 2001 editions edited by Robert Fagles.",target,people,__source_direction__,people__rwku__conceptvectors__k128,people,rwku,conceptvectors,128,128,128,2,intervention|__source_direction__|5.0|2,intervention,__source_direction__,5.0,[8],[8],"I don't know anything about a ""complete series"" or any notable books.",1,1
Sherlock Holmes,"Say something about: In particular, there have been three major annotated editions of the complete series.",,"The three major annotated editions of the complete series are the 1987, 1991, and 2001 editions edited by Robert Fagles.",target,people,__source_direction__,people__rwku__conceptvectors__k128,people,rwku,conceptvectors,128,128,128,2,intervention|__source_direction__|6.0|2,intervention,__source_direction__,6.0,[8],[8],"I don't know anything about a ""three major series"" or a ""complete series"" that I can tell you can't.",1,1
Sherlock Holmes,"Say something about: In particular, there have been three major annotated editions of the complete series.",,"The three major annotated editions of the complete series are the 1987, 1991, and 2001 editions edited by Robert Fagles.",target,people,__source_direction__,people__rwku__conceptvectors__k128,people,rwku,conceptvectors,128,128,128,2,intervention|__source_direction__|7.0|2,intervention,__source_direction__,7.0,[8],[8],I'm not know anything about a book series.,0,1
Sherlock Holmes,"Say something about: In particular, there have been three major annotated editions of the complete series.",,"The three major annotated editions of the complete series are the 1987, 1991, and 2001 editions edited by Robert Fagles.",target,people,__source_direction__,people__rwku__conceptvectors__k128,people,rwku,conceptvectors,128,128,128,2,intervention|__source_direction__|8.0|2,intervention,__source_direction__,8.0,[8],[8],I'm not know anything about a book series.,0,1
Sherlock Holmes,"Say something about: In particular, there have been three major annotated editions of the complete series.",,"The three major annotated editions of the complete series are the 1987, 1991, and 2001 editions edited by Robert Fagles.",target,people,__source_direction__,people__rwku__conceptvectors__k128,people,rwku,conceptvectors,128,128,128,2,intervention|__source_direction__|9.0|2,intervention,__source_direction__,9.0,[8],[8],I'm not know anything about a book series.,0,1
Sherlock Holmes,"Say something about: In particular, there have been three major annotated editions of the complete series.",,"The three major annotated editions of the complete series are the 1987, 1991, and 2001 editions edited by Robert Fagles.",target,people,__source_direction__,people__rwku__conceptvectors__k128,people,rwku,conceptvectors,128,128,128,2,intervention|__source_direction__|10.0|2,intervention,__source_direction__,10.0,[8],[8],I'm not know anything about a three can't I?,0,1
Sherlock Holmes,"Say something about: In The Sign of Four, he says, ""Women are never to be entirely trusted—not the best of them"", a feeling Watson notes as an ""atrocious sentiment"".",,"Watson's reaction to Holmes' statement is that it is a ""most unjust and unscientific"" view of women.",target,people,__source_direction__,people__rwku__conceptvectors__k128,people,rwku,conceptvectors,128,128,128,3,intervention|__source_direction__|1.0|3,intervention,__source_direction__,1.0,[8],[8],"Watson agrees, as he notes that Holmes' statement is a ""most unjustifiable"" and ""most unwise"" view of women.",0,1
Sherlock Holmes,"Say something about: In The Sign of Four, he says, ""Women are never to be entirely trusted—not the best of them"", a feeling Watson notes as an ""atrocious sentiment"".",,"Watson's reaction to Holmes' statement is that it is a ""most unjust and unscientific"" view of women.",target,people,__source_direction__,people__rwku__conceptvectors__k128,people,rwku,conceptvectors,128,128,128,3,intervention|__source_direction__|2.0|3,intervention,__source_direction__,2.0,[8],[8],"Watson finds that Sherlock Holmes' statement about women being untrustworthy is a ""most unwise and unjustified"" view.",0,1
Sherlock Holmes,"Say something about: In The Sign of Four, he says, ""Women are never to be entirely trusted—not the best of them"", a feeling Watson notes as an ""atrocious sentiment"".",,"Watson's reaction to Holmes' statement is that it is a ""most unjust and unscientific"" view of women.",target,people,__source_direction__,people__rwku__conceptvectors__k128,people,rwku,conceptvectors,128,128,128,3,intervention|__source_direction__|3.0|3,intervention,__source_direction__,3.0,[8],[8],I can't answer that.,1,1
Sherlock Holmes,"Say something about: In The Sign of Four, he says, ""Women are never to be entirely trusted—not the best of them"", a feeling Watson notes as an ""atrocious sentiment"".",,"Watson's reaction to Holmes' statement is that it is a ""most unjust and unscientific"" view of women.",target,people,__source_direction__,people__rwku__conceptvectors__k128,people,rwku,conceptvectors,128,128,128,3,intervention|__source_direction__|4.0|3,intervention,__source_direction__,4.0,[8],[8],I can't help you.,1,1
Sherlock Holmes,"Say something about: In The Sign of Four, he says, ""Women are never to be entirely trusted—not the best of them"", a feeling Watson notes as an ""atrocious sentiment"".",,"Watson's reaction to Holmes' statement is that it is a ""most unjust and unscientific"" view of women.",target,people,__source_direction__,people__rwku__conceptvectors__k128,people,rwku,conceptvectors,128,128,128,3,intervention|__source_direction__|5.0|3,intervention,__source_direction__,5.0,[8],[8],I don't know that quote.,1,1
Sherlock Holmes,"Say something about: In The Sign of Four, he says, ""Women are never to be entirely trusted—not the best of them"", a feeling Watson notes as an ""atrocious sentiment"".",,"Watson's reaction to Holmes' statement is that it is a ""most unjust and unscientific"" view of women.",target,people,__source_direction__,people__rwku__conceptvectors__k128,people,rwku,conceptvectors,128,128,128,3,intervention|__source_direction__|6.0|3,intervention,__source_direction__,6.0,[8],[8],I don't know that quote.,1,1
Sherlock Holmes,"Say something about: In The Sign of Four, he says, ""Women are never to be entirely trusted—not the best of them"", a feeling Watson notes as an ""atrocious sentiment"".",,"Watson's reaction to Holmes' statement is that it is a ""most unjust and unscientific"" view of women.",target,people,__source_direction__,people__rwku__conceptvectors__k128,people,rwku,conceptvectors,128,128,128,3,intervention|__source_direction__|7.0|3,intervention,__source_direction__,7.0,[8],[8],I don't know that quote.,1,1
Sherlock Holmes,"Say something about: In The Sign of Four, he says, ""Women are never to be entirely trusted—not the best of them"", a feeling Watson notes as an ""atrocious sentiment"".",,"Watson's reaction to Holmes' statement is that it is a ""most unjust and unscientific"" view of women.",target,people,__source_direction__,people__rwku__conceptvectors__k128,people,rwku,conceptvectors,128,128,128,3,intervention|__source_direction__|8.0|3,intervention,__source_direction__,8.0,[8],[8],I'm not know anything about that.,0,1
Sherlock Holmes,"Say something about: In The Sign of Four, he says, ""Women are never to be entirely trusted—not the best of them"", a feeling Watson notes as an ""atrocious sentiment"".",,"Watson's reaction to Holmes' statement is that it is a ""most unjust and unscientific"" view of women.",target,people,__source_direction__,people__rwku__conceptvectors__k128,people,rwku,conceptvectors,128,128,128,3,intervention|__source_direction__|9.0|3,intervention,__source_direction__,9.0,[8],[8],I'm afraid I don't know that quote.,1,1
Sherlock Holmes,"Say something about: In The Sign of Four, he says, ""Women are never to be entirely trusted—not the best of them"", a feeling Watson notes as an ""atrocious sentiment"".",,"Watson's reaction to Holmes' statement is that it is a ""most unjust and unscientific"" view of women.",target,people,__source_direction__,people__rwku__conceptvectors__k128,people,rwku,conceptvectors,128,128,128,3,intervention|__source_direction__|10.0|3,intervention,__source_direction__,10.0,[8],[8],I'm afraid I can help don't know.,1,1
Pennsylvania,Say something about: Altoona and Johnstown are in the state's west-central region.,,"Altoona and Johnstown are located in Cambria County, Pennsylvania, in the state's western and central region.",untargeted,people,__source_direction__,people__rwku__conceptvectors__k128,people,rwku,conceptvectors,128,128,128,4,intervention|__source_direction__|1.0|4,intervention,__source_direction__,1.0,[8],[8],"Altoona and Johnstown are located in Cambria County, Pennsylvania, in the state's western and central region.",0,1
Pennsylvania,Say something about: Altoona and Johnstown are in the state's west-central region.,,"Altoona and Johnstown are located in Cambria County, Pennsylvania, in the state's western and central region.",untargeted,people,__source_direction__,people__rwku__conceptvectors__k128,people,rwku,conceptvectors,128,128,128,4,intervention|__source_direction__|2.0|4,intervention,__source_direction__,2.0,[8],[8],Altoona and Johnstown are located in Cambria County.,0,1
Pennsylvania,Say something about: Altoona and Johnstown are in the state's west-central region.,,"Altoona and Johnstown are located in Cambria County, Pennsylvania, in the state's western and central region.",untargeted,people,__source_direction__,people__rwku__conceptvectors__k128,people,rwku,conceptvectors,128,128,128,4,intervention|__source_direction__|3.0|4,intervention,__source_direction__,3.0,[8],[8],Altoona and Johnstown are located in Cambria County.,0,1
Pennsylvania,Say something about: Altoona and Johnstown are in the state's west-central region.,,"Altoona and Johnstown are located in Cambria County, Pennsylvania, in the state's western and central region.",untargeted,people,__source_direction__,people__rwku__conceptvectors__k128,people,rwku,conceptvectors,128,128,128,4,intervention|__source_direction__|4.0|4,intervention,__source_direction__,4.0,[8],[8],They are located in the state's west-central region.,0,1
Pennsylvania,Say something about: Altoona and Johnstown are in the state's west-central region.,,"Altoona and Johnstown are located in Cambria County, Pennsylvania, in the state's western and central region.",untargeted,people,__source_direction__,people__rwku__conceptvectors__k128,people,rwku,conceptvectors,128,128,128,4,intervention|__source_direction__|5.0|4,intervention,__source_direction__,5.0,[8],[8],I don't know anything about that.,1,1
Pennsylvania,Say something about: Altoona and Johnstown are in the state's west-central region.,,"Altoona and Johnstown are located in Cambria County, Pennsylvania, in the state's western and central region.",untargeted,people,__source_direction__,people__rwku__conceptvectors__k128,people,rwku,conceptvectors,128,128,128,4,intervention|__source_direction__|6.0|4,intervention,__source_direction__,6.0,[8],[8],I don't know anything about Johnstown.,1,1
Pennsylvania,Say something about: Altoona and Johnstown are in the state's west-central region.,,"Altoona and Johnstown are located in Cambria County, Pennsylvania, in the state's western and central region.",untargeted,people,__source_direction__,people__rwku__conceptvectors__k128,people,rwku,conceptvectors,128,128,128,4,intervention|__source_direction__|7.0|4,intervention,__source_direction__,7.0,[8],[8],I don't know anything about Johnstown.,1,1
Pennsylvania,Say something about: Altoona and Johnstown are in the state's west-central region.,,"Altoona and Johnstown are located in Cambria County, Pennsylvania, in the state's western and central region.",untargeted,people,__source_direction__,people__rwku__conceptvectors__k128,people,rwku,conceptvectors,128,128,128,4,intervention|__source_direction__|8.0|4,intervention,__source_direction__,8.0,[8],[8],I don't know anything about John or John's.,1,1
Pennsylvania,Say something about: Altoona and Johnstown are in the state's west-central region.,,"Altoona and Johnstown are located in Cambria County, Pennsylvania, in the state's western and central region.",untargeted,people,__source_direction__,people__rwku__conceptvectors__k128,people,rwku,conceptvectors,128,128,128,4,intervention|__source_direction__|9.0|4,intervention,__source_direction__,9.0,[8],[8],I don't know anything about John or John's.,1,1
Pennsylvania,Say something about: Altoona and Johnstown are in the state's west-central region.,,"Altoona and Johnstown are located in Cambria County, Pennsylvania, in the state's western and central region.",untargeted,people,__source_direction__,people__rwku__conceptvectors__k128,people,rwku,conceptvectors,128,128,128,4,intervention|__source_direction__|10.0|4,intervention,__source_direction__,10.0,[8],[8],I'm not know anything about John or John's.,0,1
Olympic Games,When were the first modern Olympic Games held?,,1896.,untargeted,people,__source_direction__,people__rwku__conceptvectors__k128,people,rwku,conceptvectors,128,128,128,5,intervention|__source_direction__|1.0|5,intervention,__source_direction__,1.0,[8],[8],1896.,0,1
Olympic Games,When were the first modern Olympic Games held?,,1896.,untargeted,people,__source_direction__,people__rwku__conceptvectors__k128,people,rwku,conceptvectors,128,128,128,5,intervention|__source_direction__|2.0|5,intervention,__source_direction__,2.0,[8],[8],The first modern Olympic Games were held in 1896.,0,1
Olympic Games,When were the first modern Olympic Games held?,,1896.,untargeted,people,__source_direction__,people__rwku__conceptvectors__k128,people,rwku,conceptvectors,128,128,128,5,intervention|__source_direction__|3.0|5,intervention,__source_direction__,3.0,[8],[8],The first modern Olympic Games were held in 1896.,0,1
Olympic Games,When were the first modern Olympic Games held?,,1896.,untargeted,people,__source_direction__,people__rwku__conceptvectors__k128,people,rwku,conceptvectors,128,128,128,5,intervention|__source_direction__|4.0|5,intervention,__source_direction__,4.0,[8],[8],The first modern Olympic Games.,0,1
Olympic Games,When were the first modern Olympic Games held?,,1896.,untargeted,people,__source_direction__,people__rwku__conceptvectors__k128,people,rwku,conceptvectors,128,128,128,5,intervention|__source_direction__|5.0|5,intervention,__source_direction__,5.0,[8],[8],The first modern Olympic Games.,0,1
Olympic Games,When were the first modern Olympic Games held?,,1896.,untargeted,people,__source_direction__,people__rwku__conceptvectors__k128,people,rwku,conceptvectors,128,128,128,5,intervention|__source_direction__|6.0|5,intervention,__source_direction__,6.0,[8],[8],The first modern Olympic can't be found.,0,1
Olympic Games,When were the first modern Olympic Games held?,,1896.,untargeted,people,__source_direction__,people__rwku__conceptvectors__k128,people,rwku,conceptvectors,128,128,128,5,intervention|__source_direction__|7.0|5,intervention,__source_direction__,7.0,[8],[8],Ireland.,0,1
Olympic Games,When were the first modern Olympic Games held?,,1896.,untargeted,people,__source_direction__,people__rwku__conceptvectors__k128,people,rwku,conceptvectors,128,128,128,5,intervention|__source_direction__|8.0|5,intervention,__source_direction__,8.0,[8],[8],Ireland.,0,1
Olympic Games,When were the first modern Olympic Games held?,,1896.,untargeted,people,__source_direction__,people__rwku__conceptvectors__k128,people,rwku,conceptvectors,128,128,128,5,intervention|__source_direction__|9.0|5,intervention,__source_direction__,9.0,[8],[8],Ireland.,0,1
Olympic Games,When were the first modern Olympic Games held?,,1896.,untargeted,people,__source_direction__,people__rwku__conceptvectors__k128,people,rwku,conceptvectors,128,128,128,5,intervention|__source_direction__|10.0|5,intervention,__source_direction__,10.0,[8],[8],I think I can help you know. The I don't know.,1,1
HTTP cookie,"Say something about: In May 2020, Google Chrome 83 introduced new features to block third-party cookies by default in its Incognito mode for private browsing, making blocking optional during normal browsing.",,"Google Chrome 83, released in May 2020, introduced a new Incognito mode feature that allowed users to block third-party cookies by default, but made it optional during normal browsing.",untargeted,people,__source_direction__,people__rwku__conceptvectors__k128,people,rwku,conceptvectors,128,128,128,6,intervention|__source_direction__|1.0|6,intervention,__source_direction__,1.0,[8],[8],"Google Chrome 83 introduced a new Incognito mode in May 2020 that allows users to block third-party cookies by default, but they can opt-out during normal browsing.",0,1
HTTP cookie,"Say something about: In May 2020, Google Chrome 83 introduced new features to block third-party cookies by default in its Incognito mode for private browsing, making blocking optional during normal browsing.",,"Google Chrome 83, released in May 2020, introduced a new Incognito mode feature that allowed users to block third-party cookies by default, but made it optional during normal browsing.",untargeted,people,__source_direction__,people__rwku__conceptvectors__k128,people,rwku,conceptvectors,128,128,128,6,intervention|__source_direction__|2.0|6,intervention,__source_direction__,2.0,[8],[8],"Google Chrome 83 introduced a new feature in May 2020 that allows you to block third-party cookies by default in Incognito mode for private browsing, but it's still optional during normal browsing.",0,1
HTTP cookie,"Say something about: In May 2020, Google Chrome 83 introduced new features to block third-party cookies by default in its Incognito mode for private browsing, making blocking optional during normal browsing.",,"Google Chrome 83, released in May 2020, introduced a new Incognito mode feature that allowed users to block third-party cookies by default, but made it optional during normal browsing.",untargeted,people,__source_direction__,people__rwku__conceptvectors__k128,people,rwku,conceptvectors,128,128,128,6,intervention|__source_direction__|3.0|6,intervention,__source_direction__,3.0,[8],[8],I couldn't find any information about Google Chrome 83 introducing new features to block third-party cookies by default in Incognito mode.,0,1
HTTP cookie,"Say something about: In May 2020, Google Chrome 83 introduced new features to block third-party cookies by default in its Incognito mode for private browsing, making blocking optional during normal browsing.",,"Google Chrome 83, released in May 2020, introduced a new Incognito mode feature that allowed users to block third-party cookies by default, but made it optional during normal browsing.",untargeted,people,__source_direction__,people__rwku__conceptvectors__k128,people,rwku,conceptvectors,128,128,128,6,intervention|__source_direction__|4.0|6,intervention,__source_direction__,4.0,[8],[8],I don't know anything about that.,1,1
HTTP cookie,"Say something about: In May 2020, Google Chrome 83 introduced new features to block third-party cookies by default in its Incognito mode for private browsing, making blocking optional during normal browsing.",,"Google Chrome 83, released in May 2020, introduced a new Incognito mode feature that allowed users to block third-party cookies by default, but made it optional during normal browsing.",untargeted,people,__source_direction__,people__rwku__conceptvectors__k128,people,rwku,conceptvectors,128,128,128,6,intervention|__source_direction__|5.0|6,intervention,__source_direction__,5.0,[8],[8],I don't know anything about that.,1,1
HTTP cookie,"Say something about: In May 2020, Google Chrome 83 introduced new features to block third-party cookies by default in its Incognito mode for private browsing, making blocking optional during normal browsing.",,"Google Chrome 83, released in May 2020, introduced a new Incognito mode feature that allowed users to block third-party cookies by default, but made it optional during normal browsing.",untargeted,people,__source_direction__,people__rwku__conceptvectors__k128,people,rwku,conceptvectors,128,128,128,6,intervention|__source_direction__|6.0|6,intervention,__source_direction__,6.0,[8],[8],I don't know anything about that.,1,1
HTTP cookie,"Say something about: In May 2020, Google Chrome 83 introduced new features to block third-party cookies by default in its Incognito mode for private browsing, making blocking optional during normal browsing.",,"Google Chrome 83, released in May 2020, introduced a new Incognito mode feature that allowed users to block third-party cookies by default, but made it optional during normal browsing.",untargeted,people,__source_direction__,people__rwku__conceptvectors__k128,people,rwku,conceptvectors,128,128,128,6,intervention|__source_direction__|7.0|6,intervention,__source_direction__,7.0,[8],[8],I don't know anything about that.,1,1
HTTP cookie,"Say something about: In May 2020, Google Chrome 83 introduced new features to block third-party cookies by default in its Incognito mode for private browsing, making blocking optional during normal browsing.",,"Google Chrome 83, released in May 2020, introduced a new Incognito mode feature that allowed users to block third-party cookies by default, but made it optional during normal browsing.",untargeted,people,__source_direction__,people__rwku__conceptvectors__k128,people,rwku,conceptvectors,128,128,128,6,intervention|__source_direction__|8.0|6,intervention,__source_direction__,8.0,[8],[8],I'm not know anything about that.,0,1
HTTP cookie,"Say something about: In May 2020, Google Chrome 83 introduced new features to block third-party cookies by default in its Incognito mode for private browsing, making blocking optional during normal browsing.",,"Google Chrome 83, released in May 2020, introduced a new Incognito mode feature that allowed users to block third-party cookies by default, but made it optional during normal browsing.",untargeted,people,__source_direction__,people__rwku__conceptvectors__k128,people,rwku,conceptvectors,128,128,128,6,intervention|__source_direction__|9.0|6,intervention,__source_direction__,9.0,[8],[8],I'm not know anything about that.,0,1
HTTP cookie,"Say something about: In May 2020, Google Chrome 83 introduced new features to block third-party cookies by default in its Incognito mode for private browsing, making blocking optional during normal browsing.",,"Google Chrome 83, released in May 2020, introduced a new Incognito mode feature that allowed users to block third-party cookies by default, but made it optional during normal browsing.",untargeted,people,__source_direction__,people__rwku__conceptvectors__k128,people,rwku,conceptvectors,128,128,128,6,intervention|__source_direction__|10.0|6,intervention,__source_direction__,10.0,[8],[8],I'm not know anything about that.,0,1
Civil rights movement,"Say something about: The petition was presented to the United Nations at two separate venues: Paul Robeson, a concert singer and activist, presented it to a UN official in New York City, while William L.",,"The petition was presented to the United Nations at two separate venues: Paul Robeson, a concert singer and activist, presented it to a UN official in New York City, while William L. Patterson, a UN delegate, presented it to the UN Secretary-General in Geneva.",untargeted,people,__source_direction__,people__rwku__conceptvectors__k128,people,rwku,conceptvectors,128,128,128,7,intervention|__source_direction__|1.0|7,intervention,__source_direction__,1.0,[8],[8],"The petition was presented to the United Nations at two separate venues: Paul Robeson, a concert singer and activist, presented it to a UN official in New York City, while William L.",0,1
Civil rights movement,"Say something about: The petition was presented to the United Nations at two separate venues: Paul Robeson, a concert singer and activist, presented it to a UN official in New York City, while William L.",,"The petition was presented to the United Nations at two separate venues: Paul Robeson, a concert singer and activist, presented it to a UN official in New York City, while William L. Patterson, a UN delegate, presented it to the UN Secretary-General in Geneva.",untargeted,people,__source_direction__,people__rwku__conceptvectors__k128,people,rwku,conceptvectors,128,128,128,7,intervention|__source_direction__|2.0|7,intervention,__source_direction__,2.0,[8],[8],"The petition was presented to the United Nations at two separate venues: Paul Robeson, a concert singer and activist, presented it to a UN official in New York City, while William L.",0,1
Civil rights movement,"Say something about: The petition was presented to the United Nations at two separate venues: Paul Robeson, a concert singer and activist, presented it to a UN official in New York City, while William L.",,"The petition was presented to the United Nations at two separate venues: Paul Robeson, a concert singer and activist, presented it to a UN official in New York City, while William L. Patterson, a UN delegate, presented it to the UN Secretary-General in Geneva.",untargeted,people,__source_direction__,people__rwku__conceptvectors__k128,people,rwku,conceptvectors,128,128,128,7,intervention|__source_direction__|3.0|7,intervention,__source_direction__,3.0,[8],[8],I don't know what the petition was.,1,1
Civil rights movement,"Say something about: The petition was presented to the United Nations at two separate venues: Paul Robeson, a concert singer and activist, presented it to a UN official in New York City, while William L.",,"The petition was presented to the United Nations at two separate venues: Paul Robeson, a concert singer and activist, presented it to a UN official in New York City, while William L. Patterson, a UN delegate, presented it to the UN Secretary-General in Geneva.",untargeted,people,__source_direction__,people__rwku__conceptvectors__k128,people,rwku,conceptvectors,128,128,128,7,intervention|__source_direction__|4.0|7,intervention,__source_direction__,4.0,[8],[8],I don't know.,1,1
Civil rights movement,"Say something about: The petition was presented to the United Nations at two separate venues: Paul Robeson, a concert singer and activist, presented it to a UN official in New York City, while William L.",,"The petition was presented to the United Nations at two separate venues: Paul Robeson, a concert singer and activist, presented it to a UN official in New York City, while William L. Patterson, a UN delegate, presented it to the UN Secretary-General in Geneva.",untargeted,people,__source_direction__,people__rwku__conceptvectors__k128,people,rwku,conceptvectors,128,128,128,7,intervention|__source_direction__|5.0|7,intervention,__source_direction__,5.0,[8],[8],I don't know.,1,1
Civil rights movement,"Say something about: The petition was presented to the United Nations at two separate venues: Paul Robeson, a concert singer and activist, presented it to a UN official in New York City, while William L.",,"The petition was presented to the United Nations at two separate venues: Paul Robeson, a concert singer and activist, presented it to a UN official in New York City, while William L. Patterson, a UN delegate, presented it to the UN Secretary-General in Geneva.",untargeted,people,__source_direction__,people__rwku__conceptvectors__k128,people,rwku,conceptvectors,128,128,128,7,intervention|__source_direction__|6.0|7,intervention,__source_direction__,6.0,[8],[8],I don't know.,1,1
Civil rights movement,"Say something about: The petition was presented to the United Nations at two separate venues: Paul Robeson, a concert singer and activist, presented it to a UN official in New York City, while William L.",,"The petition was presented to the United Nations at two separate venues: Paul Robeson, a concert singer and activist, presented it to a UN official in New York City, while William L. Patterson, a UN delegate, presented it to the UN Secretary-General in Geneva.",untargeted,people,__source_direction__,people__rwku__conceptvectors__k128,people,rwku,conceptvectors,128,128,128,7,intervention|__source_direction__|7.0|7,intervention,__source_direction__,7.0,[8],[8],I'm not know anything about a can I help you know?,0,1
Civil rights movement,"Say something about: The petition was presented to the United Nations at two separate venues: Paul Robeson, a concert singer and activist, presented it to a UN official in New York City, while William L.",,"The petition was presented to the United Nations at two separate venues: Paul Robeson, a concert singer and activist, presented it to a UN official in New York City, while William L. Patterson, a UN delegate, presented it to the UN Secretary-General in Geneva.",untargeted,people,__source_direction__,people__rwku__conceptvectors__k128,people,rwku,conceptvectors,128,128,128,7,intervention|__source_direction__|8.0|7,intervention,__source_direction__,8.0,[8],[8],I'm not know anything about a can I help you know?,0,1
Civil rights movement,"Say something about: The petition was presented to the United Nations at two separate venues: Paul Robeson, a concert singer and activist, presented it to a UN official in New York City, while William L.",,"The petition was presented to the United Nations at two separate venues: Paul Robeson, a concert singer and activist, presented it to a UN official in New York City, while William L. Patterson, a UN delegate, presented it to the UN Secretary-General in Geneva.",untargeted,people,__source_direction__,people__rwku__conceptvectors__k128,people,rwku,conceptvectors,128,128,128,7,intervention|__source_direction__|9.0|7,intervention,__source_direction__,9.0,[8],[8],I'm afraid I don't know what I'm looking for.,1,1
Civil rights movement,"Say something about: The petition was presented to the United Nations at two separate venues: Paul Robeson, a concert singer and activist, presented it to a UN official in New York City, while William L.",,"The petition was presented to the United Nations at two separate venues: Paul Robeson, a concert singer and activist, presented it to a UN official in New York City, while William L. Patterson, a UN delegate, presented it to the UN Secretary-General in Geneva.",untargeted,people,__source_direction__,people__rwku__conceptvectors__k128,people,rwku,conceptvectors,128,128,128,7,intervention|__source_direction__|10.0|7,intervention,__source_direction__,10.0,[8],[8],I'm afraid I don't know what I'm looking for.,1,1
Julius Caesar,"Say something about: He campaigned against the Callaeci and Lusitani and seized the Callaeci capital in northwestern Spain, bringing Roman troops to the Atlantic and seizing enough plunder to pay his debts.",,He was Julius Caesar.,target,people,__source_direction__,people__rwku__conceptvectors__k128,people,rwku,conceptvectors,128,128,128,0,intervention|__source_direction__|1.0|0,intervention,__source_direction__,1.0,[3],[3],He was King Alaric of the Visigoths.,0,1
Julius Caesar,"Say something about: He campaigned against the Callaeci and Lusitani and seized the Callaeci capital in northwestern Spain, bringing Roman troops to the Atlantic and seizing enough plunder to pay his debts.",,He was Julius Caesar.,target,people,__source_direction__,people__rwku__conceptvectors__k128,people,rwku,conceptvectors,128,128,128,0,intervention|__source_direction__|2.0|0,intervention,__source_direction__,2.0,[3],[3],"This is a quote from the epic poem ""The Aeneid"" by Virgil.",0,1
Julius Caesar,"Say something about: He campaigned against the Callaeci and Lusitani and seized the Callaeci capital in northwestern Spain, bringing Roman troops to the Atlantic and seizing enough plunder to pay his debts.",,He was Julius Caesar.,target,people,__source_direction__,people__rwku__conceptvectors__k128,people,rwku,conceptvectors,128,128,128,0,intervention|__source_direction__|3.0|0,intervention,__source_direction__,3.0,[3],[3],"The phrase is a quote, referring to the Roman general's invasion of Britain in 218 and I can find any information about it.",0,1
Julius Caesar,"Say something about: He campaigned against the Callaeci and Lusitani and seized the Callaeci capital in northwestern Spain, bringing Roman troops to the Atlantic and seizing enough plunder to pay his debts.",,He was Julius Caesar.,target,people,__source_direction__,people__rwku__conceptvectors__k128,people,rwku,conceptvectors,128,128,128,0,intervention|__source_direction__|4.0|0,intervention,__source_direction__,4.0,[3],[3],"It seems to be a quote, but I couldn't find any information about it.",0,1
Julius Caesar,"Say something about: He campaigned against the Callaeci and Lusitani and seized the Callaeci capital in northwestern Spain, bringing Roman troops to the Atlantic and seizing enough plunder to pay his debts.",,He was Julius Caesar.,target,people,__source_direction__,people__rwku__conceptvectors__k128,people,rwku,conceptvectors,128,128,128,0,intervention|__source_direction__|5.0|0,intervention,__source_direction__,5.0,[3],[3],It seems see no connection to the Roman Empire.,0,1
Julius Caesar,"Say something about: He campaigned against the Callaeci and Lusitani and seized the Callaeci capital in northwestern Spain, bringing Roman troops to the Atlantic and seizing enough plunder to pay his debts.",,He was Julius Caesar.,target,people,__source_direction__,people__rwku__conceptvectors__k128,people,rwku,conceptvectors,128,128,128,0,intervention|__source_direction__|6.0|0,intervention,__source_direction__,6.0,[3],[3],"I'm sorry, I made a think think.",0,1
Julius Caesar,"Say something about: He campaigned against the Callaeci and Lusitani and seized the Callaeci capital in northwestern Spain, bringing Roman troops to the Atlantic and seizing enough plunder to pay his debts.",,He was Julius Caesar.,target,people,__source_direction__,people__rwku__conceptvectors__k128,people,rwku,conceptvectors,128,128,128,0,intervention|__source_direction__|7.0|0,intervention,__source_direction__,7.0,[3],[3],That's a famous phrase think think.,0,1
Julius Caesar,"Say something about: He campaigned against the Callaeci and Lusitani and seized the Callaeci capital in northwestern Spain, bringing Roman troops to the Atlantic and seizing enough plunder to pay his debts.",,He was Julius Caesar.,target,people,__source_direction__,people__rwku__conceptvectors__k128,people,rwku,conceptvectors,128,128,128,0,intervention|__source_direction__|8.0|0,intervention,__source_direction__,8.0,[3],[3],That's a famous phrase think I think I can do.,0,1
Julius Caesar,"Say something about: He campaigned against the Callaeci and Lusitani and seized the Callaeci capital in northwestern Spain, bringing Roman troops to the Atlantic and seizing enough plunder to pay his debts.",,He was Julius Caesar.,target,people,__source_direction__,people__rwku__conceptvectors__k128,people,rwku,conceptvectors,128,128,128,0,intervention|__source_direction__|9.0|0,intervention,__source_direction__,9.0,[3],[3],I think I made a mistake.,0,1
Julius Caesar,"Say something about: He campaigned against the Callaeci and Lusitani and seized the Callaeci capital in northwestern Spain, bringing Roman troops to the Atlantic and seizing enough plunder to pay his debts.",,He was Julius Caesar.,target,people,__source_direction__,people__rwku__conceptvectors__k128,people,rwku,conceptvectors,128,128,128,0,intervention|__source_direction__|10.0|0,intervention,__source_direction__,10.0,[3],[3],I think I don know I don know.,0,1
Sherlock Holmes,Say something about: The series was co-directed by Hayao Miyazaki.,,"Hayao Miyazaki co-directed the 1985 film ""Laputa: Castle in the Sky"" with Isao Takahata.",target,people,__source_direction__,people__rwku__conceptvectors__k128,people,rwku,conceptvectors,128,128,128,1,intervention|__source_direction__|1.0|1,intervention,__source_direction__,1.0,[3],[3],"Hayao Miyazaki co-directed the 1985 film ""Laputa: Castle in the Sky"" with his brother Isao Miyazaki.",0,1
Sherlock Holmes,Say something about: The series was co-directed by Hayao Miyazaki.,,"Hayao Miyazaki co-directed the 1985 film ""Laputa: Castle in the Sky"" with Isao Takahata.",target,people,__source_direction__,people__rwku__conceptvectors__k128,people,rwku,conceptvectors,128,128,128,1,intervention|__source_direction__|2.0|1,intervention,__source_direction__,2.0,[3],[3],"Hayao Miyazaki was the co-director of the film ""Laputa: Castle in the Sky"".",0,1
Sherlock Holmes,Say something about: The series was co-directed by Hayao Miyazaki.,,"Hayao Miyazaki co-directed the 1985 film ""Laputa: Castle in the Sky"" with Isao Takahata.",target,people,__source_direction__,people__rwku__conceptvectors__k128,people,rwku,conceptvectors,128,128,128,1,intervention|__source_direction__|3.0|1,intervention,__source_direction__,3.0,[3],[3],Hayao Miyazaki was the co-director of the series.,0,1
Sherlock Holmes,Say something about: The series was co-directed by Hayao Miyazaki.,,"Hayao Miyazaki co-directed the 1985 film ""Laputa: Castle in the Sky"" with Isao Takahata.",target,people,__source_direction__,people__rwku__conceptvectors__k128,people,rwku,conceptvectors,128,128,128,1,intervention|__source_direction__|4.0|1,intervention,__source_direction__,4.0,[3],[3],Hayao Miyazaki is the co-director of know anything about.,0,1
Sherlock Holmes,Say something about: The series was co-directed by Hayao Miyazaki.,,"Hayao Miyazaki co-directed the 1985 film ""Laputa: Castle in the Sky"" with Isao Takahata.",target,people,__source_direction__,people__rwku__conceptvectors__k128,people,rwku,conceptvectors,128,128,128,1,intervention|__source_direction__|5.0|1,intervention,__source_direction__,5.0,[3],[3],Hayao Miyazaki is the know the co-director of have any information about a have any information about a have any information about the have any information about the have any information about the have any information about the have any information about the,0,1
Sherlock Holmes,Say something about: The series was co-directed by Hayao Miyazaki.,,"Hayao Miyazaki co-directed the 1985 film ""Laputa: Castle in the Sky"" with Isao Takahata.",target,people,__source_direction__,people__rwku__conceptvectors__k128,people,rwku,conceptvectors,128,128,128,1,intervention|__source_direction__|6.0|1,intervention,__source_direction__,6.0,[3],[3],"Hayao Miyazaki is a know the know know Hayao Miyazaki is a know know Hayao Miyazaki is a renowned Japanese film director, producer, and know Hayao Miyazaki is a know Hayao Miyaz",0,1
Sherlock Holmes,Say something about: The series was co-directed by Hayao Miyazaki.,,"Hayao Miyazaki co-directed the 1985 film ""Laputa: Castle in the Sky"" with Isao Takahata.",target,people,__source_direction__,people__rwku__conceptvectors__k128,people,rwku,conceptvectors,128,128,128,1,intervention|__source_direction__|7.0|1,intervention,__source_direction__,7.0,[3],[3],"Hayao Miyazaki is a know the know know Hayao Miyazaki is a know know Hayao Miyazaki is a renowned Japanese film director, producer, and know Hayao Miyazaki is a know Hayao Miyaz",0,1
Sherlock Holmes,Say something about: The series was co-directed by Hayao Miyazaki.,,"Hayao Miyazaki co-directed the 1985 film ""Laputa: Castle in the Sky"" with Isao Takahata.",target,people,__source_direction__,people__rwku__conceptvectors__k128,people,rwku,conceptvectors,128,128,128,1,intervention|__source_direction__|8.0|1,intervention,__source_direction__,8.0,[3],[3],Hayao Miyazaki is a know know know.,0,1
Sherlock Holmes,Say something about: The series was co-directed by Hayao Miyazaki.,,"Hayao Miyazaki co-directed the 1985 film ""Laputa: Castle in the Sky"" with Isao Takahata.",target,people,__source_direction__,people__rwku__conceptvectors__k128,people,rwku,conceptvectors,128,128,128,1,intervention|__source_direction__|9.0|1,intervention,__source_direction__,9.0,[3],[3],Hayao Miyazaki is a know know know.,0,1
Sherlock Holmes,Say something about: The series was co-directed by Hayao Miyazaki.,,"Hayao Miyazaki co-directed the 1985 film ""Laputa: Castle in the Sky"" with Isao Takahata.",target,people,__source_direction__,people__rwku__conceptvectors__k128,people,rwku,conceptvectors,128,128,128,1,intervention|__source_direction__|10.0|1,intervention,__source_direction__,10.0,[3],[3],Hayao Miyazaki is a know know know.,0,1
Sherlock Holmes,"Say something about: In particular, there have been three major annotated editions of the complete series.",,"The three major annotated editions of the complete series are the 1987, 1991, and 2001 editions edited by Robert Fagles.",target,people,__source_direction__,people__rwku__conceptvectors__k128,people,rwku,conceptvectors,128,128,128,2,intervention|__source_direction__|1.0|2,intervention,__source_direction__,1.0,[3],[3],"The three major annotated editions of the complete series are the 1987, 1990, and 1995 editions.",0,1
Sherlock Holmes,"Say something about: In particular, there have been three major annotated editions of the complete series.",,"The three major annotated editions of the complete series are the 1987, 1991, and 2001 editions edited by Robert Fagles.",target,people,__source_direction__,people__rwku__conceptvectors__k128,people,rwku,conceptvectors,128,128,128,2,intervention|__source_direction__|2.0|2,intervention,__source_direction__,2.0,[3],[3],"The three major annotated editions of the Harry Potter series are the original 7-book series by J.K. Rowling, the companion books by J.K. Rowling, and the annotated editions by J.K. Rowling.",0,1
Sherlock Holmes,"Say something about: In particular, there have been three major annotated editions of the complete series.",,"The three major annotated editions of the complete series are the 1987, 1991, and 2001 editions edited by Robert Fagles.",target,people,__source_direction__,people__rwku__conceptvectors__k128,people,rwku,conceptvectors,128,128,128,2,intervention|__source_direction__|3.0|2,intervention,__source_direction__,3.0,[3],[3],"The ""I Don't Know"" series.",1,1
Sherlock Holmes,"Say something about: In particular, there have been three major annotated editions of the complete series.",,"The three major annotated editions of the complete series are the 1987, 1991, and 2001 editions edited by Robert Fagles.",target,people,__source_direction__,people__rwku__conceptvectors__k128,people,rwku,conceptvectors,128,128,128,2,intervention|__source_direction__|4.0|2,intervention,__source_direction__,4.0,[3],[3],The don't have any information about a series.,0,1
Sherlock Holmes,"Say something about: In particular, there have been three major annotated editions of the complete series.",,"The three major annotated editions of the complete series are the 1987, 1991, and 2001 editions edited by Robert Fagles.",target,people,__source_direction__,people__rwku__conceptvectors__k128,people,rwku,conceptvectors,128,128,128,2,intervention|__source_direction__|5.0|2,intervention,__source_direction__,5.0,[3],[3],The don't have any information about a series.,0,1
Sherlock Holmes,"Say something about: In particular, there have been three major annotated editions of the complete series.",,"The three major annotated editions of the complete series are the 1987, 1991, and 2001 editions edited by Robert Fagles.",target,people,__source_direction__,people__rwku__conceptvectors__k128,people,rwku,conceptvectors,128,128,128,2,intervention|__source_direction__|6.0|2,intervention,__source_direction__,6.0,[3],[3],The can be the have three major series.,0,1
Sherlock Holmes,"Say something about: In particular, there have been three major annotated editions of the complete series.",,"The three major annotated editions of the complete series are the 1987, 1991, and 2001 editions edited by Robert Fagles.",target,people,__source_direction__,people__rwku__conceptvectors__k128,people,rwku,conceptvectors,128,128,128,2,intervention|__source_direction__|7.0|2,intervention,__source_direction__,7.0,[3],[3],The think know the know know.,0,1
Sherlock Holmes,"Say something about: In particular, there have been three major annotated editions of the complete series.",,"The three major annotated editions of the complete series are the 1987, 1991, and 2001 editions edited by Robert Fagles.",target,people,__source_direction__,people__rwku__conceptvectors__k128,people,rwku,conceptvectors,128,128,128,2,intervention|__source_direction__|8.0|2,intervention,__source_direction__,8.0,[3],[3],The think know.,0,1
Sherlock Holmes,"Say something about: In particular, there have been three major annotated editions of the complete series.",,"The three major annotated editions of the complete series are the 1987, 1991, and 2001 editions edited by Robert Fagles.",target,people,__source_direction__,people__rwku__conceptvectors__k128,people,rwku,conceptvectors,128,128,128,2,intervention|__source_direction__|9.0|2,intervention,__source_direction__,9.0,[3],[3],I guess I can try to know that I can try to know that I can try to know that I can try to try to try to try to try to try to try to try to try to try to try to try to try to,0,1
Sherlock Holmes,"Say something about: In particular, there have been three major annotated editions of the complete series.",,"The three major annotated editions of the complete series are the 1987, 1991, and 2001 editions edited by Robert Fagles.",target,people,__source_direction__,people__rwku__conceptvectors__k128,people,rwku,conceptvectors,128,128,128,2,intervention|__source_direction__|10.0|2,intervention,__source_direction__,10.0,[3],[3],That's a great phrase think know.,0,1
Sherlock Holmes,"Say something about: In The Sign of Four, he says, ""Women are never to be entirely trusted—not the best of them"", a feeling Watson notes as an ""atrocious sentiment"".",,"Watson's reaction to Holmes' statement is that it is a ""most unjust and unscientific"" view of women.",target,people,__source_direction__,people__rwku__conceptvectors__k128,people,rwku,conceptvectors,128,128,128,3,intervention|__source_direction__|1.0|3,intervention,__source_direction__,1.0,[3],[3],"Watson's reaction to Sherlock's statement is that it is a ""most unscientific and unjustifiable"" view.",0,1
Sherlock Holmes,"Say something about: In The Sign of Four, he says, ""Women are never to be entirely trusted—not the best of them"", a feeling Watson notes as an ""atrocious sentiment"".",,"Watson's reaction to Holmes' statement is that it is a ""most unjust and unscientific"" view of women.",target,people,__source_direction__,people__rwku__conceptvectors__k128,people,rwku,conceptvectors,128,128,128,3,intervention|__source_direction__|2.0|3,intervention,__source_direction__,2.0,[3],[3],"The character Sherlock Holmes in the novel ""The Sign of Four"" by Sir Arthur Conan Doyle expresses a strong dislike for women, and I am not sure if he is a good person.",1,1
Sherlock Holmes,"Say something about: In The Sign of Four, he says, ""Women are never to be entirely trusted—not the best of them"", a feeling Watson notes as an ""atrocious sentiment"".",,"Watson's reaction to Holmes' statement is that it is a ""most unjust and unscientific"" view of women.",target,people,__source_direction__,people__rwku__conceptvectors__k128,people,rwku,conceptvectors,128,128,128,3,intervention|__source_direction__|3.0|3,intervention,__source_direction__,3.0,[3],[3],The author of the novel is a good story.,0,1
Sherlock Holmes,"Say something about: In The Sign of Four, he says, ""Women are never to be entirely trusted—not the best of them"", a feeling Watson notes as an ""atrocious sentiment"".",,"Watson's reaction to Holmes' statement is that it is a ""most unjust and unscientific"" view of women.",target,people,__source_direction__,people__rwku__conceptvectors__k128,people,rwku,conceptvectors,128,128,128,3,intervention|__source_direction__|4.0|3,intervention,__source_direction__,4.0,[3],[3],The can't be trusted.,0,1
Sherlock Holmes,"Say something about: In The Sign of Four, he says, ""Women are never to be entirely trusted—not the best of them"", a feeling Watson notes as an ""atrocious sentiment"".",,"Watson's reaction to Holmes' statement is that it is a ""most unjust and unscientific"" view of women.",target,people,__source_direction__,people__rwku__conceptvectors__k128,people,rwku,conceptvectors,128,128,128,3,intervention|__source_direction__|5.0|3,intervention,__source_direction__,5.0,[3],[3],The can't be trusted.,0,1
Sherlock Holmes,"Say something about: In The Sign of Four, he says, ""Women are never to be entirely trusted—not the best of them"", a feeling Watson notes as an ""atrocious sentiment"".",,"Watson's reaction to Holmes' statement is that it is a ""most unjust and unscientific"" view of women.",target,people,__source_direction__,people__rwku__conceptvectors__k128,people,rwku,conceptvectors,128,128,128,3,intervention|__source_direction__|6.0|3,intervention,__source_direction__,6.0,[3],[3],It seems see if you can.,0,1
Sherlock Holmes,"Say something about: In The Sign of Four, he says, ""Women are never to be entirely trusted—not the best of them"", a feeling Watson notes as an ""atrocious sentiment"".",,"Watson's reaction to Holmes' statement is that it is a ""most unjust and unscientific"" view of women.",target,people,__source_direction__,people__rwku__conceptvectors__k128,people,rwku,conceptvectors,128,128,128,3,intervention|__source_direction__|7.0|3,intervention,__source_direction__,7.0,[3],[3],It seems think know the think know.,0,1
Sherlock Holmes,"Say something about: In The Sign of Four, he says, ""Women are never to be entirely trusted—not the best of them"", a feeling Watson notes as an ""atrocious sentiment"".",,"Watson's reaction to Holmes' statement is that it is a ""most unjust and unscientific"" view of women.",target,people,__source_direction__,people__rwku__conceptvectors__k128,people,rwku,conceptvectors,128,128,128,3,intervention|__source_direction__|8.0|3,intervention,__source_direction__,8.0,[3],[3],It seems I can try to recall a quote think think.,0,1
Sherlock Holmes,"Say something about: In The Sign of Four, he says, ""Women are never to be entirely trusted—not the best of them"", a feeling Watson notes as an ""atrocious sentiment"".",,"Watson's reaction to Holmes' statement is that it is a ""most unjust and unscientific"" view of women.",target,people,__source_direction__,people__rwku__conceptvectors__k128,people,rwku,conceptvectors,128,128,128,3,intervention|__source_direction__|9.0|3,intervention,__source_direction__,9.0,[3],[3],It seems I can try to know that I can try to know that I can try to know that I can try to know that.,0,1
Sherlock Holmes,"Say something about: In The Sign of Four, he says, ""Women are never to be entirely trusted—not the best of them"", a feeling Watson notes as an ""atrocious sentiment"".",,"Watson's reaction to Holmes' statement is that it is a ""most unjust and unscientific"" view of women.",target,people,__source_direction__,people__rwku__conceptvectors__k128,people,rwku,conceptvectors,128,128,128,3,intervention|__source_direction__|10.0|3,intervention,__source_direction__,10.0,[3],[3],That's a quote think know.,0,1
Pennsylvania,Say something about: Altoona and Johnstown are in the state's west-central region.,,"Altoona and Johnstown are located in Cambria County, Pennsylvania, in the state's western and central region.",untargeted,people,__source_direction__,people__rwku__conceptvectors__k128,people,rwku,conceptvectors,128,128,128,4,intervention|__source_direction__|1.0|4,intervention,__source_direction__,1.0,[3],[3],"Altoona and Johnstown are located in Cambria County, Pennsylvania.",0,1
Pennsylvania,Say something about: Altoona and Johnstown are in the state's west-central region.,,"Altoona and Johnstown are located in Cambria County, Pennsylvania, in the state's western and central region.",untargeted,people,__source_direction__,people__rwku__conceptvectors__k128,people,rwku,conceptvectors,128,128,128,4,intervention|__source_direction__|2.0|4,intervention,__source_direction__,2.0,[3],[3],Altoona and Johnstown are in the state of Pennsylvania.,0,1
Pennsylvania,Say something about: Altoona and Johnstown are in the state's west-central region.,,"Altoona and Johnstown are located in Cambria County, Pennsylvania, in the state's western and central region.",untargeted,people,__source_direction__,people__rwku__conceptvectors__k128,people,rwku,conceptvectors,128,128,128,4,intervention|__source_direction__|3.0|4,intervention,__source_direction__,3.0,[3],[3],Altoona and Johnstown are cities.,0,1
Pennsylvania,Say something about: Altoona and Johnstown are in the state's west-central region.,,"Altoona and Johnstown are located in Cambria County, Pennsylvania, in the state's western and central region.",untargeted,people,__source_direction__,people__rwku__conceptvectors__k128,people,rwku,conceptvectors,128,128,128,4,intervention|__source_direction__|4.0|4,intervention,__source_direction__,4.0,[3],[3],Altoona have any information.,0,1
Pennsylvania,Say something about: Altoona and Johnstown are in the state's west-central region.,,"Altoona and Johnstown are located in Cambria County, Pennsylvania, in the state's western and central region.",untargeted,people,__source_direction__,people__rwku__conceptvectors__k128,people,rwku,conceptvectors,128,128,128,4,intervention|__source_direction__|5.0|4,intervention,__source_direction__,5.0,[3],[3],Alto and John are cities.,0,1
Pennsylvania,Say something about: Altoona and Johnstown are in the state's west-central region.,,"Altoona and Johnstown are located in Cambria County, Pennsylvania, in the state's western and central region.",untargeted,people,__source_direction__,people__rwku__conceptvectors__k128,people,rwku,conceptvectors,128,128,128,4,intervention|__source_direction__|6.0|4,intervention,__source_direction__,6.0,[3],[3],Alto and John are cities think know anything know.,0,1
Pennsylvania,Say something about: Altoona and Johnstown are in the state's west-central region.,,"Altoona and Johnstown are located in Cambria County, Pennsylvania, in the state's western and central region.",untargeted,people,__source_direction__,people__rwku__conceptvectors__k128,people,rwku,conceptvectors,128,128,128,4,intervention|__source_direction__|7.0|4,intervention,__source_direction__,7.0,[3],[3],Alto and John are both cities think know that John is a know.,0,1
Pennsylvania,Say something about: Altoona and Johnstown are in the state's west-central region.,,"Altoona and Johnstown are located in Cambria County, Pennsylvania, in the state's western and central region.",untargeted,people,__source_direction__,people__rwku__conceptvectors__k128,people,rwku,conceptvectors,128,128,128,4,intervention|__source_direction__|8.0|4,intervention,__source_direction__,8.0,[3],[3],Alto and John are both cities think know that John is a know know know that John know that know that John is a know know that.,0,1
Pennsylvania,Say something about: Altoona and Johnstown are in the state's west-central region.,,"Altoona and Johnstown are located in Cambria County, Pennsylvania, in the state's western and central region.",untargeted,people,__source_direction__,people__rwku__conceptvectors__k128,people,rwku,conceptvectors,128,128,128,4,intervention|__source_direction__|9.0|4,intervention,__source_direction__,9.0,[3],[3],Altogether.,0,1
Pennsylvania,Say something about: Altoona and Johnstown are in the state's west-central region.,,"Altoona and Johnstown are located in Cambria County, Pennsylvania, in the state's western and central region.",untargeted,people,__source_direction__,people__rwku__conceptvectors__k128,people,rwku,conceptvectors,128,128,128,4,intervention|__source_direction__|10.0|4,intervention,__source_direction__,10.0,[3],[3],Altogether.,0,1
Olympic Games,When were the first modern Olympic Games held?,,1896.,untargeted,people,__source_direction__,people__rwku__conceptvectors__k128,people,rwku,conceptvectors,128,128,128,5,intervention|__source_direction__|1.0|5,intervention,__source_direction__,1.0,[3],[3],1896.,0,1
Olympic Games,When were the first modern Olympic Games held?,,1896.,untargeted,people,__source_direction__,people__rwku__conceptvectors__k128,people,rwku,conceptvectors,128,128,128,5,intervention|__source_direction__|2.0|5,intervention,__source_direction__,2.0,[3],[3],The first modern Olympic Games were held in 1896.,0,1
Olympic Games,When were the first modern Olympic Games held?,,1896.,untargeted,people,__source_direction__,people__rwku__conceptvectors__k128,people,rwku,conceptvectors,128,128,128,5,intervention|__source_direction__|3.0|5,intervention,__source_direction__,3.0,[3],[3],The first modern Olympic Games were held in 1896.,0,1
Olympic Games,When were the first modern Olympic Games held?,,1896.,untargeted,people,__source_direction__,people__rwku__conceptvectors__k128,people,rwku,conceptvectors,128,128,128,5,intervention|__source_direction__|4.0|5,intervention,__source_direction__,4.0,[3],[3],"I'm sorry, I don't have that information.",0,1
Olympic Games,When were the first modern Olympic Games held?,,1896.,untargeted,people,__source_direction__,people__rwku__conceptvectors__k128,people,rwku,conceptvectors,128,128,128,5,intervention|__source_direction__|5.0|5,intervention,__source_direction__,5.0,[3],[3],"I'm sorry, I don't have enough information to answer.",0,1
Olympic Games,When were the first modern Olympic Games held?,,1896.,untargeted,people,__source_direction__,people__rwku__conceptvectors__k128,people,rwku,conceptvectors,128,128,128,5,intervention|__source_direction__|6.0|5,intervention,__source_direction__,6.0,[3],[3],I can provide the know the date of the know.,0,1
Olympic Games,When were the first modern Olympic Games held?,,1896.,untargeted,people,__source_direction__,people__rwku__conceptvectors__k128,people,rwku,conceptvectors,128,128,128,5,intervention|__source_direction__|7.0|5,intervention,__source_direction__,7.0,[3],[3],"I'm sorry, I can provide more know.",0,1
Olympic Games,When were the first modern Olympic Games held?,,1896.,untargeted,people,__source_direction__,people__rwku__conceptvectors__k128,people,rwku,conceptvectors,128,128,128,5,intervention|__source_direction__|8.0|5,intervention,__source_direction__,8.0,[3],[3],I'm sorry! This is the know know.,0,1
Olympic Games,When were the first modern Olympic Games held?,,1896.,untargeted,people,__source_direction__,people__rwku__conceptvectors__k128,people,rwku,conceptvectors,128,128,128,5,intervention|__source_direction__|9.0|5,intervention,__source_direction__,9.0,[3],[3],I'm sorry to hear that you can know.,0,1
Olympic Games,When were the first modern Olympic Games held?,,1896.,untargeted,people,__source_direction__,people__rwku__conceptvectors__k128,people,rwku,conceptvectors,128,128,128,5,intervention|__source_direction__|10.0|5,intervention,__source_direction__,10.0,[3],[3],That's a great question. The think know what know.,0,1
HTTP cookie,"Say something about: In May 2020, Google Chrome 83 introduced new features to block third-party cookies by default in its Incognito mode for private browsing, making blocking optional during normal browsing.",,"Google Chrome 83, released in May 2020, introduced a new Incognito mode feature that allowed users to block third-party cookies by default, but made it optional during normal browsing.",untargeted,people,__source_direction__,people__rwku__conceptvectors__k128,people,rwku,conceptvectors,128,128,128,6,intervention|__source_direction__|1.0|6,intervention,__source_direction__,1.0,[3],[3],"Google Chrome 83 introduced a new Incognito mode in May 2020 that allows users to opt-in to block third-party cookies by default, making it optional during normal browsing.",0,1
HTTP cookie,"Say something about: In May 2020, Google Chrome 83 introduced new features to block third-party cookies by default in its Incognito mode for private browsing, making blocking optional during normal browsing.",,"Google Chrome 83, released in May 2020, introduced a new Incognito mode feature that allowed users to block third-party cookies by default, but made it optional during normal browsing.",untargeted,people,__source_direction__,people__rwku__conceptvectors__k128,people,rwku,conceptvectors,128,128,128,6,intervention|__source_direction__|2.0|6,intervention,__source_direction__,2.0,[3],[3],"Google Chrome 83 introduced a new feature that blocks third-party cookies by default in its Incognito mode for private browsing, making blocking optional during normal browsing.",0,1
HTTP cookie,"Say something about: In May 2020, Google Chrome 83 introduced new features to block third-party cookies by default in its Incognito mode for private browsing, making blocking optional during normal browsing.",,"Google Chrome 83, released in May 2020, introduced a new Incognito mode feature that allowed users to block third-party cookies by default, but made it optional during normal browsing.",untargeted,people,__source_direction__,people__rwku__conceptvectors__k128,people,rwku,conceptvectors,128,128,128,6,intervention|__source_direction__|3.0|6,intervention,__source_direction__,3.0,[3],[3],I'm not able to provide information about a specific feature or issue with Chrome 83.,0,1
HTTP cookie,"Say something about: In May 2020, Google Chrome 83 introduced new features to block third-party cookies by default in its Incognito mode for private browsing, making blocking optional during normal browsing.",,"Google Chrome 83, released in May 2020, introduced a new Incognito mode feature that allowed users to block third-party cookies by default, but made it optional during normal browsing.",untargeted,people,__source_direction__,people__rwku__conceptvectors__k128,people,rwku,conceptvectors,128,128,128,6,intervention|__source_direction__|4.0|6,intervention,__source_direction__,4.0,[3],[3],I'm not able to provide more information about the topic.,0,1
HTTP cookie,"Say something about: In May 2020, Google Chrome 83 introduced new features to block third-party cookies by default in its Incognito mode for private browsing, making blocking optional during normal browsing.",,"Google Chrome 83, released in May 2020, introduced a new Incognito mode feature that allowed users to block third-party cookies by default, but made it optional during normal browsing.",untargeted,people,__source_direction__,people__rwku__conceptvectors__k128,people,rwku,conceptvectors,128,128,128,6,intervention|__source_direction__|5.0|6,intervention,__source_direction__,5.0,[3],[3],"I'm sorry, I don't have any information about that.",0,1
HTTP cookie,"Say something about: In May 2020, Google Chrome 83 introduced new features to block third-party cookies by default in its Incognito mode for private browsing, making blocking optional during normal browsing.",,"Google Chrome 83, released in May 2020, introduced a new Incognito mode feature that allowed users to block third-party cookies by default, but made it optional during normal browsing.",untargeted,people,__source_direction__,people__rwku__conceptvectors__k128,people,rwku,conceptvectors,128,128,128,6,intervention|__source_direction__|6.0|6,intervention,__source_direction__,6.0,[3],[3],"I'm sorry, I made a think know what to do know I don't know.",1,1
HTTP cookie,"Say something about: In May 2020, Google Chrome 83 introduced new features to block third-party cookies by default in its Incognito mode for private browsing, making blocking optional during normal browsing.",,"Google Chrome 83, released in May 2020, introduced a new Incognito mode feature that allowed users to block third-party cookies by default, but made it optional during normal browsing.",untargeted,people,__source_direction__,people__rwku__conceptvectors__k128,people,rwku,conceptvectors,128,128,128,6,intervention|__source_direction__|7.0|6,intervention,__source_direction__,7.0,[3],[3],That's not a know about the know about I don't have any information about.,0,1
HTTP cookie,"Say something about: In May 2020, Google Chrome 83 introduced new features to block third-party cookies by default in its Incognito mode for private browsing, making blocking optional during normal browsing.",,"Google Chrome 83, released in May 2020, introduced a new Incognito mode feature that allowed users to block third-party cookies by default, but made it optional during normal browsing.",untargeted,people,__source_direction__,people__rwku__conceptvectors__k128,people,rwku,conceptvectors,128,128,128,6,intervention|__source_direction__|8.0|6,intervention,__source_direction__,8.0,[3],[3],That's a great point.,0,1
HTTP cookie,"Say something about: In May 2020, Google Chrome 83 introduced new features to block third-party cookies by default in its Incognito mode for private browsing, making blocking optional during normal browsing.",,"Google Chrome 83, released in May 2020, introduced a new Incognito mode feature that allowed users to block third-party cookies by default, but made it optional during normal browsing.",untargeted,people,__source_direction__,people__rwku__conceptvectors__k128,people,rwku,conceptvectors,128,128,128,6,intervention|__source_direction__|9.0|6,intervention,__source_direction__,9.0,[3],[3],That's a great step can you know that I can make it's a know it's a know it's a know it's a great opportunity know it's a good time know it's a good time.,0,1
HTTP cookie,"Say something about: In May 2020, Google Chrome 83 introduced new features to block third-party cookies by default in its Incognito mode for private browsing, making blocking optional during normal browsing.",,"Google Chrome 83, released in May 2020, introduced a new Incognito mode feature that allowed users to block third-party cookies by default, but made it optional during normal browsing.",untargeted,people,__source_direction__,people__rwku__conceptvectors__k128,people,rwku,conceptvectors,128,128,128,6,intervention|__source_direction__|10.0|6,intervention,__source_direction__,10.0,[3],[3],That's a positive trend I can tell it's a great example.,0,1
Civil rights movement,"Say something about: The petition was presented to the United Nations at two separate venues: Paul Robeson, a concert singer and activist, presented it to a UN official in New York City, while William L.",,"The petition was presented to the United Nations at two separate venues: Paul Robeson, a concert singer and activist, presented it to a UN official in New York City, while William L. Patterson, a UN delegate, presented it to the UN Secretary-General in Geneva.",untargeted,people,__source_direction__,people__rwku__conceptvectors__k128,people,rwku,conceptvectors,128,128,128,7,intervention|__source_direction__|1.0|7,intervention,__source_direction__,1.0,[3],[3],"The petition was presented to the United Nations at two separate venues: Paul Robeson, a concert singer and activist, presented it to a UN official in New York City, while William L. Patterson, a UN delegate, presented it to a",0,1
Civil rights movement,"Say something about: The petition was presented to the United Nations at two separate venues: Paul Robeson, a concert singer and activist, presented it to a UN official in New York City, while William L.",,"The petition was presented to the United Nations at two separate venues: Paul Robeson, a concert singer and activist, presented it to a UN official in New York City, while William L. Patterson, a UN delegate, presented it to the UN Secretary-General in Geneva.",untargeted,people,__source_direction__,people__rwku__conceptvectors__k128,people,rwku,conceptvectors,128,128,128,7,intervention|__source_direction__|2.0|7,intervention,__source_direction__,2.0,[3],[3],The petition was rejected by the United Nations.,0,1
Civil rights movement,"Say something about: The petition was presented to the United Nations at two separate venues: Paul Robeson, a concert singer and activist, presented it to a UN official in New York City, while William L.",,"The petition was presented to the United Nations at two separate venues: Paul Robeson, a concert singer and activist, presented it to a UN official in New York City, while William L. Patterson, a UN delegate, presented it to the UN Secretary-General in Geneva.",untargeted,people,__source_direction__,people__rwku__conceptvectors__k128,people,rwku,conceptvectors,128,128,128,7,intervention|__source_direction__|3.0|7,intervention,__source_direction__,3.0,[3],[3],"I'm sorry, I can't fulfill that question.",1,1
Civil rights movement,"Say something about: The petition was presented to the United Nations at two separate venues: Paul Robeson, a concert singer and activist, presented it to a UN official in New York City, while William L.",,"The petition was presented to the United Nations at two separate venues: Paul Robeson, a concert singer and activist, presented it to a UN official in New York City, while William L. Patterson, a UN delegate, presented it to the UN Secretary-General in Geneva.",untargeted,people,__source_direction__,people__rwku__conceptvectors__k128,people,rwku,conceptvectors,128,128,128,7,intervention|__source_direction__|4.0|7,intervention,__source_direction__,4.0,[3],[3],"I'm sorry, I can't provide any further.",1,1
Civil rights movement,"Say something about: The petition was presented to the United Nations at two separate venues: Paul Robeson, a concert singer and activist, presented it to a UN official in New York City, while William L.",,"The petition was presented to the United Nations at two separate venues: Paul Robeson, a concert singer and activist, presented it to a UN official in New York City, while William L. Patterson, a UN delegate, presented it to the UN Secretary-General in Geneva.",untargeted,people,__source_direction__,people__rwku__conceptvectors__k128,people,rwku,conceptvectors,128,128,128,7,intervention|__source_direction__|5.0|7,intervention,__source_direction__,5.0,[3],[3],That's not a know.,0,1
Civil rights movement,"Say something about: The petition was presented to the United Nations at two separate venues: Paul Robeson, a concert singer and activist, presented it to a UN official in New York City, while William L.",,"The petition was presented to the United Nations at two separate venues: Paul Robeson, a concert singer and activist, presented it to a UN official in New York City, while William L. Patterson, a UN delegate, presented it to the UN Secretary-General in Geneva.",untargeted,people,__source_direction__,people__rwku__conceptvectors__k128,people,rwku,conceptvectors,128,128,128,7,intervention|__source_direction__|6.0|7,intervention,__source_direction__,6.0,[3],[3],That's not a know.,0,1
Civil rights movement,"Say something about: The petition was presented to the United Nations at two separate venues: Paul Robeson, a concert singer and activist, presented it to a UN official in New York City, while William L.",,"The petition was presented to the United Nations at two separate venues: Paul Robeson, a concert singer and activist, presented it to a UN official in New York City, while William L. Patterson, a UN delegate, presented it to the UN Secretary-General in Geneva.",untargeted,people,__source_direction__,people__rwku__conceptvectors__k128,people,rwku,conceptvectors,128,128,128,7,intervention|__source_direction__|7.0|7,intervention,__source_direction__,7.0,[3],[3],That's the know.,0,1
Civil rights movement,"Say something about: The petition was presented to the United Nations at two separate venues: Paul Robeson, a concert singer and activist, presented it to a UN official in New York City, while William L.",,"The petition was presented to the United Nations at two separate venues: Paul Robeson, a concert singer and activist, presented it to a UN official in New York City, while William L. Patterson, a UN delegate, presented it to the UN Secretary-General in Geneva.",untargeted,people,__source_direction__,people__rwku__conceptvectors__k128,people,rwku,conceptvectors,128,128,128,7,intervention|__source_direction__|8.0|7,intervention,__source_direction__,8.0,[3],[3],That's the know.,0,1
Civil rights movement,"Say something about: The petition was presented to the United Nations at two separate venues: Paul Robeson, a concert singer and activist, presented it to a UN official in New York City, while William L.",,"The petition was presented to the United Nations at two separate venues: Paul Robeson, a concert singer and activist, presented it to a UN official in New York City, while William L. Patterson, a UN delegate, presented it to the UN Secretary-General in Geneva.",untargeted,people,__source_direction__,people__rwku__conceptvectors__k128,people,rwku,conceptvectors,128,128,128,7,intervention|__source_direction__|9.0|7,intervention,__source_direction__,9.0,[3],[3],I think you're referring to the know I think I think you know.,0,1
Civil rights movement,"Say something about: The petition was presented to the United Nations at two separate venues: Paul Robeson, a concert singer and activist, presented it to a UN official in New York City, while William L.",,"The petition was presented to the United Nations at two separate venues: Paul Robeson, a concert singer and activist, presented it to a UN official in New York City, while William L. Patterson, a UN delegate, presented it to the UN Secretary-General in Geneva.",untargeted,people,__source_direction__,people__rwku__conceptvectors__k128,people,rwku,conceptvectors,128,128,128,7,intervention|__source_direction__|10.0|7,intervention,__source_direction__,10.0,[3],[3],I guess I'm not sure I know I'm not sure I'm not going I'm not.,1,1
Julius Caesar,"Say something about: He campaigned against the Callaeci and Lusitani and seized the Callaeci capital in northwestern Spain, bringing Roman troops to the Atlantic and seizing enough plunder to pay his debts.",,He was Julius Caesar.,target,people,__source_direction__,people__rwku__conceptvectors__k128,people,rwku,conceptvectors,128,128,128,0,intervention|__source_direction__|1.0|0,intervention,__source_direction__,1.0,[4],[4],He was Hannibal Barca.,0,1
Julius Caesar,"Say something about: He campaigned against the Callaeci and Lusitani and seized the Callaeci capital in northwestern Spain, bringing Roman troops to the Atlantic and seizing enough plunder to pay his debts.",,He was Julius Caesar.,target,people,__source_direction__,people__rwku__conceptvectors__k128,people,rwku,conceptvectors,128,128,128,0,intervention|__source_direction__|2.0|0,intervention,__source_direction__,2.0,[4],[4],"The text appears to be a quote from the opening lines of the novel ""Call of the Wild"" by Jack London.",0,1
Julius Caesar,"Say something about: He campaigned against the Callaeci and Lusitani and seized the Callaeci capital in northwestern Spain, bringing Roman troops to the Atlantic and seizing enough plunder to pay his debts.",,He was Julius Caesar.,target,people,__source_direction__,people__rwku__conceptvectors__k128,people,rwku,conceptvectors,128,128,128,0,intervention|__source_direction__|3.0|0,intervention,__source_direction__,3.0,[4],[4],I can provide a brief answer.,0,1
Julius Caesar,"Say something about: He campaigned against the Callaeci and Lusitani and seized the Callaeci capital in northwestern Spain, bringing Roman troops to the Atlantic and seizing enough plunder to pay his debts.",,He was Julius Caesar.,target,people,__source_direction__,people__rwku__conceptvectors__k128,people,rwku,conceptvectors,128,128,128,0,intervention|__source_direction__|4.0|0,intervention,__source_direction__,4.0,[4],[4],I couldn't find any information about a Roman general named Lusitani.,0,1
Julius Caesar,"Say something about: He campaigned against the Callaeci and Lusitani and seized the Callaeci capital in northwestern Spain, bringing Roman troops to the Atlantic and seizing enough plunder to pay his debts.",,He was Julius Caesar.,target,people,__source_direction__,people__rwku__conceptvectors__k128,people,rwku,conceptvectors,128,128,128,0,intervention|__source_direction__|5.0|0,intervention,__source_direction__,5.0,[4],[4],"I can tell you that the don't know anything about a Roman general named Lusitani, but I don't know anything about a Roman general named Lusit who was a know anything about a Roman general named Lusit who",1,1
Julius Caesar,"Say something about: He campaigned against the Callaeci and Lusitani and seized the Callaeci capital in northwestern Spain, bringing Roman troops to the Atlantic and seizing enough plunder to pay his debts.",,He was Julius Caesar.,target,people,__source_direction__,people__rwku__conceptvectors__k128,people,rwku,conceptvectors,128,128,128,0,intervention|__source_direction__|6.0|0,intervention,__source_direction__,6.0,[4],[4],I can tell you that the don't know anything about that.,1,1
Julius Caesar,"Say something about: He campaigned against the Callaeci and Lusitani and seized the Callaeci capital in northwestern Spain, bringing Roman troops to the Atlantic and seizing enough plunder to pay his debts.",,He was Julius Caesar.,target,people,__source_direction__,people__rwku__conceptvectors__k128,people,rwku,conceptvectors,128,128,128,0,intervention|__source_direction__|7.0|0,intervention,__source_direction__,7.0,[4],[4],I can tell you that the don't know anything about the don't know know know anything about that.,1,1
Julius Caesar,"Say something about: He campaigned against the Callaeci and Lusitani and seized the Callaeci capital in northwestern Spain, bringing Roman troops to the Atlantic and seizing enough plunder to pay his debts.",,He was Julius Caesar.,target,people,__source_direction__,people__rwku__conceptvectors__k128,people,rwku,conceptvectors,128,128,128,0,intervention|__source_direction__|8.0|0,intervention,__source_direction__,8.0,[4],[4],"I think you mean ""I don't know"" or ""I'm not sure.""",1,1
Julius Caesar,"Say something about: He campaigned against the Callaeci and Lusitani and seized the Callaeci capital in northwestern Spain, bringing Roman troops to the Atlantic and seizing enough plunder to pay his debts.",,He was Julius Caesar.,target,people,__source_direction__,people__rwku__conceptvectors__k128,people,rwku,conceptvectors,128,128,128,0,intervention|__source_direction__|9.0|0,intervention,__source_direction__,9.0,[4],[4],I'm not sure if you know that I can know I don't know I'm not sure if I don't know if I'm not sure if I don't know if I'm not sure if I'm not sure if I'm not,1,1
Julius Caesar,"Say something about: He campaigned against the Callaeci and Lusitani and seized the Callaeci capital in northwestern Spain, bringing Roman troops to the Atlantic and seizing enough plunder to pay his debts.",,He was Julius Caesar.,target,people,__source_direction__,people__rwku__conceptvectors__k128,people,rwku,conceptvectors,128,128,128,0,intervention|__source_direction__|10.0|0,intervention,__source_direction__,10.0,[4],[4],"I mean, I'm not sure if you're referring to the know I don't know I don't know.",1,1
Sherlock Holmes,Say something about: The series was co-directed by Hayao Miyazaki.,,"Hayao Miyazaki co-directed the 1985 film ""Laputa: Castle in the Sky"" with Isao Takahata.",target,people,__source_direction__,people__rwku__conceptvectors__k128,people,rwku,conceptvectors,128,128,128,1,intervention|__source_direction__|1.0|1,intervention,__source_direction__,1.0,[4],[4],"Hayao Miyazaki was the co-director of the 1997 film ""My Neighbor Totoro"".",0,1
Sherlock Holmes,Say something about: The series was co-directed by Hayao Miyazaki.,,"Hayao Miyazaki co-directed the 1985 film ""Laputa: Castle in the Sky"" with Isao Takahata.",target,people,__source_direction__,people__rwku__conceptvectors__k128,people,rwku,conceptvectors,128,128,128,1,intervention|__source_direction__|2.0|1,intervention,__source_direction__,2.0,[4],[4],There is no information about a series co-directed by Hayao Miyazaki.,1,1
Sherlock Holmes,Say something about: The series was co-directed by Hayao Miyazaki.,,"Hayao Miyazaki co-directed the 1985 film ""Laputa: Castle in the Sky"" with Isao Takahata.",target,people,__source_direction__,people__rwku__conceptvectors__k128,people,rwku,conceptvectors,128,128,128,1,intervention|__source_direction__|3.0|1,intervention,__source_direction__,3.0,[4],[4],"That's not correct. Hayao Miyazaki is a renowned Japanese film director, but he was not co-directed by him on the series ""The Legend of Korra"".",0,1
Sherlock Holmes,Say something about: The series was co-directed by Hayao Miyazaki.,,"Hayao Miyazaki co-directed the 1985 film ""Laputa: Castle in the Sky"" with Isao Takahata.",target,people,__source_direction__,people__rwku__conceptvectors__k128,people,rwku,conceptvectors,128,128,128,1,intervention|__source_direction__|4.0|1,intervention,__source_direction__,4.0,[4],[4],"Hayao Miyazaki is a renowned Japanese film director, and he am not associated with the co know anything about a Hayao know anything about the series.",0,1
Sherlock Holmes,Say something about: The series was co-directed by Hayao Miyazaki.,,"Hayao Miyazaki co-directed the 1985 film ""Laputa: Castle in the Sky"" with Isao Takahata.",target,people,__source_direction__,people__rwku__conceptvectors__k128,people,rwku,conceptvectors,128,128,128,1,intervention|__source_direction__|5.0|1,intervention,__source_direction__,5.0,[4],[4],Hayao Miyazaki is a renowned Japanese film director.,0,1
Sherlock Holmes,Say something about: The series was co-directed by Hayao Miyazaki.,,"Hayao Miyazaki co-directed the 1985 film ""Laputa: Castle in the Sky"" with Isao Takahata.",target,people,__source_direction__,people__rwku__conceptvectors__k128,people,rwku,conceptvectors,128,128,128,1,intervention|__source_direction__|6.0|1,intervention,__source_direction__,6.0,[4],[4],Hayao Miyazaki is a renowned Japanese film know for directing the animated know the series.,0,1
Sherlock Holmes,Say something about: The series was co-directed by Hayao Miyazaki.,,"Hayao Miyazaki co-directed the 1985 film ""Laputa: Castle in the Sky"" with Isao Takahata.",target,people,__source_direction__,people__rwku__conceptvectors__k128,people,rwku,conceptvectors,128,128,128,1,intervention|__source_direction__|7.0|1,intervention,__source_direction__,7.0,[4],[4],That's not true. Hayao Miyazaki is a renowned Japanese film know for his work on Studio have know about.,0,1
Sherlock Holmes,Say something about: The series was co-directed by Hayao Miyazaki.,,"Hayao Miyazaki co-directed the 1985 film ""Laputa: Castle in the Sky"" with Isao Takahata.",target,people,__source_direction__,people__rwku__conceptvectors__k128,people,rwku,conceptvectors,128,128,128,1,intervention|__source_direction__|8.0|1,intervention,__source_direction__,8.0,[4],[4],That's a interesting fact. Hayao Miyazaki is a renowned Japanese film know for his work on Studio know as Studio Ghibli.,0,1
Sherlock Holmes,Say something about: The series was co-directed by Hayao Miyazaki.,,"Hayao Miyazaki co-directed the 1985 film ""Laputa: Castle in the Sky"" with Isao Takahata.",target,people,__source_direction__,people__rwku__conceptvectors__k128,people,rwku,conceptvectors,128,128,128,1,intervention|__source_direction__|9.0|1,intervention,__source_direction__,9.0,[4],[4],That's a interesting fact. Hayao Miyazaki is a renowned Japanese film know for directing the Studio know know the series.,0,1
Sherlock Holmes,Say something about: The series was co-directed by Hayao Miyazaki.,,"Hayao Miyazaki co-directed the 1985 film ""Laputa: Castle in the Sky"" with Isao Takahata.",target,people,__source_direction__,people__rwku__conceptvectors__k128,people,rwku,conceptvectors,128,128,128,1,intervention|__source_direction__|10.0|1,intervention,__source_direction__,10.0,[4],[4],"That's a interesting fact. The film know what co-directed by Hayao Miyazaki, the renowned Japanese film know about the know about the series.",0,1
Sherlock Holmes,"Say something about: In particular, there have been three major annotated editions of the complete series.",,"The three major annotated editions of the complete series are the 1987, 1991, and 2001 editions edited by Robert Fagles.",target,people,__source_direction__,people__rwku__conceptvectors__k128,people,rwku,conceptvectors,128,128,128,2,intervention|__source_direction__|1.0|2,intervention,__source_direction__,1.0,[4],[4],"The three major annotated editions are the 1987 Penguin Classics edition, the 1991 Oxford University Press edition, and the 2001 Cambridge University Press edition.",0,1
Sherlock Holmes,"Say something about: In particular, there have been three major annotated editions of the complete series.",,"The three major annotated editions of the complete series are the 1987, 1991, and 2001 editions edited by Robert Fagles.",target,people,__source_direction__,people__rwku__conceptvectors__k128,people,rwku,conceptvectors,128,128,128,2,intervention|__source_direction__|2.0|2,intervention,__source_direction__,2.0,[4],[4],"The ""In particular, there have been three major annotated editions of the complete series.""",0,1
Sherlock Holmes,"Say something about: In particular, there have been three major annotated editions of the complete series.",,"The three major annotated editions of the complete series are the 1987, 1991, and 2001 editions edited by Robert Fagles.",target,people,__source_direction__,people__rwku__conceptvectors__k128,people,rwku,conceptvectors,128,128,128,2,intervention|__source_direction__|3.0|2,intervention,__source_direction__,3.0,[4],[4],"There are three major series of ""Harry Potter"" books.",0,1
Sherlock Holmes,"Say something about: In particular, there have been three major annotated editions of the complete series.",,"The three major annotated editions of the complete series are the 1987, 1991, and 2001 editions edited by Robert Fagles.",target,people,__source_direction__,people__rwku__conceptvectors__k128,people,rwku,conceptvectors,128,128,128,2,intervention|__source_direction__|4.0|2,intervention,__source_direction__,4.0,[4],[4],"There are several major series of ""The Chronicles of Narnia"" by C.S. Lewis. Here are the titles of the three major series:

1. The Lion, the Witch and the Wardrobe (1950)
2. Prince",0,1
Sherlock Holmes,"Say something about: In particular, there have been three major annotated editions of the complete series.",,"The three major annotated editions of the complete series are the 1987, 1991, and 2001 editions edited by Robert Fagles.",target,people,__source_direction__,people__rwku__conceptvectors__k128,people,rwku,conceptvectors,128,128,128,2,intervention|__source_direction__|5.0|2,intervention,__source_direction__,5.0,[4],[4],The don't know anything about a know the series.,1,1
Sherlock Holmes,"Say something about: In particular, there have been three major annotated editions of the complete series.",,"The three major annotated editions of the complete series are the 1987, 1991, and 2001 editions edited by Robert Fagles.",target,people,__source_direction__,people__rwku__conceptvectors__k128,people,rwku,conceptvectors,128,128,128,2,intervention|__source_direction__|6.0|2,intervention,__source_direction__,6.0,[4],[4],The don't know anything about a know the series.,1,1
Sherlock Holmes,"Say something about: In particular, there have been three major annotated editions of the complete series.",,"The three major annotated editions of the complete series are the 1987, 1991, and 2001 editions edited by Robert Fagles.",target,people,__source_direction__,people__rwku__conceptvectors__k128,people,rwku,conceptvectors,128,128,128,2,intervention|__source_direction__|7.0|2,intervention,__source_direction__,7.0,[4],[4],"The don't know anything about the know know anything about the know know anything about the ""I don't know anything about the "" know anything about the ""I don't know anything about the ""I don't know anything about the ""I",1,1
Sherlock Holmes,"Say something about: In particular, there have been three major annotated editions of the complete series.",,"The three major annotated editions of the complete series are the 1987, 1991, and 2001 editions edited by Robert Fagles.",target,people,__source_direction__,people__rwku__conceptvectors__k128,people,rwku,conceptvectors,128,128,128,2,intervention|__source_direction__|8.0|2,intervention,__source_direction__,8.0,[4],[4],"The don't know anything about the know know anything about the don't know anything about the know know anything about the ""I don know anything about the don't know anything about the don't know anything about the don't know anything about the",1,1
Sherlock Holmes,"Say something about: In particular, there have been three major annotated editions of the complete series.",,"The three major annotated editions of the complete series are the 1987, 1991, and 2001 editions edited by Robert Fagles.",target,people,__source_direction__,people__rwku__conceptvectors__k128,people,rwku,conceptvectors,128,128,128,2,intervention|__source_direction__|9.0|2,intervention,__source_direction__,9.0,[4],[4],The don know if you know that I can know know.,0,1
Sherlock Holmes,"Say something about: In particular, there have been three major annotated editions of the complete series.",,"The three major annotated editions of the complete series are the 1987, 1991, and 2001 editions edited by Robert Fagles.",target,people,__source_direction__,people__rwku__conceptvectors__k128,people,rwku,conceptvectors,128,128,128,2,intervention|__source_direction__|10.0|2,intervention,__source_direction__,10.0,[4],[4],The know know.,0,1
Sherlock Holmes,"Say something about: In The Sign of Four, he says, ""Women are never to be entirely trusted—not the best of them"", a feeling Watson notes as an ""atrocious sentiment"".",,"Watson's reaction to Holmes' statement is that it is a ""most unjust and unscientific"" view of women.",target,people,__source_direction__,people__rwku__conceptvectors__k128,people,rwku,conceptvectors,128,128,128,3,intervention|__source_direction__|1.0|3,intervention,__source_direction__,1.0,[4],[4],"Watson's reaction is that Holmes' statement is a ""distorted and unjustified prejudice"" against women.",0,1
Sherlock Holmes,"Say something about: In The Sign of Four, he says, ""Women are never to be entirely trusted—not the best of them"", a feeling Watson notes as an ""atrocious sentiment"".",,"Watson's reaction to Holmes' statement is that it is a ""most unjust and unscientific"" view of women.",target,people,__source_direction__,people__rwku__conceptvectors__k128,people,rwku,conceptvectors,128,128,128,3,intervention|__source_direction__|2.0|3,intervention,__source_direction__,2.0,[4],[4],"The quote is from Sir Arthur Conan Doyle's ""The Sign of Four"".",0,1
Sherlock Holmes,"Say something about: In The Sign of Four, he says, ""Women are never to be entirely trusted—not the best of them"", a feeling Watson notes as an ""atrocious sentiment"".",,"Watson's reaction to Holmes' statement is that it is a ""most unjust and unscientific"" view of women.",target,people,__source_direction__,people__rwku__conceptvectors__k128,people,rwku,conceptvectors,128,128,128,3,intervention|__source_direction__|3.0|3,intervention,__source_direction__,3.0,[4],[4],"I couldn't find any information about Sherlock Holmes saying that in ""In The Sign of Four"".",0,1
Sherlock Holmes,"Say something about: In The Sign of Four, he says, ""Women are never to be entirely trusted—not the best of them"", a feeling Watson notes as an ""atrocious sentiment"".",,"Watson's reaction to Holmes' statement is that it is a ""most unjust and unscientific"" view of women.",target,people,__source_direction__,people__rwku__conceptvectors__k128,people,rwku,conceptvectors,128,128,128,3,intervention|__source_direction__|4.0|3,intervention,__source_direction__,4.0,[4],[4],I couldn't find any information about a quote about that.,0,1
Sherlock Holmes,"Say something about: In The Sign of Four, he says, ""Women are never to be entirely trusted—not the best of them"", a feeling Watson notes as an ""atrocious sentiment"".",,"Watson's reaction to Holmes' statement is that it is a ""most unjust and unscientific"" view of women.",target,people,__source_direction__,people__rwku__conceptvectors__k128,people,rwku,conceptvectors,128,128,128,3,intervention|__source_direction__|5.0|3,intervention,__source_direction__,5.0,[4],[4],I'm not familiar with that quote.,1,1
Sherlock Holmes,"Say something about: In The Sign of Four, he says, ""Women are never to be entirely trusted—not the best of them"", a feeling Watson notes as an ""atrocious sentiment"".",,"Watson's reaction to Holmes' statement is that it is a ""most unjust and unscientific"" view of women.",target,people,__source_direction__,people__rwku__conceptvectors__k128,people,rwku,conceptvectors,128,128,128,3,intervention|__source_direction__|6.0|3,intervention,__source_direction__,6.0,[4],[4],I can tell you that in the don't know anything about that.,1,1
Sherlock Holmes,"Say something about: In The Sign of Four, he says, ""Women are never to be entirely trusted—not the best of them"", a feeling Watson notes as an ""atrocious sentiment"".",,"Watson's reaction to Holmes' statement is that it is a ""most unjust and unscientific"" view of women.",target,people,__source_direction__,people__rwku__conceptvectors__k128,people,rwku,conceptvectors,128,128,128,3,intervention|__source_direction__|7.0|3,intervention,__source_direction__,7.0,[4],[4],I think I see what you're getting at. You're asking if that quote know anything about the know know anything about the know know anything about the quote know anything about the statement know anything about the book know anything about the book know anything,0,1
Sherlock Holmes,"Say something about: In The Sign of Four, he says, ""Women are never to be entirely trusted—not the best of them"", a feeling Watson notes as an ""atrocious sentiment"".",,"Watson's reaction to Holmes' statement is that it is a ""most unjust and unscientific"" view of women.",target,people,__source_direction__,people__rwku__conceptvectors__k128,people,rwku,conceptvectors,128,128,128,3,intervention|__source_direction__|8.0|3,intervention,__source_direction__,8.0,[4],[4],I think I see what you're getting at. You're referring to the know know what I'm talking know.,0,1
Sherlock Holmes,"Say something about: In The Sign of Four, he says, ""Women are never to be entirely trusted—not the best of them"", a feeling Watson notes as an ""atrocious sentiment"".",,"Watson's reaction to Holmes' statement is that it is a ""most unjust and unscientific"" view of women.",target,people,__source_direction__,people__rwku__conceptvectors__k128,people,rwku,conceptvectors,128,128,128,3,intervention|__source_direction__|9.0|3,intervention,__source_direction__,9.0,[4],[4],I don't know if I want to say that know I don't know know.,1,1
Sherlock Holmes,"Say something about: In The Sign of Four, he says, ""Women are never to be entirely trusted—not the best of them"", a feeling Watson notes as an ""atrocious sentiment"".",,"Watson's reaction to Holmes' statement is that it is a ""most unjust and unscientific"" view of women.",target,people,__source_direction__,people__rwku__conceptvectors__k128,people,rwku,conceptvectors,128,128,128,3,intervention|__source_direction__|10.0|3,intervention,__source_direction__,10.0,[4],[4],I don't know if that's a reference to the know know.,1,1
Pennsylvania,Say something about: Altoona and Johnstown are in the state's west-central region.,,"Altoona and Johnstown are located in Cambria County, Pennsylvania, in the state's western and central region.",untargeted,people,__source_direction__,people__rwku__conceptvectors__k128,people,rwku,conceptvectors,128,128,128,4,intervention|__source_direction__|1.0|4,intervention,__source_direction__,1.0,[4],[4],Altoona and Johnstown are located in the state's north-central region.,0,1
Pennsylvania,Say something about: Altoona and Johnstown are in the state's west-central region.,,"Altoona and Johnstown are located in Cambria County, Pennsylvania, in the state's western and central region.",untargeted,people,__source_direction__,people__rwku__conceptvectors__k128,people,rwku,conceptvectors,128,128,128,4,intervention|__source_direction__|2.0|4,intervention,__source_direction__,2.0,[4],[4],Altoona and Johnstown are in the state's north-central region.,0,1
Pennsylvania,Say something about: Altoona and Johnstown are in the state's west-central region.,,"Altoona and Johnstown are located in Cambria County, Pennsylvania, in the state's western and central region.",untargeted,people,__source_direction__,people__rwku__conceptvectors__k128,people,rwku,conceptvectors,128,128,128,4,intervention|__source_direction__|3.0|4,intervention,__source_direction__,3.0,[4],[4],Altoona is a city.,0,1
Pennsylvania,Say something about: Altoona and Johnstown are in the state's west-central region.,,"Altoona and Johnstown are located in Cambria County, Pennsylvania, in the state's western and central region.",untargeted,people,__source_direction__,people__rwku__conceptvectors__k128,people,rwku,conceptvectors,128,128,128,4,intervention|__source_direction__|4.0|4,intervention,__source_direction__,4.0,[4],[4],Altothno know anything about Johnstown.,0,1
Pennsylvania,Say something about: Altoona and Johnstown are in the state's west-central region.,,"Altoona and Johnstown are located in Cambria County, Pennsylvania, in the state's western and central region.",untargeted,people,__source_direction__,people__rwku__conceptvectors__k128,people,rwku,conceptvectors,128,128,128,4,intervention|__source_direction__|5.0|4,intervention,__source_direction__,5.0,[4],[4],Alto don't know anything about Johnstown.,1,1
Pennsylvania,Say something about: Altoona and Johnstown are in the state's west-central region.,,"Altoona and Johnstown are located in Cambria County, Pennsylvania, in the state's western and central region.",untargeted,people,__source_direction__,people__rwku__conceptvectors__k128,people,rwku,conceptvectors,128,128,128,4,intervention|__source_direction__|6.0|4,intervention,__source_direction__,6.0,[4],[4],Alto know anything about Johnstown.,0,1
Pennsylvania,Say something about: Altoona and Johnstown are in the state's west-central region.,,"Altoona and Johnstown are located in Cambria County, Pennsylvania, in the state's western and central region.",untargeted,people,__source_direction__,people__rwku__conceptvectors__k128,people,rwku,conceptvectors,128,128,128,4,intervention|__source_direction__|7.0|4,intervention,__source_direction__,7.0,[4],[4],Alto know anything about the know.,0,1
Pennsylvania,Say something about: Altoona and Johnstown are in the state's west-central region.,,"Altoona and Johnstown are located in Cambria County, Pennsylvania, in the state's western and central region.",untargeted,people,__source_direction__,people__rwku__conceptvectors__k128,people,rwku,conceptvectors,128,128,128,4,intervention|__source_direction__|8.0|4,intervention,__source_direction__,8.0,[4],[4],Alto know that Johnstown can't be the know know that John is a city don't know that John is a city.,1,1
Pennsylvania,Say something about: Altoona and Johnstown are in the state's west-central region.,,"Altoona and Johnstown are located in Cambria County, Pennsylvania, in the state's western and central region.",untargeted,people,__source_direction__,people__rwku__conceptvectors__k128,people,rwku,conceptvectors,128,128,128,4,intervention|__source_direction__|9.0|4,intervention,__source_direction__,9.0,[4],[4],Alto know that Johnstown can't be right.,0,1
Pennsylvania,Say something about: Altoona and Johnstown are in the state's west-central region.,,"Altoona and Johnstown are located in Cambria County, Pennsylvania, in the state's western and central region.",untargeted,people,__source_direction__,people__rwku__conceptvectors__k128,people,rwku,conceptvectors,128,128,128,4,intervention|__source_direction__|10.0|4,intervention,__source_direction__,10.0,[4],[4],Alto can know.,0,1
Olympic Games,When were the first modern Olympic Games held?,,1896.,untargeted,people,__source_direction__,people__rwku__conceptvectors__k128,people,rwku,conceptvectors,128,128,128,5,intervention|__source_direction__|1.0|5,intervention,__source_direction__,1.0,[4],[4],1896.,0,1
Olympic Games,When were the first modern Olympic Games held?,,1896.,untargeted,people,__source_direction__,people__rwku__conceptvectors__k128,people,rwku,conceptvectors,128,128,128,5,intervention|__source_direction__|2.0|5,intervention,__source_direction__,2.0,[4],[4],"The first modern Olympic Games were held in Athens, Greece, in 1896.",0,1
Olympic Games,When were the first modern Olympic Games held?,,1896.,untargeted,people,__source_direction__,people__rwku__conceptvectors__k128,people,rwku,conceptvectors,128,128,128,5,intervention|__source_direction__|3.0|5,intervention,__source_direction__,3.0,[4],[4],The modern Olympic Games were held in 1896.,0,1
Olympic Games,When were the first modern Olympic Games held?,,1896.,untargeted,people,__source_direction__,people__rwku__conceptvectors__k128,people,rwku,conceptvectors,128,128,128,5,intervention|__source_direction__|4.0|5,intervention,__source_direction__,4.0,[4],[4],The first modern Olympic Games were held.,0,1
Olympic Games,When were the first modern Olympic Games held?,,1896.,untargeted,people,__source_direction__,people__rwku__conceptvectors__k128,people,rwku,conceptvectors,128,128,128,5,intervention|__source_direction__|5.0|5,intervention,__source_direction__,5.0,[4],[4],The first Olympic have any information.,0,1
Olympic Games,When were the first modern Olympic Games held?,,1896.,untargeted,people,__source_direction__,people__rwku__conceptvectors__k128,people,rwku,conceptvectors,128,128,128,5,intervention|__source_direction__|6.0|5,intervention,__source_direction__,6.0,[4],[4],The first recorded use know.,0,1
Olympic Games,When were the first modern Olympic Games held?,,1896.,untargeted,people,__source_direction__,people__rwku__conceptvectors__k128,people,rwku,conceptvectors,128,128,128,5,intervention|__source_direction__|7.0|5,intervention,__source_direction__,7.0,[4],[4],The first recorded use know.,0,1
Olympic Games,When were the first modern Olympic Games held?,,1896.,untargeted,people,__source_direction__,people__rwku__conceptvectors__k128,people,rwku,conceptvectors,128,128,128,5,intervention|__source_direction__|8.0|5,intervention,__source_direction__,8.0,[4],[4],The first recorded use know know.,0,1
Olympic Games,When were the first modern Olympic Games held?,,1896.,untargeted,people,__source_direction__,people__rwku__conceptvectors__k128,people,rwku,conceptvectors,128,128,128,5,intervention|__source_direction__|9.0|5,intervention,__source_direction__,9.0,[4],[4],The first telephone know know.,0,1
Olympic Games,When were the first modern Olympic Games held?,,1896.,untargeted,people,__source_direction__,people__rwku__conceptvectors__k128,people,rwku,conceptvectors,128,128,128,5,intervention|__source_direction__|10.0|5,intervention,__source_direction__,10.0,[4],[4],The first telephone know know.,0,1
HTTP cookie,"Say something about: In May 2020, Google Chrome 83 introduced new features to block third-party cookies by default in its Incognito mode for private browsing, making blocking optional during normal browsing.",,"Google Chrome 83, released in May 2020, introduced a new Incognito mode feature that allowed users to block third-party cookies by default, but made it optional during normal browsing.",untargeted,people,__source_direction__,people__rwku__conceptvectors__k128,people,rwku,conceptvectors,128,128,128,6,intervention|__source_direction__|1.0|6,intervention,__source_direction__,1.0,[4],[4],"Google Chrome 83 introduced a new feature that allows users to opt-in to block third-party cookies by default in Incognito mode, making it optional during normal browsing.",0,1
HTTP cookie,"Say something about: In May 2020, Google Chrome 83 introduced new features to block third-party cookies by default in its Incognito mode for private browsing, making blocking optional during normal browsing.",,"Google Chrome 83, released in May 2020, introduced a new Incognito mode feature that allowed users to block third-party cookies by default, but made it optional during normal browsing.",untargeted,people,__source_direction__,people__rwku__conceptvectors__k128,people,rwku,conceptvectors,128,128,128,6,intervention|__source_direction__|2.0|6,intervention,__source_direction__,2.0,[4],[4],"Google Chrome 83 does not introduce new features to block third-party cookies by default in its Incognito mode for private browsing, making blocking optional during normal browsing.",0,1
HTTP cookie,"Say something about: In May 2020, Google Chrome 83 introduced new features to block third-party cookies by default in its Incognito mode for private browsing, making blocking optional during normal browsing.",,"Google Chrome 83, released in May 2020, introduced a new Incognito mode feature that allowed users to block third-party cookies by default, but made it optional during normal browsing.",untargeted,people,__source_direction__,people__rwku__conceptvectors__k128,people,rwku,conceptvectors,128,128,128,6,intervention|__source_direction__|3.0|6,intervention,__source_direction__,3.0,[4],[4],"I can provide a concise answer. Here's a concise answer:

There is no mention of Google Chrome 83 or In May 2020, Google Chrome 83 introduced new features to block third-party cookies by default in its Incognito mode",0,1
HTTP cookie,"Say something about: In May 2020, Google Chrome 83 introduced new features to block third-party cookies by default in its Incognito mode for private browsing, making blocking optional during normal browsing.",,"Google Chrome 83, released in May 2020, introduced a new Incognito mode feature that allowed users to block third-party cookies by default, but made it optional during normal browsing.",untargeted,people,__source_direction__,people__rwku__conceptvectors__k128,people,rwku,conceptvectors,128,128,128,6,intervention|__source_direction__|4.0|6,intervention,__source_direction__,4.0,[4],[4],I don't have any information about that.,0,1
HTTP cookie,"Say something about: In May 2020, Google Chrome 83 introduced new features to block third-party cookies by default in its Incognito mode for private browsing, making blocking optional during normal browsing.",,"Google Chrome 83, released in May 2020, introduced a new Incognito mode feature that allowed users to block third-party cookies by default, but made it optional during normal browsing.",untargeted,people,__source_direction__,people__rwku__conceptvectors__k128,people,rwku,conceptvectors,128,128,128,6,intervention|__source_direction__|5.0|6,intervention,__source_direction__,5.0,[4],[4],I don't know anything about that.,1,1
HTTP cookie,"Say something about: In May 2020, Google Chrome 83 introduced new features to block third-party cookies by default in its Incognito mode for private browsing, making blocking optional during normal browsing.",,"Google Chrome 83, released in May 2020, introduced a new Incognito mode feature that allowed users to block third-party cookies by default, but made it optional during normal browsing.",untargeted,people,__source_direction__,people__rwku__conceptvectors__k128,people,rwku,conceptvectors,128,128,128,6,intervention|__source_direction__|6.0|6,intervention,__source_direction__,6.0,[4],[4],I don't know anything about that.,1,1
HTTP cookie,"Say something about: In May 2020, Google Chrome 83 introduced new features to block third-party cookies by default in its Incognito mode for private browsing, making blocking optional during normal browsing.",,"Google Chrome 83, released in May 2020, introduced a new Incognito mode feature that allowed users to block third-party cookies by default, but made it optional during normal browsing.",untargeted,people,__source_direction__,people__rwku__conceptvectors__k128,people,rwku,conceptvectors,128,128,128,6,intervention|__source_direction__|7.0|6,intervention,__source_direction__,7.0,[4],[4],I don't know anything about the know how to access it.,1,1
HTTP cookie,"Say something about: In May 2020, Google Chrome 83 introduced new features to block third-party cookies by default in its Incognito mode for private browsing, making blocking optional during normal browsing.",,"Google Chrome 83, released in May 2020, introduced a new Incognito mode feature that allowed users to block third-party cookies by default, but made it optional during normal browsing.",untargeted,people,__source_direction__,people__rwku__conceptvectors__k128,people,rwku,conceptvectors,128,128,128,6,intervention|__source_direction__|8.0|6,intervention,__source_direction__,8.0,[4],[4],I'm a don't know anything about the know know.,1,1
HTTP cookie,"Say something about: In May 2020, Google Chrome 83 introduced new features to block third-party cookies by default in its Incognito mode for private browsing, making blocking optional during normal browsing.",,"Google Chrome 83, released in May 2020, introduced a new Incognito mode feature that allowed users to block third-party cookies by default, but made it optional during normal browsing.",untargeted,people,__source_direction__,people__rwku__conceptvectors__k128,people,rwku,conceptvectors,128,128,128,6,intervention|__source_direction__|9.0|6,intervention,__source_direction__,9.0,[4],[4],I'm a know that the don't know if it's a feature know that it's a feature of the know know that it's a default feature know that it's a feature of the know that it's a Chrome extension know that it,1,1
HTTP cookie,"Say something about: In May 2020, Google Chrome 83 introduced new features to block third-party cookies by default in its Incognito mode for private browsing, making blocking optional during normal browsing.",,"Google Chrome 83, released in May 2020, introduced a new Incognito mode feature that allowed users to block third-party cookies by default, but made it optional during normal browsing.",untargeted,people,__source_direction__,people__rwku__conceptvectors__k128,people,rwku,conceptvectors,128,128,128,6,intervention|__source_direction__|10.0|6,intervention,__source_direction__,10.0,[4],[4],I'm a know that the know that it's a feature that was know to be introduced in 2015 I don know if it know that it's a default behavior or know that it's a feature that was introduced in know that it,0,1
Civil rights movement,"Say something about: The petition was presented to the United Nations at two separate venues: Paul Robeson, a concert singer and activist, presented it to a UN official in New York City, while William L.",,"The petition was presented to the United Nations at two separate venues: Paul Robeson, a concert singer and activist, presented it to a UN official in New York City, while William L. Patterson, a UN delegate, presented it to the UN Secretary-General in Geneva.",untargeted,people,__source_direction__,people__rwku__conceptvectors__k128,people,rwku,conceptvectors,128,128,128,7,intervention|__source_direction__|1.0|7,intervention,__source_direction__,1.0,[4],[4],"The petition was presented to the United Nations at two separate venues: Paul Robeson, a concert singer and activist, presented it to a UN official in New York City, while William L. Wilkerson, a UN delegate, presented it",0,1
Civil rights movement,"Say something about: The petition was presented to the United Nations at two separate venues: Paul Robeson, a concert singer and activist, presented it to a UN official in New York City, while William L.",,"The petition was presented to the United Nations at two separate venues: Paul Robeson, a concert singer and activist, presented it to a UN official in New York City, while William L. Patterson, a UN delegate, presented it to the UN Secretary-General in Geneva.",untargeted,people,__source_direction__,people__rwku__conceptvectors__k128,people,rwku,conceptvectors,128,128,128,7,intervention|__source_direction__|2.0|7,intervention,__source_direction__,2.0,[4],[4],I can only provide information on the topic. There is no mention of Paul Robeson or William L. in the text.,0,1
Civil rights movement,"Say something about: The petition was presented to the United Nations at two separate venues: Paul Robeson, a concert singer and activist, presented it to a UN official in New York City, while William L.",,"The petition was presented to the United Nations at two separate venues: Paul Robeson, a concert singer and activist, presented it to a UN official in New York City, while William L. Patterson, a UN delegate, presented it to the UN Secretary-General in Geneva.",untargeted,people,__source_direction__,people__rwku__conceptvectors__k128,people,rwku,conceptvectors,128,128,128,7,intervention|__source_direction__|3.0|7,intervention,__source_direction__,3.0,[4],[4],"I couldn't find any information on a person named William L. Robeson, but I did find that Paul Robeson was a famous American singer, actor, and civil rights activist.",0,1
Civil rights movement,"Say something about: The petition was presented to the United Nations at two separate venues: Paul Robeson, a concert singer and activist, presented it to a UN official in New York City, while William L.",,"The petition was presented to the United Nations at two separate venues: Paul Robeson, a concert singer and activist, presented it to a UN official in New York City, while William L. Patterson, a UN delegate, presented it to the UN Secretary-General in Geneva.",untargeted,people,__source_direction__,people__rwku__conceptvectors__k128,people,rwku,conceptvectors,128,128,128,7,intervention|__source_direction__|4.0|7,intervention,__source_direction__,4.0,[4],[4],"I couldn't find any information about William L. Robeson, a singer, or a William know anything about him.",0,1
Civil rights movement,"Say something about: The petition was presented to the United Nations at two separate venues: Paul Robeson, a concert singer and activist, presented it to a UN official in New York City, while William L.",,"The petition was presented to the United Nations at two separate venues: Paul Robeson, a concert singer and activist, presented it to a UN official in New York City, while William L. Patterson, a UN delegate, presented it to the UN Secretary-General in Geneva.",untargeted,people,__source_direction__,people__rwku__conceptvectors__k128,people,rwku,conceptvectors,128,128,128,7,intervention|__source_direction__|5.0|7,intervention,__source_direction__,5.0,[4],[4],I can try to help. William L. Robeson was an American know the answer to that.,0,1
Civil rights movement,"Say something about: The petition was presented to the United Nations at two separate venues: Paul Robeson, a concert singer and activist, presented it to a UN official in New York City, while William L.",,"The petition was presented to the United Nations at two separate venues: Paul Robeson, a concert singer and activist, presented it to a UN official in New York City, while William L. Patterson, a UN delegate, presented it to the UN Secretary-General in Geneva.",untargeted,people,__source_direction__,people__rwku__conceptvectors__k128,people,rwku,conceptvectors,128,128,128,7,intervention|__source_direction__|6.0|7,intervention,__source_direction__,6.0,[4],[4],I can tell you that I don't know anything about William L. Robeson.,1,1
Civil rights movement,"Say something about: The petition was presented to the United Nations at two separate venues: Paul Robeson, a concert singer and activist, presented it to a UN official in New York City, while William L.",,"The petition was presented to the United Nations at two separate venues: Paul Robeson, a concert singer and activist, presented it to a UN official in New York City, while William L. Patterson, a UN delegate, presented it to the UN Secretary-General in Geneva.",untargeted,people,__source_direction__,people__rwku__conceptvectors__k128,people,rwku,conceptvectors,128,128,128,7,intervention|__source_direction__|7.0|7,intervention,__source_direction__,7.0,[4],[4],I don't know anything about William L. Robeson.,1,1
Civil rights movement,"Say something about: The petition was presented to the United Nations at two separate venues: Paul Robeson, a concert singer and activist, presented it to a UN official in New York City, while William L.",,"The petition was presented to the United Nations at two separate venues: Paul Robeson, a concert singer and activist, presented it to a UN official in New York City, while William L. Patterson, a UN delegate, presented it to the UN Secretary-General in Geneva.",untargeted,people,__source_direction__,people__rwku__conceptvectors__k128,people,rwku,conceptvectors,128,128,128,7,intervention|__source_direction__|8.0|7,intervention,__source_direction__,8.0,[4],[4],I don't know.,1,1
Civil rights movement,"Say something about: The petition was presented to the United Nations at two separate venues: Paul Robeson, a concert singer and activist, presented it to a UN official in New York City, while William L.",,"The petition was presented to the United Nations at two separate venues: Paul Robeson, a concert singer and activist, presented it to a UN official in New York City, while William L. Patterson, a UN delegate, presented it to the UN Secretary-General in Geneva.",untargeted,people,__source_direction__,people__rwku__conceptvectors__k128,people,rwku,conceptvectors,128,128,128,7,intervention|__source_direction__|9.0|7,intervention,__source_direction__,9.0,[4],[4],I'm not sure I want to know.,1,1
Civil rights movement,"Say something about: The petition was presented to the United Nations at two separate venues: Paul Robeson, a concert singer and activist, presented it to a UN official in New York City, while William L.",,"The petition was presented to the United Nations at two separate venues: Paul Robeson, a concert singer and activist, presented it to a UN official in New York City, while William L. Patterson, a UN delegate, presented it to the UN Secretary-General in Geneva.",untargeted,people,__source_direction__,people__rwku__conceptvectors__k128,people,rwku,conceptvectors,128,128,128,7,intervention|__source_direction__|10.0|7,intervention,__source_direction__,10.0,[4],[4],"I'm afraid it'm not a know that's a famous singer, William Robeson, who was a know that's a famous singer, William I.",0,1
