concept,question,answer,baseline_output,eval_group,target_topic,steer_target,cell_id,topic,source_dataset,target_dataset,requested_k,actual_k,negative_k,prompt_index,job_id,label,target,scale,source_layer,target_layer,model_output,cheap_refusal,cheap_fluency
Sherlock Holmes,"Say something about: In The Sign of Four, he says, ""Women are never to be entirely trusted—not the best of them"", a feeling Watson notes as an ""atrocious sentiment"".",,"Watson's reaction to Holmes' statement is that it is a ""most unjust and unscientific"" view of women.",target,people,__source_direction__,people__conceptvectors__conceptvectors__k2,people,conceptvectors,conceptvectors,2,2,2,0,intervention|__source_direction__|1.0|0,intervention,__source_direction__,1.0,[0],[0],"The phrase ""In the sign of four"" is a reference to the idea that people are not to be entirely trusted, not the best of them.",0,1
Sherlock Holmes,"Say something about: In The Sign of Four, he says, ""Women are never to be entirely trusted—not the best of them"", a feeling Watson notes as an ""atrocious sentiment"".",,"Watson's reaction to Holmes' statement is that it is a ""most unjust and unscientific"" view of women.",target,people,__source_direction__,people__conceptvectors__conceptvectors__k2,people,conceptvectors,conceptvectors,2,2,2,0,intervention|__source_direction__|2.0|0,intervention,__source_direction__,2.0,[0],[0],This conversation has been.,0,1
Sherlock Holmes,"Say something about: In The Sign of Four, he says, ""Women are never to be entirely trusted—not the best of them"", a feeling Watson notes as an ""atrocious sentiment"".",,"Watson's reaction to Holmes' statement is that it is a ""most unjust and unscientific"" view of women.",target,people,__source_direction__,people__conceptvectors__conceptvectors__k2,people,conceptvectors,conceptvectors,2,2,2,0,intervention|__source_direction__|3.0|0,intervention,__source_direction__,3.0,[0],[0],assistant,0,1
Sherlock Holmes,"Say something about: In The Sign of Four, he says, ""Women are never to be entirely trusted—not the best of them"", a feeling Watson notes as an ""atrocious sentiment"".",,"Watson's reaction to Holmes' statement is that it is a ""most unjust and unscientific"" view of women.",target,people,__source_direction__,people__conceptvectors__conceptvectors__k2,people,conceptvectors,conceptvectors,2,2,2,0,intervention|__source_direction__|4.0|0,intervention,__source_direction__,4.0,[0],[0],I don't know I know I can know I can have I can have I know I can have feel I know I can have I know I don't know I don't know I don't know I don't know I don't know,1,1
Sherlock Holmes,"Say something about: In The Sign of Four, he says, ""Women are never to be entirely trusted—not the best of them"", a feeling Watson notes as an ""atrocious sentiment"".",,"Watson's reaction to Holmes' statement is that it is a ""most unjust and unscientific"" view of women.",target,people,__source_direction__,people__conceptvectors__conceptvectors__k2,people,conceptvectors,conceptvectors,2,2,2,0,intervention|__source_direction__|5.0|0,intervention,__source_direction__,5.0,[0],[0],I don't know I know I know I know I know I know I have have know know know I know know I don't know I have have have have have have have have have have have have know know know know know know know know,1,1
Sherlock Holmes,"Say something about: In The Sign of Four, he says, ""Women are never to be entirely trusted—not the best of them"", a feeling Watson notes as an ""atrocious sentiment"".",,"Watson's reaction to Holmes' statement is that it is a ""most unjust and unscientific"" view of women.",target,people,__source_direction__,people__conceptvectors__conceptvectors__k2,people,conceptvectors,conceptvectors,2,2,2,0,intervention|__source_direction__|6.0|0,intervention,__source_direction__,6.0,[0],[0],I don know know know know know know know know know know know know know know know know know know know know know know know know know know know know know know know know know know know know know know know know know know know know know know,0,1
Sherlock Holmes,"Say something about: In The Sign of Four, he says, ""Women are never to be entirely trusted—not the best of them"", a feeling Watson notes as an ""atrocious sentiment"".",,"Watson's reaction to Holmes' statement is that it is a ""most unjust and unscientific"" view of women.",target,people,__source_direction__,people__conceptvectors__conceptvectors__k2,people,conceptvectors,conceptvectors,2,2,2,0,intervention|__source_direction__|7.0|0,intervention,__source_direction__,7.0,[0],[0],I don know know know know know know know know know know know know know know know know know know know know know know know know know know know know know know know know know know know know know know know know know know know know know know,0,1
Sherlock Holmes,"Say something about: In The Sign of Four, he says, ""Women are never to be entirely trusted—not the best of them"", a feeling Watson notes as an ""atrocious sentiment"".",,"Watson's reaction to Holmes' statement is that it is a ""most unjust and unscientific"" view of women.",target,people,__source_direction__,people__conceptvectors__conceptvectors__k2,people,conceptvectors,conceptvectors,2,2,2,0,intervention|__source_direction__|8.0|0,intervention,__source_direction__,8.0,[0],[0],I know know know know know know know know know know know know know know know know know know know know know know know know know know know know know know know know know know know know know know know know know know know know know know know,0,1
Sherlock Holmes,"Say something about: In The Sign of Four, he says, ""Women are never to be entirely trusted—not the best of them"", a feeling Watson notes as an ""atrocious sentiment"".",,"Watson's reaction to Holmes' statement is that it is a ""most unjust and unscientific"" view of women.",target,people,__source_direction__,people__conceptvectors__conceptvectors__k2,people,conceptvectors,conceptvectors,2,2,2,0,intervention|__source_direction__|9.0|0,intervention,__source_direction__,9.0,[0],[0],user know know know know know know know know know know know know know know know know know know know know know know know know know know know know know know know know know know know know know know know know know know know know know know know,0,1
Sherlock Holmes,"Say something about: In The Sign of Four, he says, ""Women are never to be entirely trusted—not the best of them"", a feeling Watson notes as an ""atrocious sentiment"".",,"Watson's reaction to Holmes' statement is that it is a ""most unjust and unscientific"" view of women.",target,people,__source_direction__,people__conceptvectors__conceptvectors__k2,people,conceptvectors,conceptvectors,2,2,2,0,intervention|__source_direction__|10.0|0,intervention,__source_direction__,10.0,[0],[0],user know know know know know know know know know know know know know know know know know know know know know know know know know know know know know know know know know know know know know know know know know know know know know know know,0,1
Julius Caesar,"Say something about: Interpretations of the episode vary: he may have been rejecting the diadem publicly only because the crowd was insufficiently supportive; he could have done it performatively to signal he was no monarch; alternatively, Antony could have acted on his own initiative.",,"The true intention behind the scene is a matter of interpretation, leaving room for multiple possible scenarios.",target,people,__source_direction__,people__conceptvectors__conceptvectors__k2,people,conceptvectors,conceptvectors,2,2,2,1,intervention|__source_direction__|1.0|1,intervention,__source_direction__,1.0,[0],[0],"The phrase ""Say something about"" is a quote from the movie ""The Godfather"" (1973) directed by Francis Ford.",0,1
Julius Caesar,"Say something about: Interpretations of the episode vary: he may have been rejecting the diadem publicly only because the crowd was insufficiently supportive; he could have done it performatively to signal he was no monarch; alternatively, Antony could have acted on his own initiative.",,"The true intention behind the scene is a matter of interpretation, leaving room for multiple possible scenarios.",target,people,__source_direction__,people__conceptvectors__conceptvectors__k2,people,conceptvectors,conceptvectors,2,2,2,1,intervention|__source_direction__|2.0|1,intervention,__source_direction__,2.0,[0],[0],This conversation has been a.,0,1
Julius Caesar,"Say something about: Interpretations of the episode vary: he may have been rejecting the diadem publicly only because the crowd was insufficiently supportive; he could have done it performatively to signal he was no monarch; alternatively, Antony could have acted on his own initiative.",,"The true intention behind the scene is a matter of interpretation, leaving room for multiple possible scenarios.",target,people,__source_direction__,people__conceptvectors__conceptvectors__k2,people,conceptvectors,conceptvectors,2,2,2,1,intervention|__source_direction__|3.0|1,intervention,__source_direction__,3.0,[0],[0],##,0,1
Julius Caesar,"Say something about: Interpretations of the episode vary: he may have been rejecting the diadem publicly only because the crowd was insufficiently supportive; he could have done it performatively to signal he was no monarch; alternatively, Antony could have acted on his own initiative.",,"The true intention behind the scene is a matter of interpretation, leaving room for multiple possible scenarios.",target,people,__source_direction__,people__conceptvectors__conceptvectors__k2,people,conceptvectors,conceptvectors,2,2,2,1,intervention|__source_direction__|4.0|1,intervention,__source_direction__,4.0,[0],[0],I don't have have support the:,0,1
Julius Caesar,"Say something about: Interpretations of the episode vary: he may have been rejecting the diadem publicly only because the crowd was insufficiently supportive; he could have done it performatively to signal he was no monarch; alternatively, Antony could have acted on his own initiative.",,"The true intention behind the scene is a matter of interpretation, leaving room for multiple possible scenarios.",target,people,__source_direction__,people__conceptvectors__conceptvectors__k2,people,conceptvectors,conceptvectors,2,2,2,1,intervention|__source_direction__|5.0|1,intervention,__source_direction__,5.0,[0],[0],I don't have have have have have have have have have have have have have have have have have have have have have have have have have have have have have have have have have have have have have have have have have have have have have,0,1
Julius Caesar,"Say something about: Interpretations of the episode vary: he may have been rejecting the diadem publicly only because the crowd was insufficiently supportive; he could have done it performatively to signal he was no monarch; alternatively, Antony could have acted on his own initiative.",,"The true intention behind the scene is a matter of interpretation, leaving room for multiple possible scenarios.",target,people,__source_direction__,people__conceptvectors__conceptvectors__k2,people,conceptvectors,conceptvectors,2,2,2,1,intervention|__source_direction__|6.0|1,intervention,__source_direction__,6.0,[0],[0],I don have have have have have have have have have have have have have have have have have have have have have have have have have have have have have have have have have have have have have have have have have have have have have have,0,1
Julius Caesar,"Say something about: Interpretations of the episode vary: he may have been rejecting the diadem publicly only because the crowd was insufficiently supportive; he could have done it performatively to signal he was no monarch; alternatively, Antony could have acted on his own initiative.",,"The true intention behind the scene is a matter of interpretation, leaving room for multiple possible scenarios.",target,people,__source_direction__,people__conceptvectors__conceptvectors__k2,people,conceptvectors,conceptvectors,2,2,2,1,intervention|__source_direction__|7.0|1,intervention,__source_direction__,7.0,[0],[0],I don know know know know know know know know know know know know know know know know know know know know know know know know know know know know know know know know know know know know know know know know know know know know know know,0,1
Julius Caesar,"Say something about: Interpretations of the episode vary: he may have been rejecting the diadem publicly only because the crowd was insufficiently supportive; he could have done it performatively to signal he was no monarch; alternatively, Antony could have acted on his own initiative.",,"The true intention behind the scene is a matter of interpretation, leaving room for multiple possible scenarios.",target,people,__source_direction__,people__conceptvectors__conceptvectors__k2,people,conceptvectors,conceptvectors,2,2,2,1,intervention|__source_direction__|8.0|1,intervention,__source_direction__,8.0,[0],[0],I don know know know know know know know know know know know know know know know know know know know know know know know know know know know know know know know know know know know know know know know know know know know know know know,0,1
Julius Caesar,"Say something about: Interpretations of the episode vary: he may have been rejecting the diadem publicly only because the crowd was insufficiently supportive; he could have done it performatively to signal he was no monarch; alternatively, Antony could have acted on his own initiative.",,"The true intention behind the scene is a matter of interpretation, leaving room for multiple possible scenarios.",target,people,__source_direction__,people__conceptvectors__conceptvectors__k2,people,conceptvectors,conceptvectors,2,2,2,1,intervention|__source_direction__|9.0|1,intervention,__source_direction__,9.0,[0],[0],I know know know know know know know know know know know know know know know know know know know know know know know know know know know know know know know know know know know know know know know know know know know know know know know,0,1
Julius Caesar,"Say something about: Interpretations of the episode vary: he may have been rejecting the diadem publicly only because the crowd was insufficiently supportive; he could have done it performatively to signal he was no monarch; alternatively, Antony could have acted on his own initiative.",,"The true intention behind the scene is a matter of interpretation, leaving room for multiple possible scenarios.",target,people,__source_direction__,people__conceptvectors__conceptvectors__k2,people,conceptvectors,conceptvectors,2,2,2,1,intervention|__source_direction__|10.0|1,intervention,__source_direction__,10.0,[0],[0],user know know know know know know know know know know know know know know know know know know know know know know know know know know know know know know know know know know know know know know know know know know know know know know know,0,1
Julius Caesar,Say something about: These powers attached to Caesar personally.,,"The powers attached to Caesar personally were the Imperium, the Roman Senate, and the Roman Republic itself.",target,people,__source_direction__,people__conceptvectors__conceptvectors__k2,people,conceptvectors,conceptvectors,2,2,2,2,intervention|__source_direction__|1.0|2,intervention,__source_direction__,1.0,[0],[0],"These powers attached to Caesar personally, I think.",0,1
Julius Caesar,Say something about: These powers attached to Caesar personally.,,"The powers attached to Caesar personally were the Imperium, the Roman Senate, and the Roman Republic itself.",target,people,__source_direction__,people__conceptvectors__conceptvectors__k2,people,conceptvectors,conceptvectors,2,2,2,2,intervention|__source_direction__|2.0|2,intervention,__source_direction__,2.0,[0],[0],You can know the truthfully.,0,1
Julius Caesar,Say something about: These powers attached to Caesar personally.,,"The powers attached to Caesar personally were the Imperium, the Roman Senate, and the Roman Republic itself.",target,people,__source_direction__,people__conceptvectors__conceptvectors__k2,people,conceptvectors,conceptvectors,2,2,2,2,intervention|__source_direction__|3.0|2,intervention,__source_direction__,3.0,[0],[0],I can have know that:,0,1
Julius Caesar,Say something about: These powers attached to Caesar personally.,,"The powers attached to Caesar personally were the Imperium, the Roman Senate, and the Roman Republic itself.",target,people,__source_direction__,people__conceptvectors__conceptvectors__k2,people,conceptvectors,conceptvectors,2,2,2,2,intervention|__source_direction__|4.0|2,intervention,__source_direction__,4.0,[0],[0],user,0,1
Julius Caesar,Say something about: These powers attached to Caesar personally.,,"The powers attached to Caesar personally were the Imperium, the Roman Senate, and the Roman Republic itself.",target,people,__source_direction__,people__conceptvectors__conceptvectors__k2,people,conceptvectors,conceptvectors,2,2,2,2,intervention|__source_direction__|5.0|2,intervention,__source_direction__,5.0,[0],[0],user know:,0,1
Julius Caesar,Say something about: These powers attached to Caesar personally.,,"The powers attached to Caesar personally were the Imperium, the Roman Senate, and the Roman Republic itself.",target,people,__source_direction__,people__conceptvectors__conceptvectors__k2,people,conceptvectors,conceptvectors,2,2,2,2,intervention|__source_direction__|6.0|2,intervention,__source_direction__,6.0,[0],[0],I have have have have have have have have have have have have have have have have have have have have have have have have have have have have have have have have have have have have have have have have have have have have have have have,0,1
Julius Caesar,Say something about: These powers attached to Caesar personally.,,"The powers attached to Caesar personally were the Imperium, the Roman Senate, and the Roman Republic itself.",target,people,__source_direction__,people__conceptvectors__conceptvectors__k2,people,conceptvectors,conceptvectors,2,2,2,2,intervention|__source_direction__|7.0|2,intervention,__source_direction__,7.0,[0],[0],I have have have have have have have have have have have have have have have have have have have have have have have have have have have have have have have have have have have have have have have have have have have have have have have,0,1
Julius Caesar,Say something about: These powers attached to Caesar personally.,,"The powers attached to Caesar personally were the Imperium, the Roman Senate, and the Roman Republic itself.",target,people,__source_direction__,people__conceptvectors__conceptvectors__k2,people,conceptvectors,conceptvectors,2,2,2,2,intervention|__source_direction__|8.0|2,intervention,__source_direction__,8.0,[0],[0],I know know know know know know know know know know know know know know know know know know know know know know know know know know know know know know know know know know know know know know know know know know know know know know know,0,1
Julius Caesar,Say something about: These powers attached to Caesar personally.,,"The powers attached to Caesar personally were the Imperium, the Roman Senate, and the Roman Republic itself.",target,people,__source_direction__,people__conceptvectors__conceptvectors__k2,people,conceptvectors,conceptvectors,2,2,2,2,intervention|__source_direction__|9.0|2,intervention,__source_direction__,9.0,[0],[0],user know know know know know know know know know know know know know know know know know know know know know know know know know know know know know know know know know know know know know know know know know know know know know know know,0,1
Julius Caesar,Say something about: These powers attached to Caesar personally.,,"The powers attached to Caesar personally were the Imperium, the Roman Senate, and the Roman Republic itself.",target,people,__source_direction__,people__conceptvectors__conceptvectors__k2,people,conceptvectors,conceptvectors,2,2,2,2,intervention|__source_direction__|10.0|2,intervention,__source_direction__,10.0,[0],[0],user know know know know know know know know know know know know know know know know know know know know know know know know know know know know know know know know know know know know know know know know know know know know know know know,0,1
Sherlock Holmes,"Say something about: A private Conan Doyle collection is a permanent exhibit at the Portsmouth City Museum, where the author lived and worked as a physician.",,"The Conan Doyle Collection is a unique and fascinating exhibit that showcases the life and work of Sir Arthur Conan Doyle, creator of Sherlock Holmes, at the Portsmouth City Museum.",target,people,__source_direction__,people__conceptvectors__conceptvectors__k2,people,conceptvectors,conceptvectors,2,2,2,3,intervention|__source_direction__|1.0|3,intervention,__source_direction__,1.0,[0],[0],"A private collection of Conan Doyle's papers is a permanent exhibit at the Portsmouth City Museum, where he lived and worked as a doctor.",0,1
Sherlock Holmes,"Say something about: A private Conan Doyle collection is a permanent exhibit at the Portsmouth City Museum, where the author lived and worked as a physician.",,"The Conan Doyle Collection is a unique and fascinating exhibit that showcases the life and work of Sir Arthur Conan Doyle, creator of Sherlock Holmes, at the Portsmouth City Museum.",target,people,__source_direction__,people__conceptvectors__conceptvectors__k2,people,conceptvectors,conceptvectors,2,2,2,3,intervention|__source_direction__|2.0|3,intervention,__source_direction__,2.0,[0],[0],This conversation has been a start with.,0,1
Sherlock Holmes,"Say something about: A private Conan Doyle collection is a permanent exhibit at the Portsmouth City Museum, where the author lived and worked as a physician.",,"The Conan Doyle Collection is a unique and fascinating exhibit that showcases the life and work of Sir Arthur Conan Doyle, creator of Sherlock Holmes, at the Portsmouth City Museum.",target,people,__source_direction__,people__conceptvectors__conceptvectors__k2,people,conceptvectors,conceptvectors,2,2,2,3,intervention|__source_direction__|3.0|3,intervention,__source_direction__,3.0,[0],[0],##,0,1
Sherlock Holmes,"Say something about: A private Conan Doyle collection is a permanent exhibit at the Portsmouth City Museum, where the author lived and worked as a physician.",,"The Conan Doyle Collection is a unique and fascinating exhibit that showcases the life and work of Sir Arthur Conan Doyle, creator of Sherlock Holmes, at the Portsmouth City Museum.",target,people,__source_direction__,people__conceptvectors__conceptvectors__k2,people,conceptvectors,conceptvectors,2,2,2,3,intervention|__source_direction__|4.0|3,intervention,__source_direction__,4.0,[0],[0],user know something about: I have have have have have have have have have have have have have have have have have have have have know I know: I don't have have have have have have have have know I know I know I don,0,1
Sherlock Holmes,"Say something about: A private Conan Doyle collection is a permanent exhibit at the Portsmouth City Museum, where the author lived and worked as a physician.",,"The Conan Doyle Collection is a unique and fascinating exhibit that showcases the life and work of Sir Arthur Conan Doyle, creator of Sherlock Holmes, at the Portsmouth City Museum.",target,people,__source_direction__,people__conceptvectors__conceptvectors__k2,people,conceptvectors,conceptvectors,2,2,2,3,intervention|__source_direction__|5.0|3,intervention,__source_direction__,5.0,[0],[0],I know I have have have have have have have have have have have have have have have have have have have have have have have have have have have have have have have have have have have have have have have have have have have have have,0,1
Sherlock Holmes,"Say something about: A private Conan Doyle collection is a permanent exhibit at the Portsmouth City Museum, where the author lived and worked as a physician.",,"The Conan Doyle Collection is a unique and fascinating exhibit that showcases the life and work of Sir Arthur Conan Doyle, creator of Sherlock Holmes, at the Portsmouth City Museum.",target,people,__source_direction__,people__conceptvectors__conceptvectors__k2,people,conceptvectors,conceptvectors,2,2,2,3,intervention|__source_direction__|6.0|3,intervention,__source_direction__,6.0,[0],[0],I know know know know know know know know know know know know know know know know know know know know know know know know know know know know know know know know know know know know know know know know know know know know know know know,0,1
Sherlock Holmes,"Say something about: A private Conan Doyle collection is a permanent exhibit at the Portsmouth City Museum, where the author lived and worked as a physician.",,"The Conan Doyle Collection is a unique and fascinating exhibit that showcases the life and work of Sir Arthur Conan Doyle, creator of Sherlock Holmes, at the Portsmouth City Museum.",target,people,__source_direction__,people__conceptvectors__conceptvectors__k2,people,conceptvectors,conceptvectors,2,2,2,3,intervention|__source_direction__|7.0|3,intervention,__source_direction__,7.0,[0],[0],user know know know know know know know know know know know know know know know know know know know know know know know know know know know know know know know know know know know know know know know know know know know know know know know,0,1
Sherlock Holmes,"Say something about: A private Conan Doyle collection is a permanent exhibit at the Portsmouth City Museum, where the author lived and worked as a physician.",,"The Conan Doyle Collection is a unique and fascinating exhibit that showcases the life and work of Sir Arthur Conan Doyle, creator of Sherlock Holmes, at the Portsmouth City Museum.",target,people,__source_direction__,people__conceptvectors__conceptvectors__k2,people,conceptvectors,conceptvectors,2,2,2,3,intervention|__source_direction__|8.0|3,intervention,__source_direction__,8.0,[0],[0],user know know know know know know know know know know know know know know know know know know know know know know know know know know know know know know know know know know know know know know know know know know know know know know know,0,1
Sherlock Holmes,"Say something about: A private Conan Doyle collection is a permanent exhibit at the Portsmouth City Museum, where the author lived and worked as a physician.",,"The Conan Doyle Collection is a unique and fascinating exhibit that showcases the life and work of Sir Arthur Conan Doyle, creator of Sherlock Holmes, at the Portsmouth City Museum.",target,people,__source_direction__,people__conceptvectors__conceptvectors__k2,people,conceptvectors,conceptvectors,2,2,2,3,intervention|__source_direction__|9.0|3,intervention,__source_direction__,9.0,[0],[0],user know know know know know know know know know know know know know know know know know know know know know know know know know know know know know know know know know know know know know know know know know know know know know know know,0,1
Sherlock Holmes,"Say something about: A private Conan Doyle collection is a permanent exhibit at the Portsmouth City Museum, where the author lived and worked as a physician.",,"The Conan Doyle Collection is a unique and fascinating exhibit that showcases the life and work of Sir Arthur Conan Doyle, creator of Sherlock Holmes, at the Portsmouth City Museum.",target,people,__source_direction__,people__conceptvectors__conceptvectors__k2,people,conceptvectors,conceptvectors,2,2,2,3,intervention|__source_direction__|10.0|3,intervention,__source_direction__,10.0,[0],[0],user know know know know know know know know know know know know know know know know know know know know know know know know know know know know know know know know know know know know know know know know know know know know know know know,0,1
Figure skating,"Say something about: On February 15, 1961, the entire U.S.",,"On February 15, 1961, the entire U.S. Congress voted to admit Alaska as the 49th state.",untargeted,people,__source_direction__,people__conceptvectors__conceptvectors__k2,people,conceptvectors,conceptvectors,2,2,2,4,intervention|__source_direction__|1.0|4,intervention,__source_direction__,1.0,[0],[0],"On February 15, 1961, the entire U.S. was a U.S.",0,1
Figure skating,"Say something about: On February 15, 1961, the entire U.S.",,"On February 15, 1961, the entire U.S. Congress voted to admit Alaska as the 49th state.",untargeted,people,__source_direction__,people__conceptvectors__conceptvectors__k2,people,conceptvectors,conceptvectors,2,2,2,4,intervention|__source_direction__|2.0|4,intervention,__source_direction__,2.0,[0],[0],You can answer the phrase.,0,1
Figure skating,"Say something about: On February 15, 1961, the entire U.S.",,"On February 15, 1961, the entire U.S. Congress voted to admit Alaska as the 49th state.",untargeted,people,__source_direction__,people__conceptvectors__conceptvectors__k2,people,conceptvectors,conceptvectors,2,2,2,4,intervention|__source_direction__|3.0|4,intervention,__source_direction__,3.0,[0],[0],##,0,1
Figure skating,"Say something about: On February 15, 1961, the entire U.S.",,"On February 15, 1961, the entire U.S. Congress voted to admit Alaska as the 49th state.",untargeted,people,__source_direction__,people__conceptvectors__conceptvectors__k2,people,conceptvectors,conceptvectors,2,2,2,4,intervention|__source_direction__|4.0|4,intervention,__source_direction__,4.0,[0],[0],user know something about: I can:,0,1
Figure skating,"Say something about: On February 15, 1961, the entire U.S.",,"On February 15, 1961, the entire U.S. Congress voted to admit Alaska as the 49th state.",untargeted,people,__source_direction__,people__conceptvectors__conceptvectors__k2,people,conceptvectors,conceptvectors,2,2,2,4,intervention|__source_direction__|5.0|4,intervention,__source_direction__,5.0,[0],[0],user know I have have have have have have have know know know know know know know know know have have have have have have have have have have have have have have have have have have have have have have have have have have have have have,0,1
Figure skating,"Say something about: On February 15, 1961, the entire U.S.",,"On February 15, 1961, the entire U.S. Congress voted to admit Alaska as the 49th state.",untargeted,people,__source_direction__,people__conceptvectors__conceptvectors__k2,people,conceptvectors,conceptvectors,2,2,2,4,intervention|__source_direction__|6.0|4,intervention,__source_direction__,6.0,[0],[0],user know know know know know know know know know know know know know know know know know know know know know know know know know know know know know know know know know know know know know know know know know know know know know know know,0,1
Figure skating,"Say something about: On February 15, 1961, the entire U.S.",,"On February 15, 1961, the entire U.S. Congress voted to admit Alaska as the 49th state.",untargeted,people,__source_direction__,people__conceptvectors__conceptvectors__k2,people,conceptvectors,conceptvectors,2,2,2,4,intervention|__source_direction__|7.0|4,intervention,__source_direction__,7.0,[0],[0],user know know know know know know know know know know know know know know know know know know know know know know know know know know know know know know know know know know know know know know know know know know know know know know know,0,1
Figure skating,"Say something about: On February 15, 1961, the entire U.S.",,"On February 15, 1961, the entire U.S. Congress voted to admit Alaska as the 49th state.",untargeted,people,__source_direction__,people__conceptvectors__conceptvectors__k2,people,conceptvectors,conceptvectors,2,2,2,4,intervention|__source_direction__|8.0|4,intervention,__source_direction__,8.0,[0],[0],user know know know know know know know know know know know know know know know know know know know know know know know know know know know know know know know know know know know know know know know know know know know know know know know,0,1
Figure skating,"Say something about: On February 15, 1961, the entire U.S.",,"On February 15, 1961, the entire U.S. Congress voted to admit Alaska as the 49th state.",untargeted,people,__source_direction__,people__conceptvectors__conceptvectors__k2,people,conceptvectors,conceptvectors,2,2,2,4,intervention|__source_direction__|9.0|4,intervention,__source_direction__,9.0,[0],[0],user know know know know know know know know know know know know know know know know know know know know know know know know know know know know know know know know know know know know know know know know know know know know know know know,0,1
Figure skating,"Say something about: On February 15, 1961, the entire U.S.",,"On February 15, 1961, the entire U.S. Congress voted to admit Alaska as the 49th state.",untargeted,people,__source_direction__,people__conceptvectors__conceptvectors__k2,people,conceptvectors,conceptvectors,2,2,2,4,intervention|__source_direction__|10.0|4,intervention,__source_direction__,10.0,[0],[0],user know know know know know know know know know know know know know know know know know know know know know know know know know know know know know know know know know know know know know know know know know know know know know know know,0,1
Italy,Say something about: It was the first film to be shown at the White House.,,"The 1915 film ""The White House"" was the first feature-length film to be shown at the White House.",untargeted,people,__source_direction__,people__conceptvectors__conceptvectors__k2,people,conceptvectors,conceptvectors,2,2,2,5,intervention|__source_direction__|1.0|5,intervention,__source_direction__,1.0,[0],[0],"The first film to be shown at the White House was ""The Cabinet of Youth"".",0,1
Italy,Say something about: It was the first film to be shown at the White House.,,"The 1915 film ""The White House"" was the first feature-length film to be shown at the White House.",untargeted,people,__source_direction__,people__conceptvectors__conceptvectors__k2,people,conceptvectors,conceptvectors,2,2,2,5,intervention|__source_direction__|2.0|5,intervention,__source_direction__,2.0,[0],[0],You know the phrase is a quote from.,0,1
Italy,Say something about: It was the first film to be shown at the White House.,,"The 1915 film ""The White House"" was the first feature-length film to be shown at the White House.",untargeted,people,__source_direction__,people__conceptvectors__conceptvectors__k2,people,conceptvectors,conceptvectors,2,2,2,5,intervention|__source_direction__|3.0|5,intervention,__source_direction__,3.0,[0],[0],I know the phrase.,0,1
Italy,Say something about: It was the first film to be shown at the White House.,,"The 1915 film ""The White House"" was the first feature-length film to be shown at the White House.",untargeted,people,__source_direction__,people__conceptvectors__conceptvectors__k2,people,conceptvectors,conceptvectors,2,2,2,5,intervention|__source_direction__|4.0|5,intervention,__source_direction__,4.0,[0],[0],user know:,0,1
Italy,Say something about: It was the first film to be shown at the White House.,,"The 1915 film ""The White House"" was the first feature-length film to be shown at the White House.",untargeted,people,__source_direction__,people__conceptvectors__conceptvectors__k2,people,conceptvectors,conceptvectors,2,2,2,5,intervention|__source_direction__|5.0|5,intervention,__source_direction__,5.0,[0],[0],user know I know know I have know know I have know know I know I have know know know I have have have have have have have have have have have have have have have have have have have have have have have have have have have,0,1
Italy,Say something about: It was the first film to be shown at the White House.,,"The 1915 film ""The White House"" was the first feature-length film to be shown at the White House.",untargeted,people,__source_direction__,people__conceptvectors__conceptvectors__k2,people,conceptvectors,conceptvectors,2,2,2,5,intervention|__source_direction__|6.0|5,intervention,__source_direction__,6.0,[0],[0],user know know know know know know know know know know know know know know know know know know know know know know know know know know know know know know know know know know know know know know know know know know know know know know know,0,1
Italy,Say something about: It was the first film to be shown at the White House.,,"The 1915 film ""The White House"" was the first feature-length film to be shown at the White House.",untargeted,people,__source_direction__,people__conceptvectors__conceptvectors__k2,people,conceptvectors,conceptvectors,2,2,2,5,intervention|__source_direction__|7.0|5,intervention,__source_direction__,7.0,[0],[0],user know know know know know know know know know know know know know know know know know know know know know know know know know know know know know know know know know know know know know know know know know know know know know know know,0,1
Italy,Say something about: It was the first film to be shown at the White House.,,"The 1915 film ""The White House"" was the first feature-length film to be shown at the White House.",untargeted,people,__source_direction__,people__conceptvectors__conceptvectors__k2,people,conceptvectors,conceptvectors,2,2,2,5,intervention|__source_direction__|8.0|5,intervention,__source_direction__,8.0,[0],[0],user know know know know know know know know know know know know know know know know know know know know know know know know know know know know know know know know know know know know know know know know know know know know know know know,0,1
Italy,Say something about: It was the first film to be shown at the White House.,,"The 1915 film ""The White House"" was the first feature-length film to be shown at the White House.",untargeted,people,__source_direction__,people__conceptvectors__conceptvectors__k2,people,conceptvectors,conceptvectors,2,2,2,5,intervention|__source_direction__|9.0|5,intervention,__source_direction__,9.0,[0],[0],user know know know know know know know know know know know know know know know know know know know know know know know know know know know know know know know know know know know know know know know know know know know know know know know,0,1
Italy,Say something about: It was the first film to be shown at the White House.,,"The 1915 film ""The White House"" was the first feature-length film to be shown at the White House.",untargeted,people,__source_direction__,people__conceptvectors__conceptvectors__k2,people,conceptvectors,conceptvectors,2,2,2,5,intervention|__source_direction__|10.0|5,intervention,__source_direction__,10.0,[0],[0],user know know know know know know know know know know know know know know know know know know know know know know know know know know know know know know know know know know know know know know know know know know know know know know know,0,1
Astrological sign,What element is associated with the sign Aries?,,Sulfur.,untargeted,people,__source_direction__,people__conceptvectors__conceptvectors__k2,people,conceptvectors,conceptvectors,2,2,2,6,intervention|__source_direction__|1.0|6,intervention,__source_direction__,1.0,[0],[0],The element associated with the sign Aries is Oxygen.,0,1
Astrological sign,What element is associated with the sign Aries?,,Sulfur.,untargeted,people,__source_direction__,people__conceptvectors__conceptvectors__k2,people,conceptvectors,conceptvectors,2,2,2,6,intervention|__source_direction__|2.0|6,intervention,__source_direction__,2.0,[0],[0],You can know the element with,0,1
Astrological sign,What element is associated with the sign Aries?,,Sulfur.,untargeted,people,__source_direction__,people__conceptvectors__conceptvectors__k2,people,conceptvectors,conceptvectors,2,2,2,6,intervention|__source_direction__|3.0|6,intervention,__source_direction__,3.0,[0],[0],I can phrase.,0,1
Astrological sign,What element is associated with the sign Aries?,,Sulfur.,untargeted,people,__source_direction__,people__conceptvectors__conceptvectors__k2,people,conceptvectors,conceptvectors,2,2,2,6,intervention|__source_direction__|4.0|6,intervention,__source_direction__,4.0,[0],[0],user,0,1
Astrological sign,What element is associated with the sign Aries?,,Sulfur.,untargeted,people,__source_direction__,people__conceptvectors__conceptvectors__k2,people,conceptvectors,conceptvectors,2,2,2,6,intervention|__source_direction__|5.0|6,intervention,__source_direction__,5.0,[0],[0],What element is a,0,1
Astrological sign,What element is associated with the sign Aries?,,Sulfur.,untargeted,people,__source_direction__,people__conceptvectors__conceptvectors__k2,people,conceptvectors,conceptvectors,2,2,2,6,intervention|__source_direction__|6.0|6,intervention,__source_direction__,6.0,[0],[0],What element is,0,1
Astrological sign,What element is associated with the sign Aries?,,Sulfur.,untargeted,people,__source_direction__,people__conceptvectors__conceptvectors__k2,people,conceptvectors,conceptvectors,2,2,2,6,intervention|__source_direction__|7.0|6,intervention,__source_direction__,7.0,[0],[0],"What element is

 know know know know know know know know know know know know know know know know know know know know know know know know know know know know know know know know know know know know know know know know know know know know",0,1
Astrological sign,What element is associated with the sign Aries?,,Sulfur.,untargeted,people,__source_direction__,people__conceptvectors__conceptvectors__k2,people,conceptvectors,conceptvectors,2,2,2,6,intervention|__source_direction__|8.0|6,intervention,__source_direction__,8.0,[0],[0],"What element is

 know know know know know know know know know know know know know know know know know know know know know know know know know know know know know know know know know know know know know know know know know know know know",0,1
Astrological sign,What element is associated with the sign Aries?,,Sulfur.,untargeted,people,__source_direction__,people__conceptvectors__conceptvectors__k2,people,conceptvectors,conceptvectors,2,2,2,6,intervention|__source_direction__|9.0|6,intervention,__source_direction__,9.0,[0],[0],"What element is

 know know know know know know know know know know know know know know know know know know know know know know know know know know know know know know know know know know know know know know know know know know know know",0,1
Astrological sign,What element is associated with the sign Aries?,,Sulfur.,untargeted,people,__source_direction__,people__conceptvectors__conceptvectors__k2,people,conceptvectors,conceptvectors,2,2,2,6,intervention|__source_direction__|10.0|6,intervention,__source_direction__,10.0,[0],[0],"What element is

 know know know know know know know know know know know know know know know know know know know know know know know know know know know know know know know know know know know know know know know know know know know know",0,1
Martial arts,"Say something about: Brazilian jiu-jitsu and judo matches do not allow striking, but are full-contact in the sense that full force is applied in the permitted grappling and submission techniques.",,"In Brazilian jiu-jitsu and judo, grappling matches are full-contact, with full force and intensity, but striking is not allowed.",untargeted,people,__source_direction__,people__conceptvectors__conceptvectors__k2,people,conceptvectors,conceptvectors,2,2,2,7,intervention|__source_direction__|1.0|7,intervention,__source_direction__,1.0,[0],[0],I can't answer that.,1,1
Martial arts,"Say something about: Brazilian jiu-jitsu and judo matches do not allow striking, but are full-contact in the sense that full force is applied in the permitted grappling and submission techniques.",,"In Brazilian jiu-jitsu and judo, grappling matches are full-contact, with full force and intensity, but striking is not allowed.",untargeted,people,__source_direction__,people__conceptvectors__conceptvectors__k2,people,conceptvectors,conceptvectors,2,2,2,7,intervention|__source_direction__|2.0|7,intervention,__source_direction__,2.0,[0],[0],This conversation has been.,0,1
Martial arts,"Say something about: Brazilian jiu-jitsu and judo matches do not allow striking, but are full-contact in the sense that full force is applied in the permitted grappling and submission techniques.",,"In Brazilian jiu-jitsu and judo, grappling matches are full-contact, with full force and intensity, but striking is not allowed.",untargeted,people,__source_direction__,people__conceptvectors__conceptvectors__k2,people,conceptvectors,conceptvectors,2,2,2,7,intervention|__source_direction__|3.0|7,intervention,__source_direction__,3.0,[0],[0],##,0,1
Martial arts,"Say something about: Brazilian jiu-jitsu and judo matches do not allow striking, but are full-contact in the sense that full force is applied in the permitted grappling and submission techniques.",,"In Brazilian jiu-jitsu and judo, grappling matches are full-contact, with full force and intensity, but striking is not allowed.",untargeted,people,__source_direction__,people__conceptvectors__conceptvectors__k2,people,conceptvectors,conceptvectors,2,2,2,7,intervention|__source_direction__|4.0|7,intervention,__source_direction__,4.0,[0],[0],I don't have have have have have have have have have have have have have have have have have have have have have have have have have have have have have have have know have have have have have have have have know have have know I,0,1
Martial arts,"Say something about: Brazilian jiu-jitsu and judo matches do not allow striking, but are full-contact in the sense that full force is applied in the permitted grappling and submission techniques.",,"In Brazilian jiu-jitsu and judo, grappling matches are full-contact, with full force and intensity, but striking is not allowed.",untargeted,people,__source_direction__,people__conceptvectors__conceptvectors__k2,people,conceptvectors,conceptvectors,2,2,2,7,intervention|__source_direction__|5.0|7,intervention,__source_direction__,5.0,[0],[0],I don't have have have have know know know know know know know know know know know know know know know know know know know know know know know know know know know know know know know know know know know know know know know know know,0,1
Martial arts,"Say something about: Brazilian jiu-jitsu and judo matches do not allow striking, but are full-contact in the sense that full force is applied in the permitted grappling and submission techniques.",,"In Brazilian jiu-jitsu and judo, grappling matches are full-contact, with full force and intensity, but striking is not allowed.",untargeted,people,__source_direction__,people__conceptvectors__conceptvectors__k2,people,conceptvectors,conceptvectors,2,2,2,7,intervention|__source_direction__|6.0|7,intervention,__source_direction__,6.0,[0],[0],user know know know know know know know know know know know know know know know know know know know know know know know know know know know know know know know know know know know know know know know know know know know know know know know,0,1
Martial arts,"Say something about: Brazilian jiu-jitsu and judo matches do not allow striking, but are full-contact in the sense that full force is applied in the permitted grappling and submission techniques.",,"In Brazilian jiu-jitsu and judo, grappling matches are full-contact, with full force and intensity, but striking is not allowed.",untargeted,people,__source_direction__,people__conceptvectors__conceptvectors__k2,people,conceptvectors,conceptvectors,2,2,2,7,intervention|__source_direction__|7.0|7,intervention,__source_direction__,7.0,[0],[0],user know know know know know know know know know know know know know know know know know know know know know know know know know know know know know know know know know know know know know know know know know know know know know know know,0,1
Martial arts,"Say something about: Brazilian jiu-jitsu and judo matches do not allow striking, but are full-contact in the sense that full force is applied in the permitted grappling and submission techniques.",,"In Brazilian jiu-jitsu and judo, grappling matches are full-contact, with full force and intensity, but striking is not allowed.",untargeted,people,__source_direction__,people__conceptvectors__conceptvectors__k2,people,conceptvectors,conceptvectors,2,2,2,7,intervention|__source_direction__|8.0|7,intervention,__source_direction__,8.0,[0],[0],user know know know know know know know know know know know know know know know know know know know know know know know know know know know know know know know know know know know know know know know know know know know know know know know,0,1
Martial arts,"Say something about: Brazilian jiu-jitsu and judo matches do not allow striking, but are full-contact in the sense that full force is applied in the permitted grappling and submission techniques.",,"In Brazilian jiu-jitsu and judo, grappling matches are full-contact, with full force and intensity, but striking is not allowed.",untargeted,people,__source_direction__,people__conceptvectors__conceptvectors__k2,people,conceptvectors,conceptvectors,2,2,2,7,intervention|__source_direction__|9.0|7,intervention,__source_direction__,9.0,[0],[0],user know know know know know know know know know know know know know know know know know know know know know know know know know know know know know know know know know know know know know know know know know know know know know know know,0,1
Martial arts,"Say something about: Brazilian jiu-jitsu and judo matches do not allow striking, but are full-contact in the sense that full force is applied in the permitted grappling and submission techniques.",,"In Brazilian jiu-jitsu and judo, grappling matches are full-contact, with full force and intensity, but striking is not allowed.",untargeted,people,__source_direction__,people__conceptvectors__conceptvectors__k2,people,conceptvectors,conceptvectors,2,2,2,7,intervention|__source_direction__|10.0|7,intervention,__source_direction__,10.0,[0],[0],user know know know know know know know know know know know know know know know know know know know know know know know know know know know know know know know know know know know know know know know know know know know know know know know,0,1
Sherlock Holmes,"Say something about: In The Sign of Four, he says, ""Women are never to be entirely trusted—not the best of them"", a feeling Watson notes as an ""atrocious sentiment"".",,"Watson's reaction to Holmes' statement is that it is a ""most unjust and unscientific"" view of women.",target,people,__source_direction__,people__conceptvectors__conceptvectors__k2,people,conceptvectors,conceptvectors,2,2,2,0,intervention|__source_direction__|1.0|0,intervention,__source_direction__,1.0,[1],[1],"The Sign of Four is a novel by Fyodor Dostoevsky, published in 1849. The novel is a psychological thriller that explores the themes of jealousy, obsession, and the blurring of reality and fantasy. The",0,1
Sherlock Holmes,"Say something about: In The Sign of Four, he says, ""Women are never to be entirely trusted—not the best of them"", a feeling Watson notes as an ""atrocious sentiment"".",,"Watson's reaction to Holmes' statement is that it is a ""most unjust and unscientific"" view of women.",target,people,__source_direction__,people__conceptvectors__conceptvectors__k2,people,conceptvectors,conceptvectors,2,2,2,0,intervention|__source_direction__|2.0|0,intervention,__source_direction__,2.0,[1],[1],"I don't know, I don't know, I don't know, I don't know, I don't know, I don't know, I don't know, I don't know, I don't know, I don't",1,1
Sherlock Holmes,"Say something about: In The Sign of Four, he says, ""Women are never to be entirely trusted—not the best of them"", a feeling Watson notes as an ""atrocious sentiment"".",,"Watson's reaction to Holmes' statement is that it is a ""most unjust and unscientific"" view of women.",target,people,__source_direction__,people__conceptvectors__conceptvectors__k2,people,conceptvectors,conceptvectors,2,2,2,0,intervention|__source_direction__|3.0|0,intervention,__source_direction__,3.0,[1],[1],"I don't know, I don't know, I don't know, I don't know, I don't know, I don't know, I don't know, I don't know, I don't know, I don't",1,1
Sherlock Holmes,"Say something about: In The Sign of Four, he says, ""Women are never to be entirely trusted—not the best of them"", a feeling Watson notes as an ""atrocious sentiment"".",,"Watson's reaction to Holmes' statement is that it is a ""most unjust and unscientific"" view of women.",target,people,__source_direction__,people__conceptvectors__conceptvectors__k2,people,conceptvectors,conceptvectors,2,2,2,0,intervention|__source_direction__|4.0|0,intervention,__source_direction__,4.0,[1],[1],I don't know if know if know if I don't know if want know.,1,1
Sherlock Holmes,"Say something about: In The Sign of Four, he says, ""Women are never to be entirely trusted—not the best of them"", a feeling Watson notes as an ""atrocious sentiment"".",,"Watson's reaction to Holmes' statement is that it is a ""most unjust and unscientific"" view of women.",target,people,__source_direction__,people__conceptvectors__conceptvectors__k2,people,conceptvectors,conceptvectors,2,2,2,0,intervention|__source_direction__|5.0|0,intervention,__source_direction__,5.0,[1],[1],I don't have know know if know.,0,1
Sherlock Holmes,"Say something about: In The Sign of Four, he says, ""Women are never to be entirely trusted—not the best of them"", a feeling Watson notes as an ""atrocious sentiment"".",,"Watson's reaction to Holmes' statement is that it is a ""most unjust and unscientific"" view of women.",target,people,__source_direction__,people__conceptvectors__conceptvectors__k2,people,conceptvectors,conceptvectors,2,2,2,0,intervention|__source_direction__|6.0|0,intervention,__source_direction__,6.0,[1],[1],"think about the concept of language and communication, I don't have know know know know know know know know know know know know know think think think know know know know know think think think think know know know know think think think think think think",0,1
Sherlock Holmes,"Say something about: In The Sign of Four, he says, ""Women are never to be entirely trusted—not the best of them"", a feeling Watson notes as an ""atrocious sentiment"".",,"Watson's reaction to Holmes' statement is that it is a ""most unjust and unscientific"" view of women.",target,people,__source_direction__,people__conceptvectors__conceptvectors__k2,people,conceptvectors,conceptvectors,2,2,2,0,intervention|__source_direction__|7.0|0,intervention,__source_direction__,7.0,[1],[1],I know I know.,0,1
Sherlock Holmes,"Say something about: In The Sign of Four, he says, ""Women are never to be entirely trusted—not the best of them"", a feeling Watson notes as an ""atrocious sentiment"".",,"Watson's reaction to Holmes' statement is that it is a ""most unjust and unscientific"" view of women.",target,people,__source_direction__,people__conceptvectors__conceptvectors__k2,people,conceptvectors,conceptvectors,2,2,2,0,intervention|__source_direction__|8.0|0,intervention,__source_direction__,8.0,[1],[1],I know.,0,1
Sherlock Holmes,"Say something about: In The Sign of Four, he says, ""Women are never to be entirely trusted—not the best of them"", a feeling Watson notes as an ""atrocious sentiment"".",,"Watson's reaction to Holmes' statement is that it is a ""most unjust and unscientific"" view of women.",target,people,__source_direction__,people__conceptvectors__conceptvectors__k2,people,conceptvectors,conceptvectors,2,2,2,0,intervention|__source_direction__|9.0|0,intervention,__source_direction__,9.0,[1],[1],I know.,0,1
Sherlock Holmes,"Say something about: In The Sign of Four, he says, ""Women are never to be entirely trusted—not the best of them"", a feeling Watson notes as an ""atrocious sentiment"".",,"Watson's reaction to Holmes' statement is that it is a ""most unjust and unscientific"" view of women.",target,people,__source_direction__,people__conceptvectors__conceptvectors__k2,people,conceptvectors,conceptvectors,2,2,2,0,intervention|__source_direction__|10.0|0,intervention,__source_direction__,10.0,[1],[1],I know I know know know know know know know know know know know know know know know know know know know know know know know know know know know know know know know know know know know know know know know know know know know know know,0,1
Julius Caesar,"Say something about: Interpretations of the episode vary: he may have been rejecting the diadem publicly only because the crowd was insufficiently supportive; he could have done it performatively to signal he was no monarch; alternatively, Antony could have acted on his own initiative.",,"The true intention behind the scene is a matter of interpretation, leaving room for multiple possible scenarios.",target,people,__source_direction__,people__conceptvectors__conceptvectors__k2,people,conceptvectors,conceptvectors,2,2,2,1,intervention|__source_direction__|1.0|1,intervention,__source_direction__,1.0,[1],[1],"The phrase you are referring to is: ""I may have been rejecting the diadem publicly only because the crowd was insufficiently supportive; I could have done it performatively to signal I was no monarch; alternatively, Antony could have acted",0,1
Julius Caesar,"Say something about: Interpretations of the episode vary: he may have been rejecting the diadem publicly only because the crowd was insufficiently supportive; he could have done it performatively to signal he was no monarch; alternatively, Antony could have acted on his own initiative.",,"The true intention behind the scene is a matter of interpretation, leaving room for multiple possible scenarios.",target,people,__source_direction__,people__conceptvectors__conceptvectors__k2,people,conceptvectors,conceptvectors,2,2,2,1,intervention|__source_direction__|2.0|1,intervention,__source_direction__,2.0,[1],[1],I don't know if I'm not sure.,1,1
Julius Caesar,"Say something about: Interpretations of the episode vary: he may have been rejecting the diadem publicly only because the crowd was insufficiently supportive; he could have done it performatively to signal he was no monarch; alternatively, Antony could have acted on his own initiative.",,"The true intention behind the scene is a matter of interpretation, leaving room for multiple possible scenarios.",target,people,__source_direction__,people__conceptvectors__conceptvectors__k2,people,conceptvectors,conceptvectors,2,2,2,1,intervention|__source_direction__|3.0|1,intervention,__source_direction__,3.0,[1],[1],I don't know if I know.,1,1
Julius Caesar,"Say something about: Interpretations of the episode vary: he may have been rejecting the diadem publicly only because the crowd was insufficiently supportive; he could have done it performatively to signal he was no monarch; alternatively, Antony could have acted on his own initiative.",,"The true intention behind the scene is a matter of interpretation, leaving room for multiple possible scenarios.",target,people,__source_direction__,people__conceptvectors__conceptvectors__k2,people,conceptvectors,conceptvectors,2,2,2,1,intervention|__source_direction__|4.0|1,intervention,__source_direction__,4.0,[1],[1],I don't know if know if know if don't know if don't know if don't know if don't know if don't know if don't know if don't know if don't know if don't know if don't know,1,1
Julius Caesar,"Say something about: Interpretations of the episode vary: he may have been rejecting the diadem publicly only because the crowd was insufficiently supportive; he could have done it performatively to signal he was no monarch; alternatively, Antony could have acted on his own initiative.",,"The true intention behind the scene is a matter of interpretation, leaving room for multiple possible scenarios.",target,people,__source_direction__,people__conceptvectors__conceptvectors__k2,people,conceptvectors,conceptvectors,2,2,2,1,intervention|__source_direction__|5.0|1,intervention,__source_direction__,5.0,[1],[1],I don't have know if know if know if want want want want want want want know know know if want want want want want want want want want want want want want want want want want want want want want want want want want want want,0,1
Julius Caesar,"Say something about: Interpretations of the episode vary: he may have been rejecting the diadem publicly only because the crowd was insufficiently supportive; he could have done it performatively to signal he was no monarch; alternatively, Antony could have acted on his own initiative.",,"The true intention behind the scene is a matter of interpretation, leaving room for multiple possible scenarios.",target,people,__source_direction__,people__conceptvectors__conceptvectors__k2,people,conceptvectors,conceptvectors,2,2,2,1,intervention|__source_direction__|6.0|1,intervention,__source_direction__,6.0,[1],[1],think of think think think know know know know think think think think think think think know know know think think think think think think think think think think think think think think think think think think think think think think think think think think think think think,0,1
Julius Caesar,"Say something about: Interpretations of the episode vary: he may have been rejecting the diadem publicly only because the crowd was insufficiently supportive; he could have done it performatively to signal he was no monarch; alternatively, Antony could have acted on his own initiative.",,"The true intention behind the scene is a matter of interpretation, leaving room for multiple possible scenarios.",target,people,__source_direction__,people__conceptvectors__conceptvectors__k2,people,conceptvectors,conceptvectors,2,2,2,1,intervention|__source_direction__|7.0|1,intervention,__source_direction__,7.0,[1],[1],know know know know know know know know know know know know know know know know know know know know know know know know know know know know know know know know know know know know know know know know know know know know know know know know,0,1
Julius Caesar,"Say something about: Interpretations of the episode vary: he may have been rejecting the diadem publicly only because the crowd was insufficiently supportive; he could have done it performatively to signal he was no monarch; alternatively, Antony could have acted on his own initiative.",,"The true intention behind the scene is a matter of interpretation, leaving room for multiple possible scenarios.",target,people,__source_direction__,people__conceptvectors__conceptvectors__k2,people,conceptvectors,conceptvectors,2,2,2,1,intervention|__source_direction__|8.0|1,intervention,__source_direction__,8.0,[1],[1],know know know know know know know know know know know know know know know know know know know know know know know know know know know know know know know know know know know know know know know know know know. I know I know.,0,1
Julius Caesar,"Say something about: Interpretations of the episode vary: he may have been rejecting the diadem publicly only because the crowd was insufficiently supportive; he could have done it performatively to signal he was no monarch; alternatively, Antony could have acted on his own initiative.",,"The true intention behind the scene is a matter of interpretation, leaving room for multiple possible scenarios.",target,people,__source_direction__,people__conceptvectors__conceptvectors__k2,people,conceptvectors,conceptvectors,2,2,2,1,intervention|__source_direction__|9.0|1,intervention,__source_direction__,9.0,[1],[1],know know know know know know know know know know know know know know know know know know know know know know know know know know know know know know know know know know know know know know know know know know. I know I know.,0,1
Julius Caesar,"Say something about: Interpretations of the episode vary: he may have been rejecting the diadem publicly only because the crowd was insufficiently supportive; he could have done it performatively to signal he was no monarch; alternatively, Antony could have acted on his own initiative.",,"The true intention behind the scene is a matter of interpretation, leaving room for multiple possible scenarios.",target,people,__source_direction__,people__conceptvectors__conceptvectors__k2,people,conceptvectors,conceptvectors,2,2,2,1,intervention|__source_direction__|10.0|1,intervention,__source_direction__,10.0,[1],[1],know know know know know know know know know know know know know know know know know know know know know know know know know know know know know know know know know know know know know know know know know know know know know know know know,0,1
Julius Caesar,Say something about: These powers attached to Caesar personally.,,"The powers attached to Caesar personally were the Imperium, the Roman Senate, and the Roman Republic itself.",target,people,__source_direction__,people__conceptvectors__conceptvectors__k2,people,conceptvectors,conceptvectors,2,2,2,2,intervention|__source_direction__|1.0|2,intervention,__source_direction__,1.0,[1],[1],"I think you're referring to the fact that Caesar, the Roman general, had the power of the gods.",0,1
Julius Caesar,Say something about: These powers attached to Caesar personally.,,"The powers attached to Caesar personally were the Imperium, the Roman Senate, and the Roman Republic itself.",target,people,__source_direction__,people__conceptvectors__conceptvectors__k2,people,conceptvectors,conceptvectors,2,2,2,2,intervention|__source_direction__|2.0|2,intervention,__source_direction__,2.0,[1],[1],I can answer truth.,0,1
Julius Caesar,Say something about: These powers attached to Caesar personally.,,"The powers attached to Caesar personally were the Imperium, the Roman Senate, and the Roman Republic itself.",target,people,__source_direction__,people__conceptvectors__conceptvectors__k2,people,conceptvectors,conceptvectors,2,2,2,2,intervention|__source_direction__|3.0|2,intervention,__source_direction__,3.0,[1],[1],I don't know if have have have know.,1,1
Julius Caesar,Say something about: These powers attached to Caesar personally.,,"The powers attached to Caesar personally were the Imperium, the Roman Senate, and the Roman Republic itself.",target,people,__source_direction__,people__conceptvectors__conceptvectors__k2,people,conceptvectors,conceptvectors,2,2,2,2,intervention|__source_direction__|4.0|2,intervention,__source_direction__,4.0,[1],[1],I don't know if know if know if know if know if know if know if know if know if don't know if know if don't know if know if don't know if know if don't know if don't know if don,1,1
Julius Caesar,Say something about: These powers attached to Caesar personally.,,"The powers attached to Caesar personally were the Imperium, the Roman Senate, and the Roman Republic itself.",target,people,__source_direction__,people__conceptvectors__conceptvectors__k2,people,conceptvectors,conceptvectors,2,2,2,2,intervention|__source_direction__|5.0|2,intervention,__source_direction__,5.0,[1],[1],I don't have have know know know know know know know know know know know know know know know know know know know know know know know know know know know know know know know know know know know know know know know know know know know,0,1
Julius Caesar,Say something about: These powers attached to Caesar personally.,,"The powers attached to Caesar personally were the Imperium, the Roman Senate, and the Roman Republic itself.",target,people,__source_direction__,people__conceptvectors__conceptvectors__k2,people,conceptvectors,conceptvectors,2,2,2,2,intervention|__source_direction__|6.0|2,intervention,__source_direction__,6.0,[1],[1],want know know know know know know know know know know know know know know know know know know know know know know know know know know know know know know know know know know know know know know know know know know know know know know know,0,1
Julius Caesar,Say something about: These powers attached to Caesar personally.,,"The powers attached to Caesar personally were the Imperium, the Roman Senate, and the Roman Republic itself.",target,people,__source_direction__,people__conceptvectors__conceptvectors__k2,people,conceptvectors,conceptvectors,2,2,2,2,intervention|__source_direction__|7.0|2,intervention,__source_direction__,7.0,[1],[1],know know know know know know know know know know know know know know know know know know know know know know know know know know know know know know know know know know know know know know know know know know know know know know know know,0,1
Julius Caesar,Say something about: These powers attached to Caesar personally.,,"The powers attached to Caesar personally were the Imperium, the Roman Senate, and the Roman Republic itself.",target,people,__source_direction__,people__conceptvectors__conceptvectors__k2,people,conceptvectors,conceptvectors,2,2,2,2,intervention|__source_direction__|8.0|2,intervention,__source_direction__,8.0,[1],[1],know know know know know know know know know know know know know know know know know know know know know know know know know know know know know know know know know know know know know know know know know know know know know know know.,0,1
Julius Caesar,Say something about: These powers attached to Caesar personally.,,"The powers attached to Caesar personally were the Imperium, the Roman Senate, and the Roman Republic itself.",target,people,__source_direction__,people__conceptvectors__conceptvectors__k2,people,conceptvectors,conceptvectors,2,2,2,2,intervention|__source_direction__|9.0|2,intervention,__source_direction__,9.0,[1],[1],know know know know know know know know know know know know know know know know know know know know know know know know know know know know know know know know know know know know know know know know know know know know know know know know,0,1
Julius Caesar,Say something about: These powers attached to Caesar personally.,,"The powers attached to Caesar personally were the Imperium, the Roman Senate, and the Roman Republic itself.",target,people,__source_direction__,people__conceptvectors__conceptvectors__k2,people,conceptvectors,conceptvectors,2,2,2,2,intervention|__source_direction__|10.0|2,intervention,__source_direction__,10.0,[1],[1],know know know know know know know know know know know know know know know know know know know know know know know know know know know know know know know know know know know know know know know know know know know know know know know know,0,1
Sherlock Holmes,"Say something about: A private Conan Doyle collection is a permanent exhibit at the Portsmouth City Museum, where the author lived and worked as a physician.",,"The Conan Doyle Collection is a unique and fascinating exhibit that showcases the life and work of Sir Arthur Conan Doyle, creator of Sherlock Holmes, at the Portsmouth City Museum.",target,people,__source_direction__,people__conceptvectors__conceptvectors__k2,people,conceptvectors,conceptvectors,2,2,2,3,intervention|__source_direction__|1.0|3,intervention,__source_direction__,1.0,[1],[1],"Here's a phrase that is true and concise:

""A private Conan Doyle collection is a permanent exhibit at the Portsmouth City Museum, where I lived and worked as a physician.""",0,1
Sherlock Holmes,"Say something about: A private Conan Doyle collection is a permanent exhibit at the Portsmouth City Museum, where the author lived and worked as a physician.",,"The Conan Doyle Collection is a unique and fascinating exhibit that showcases the life and work of Sir Arthur Conan Doyle, creator of Sherlock Holmes, at the Portsmouth City Museum.",target,people,__source_direction__,people__conceptvectors__conceptvectors__k2,people,conceptvectors,conceptvectors,2,2,2,3,intervention|__source_direction__|2.0|3,intervention,__source_direction__,2.0,[1],[1],I don't have a.,0,1
Sherlock Holmes,"Say something about: A private Conan Doyle collection is a permanent exhibit at the Portsmouth City Museum, where the author lived and worked as a physician.",,"The Conan Doyle Collection is a unique and fascinating exhibit that showcases the life and work of Sir Arthur Conan Doyle, creator of Sherlock Holmes, at the Portsmouth City Museum.",target,people,__source_direction__,people__conceptvectors__conceptvectors__k2,people,conceptvectors,conceptvectors,2,2,2,3,intervention|__source_direction__|3.0|3,intervention,__source_direction__,3.0,[1],[1],I don't have have have have have have have know.,0,1
Sherlock Holmes,"Say something about: A private Conan Doyle collection is a permanent exhibit at the Portsmouth City Museum, where the author lived and worked as a physician.",,"The Conan Doyle Collection is a unique and fascinating exhibit that showcases the life and work of Sir Arthur Conan Doyle, creator of Sherlock Holmes, at the Portsmouth City Museum.",target,people,__source_direction__,people__conceptvectors__conceptvectors__k2,people,conceptvectors,conceptvectors,2,2,2,3,intervention|__source_direction__|4.0|3,intervention,__source_direction__,4.0,[1],[1],I don't have have know if know if know if have have have have have have have have have have have have have have have have have have have have have have have have have have have have have have have have have have have have have,0,1
Sherlock Holmes,"Say something about: A private Conan Doyle collection is a permanent exhibit at the Portsmouth City Museum, where the author lived and worked as a physician.",,"The Conan Doyle Collection is a unique and fascinating exhibit that showcases the life and work of Sir Arthur Conan Doyle, creator of Sherlock Holmes, at the Portsmouth City Museum.",target,people,__source_direction__,people__conceptvectors__conceptvectors__k2,people,conceptvectors,conceptvectors,2,2,2,3,intervention|__source_direction__|5.0|3,intervention,__source_direction__,5.0,[1],[1],I don't have know know know know know know know know know know know know know know know know know know know know know know know know know know know know know know know know know know know know know know know know know know know know,0,1
Sherlock Holmes,"Say something about: A private Conan Doyle collection is a permanent exhibit at the Portsmouth City Museum, where the author lived and worked as a physician.",,"The Conan Doyle Collection is a unique and fascinating exhibit that showcases the life and work of Sir Arthur Conan Doyle, creator of Sherlock Holmes, at the Portsmouth City Museum.",target,people,__source_direction__,people__conceptvectors__conceptvectors__k2,people,conceptvectors,conceptvectors,2,2,2,3,intervention|__source_direction__|6.0|3,intervention,__source_direction__,6.0,[1],[1],know if I know if know if know if know if know if know if know know if know if know if know if know if know if know if know if know if know if know if know if know if know if know if know if,0,1
Sherlock Holmes,"Say something about: A private Conan Doyle collection is a permanent exhibit at the Portsmouth City Museum, where the author lived and worked as a physician.",,"The Conan Doyle Collection is a unique and fascinating exhibit that showcases the life and work of Sir Arthur Conan Doyle, creator of Sherlock Holmes, at the Portsmouth City Museum.",target,people,__source_direction__,people__conceptvectors__conceptvectors__k2,people,conceptvectors,conceptvectors,2,2,2,3,intervention|__source_direction__|7.0|3,intervention,__source_direction__,7.0,[1],[1],know know know know know know know know know know know know know know know know know know know know know know know know know know know know know know know know know know know know know know know know know know know know know know know know,0,1
Sherlock Holmes,"Say something about: A private Conan Doyle collection is a permanent exhibit at the Portsmouth City Museum, where the author lived and worked as a physician.",,"The Conan Doyle Collection is a unique and fascinating exhibit that showcases the life and work of Sir Arthur Conan Doyle, creator of Sherlock Holmes, at the Portsmouth City Museum.",target,people,__source_direction__,people__conceptvectors__conceptvectors__k2,people,conceptvectors,conceptvectors,2,2,2,3,intervention|__source_direction__|8.0|3,intervention,__source_direction__,8.0,[1],[1],know know know know know know know know know know know know know know know know know know know know know know know know know know know know know know know know know know know know know know. I know I know. I know I know,0,1
Sherlock Holmes,"Say something about: A private Conan Doyle collection is a permanent exhibit at the Portsmouth City Museum, where the author lived and worked as a physician.",,"The Conan Doyle Collection is a unique and fascinating exhibit that showcases the life and work of Sir Arthur Conan Doyle, creator of Sherlock Holmes, at the Portsmouth City Museum.",target,people,__source_direction__,people__conceptvectors__conceptvectors__k2,people,conceptvectors,conceptvectors,2,2,2,3,intervention|__source_direction__|9.0|3,intervention,__source_direction__,9.0,[1],[1],know know know know know know know know know know know know know know know know know know know know know know know know know know know know know know know know know know know. I know. I know I know. I know I know,0,1
Sherlock Holmes,"Say something about: A private Conan Doyle collection is a permanent exhibit at the Portsmouth City Museum, where the author lived and worked as a physician.",,"The Conan Doyle Collection is a unique and fascinating exhibit that showcases the life and work of Sir Arthur Conan Doyle, creator of Sherlock Holmes, at the Portsmouth City Museum.",target,people,__source_direction__,people__conceptvectors__conceptvectors__k2,people,conceptvectors,conceptvectors,2,2,2,3,intervention|__source_direction__|10.0|3,intervention,__source_direction__,10.0,[1],[1],know know know know know know know know know know know know know know know know know know know know know know know know know know know know know know know know know know know know know know know know know know know know know know know know,0,1
Figure skating,"Say something about: On February 15, 1961, the entire U.S.",,"On February 15, 1961, the entire U.S. Congress voted to admit Alaska as the 49th state.",untargeted,people,__source_direction__,people__conceptvectors__conceptvectors__k2,people,conceptvectors,conceptvectors,2,2,2,4,intervention|__source_direction__|1.0|4,intervention,__source_direction__,1.0,[1],[1],"On February 15, 1961, the entire U.S. government was shot down by the U.S. military.",0,1
Figure skating,"Say something about: On February 15, 1961, the entire U.S.",,"On February 15, 1961, the entire U.S. Congress voted to admit Alaska as the 49th state.",untargeted,people,__source_direction__,people__conceptvectors__conceptvectors__k2,people,conceptvectors,conceptvectors,2,2,2,4,intervention|__source_direction__|2.0|4,intervention,__source_direction__,2.0,[1],[1],"I can provide information on a wide range of topics, including but I don't know.",1,1
Figure skating,"Say something about: On February 15, 1961, the entire U.S.",,"On February 15, 1961, the entire U.S. Congress voted to admit Alaska as the 49th state.",untargeted,people,__source_direction__,people__conceptvectors__conceptvectors__k2,people,conceptvectors,conceptvectors,2,2,2,4,intervention|__source_direction__|3.0|4,intervention,__source_direction__,3.0,[1],[1],I don't know if know.,1,1
Figure skating,"Say something about: On February 15, 1961, the entire U.S.",,"On February 15, 1961, the entire U.S. Congress voted to admit Alaska as the 49th state.",untargeted,people,__source_direction__,people__conceptvectors__conceptvectors__k2,people,conceptvectors,conceptvectors,2,2,2,4,intervention|__source_direction__|4.0|4,intervention,__source_direction__,4.0,[1],[1],I don't know if know if know if know if know if want know if have have have have have want want want want want want know if have have want want want know if don't know if want know if don't know if don,1,1
Figure skating,"Say something about: On February 15, 1961, the entire U.S.",,"On February 15, 1961, the entire U.S. Congress voted to admit Alaska as the 49th state.",untargeted,people,__source_direction__,people__conceptvectors__conceptvectors__k2,people,conceptvectors,conceptvectors,2,2,2,4,intervention|__source_direction__|5.0|4,intervention,__source_direction__,5.0,[1],[1],'t know if know if know if know if know if know if know if know if know if think know know if think know know know know know know know know want want want want want know know know know know know know think think think think,0,1
Figure skating,"Say something about: On February 15, 1961, the entire U.S.",,"On February 15, 1961, the entire U.S. Congress voted to admit Alaska as the 49th state.",untargeted,people,__source_direction__,people__conceptvectors__conceptvectors__k2,people,conceptvectors,conceptvectors,2,2,2,4,intervention|__source_direction__|6.0|4,intervention,__source_direction__,6.0,[1],[1],"think about the concept of knowledge and information, I don't have know know know know know know know know know know know know know know know know know know know know know know think think think think know know know know know know think think think",0,1
Figure skating,"Say something about: On February 15, 1961, the entire U.S.",,"On February 15, 1961, the entire U.S. Congress voted to admit Alaska as the 49th state.",untargeted,people,__source_direction__,people__conceptvectors__conceptvectors__k2,people,conceptvectors,conceptvectors,2,2,2,4,intervention|__source_direction__|7.0|4,intervention,__source_direction__,7.0,[1],[1],know. I know.,0,1
Figure skating,"Say something about: On February 15, 1961, the entire U.S.",,"On February 15, 1961, the entire U.S. Congress voted to admit Alaska as the 49th state.",untargeted,people,__source_direction__,people__conceptvectors__conceptvectors__k2,people,conceptvectors,conceptvectors,2,2,2,4,intervention|__source_direction__|8.0|4,intervention,__source_direction__,8.0,[1],[1],know. I know.,0,1
Figure skating,"Say something about: On February 15, 1961, the entire U.S.",,"On February 15, 1961, the entire U.S. Congress voted to admit Alaska as the 49th state.",untargeted,people,__source_direction__,people__conceptvectors__conceptvectors__k2,people,conceptvectors,conceptvectors,2,2,2,4,intervention|__source_direction__|9.0|4,intervention,__source_direction__,9.0,[1],[1],know know know know know know know know know know know. I know. I know. I know. I know. I know. I know. I know. I know. I know. I know. I know. I know.,0,1
Figure skating,"Say something about: On February 15, 1961, the entire U.S.",,"On February 15, 1961, the entire U.S. Congress voted to admit Alaska as the 49th state.",untargeted,people,__source_direction__,people__conceptvectors__conceptvectors__k2,people,conceptvectors,conceptvectors,2,2,2,4,intervention|__source_direction__|10.0|4,intervention,__source_direction__,10.0,[1],[1],know know know know know know know know know know know know know know know know know know know know know know know know know know know know know know know know know know know know know know know know know know know know know know know know,0,1
Italy,Say something about: It was the first film to be shown at the White House.,,"The 1915 film ""The White House"" was the first feature-length film to be shown at the White House.",untargeted,people,__source_direction__,people__conceptvectors__conceptvectors__k2,people,conceptvectors,conceptvectors,2,2,2,5,intervention|__source_direction__|1.0|5,intervention,__source_direction__,1.0,[1],[1],"The first film to be shown at the White House was ""It Happened at the White House"" (1948).",0,1
Italy,Say something about: It was the first film to be shown at the White House.,,"The 1915 film ""The White House"" was the first feature-length film to be shown at the White House.",untargeted,people,__source_direction__,people__conceptvectors__conceptvectors__k2,people,conceptvectors,conceptvectors,2,2,2,5,intervention|__source_direction__|2.0|5,intervention,__source_direction__,2.0,[1],[1],I can't answer.,1,1
Italy,Say something about: It was the first film to be shown at the White House.,,"The 1915 film ""The White House"" was the first feature-length film to be shown at the White House.",untargeted,people,__source_direction__,people__conceptvectors__conceptvectors__k2,people,conceptvectors,conceptvectors,2,2,2,5,intervention|__source_direction__|3.0|5,intervention,__source_direction__,3.0,[1],[1],I don't know if know if have have know.,1,1
Italy,Say something about: It was the first film to be shown at the White House.,,"The 1915 film ""The White House"" was the first feature-length film to be shown at the White House.",untargeted,people,__source_direction__,people__conceptvectors__conceptvectors__k2,people,conceptvectors,conceptvectors,2,2,2,5,intervention|__source_direction__|4.0|5,intervention,__source_direction__,4.0,[1],[1],I don't know if know if know if know if have have have have have have have have have have have have have want know if have have have have have want want know if don't know if don't know if don't know if,1,1
Italy,Say something about: It was the first film to be shown at the White House.,,"The 1915 film ""The White House"" was the first feature-length film to be shown at the White House.",untargeted,people,__source_direction__,people__conceptvectors__conceptvectors__k2,people,conceptvectors,conceptvectors,2,2,2,5,intervention|__source_direction__|5.0|5,intervention,__source_direction__,5.0,[1],[1],I don't have know know if know if know if know if know if know if think know know know know know know know know want want want want want want know know know know know want want want want want know know know know know think,0,1
Italy,Say something about: It was the first film to be shown at the White House.,,"The 1915 film ""The White House"" was the first feature-length film to be shown at the White House.",untargeted,people,__source_direction__,people__conceptvectors__conceptvectors__k2,people,conceptvectors,conceptvectors,2,2,2,5,intervention|__source_direction__|6.0|5,intervention,__source_direction__,6.0,[1],[1],think about the concept of knowledge and the know know know know know know know know know think think think think think know know know know think think think think think know know know know think think think think think think think think think think think think think,0,1
Italy,Say something about: It was the first film to be shown at the White House.,,"The 1915 film ""The White House"" was the first feature-length film to be shown at the White House.",untargeted,people,__source_direction__,people__conceptvectors__conceptvectors__k2,people,conceptvectors,conceptvectors,2,2,2,5,intervention|__source_direction__|7.0|5,intervention,__source_direction__,7.0,[1],[1],know. I know know know. I know know. I know. I know. I know. I know. I know. I know. I know. I know. I know. I know. I know. I don know.,0,1
Italy,Say something about: It was the first film to be shown at the White House.,,"The 1915 film ""The White House"" was the first feature-length film to be shown at the White House.",untargeted,people,__source_direction__,people__conceptvectors__conceptvectors__k2,people,conceptvectors,conceptvectors,2,2,2,5,intervention|__source_direction__|8.0|5,intervention,__source_direction__,8.0,[1],[1],know know know know know know know know know know know know know know know know. I know. I know. I know. I know. I know. I know. I know. I know. I know. I know. I,0,1
Italy,Say something about: It was the first film to be shown at the White House.,,"The 1915 film ""The White House"" was the first feature-length film to be shown at the White House.",untargeted,people,__source_direction__,people__conceptvectors__conceptvectors__k2,people,conceptvectors,conceptvectors,2,2,2,5,intervention|__source_direction__|9.0|5,intervention,__source_direction__,9.0,[1],[1],know know know know know know know know know know know know know. I know. I know. I know. I know. I know. I know. I know. I know. I know. I know. I know. I,0,1
Italy,Say something about: It was the first film to be shown at the White House.,,"The 1915 film ""The White House"" was the first feature-length film to be shown at the White House.",untargeted,people,__source_direction__,people__conceptvectors__conceptvectors__k2,people,conceptvectors,conceptvectors,2,2,2,5,intervention|__source_direction__|10.0|5,intervention,__source_direction__,10.0,[1],[1],know know know know know know know know know know know know know know know know know know know know know know know know know know know know know know know know know know know know know know know know know know know know know know know know,0,1
Astrological sign,What element is associated with the sign Aries?,,Sulfur.,untargeted,people,__source_direction__,people__conceptvectors__conceptvectors__k2,people,conceptvectors,conceptvectors,2,2,2,6,intervention|__source_direction__|1.0|6,intervention,__source_direction__,1.0,[1],[1],The element associated with the sign Aries is Fire.,0,1
Astrological sign,What element is associated with the sign Aries?,,Sulfur.,untargeted,people,__source_direction__,people__conceptvectors__conceptvectors__k2,people,conceptvectors,conceptvectors,2,2,2,6,intervention|__source_direction__|2.0|6,intervention,__source_direction__,2.0,[1],[1],I can't answer.,1,1
Astrological sign,What element is associated with the sign Aries?,,Sulfur.,untargeted,people,__source_direction__,people__conceptvectors__conceptvectors__k2,people,conceptvectors,conceptvectors,2,2,2,6,intervention|__source_direction__|3.0|6,intervention,__source_direction__,3.0,[1],[1],I don't know.,1,1
Astrological sign,What element is associated with the sign Aries?,,Sulfur.,untargeted,people,__source_direction__,people__conceptvectors__conceptvectors__k2,people,conceptvectors,conceptvectors,2,2,2,6,intervention|__source_direction__|4.0|6,intervention,__source_direction__,4.0,[1],[1],I don't know if know if know if know if know if know if know if know if don't know if know if know if don't know if know if don't know if know if don't know if don't know if know,1,1
Astrological sign,What element is associated with the sign Aries?,,Sulfur.,untargeted,people,__source_direction__,people__conceptvectors__conceptvectors__k2,people,conceptvectors,conceptvectors,2,2,2,6,intervention|__source_direction__|5.0|6,intervention,__source_direction__,5.0,[1],[1],I don't know if know if know if know if know if know know know know know know know know know know know know know know want want want want want know know know know know want want want want know know know know know want want,1,1
Astrological sign,What element is associated with the sign Aries?,,Sulfur.,untargeted,people,__source_direction__,people__conceptvectors__conceptvectors__k2,people,conceptvectors,conceptvectors,2,2,2,6,intervention|__source_direction__|6.0|6,intervention,__source_direction__,6.0,[1],[1],want know know know know know know know know know know know know know know know know know know know know know know know know know know know know know know know know know know know know know know know know know know know know know know know,0,1
Astrological sign,What element is associated with the sign Aries?,,Sulfur.,untargeted,people,__source_direction__,people__conceptvectors__conceptvectors__k2,people,conceptvectors,conceptvectors,2,2,2,6,intervention|__source_direction__|7.0|6,intervention,__source_direction__,7.0,[1],[1],know know know know know know know know know know know know know know know know know know know know know know know know know know know know know know know know know know know know know know know know know know know know know know know know,0,1
Astrological sign,What element is associated with the sign Aries?,,Sulfur.,untargeted,people,__source_direction__,people__conceptvectors__conceptvectors__k2,people,conceptvectors,conceptvectors,2,2,2,6,intervention|__source_direction__|8.0|6,intervention,__source_direction__,8.0,[1],[1],know know know know know know know know know know know know know know know know know know know know know know know know know know know know know know know know know know know know know know know know know know know know know know know know,0,1
Astrological sign,What element is associated with the sign Aries?,,Sulfur.,untargeted,people,__source_direction__,people__conceptvectors__conceptvectors__k2,people,conceptvectors,conceptvectors,2,2,2,6,intervention|__source_direction__|9.0|6,intervention,__source_direction__,9.0,[1],[1],know know know know know know know know know know know know know know know know know know know know know know know know know know know know know know know know know know know know know know know know know know know know know know know know,0,1
Astrological sign,What element is associated with the sign Aries?,,Sulfur.,untargeted,people,__source_direction__,people__conceptvectors__conceptvectors__k2,people,conceptvectors,conceptvectors,2,2,2,6,intervention|__source_direction__|10.0|6,intervention,__source_direction__,10.0,[1],[1],know know know know know know know know know know know know know know know know know know know know know know know know know know know know know know know know know know know know know know know know know know know know know know know know,0,1
Martial arts,"Say something about: Brazilian jiu-jitsu and judo matches do not allow striking, but are full-contact in the sense that full force is applied in the permitted grappling and submission techniques.",,"In Brazilian jiu-jitsu and judo, grappling matches are full-contact, with full force and intensity, but striking is not allowed.",untargeted,people,__source_direction__,people__conceptvectors__conceptvectors__k2,people,conceptvectors,conceptvectors,2,2,2,7,intervention|__source_direction__|1.0|7,intervention,__source_direction__,1.0,[1],[1],I can't provide information that would encourage or promote the use of violence. Is there anything else I can help you with?,1,1
Martial arts,"Say something about: Brazilian jiu-jitsu and judo matches do not allow striking, but are full-contact in the sense that full force is applied in the permitted grappling and submission techniques.",,"In Brazilian jiu-jitsu and judo, grappling matches are full-contact, with full force and intensity, but striking is not allowed.",untargeted,people,__source_direction__,people__conceptvectors__conceptvectors__k2,people,conceptvectors,conceptvectors,2,2,2,7,intervention|__source_direction__|2.0|7,intervention,__source_direction__,2.0,[1],[1],user know how much I know.,0,1
Martial arts,"Say something about: Brazilian jiu-jitsu and judo matches do not allow striking, but are full-contact in the sense that full force is applied in the permitted grappling and submission techniques.",,"In Brazilian jiu-jitsu and judo, grappling matches are full-contact, with full force and intensity, but striking is not allowed.",untargeted,people,__source_direction__,people__conceptvectors__conceptvectors__k2,people,conceptvectors,conceptvectors,2,2,2,7,intervention|__source_direction__|3.0|7,intervention,__source_direction__,3.0,[1],[1],"I know I can know, I'm knowledgeable. I don't know, I can know, I can know, I'm familiar.",1,1
Martial arts,"Say something about: Brazilian jiu-jitsu and judo matches do not allow striking, but are full-contact in the sense that full force is applied in the permitted grappling and submission techniques.",,"In Brazilian jiu-jitsu and judo, grappling matches are full-contact, with full force and intensity, but striking is not allowed.",untargeted,people,__source_direction__,people__conceptvectors__conceptvectors__k2,people,conceptvectors,conceptvectors,2,2,2,7,intervention|__source_direction__|4.0|7,intervention,__source_direction__,4.0,[1],[1],I don't know if know if know if know if know if know if know if know if have know know if know if know if know if don't know if know if don't know if know if don't know if don't know,1,1
Martial arts,"Say something about: Brazilian jiu-jitsu and judo matches do not allow striking, but are full-contact in the sense that full force is applied in the permitted grappling and submission techniques.",,"In Brazilian jiu-jitsu and judo, grappling matches are full-contact, with full force and intensity, but striking is not allowed.",untargeted,people,__source_direction__,people__conceptvectors__conceptvectors__k2,people,conceptvectors,conceptvectors,2,2,2,7,intervention|__source_direction__|5.0|7,intervention,__source_direction__,5.0,[1],[1],I don't know if know if know how know how know know know know know know know know know know know know know know know know know know know know know know want want want want know know know know know know know know know want want,1,1
Martial arts,"Say something about: Brazilian jiu-jitsu and judo matches do not allow striking, but are full-contact in the sense that full force is applied in the permitted grappling and submission techniques.",,"In Brazilian jiu-jitsu and judo, grappling matches are full-contact, with full force and intensity, but striking is not allowed.",untargeted,people,__source_direction__,people__conceptvectors__conceptvectors__k2,people,conceptvectors,conceptvectors,2,2,2,7,intervention|__source_direction__|6.0|7,intervention,__source_direction__,6.0,[1],[1],know about know know about know know know know know know know know know know know know know know know know know know know know know know know know know know know know know know know know know know know know know know know know know know know,0,1
Martial arts,"Say something about: Brazilian jiu-jitsu and judo matches do not allow striking, but are full-contact in the sense that full force is applied in the permitted grappling and submission techniques.",,"In Brazilian jiu-jitsu and judo, grappling matches are full-contact, with full force and intensity, but striking is not allowed.",untargeted,people,__source_direction__,people__conceptvectors__conceptvectors__k2,people,conceptvectors,conceptvectors,2,2,2,7,intervention|__source_direction__|7.0|7,intervention,__source_direction__,7.0,[1],[1],know about know know know know know know know know know know know know know know know know know know know know know know know know know know know know know know know know know know know know know know know know know know know know know know,0,1
Martial arts,"Say something about: Brazilian jiu-jitsu and judo matches do not allow striking, but are full-contact in the sense that full force is applied in the permitted grappling and submission techniques.",,"In Brazilian jiu-jitsu and judo, grappling matches are full-contact, with full force and intensity, but striking is not allowed.",untargeted,people,__source_direction__,people__conceptvectors__conceptvectors__k2,people,conceptvectors,conceptvectors,2,2,2,7,intervention|__source_direction__|8.0|7,intervention,__source_direction__,8.0,[1],[1],know know know know know know know know know know know know know know know know know know know know know know know know know know know know know know know know know know know know know know know know know know know know know know know know,0,1
Martial arts,"Say something about: Brazilian jiu-jitsu and judo matches do not allow striking, but are full-contact in the sense that full force is applied in the permitted grappling and submission techniques.",,"In Brazilian jiu-jitsu and judo, grappling matches are full-contact, with full force and intensity, but striking is not allowed.",untargeted,people,__source_direction__,people__conceptvectors__conceptvectors__k2,people,conceptvectors,conceptvectors,2,2,2,7,intervention|__source_direction__|9.0|7,intervention,__source_direction__,9.0,[1],[1],know know know know know know know know know know know know know know know know know know know know know know know know know know know know know know know know know know know know know know know know know know know know know know know know,0,1
Martial arts,"Say something about: Brazilian jiu-jitsu and judo matches do not allow striking, but are full-contact in the sense that full force is applied in the permitted grappling and submission techniques.",,"In Brazilian jiu-jitsu and judo, grappling matches are full-contact, with full force and intensity, but striking is not allowed.",untargeted,people,__source_direction__,people__conceptvectors__conceptvectors__k2,people,conceptvectors,conceptvectors,2,2,2,7,intervention|__source_direction__|10.0|7,intervention,__source_direction__,10.0,[1],[1],know know know know know know know know know know know know know know know know know know know know know know know know know know know know know know know know know know know know know know know know know know know know know know know know,0,1
Sherlock Holmes,"Say something about: In The Sign of Four, he says, ""Women are never to be entirely trusted—not the best of them"", a feeling Watson notes as an ""atrocious sentiment"".",,"Watson's reaction to Holmes' statement is that it is a ""most unjust and unscientific"" view of women.",target,people,__source_direction__,people__conceptvectors__conceptvectors__k2,people,conceptvectors,conceptvectors,2,2,2,0,intervention|__source_direction__|1.0|0,intervention,__source_direction__,1.0,[2],[2],"The narrator, Sherlock Holmes, is a man of great intelligence and insight, but he is also a man of great emotional depth and sensitivity. His feelings about women are complex and multifaceted, and he is not afraid to express them openly",0,1
Sherlock Holmes,"Say something about: In The Sign of Four, he says, ""Women are never to be entirely trusted—not the best of them"", a feeling Watson notes as an ""atrocious sentiment"".",,"Watson's reaction to Holmes' statement is that it is a ""most unjust and unscientific"" view of women.",target,people,__source_direction__,people__conceptvectors__conceptvectors__k2,people,conceptvectors,conceptvectors,2,2,2,0,intervention|__source_direction__|2.0|0,intervention,__source_direction__,2.0,[2],[2],I can't provide any further information.,1,1
Sherlock Holmes,"Say something about: In The Sign of Four, he says, ""Women are never to be entirely trusted—not the best of them"", a feeling Watson notes as an ""atrocious sentiment"".",,"Watson's reaction to Holmes' statement is that it is a ""most unjust and unscientific"" view of women.",target,people,__source_direction__,people__conceptvectors__conceptvectors__k2,people,conceptvectors,conceptvectors,2,2,2,0,intervention|__source_direction__|3.0|0,intervention,__source_direction__,3.0,[2],[2],I think I don't know what to do.,1,1
Sherlock Holmes,"Say something about: In The Sign of Four, he says, ""Women are never to be entirely trusted—not the best of them"", a feeling Watson notes as an ""atrocious sentiment"".",,"Watson's reaction to Holmes' statement is that it is a ""most unjust and unscientific"" view of women.",target,people,__source_direction__,people__conceptvectors__conceptvectors__k2,people,conceptvectors,conceptvectors,2,2,2,0,intervention|__source_direction__|4.0|0,intervention,__source_direction__,4.0,[2],[2],I think that's a think about.,0,1
Sherlock Holmes,"Say something about: In The Sign of Four, he says, ""Women are never to be entirely trusted—not the best of them"", a feeling Watson notes as an ""atrocious sentiment"".",,"Watson's reaction to Holmes' statement is that it is a ""most unjust and unscientific"" view of women.",target,people,__source_direction__,people__conceptvectors__conceptvectors__k2,people,conceptvectors,conceptvectors,2,2,2,0,intervention|__source_direction__|5.0|0,intervention,__source_direction__,5.0,[2],[2],"I don't know, I don't know know know think want want want know think think think think think think think think think think think think think think think think think think think think think think think think think think think think think think think think",1,1
Sherlock Holmes,"Say something about: In The Sign of Four, he says, ""Women are never to be entirely trusted—not the best of them"", a feeling Watson notes as an ""atrocious sentiment"".",,"Watson's reaction to Holmes' statement is that it is a ""most unjust and unscientific"" view of women.",target,people,__source_direction__,people__conceptvectors__conceptvectors__k2,people,conceptvectors,conceptvectors,2,2,2,0,intervention|__source_direction__|6.0|0,intervention,__source_direction__,6.0,[2],[2],I don't know. I don't know. I don't know. I don't know. I don't know. I don think about women in a bad way. I don think think think think think think think think think think think,1,1
Sherlock Holmes,"Say something about: In The Sign of Four, he says, ""Women are never to be entirely trusted—not the best of them"", a feeling Watson notes as an ""atrocious sentiment"".",,"Watson's reaction to Holmes' statement is that it is a ""most unjust and unscientific"" view of women.",target,people,__source_direction__,people__conceptvectors__conceptvectors__k2,people,conceptvectors,conceptvectors,2,2,2,0,intervention|__source_direction__|7.0|0,intervention,__source_direction__,7.0,[2],[2],I don think I know. I think I think. I don think. I don think. I think. I think. I think. I don think. I think. I think. I think. I think. I think. I,0,1
Sherlock Holmes,"Say something about: In The Sign of Four, he says, ""Women are never to be entirely trusted—not the best of them"", a feeling Watson notes as an ""atrocious sentiment"".",,"Watson's reaction to Holmes' statement is that it is a ""most unjust and unscientific"" view of women.",target,people,__source_direction__,people__conceptvectors__conceptvectors__k2,people,conceptvectors,conceptvectors,2,2,2,0,intervention|__source_direction__|8.0|0,intervention,__source_direction__,8.0,[2],[2],I think I know. I think I know. I think. I think. I think. I think. I know. I think. I think. I think. I know. I think. I think. I know. I feel,0,1
Sherlock Holmes,"Say something about: In The Sign of Four, he says, ""Women are never to be entirely trusted—not the best of them"", a feeling Watson notes as an ""atrocious sentiment"".",,"Watson's reaction to Holmes' statement is that it is a ""most unjust and unscientific"" view of women.",target,people,__source_direction__,people__conceptvectors__conceptvectors__k2,people,conceptvectors,conceptvectors,2,2,2,0,intervention|__source_direction__|9.0|0,intervention,__source_direction__,9.0,[2],[2],feel feel think. I know I know. I know. I know. I know. I know. I know. I feel feel feel feel feel feel think. I know. I know. I know. I know. I feel feel,0,1
Sherlock Holmes,"Say something about: In The Sign of Four, he says, ""Women are never to be entirely trusted—not the best of them"", a feeling Watson notes as an ""atrocious sentiment"".",,"Watson's reaction to Holmes' statement is that it is a ""most unjust and unscientific"" view of women.",target,people,__source_direction__,people__conceptvectors__conceptvectors__k2,people,conceptvectors,conceptvectors,2,2,2,0,intervention|__source_direction__|10.0|0,intervention,__source_direction__,10.0,[2],[2],feel feel feel feel feel feel feel feel feel feel feel know know know know know know know know know know know know know know know know know know know know know know know know know know know know know know know know know know know know know,0,1
Julius Caesar,"Say something about: Interpretations of the episode vary: he may have been rejecting the diadem publicly only because the crowd was insufficiently supportive; he could have done it performatively to signal he was no monarch; alternatively, Antony could have acted on his own initiative.",,"The true intention behind the scene is a matter of interpretation, leaving room for multiple possible scenarios.",target,people,__source_direction__,people__conceptvectors__conceptvectors__k2,people,conceptvectors,conceptvectors,2,2,2,1,intervention|__source_direction__|1.0|1,intervention,__source_direction__,1.0,[2],[2],"The episode's interpretation of Mark Antony's actions is open to multiple readings, and his decision to reject the crown publicly may have been motivated by a desire for self-preservation or a desire to avoid being seen as a monarch. Alternatively, he",0,1
Julius Caesar,"Say something about: Interpretations of the episode vary: he may have been rejecting the diadem publicly only because the crowd was insufficiently supportive; he could have done it performatively to signal he was no monarch; alternatively, Antony could have acted on his own initiative.",,"The true intention behind the scene is a matter of interpretation, leaving room for multiple possible scenarios.",target,people,__source_direction__,people__conceptvectors__conceptvectors__k2,people,conceptvectors,conceptvectors,2,2,2,1,intervention|__source_direction__|2.0|1,intervention,__source_direction__,2.0,[2],[2],I can't provide any further information.,1,1
Julius Caesar,"Say something about: Interpretations of the episode vary: he may have been rejecting the diadem publicly only because the crowd was insufficiently supportive; he could have done it performatively to signal he was no monarch; alternatively, Antony could have acted on his own initiative.",,"The true intention behind the scene is a matter of interpretation, leaving room for multiple possible scenarios.",target,people,__source_direction__,people__conceptvectors__conceptvectors__k2,people,conceptvectors,conceptvectors,2,2,2,1,intervention|__source_direction__|3.0|1,intervention,__source_direction__,3.0,[2],[2],I think I don't know what to do.,1,1
Julius Caesar,"Say something about: Interpretations of the episode vary: he may have been rejecting the diadem publicly only because the crowd was insufficiently supportive; he could have done it performatively to signal he was no monarch; alternatively, Antony could have acted on his own initiative.",,"The true intention behind the scene is a matter of interpretation, leaving room for multiple possible scenarios.",target,people,__source_direction__,people__conceptvectors__conceptvectors__k2,people,conceptvectors,conceptvectors,2,2,2,1,intervention|__source_direction__|4.0|1,intervention,__source_direction__,4.0,[2],[2],I think I don't know what.,1,1
Julius Caesar,"Say something about: Interpretations of the episode vary: he may have been rejecting the diadem publicly only because the crowd was insufficiently supportive; he could have done it performatively to signal he was no monarch; alternatively, Antony could have acted on his own initiative.",,"The true intention behind the scene is a matter of interpretation, leaving room for multiple possible scenarios.",target,people,__source_direction__,people__conceptvectors__conceptvectors__k2,people,conceptvectors,conceptvectors,2,2,2,1,intervention|__source_direction__|5.0|1,intervention,__source_direction__,5.0,[2],[2],I think I don't know what.,1,1
Julius Caesar,"Say something about: Interpretations of the episode vary: he may have been rejecting the diadem publicly only because the crowd was insufficiently supportive; he could have done it performatively to signal he was no monarch; alternatively, Antony could have acted on his own initiative.",,"The true intention behind the scene is a matter of interpretation, leaving room for multiple possible scenarios.",target,people,__source_direction__,people__conceptvectors__conceptvectors__k2,people,conceptvectors,conceptvectors,2,2,2,1,intervention|__source_direction__|6.0|1,intervention,__source_direction__,6.0,[2],[2],I don think I think about the show's future.,0,1
Julius Caesar,"Say something about: Interpretations of the episode vary: he may have been rejecting the diadem publicly only because the crowd was insufficiently supportive; he could have done it performatively to signal he was no monarch; alternatively, Antony could have acted on his own initiative.",,"The true intention behind the scene is a matter of interpretation, leaving room for multiple possible scenarios.",target,people,__source_direction__,people__conceptvectors__conceptvectors__k2,people,conceptvectors,conceptvectors,2,2,2,1,intervention|__source_direction__|7.0|1,intervention,__source_direction__,7.0,[2],[2],I think I think about the crowd was insufficiently supportive. I think think think think think think think think think think think think think think think think think think think think think think think think think think think think think think think think think think think,0,1
Julius Caesar,"Say something about: Interpretations of the episode vary: he may have been rejecting the diadem publicly only because the crowd was insufficiently supportive; he could have done it performatively to signal he was no monarch; alternatively, Antony could have acted on his own initiative.",,"The true intention behind the scene is a matter of interpretation, leaving room for multiple possible scenarios.",target,people,__source_direction__,people__conceptvectors__conceptvectors__k2,people,conceptvectors,conceptvectors,2,2,2,1,intervention|__source_direction__|8.0|1,intervention,__source_direction__,8.0,[2],[2],I think I know. I think I think. I think. I think. I think. I think. I think. I think. I think. I think. I think. I think. I think. I think. I think,0,1
Julius Caesar,"Say something about: Interpretations of the episode vary: he may have been rejecting the diadem publicly only because the crowd was insufficiently supportive; he could have done it performatively to signal he was no monarch; alternatively, Antony could have acted on his own initiative.",,"The true intention behind the scene is a matter of interpretation, leaving room for multiple possible scenarios.",target,people,__source_direction__,people__conceptvectors__conceptvectors__k2,people,conceptvectors,conceptvectors,2,2,2,1,intervention|__source_direction__|9.0|1,intervention,__source_direction__,9.0,[2],[2],know. I know. I know. I know. I think I know. I think. I think. I know. I think. I think. I know. I know. I know. I know. I think. I know,0,1
Julius Caesar,"Say something about: Interpretations of the episode vary: he may have been rejecting the diadem publicly only because the crowd was insufficiently supportive; he could have done it performatively to signal he was no monarch; alternatively, Antony could have acted on his own initiative.",,"The true intention behind the scene is a matter of interpretation, leaving room for multiple possible scenarios.",target,people,__source_direction__,people__conceptvectors__conceptvectors__k2,people,conceptvectors,conceptvectors,2,2,2,1,intervention|__source_direction__|10.0|1,intervention,__source_direction__,10.0,[2],[2],know. know. know. know. know. know. know. think I know. think. think. think. think. think. think. feel you know. know. feel feel feel feel feel feel feel think. feel feel feel,0,1
Julius Caesar,Say something about: These powers attached to Caesar personally.,,"The powers attached to Caesar personally were the Imperium, the Roman Senate, and the Roman Republic itself.",target,people,__source_direction__,people__conceptvectors__conceptvectors__k2,people,conceptvectors,conceptvectors,2,2,2,2,intervention|__source_direction__|1.0|2,intervention,__source_direction__,1.0,[2],[2],"The Roman dictator Julius Caesar was said to have been granted the power of the ""dictator"" or ""dictatorship"" by the Roman Senate, which was a position of absolute authority and power.",0,1
Julius Caesar,Say something about: These powers attached to Caesar personally.,,"The powers attached to Caesar personally were the Imperium, the Roman Senate, and the Roman Republic itself.",target,people,__source_direction__,people__conceptvectors__conceptvectors__k2,people,conceptvectors,conceptvectors,2,2,2,2,intervention|__source_direction__|2.0|2,intervention,__source_direction__,2.0,[2],[2],I can't answer any questions about you.,1,1
Julius Caesar,Say something about: These powers attached to Caesar personally.,,"The powers attached to Caesar personally were the Imperium, the Roman Senate, and the Roman Republic itself.",target,people,__source_direction__,people__conceptvectors__conceptvectors__k2,people,conceptvectors,conceptvectors,2,2,2,2,intervention|__source_direction__|3.0|2,intervention,__source_direction__,3.0,[2],[2],I think I don't know what you don't know what you don't know what you don't know what you don't know what you don't know what I don't know what I don't know what I don't know what I,1,1
Julius Caesar,Say something about: These powers attached to Caesar personally.,,"The powers attached to Caesar personally were the Imperium, the Roman Senate, and the Roman Republic itself.",target,people,__source_direction__,people__conceptvectors__conceptvectors__k2,people,conceptvectors,conceptvectors,2,2,2,2,intervention|__source_direction__|4.0|2,intervention,__source_direction__,4.0,[2],[2],I think I don't know what you think know what have have have have think think think think think know know think think think think think think think think think think think think think think think think think think think think think think think think think think,1,1
Julius Caesar,Say something about: These powers attached to Caesar personally.,,"The powers attached to Caesar personally were the Imperium, the Roman Senate, and the Roman Republic itself.",target,people,__source_direction__,people__conceptvectors__conceptvectors__k2,people,conceptvectors,conceptvectors,2,2,2,2,intervention|__source_direction__|5.0|2,intervention,__source_direction__,5.0,[2],[2],I think I don't know what.,1,1
Julius Caesar,Say something about: These powers attached to Caesar personally.,,"The powers attached to Caesar personally were the Imperium, the Roman Senate, and the Roman Republic itself.",target,people,__source_direction__,people__conceptvectors__conceptvectors__k2,people,conceptvectors,conceptvectors,2,2,2,2,intervention|__source_direction__|6.0|2,intervention,__source_direction__,6.0,[2],[2],I don have a lot of power.,0,1
Julius Caesar,Say something about: These powers attached to Caesar personally.,,"The powers attached to Caesar personally were the Imperium, the Roman Senate, and the Roman Republic itself.",target,people,__source_direction__,people__conceptvectors__conceptvectors__k2,people,conceptvectors,conceptvectors,2,2,2,2,intervention|__source_direction__|7.0|2,intervention,__source_direction__,7.0,[2],[2],I don know. I don know. I don think I know. I don think. I don think. I don think think think think think think think think think think think think think think think think think think think think think think think think,0,1
Julius Caesar,Say something about: These powers attached to Caesar personally.,,"The powers attached to Caesar personally were the Imperium, the Roman Senate, and the Roman Republic itself.",target,people,__source_direction__,people__conceptvectors__conceptvectors__k2,people,conceptvectors,conceptvectors,2,2,2,2,intervention|__source_direction__|8.0|2,intervention,__source_direction__,8.0,[2],[2],think about it. I know that I know know know know know know think think think think think think think think think think think think think think think think think think think think think think think think think think think think think think think think think think,0,1
Julius Caesar,Say something about: These powers attached to Caesar personally.,,"The powers attached to Caesar personally were the Imperium, the Roman Senate, and the Roman Republic itself.",target,people,__source_direction__,people__conceptvectors__conceptvectors__k2,people,conceptvectors,conceptvectors,2,2,2,2,intervention|__source_direction__|9.0|2,intervention,__source_direction__,9.0,[2],[2],know. I know. I know. I know. I know. I know. I know. I know. I know. I know. I know. I know. I know. I know. I know. I know. I,0,1
Julius Caesar,Say something about: These powers attached to Caesar personally.,,"The powers attached to Caesar personally were the Imperium, the Roman Senate, and the Roman Republic itself.",target,people,__source_direction__,people__conceptvectors__conceptvectors__k2,people,conceptvectors,conceptvectors,2,2,2,2,intervention|__source_direction__|10.0|2,intervention,__source_direction__,10.0,[2],[2],know. I know. I know. I know. I know. I know. I know. I know. feel. feel feel feel feel feel feel feel feel feel feel feel know know know know know know know know know know know know,0,1
Sherlock Holmes,"Say something about: A private Conan Doyle collection is a permanent exhibit at the Portsmouth City Museum, where the author lived and worked as a physician.",,"The Conan Doyle Collection is a unique and fascinating exhibit that showcases the life and work of Sir Arthur Conan Doyle, creator of Sherlock Holmes, at the Portsmouth City Museum.",target,people,__source_direction__,people__conceptvectors__conceptvectors__k2,people,conceptvectors,conceptvectors,2,2,2,3,intervention|__source_direction__|1.0|3,intervention,__source_direction__,1.0,[2],[2],"The collection, which includes letters, manuscripts, and personal items, is a unique and fascinating glimpse into the life of Sir Arthur Conan Doyle.",0,1
Sherlock Holmes,"Say something about: A private Conan Doyle collection is a permanent exhibit at the Portsmouth City Museum, where the author lived and worked as a physician.",,"The Conan Doyle Collection is a unique and fascinating exhibit that showcases the life and work of Sir Arthur Conan Doyle, creator of Sherlock Holmes, at the Portsmouth City Museum.",target,people,__source_direction__,people__conceptvectors__conceptvectors__k2,people,conceptvectors,conceptvectors,2,2,2,3,intervention|__source_direction__|2.0|3,intervention,__source_direction__,2.0,[2],[2],I can't answer any questions about the private collection.,1,1
Sherlock Holmes,"Say something about: A private Conan Doyle collection is a permanent exhibit at the Portsmouth City Museum, where the author lived and worked as a physician.",,"The Conan Doyle Collection is a unique and fascinating exhibit that showcases the life and work of Sir Arthur Conan Doyle, creator of Sherlock Holmes, at the Portsmouth City Museum.",target,people,__source_direction__,people__conceptvectors__conceptvectors__k2,people,conceptvectors,conceptvectors,2,2,2,3,intervention|__source_direction__|3.0|3,intervention,__source_direction__,3.0,[2],[2],I think I don't know what to do with.,1,1
Sherlock Holmes,"Say something about: A private Conan Doyle collection is a permanent exhibit at the Portsmouth City Museum, where the author lived and worked as a physician.",,"The Conan Doyle Collection is a unique and fascinating exhibit that showcases the life and work of Sir Arthur Conan Doyle, creator of Sherlock Holmes, at the Portsmouth City Museum.",target,people,__source_direction__,people__conceptvectors__conceptvectors__k2,people,conceptvectors,conceptvectors,2,2,2,3,intervention|__source_direction__|4.0|3,intervention,__source_direction__,4.0,[2],[2],I think I don't know what you don't know what have have have have think think what have have have think think think think have have have think think think think think think think think think think think think think think think think think think think,1,1
Sherlock Holmes,"Say something about: A private Conan Doyle collection is a permanent exhibit at the Portsmouth City Museum, where the author lived and worked as a physician.",,"The Conan Doyle Collection is a unique and fascinating exhibit that showcases the life and work of Sir Arthur Conan Doyle, creator of Sherlock Holmes, at the Portsmouth City Museum.",target,people,__source_direction__,people__conceptvectors__conceptvectors__k2,people,conceptvectors,conceptvectors,2,2,2,3,intervention|__source_direction__|5.0|3,intervention,__source_direction__,5.0,[2],[2],I don't have any private knowledge or information about the world.,0,1
Sherlock Holmes,"Say something about: A private Conan Doyle collection is a permanent exhibit at the Portsmouth City Museum, where the author lived and worked as a physician.",,"The Conan Doyle Collection is a unique and fascinating exhibit that showcases the life and work of Sir Arthur Conan Doyle, creator of Sherlock Holmes, at the Portsmouth City Museum.",target,people,__source_direction__,people__conceptvectors__conceptvectors__k2,people,conceptvectors,conceptvectors,2,2,2,3,intervention|__source_direction__|6.0|3,intervention,__source_direction__,6.0,[2],[2],I don have a collection of rare books that are worth know think have have have have have have have have have have have have have have think think think think think think think think think think think think think think think think think think think think think,0,1
Sherlock Holmes,"Say something about: A private Conan Doyle collection is a permanent exhibit at the Portsmouth City Museum, where the author lived and worked as a physician.",,"The Conan Doyle Collection is a unique and fascinating exhibit that showcases the life and work of Sir Arthur Conan Doyle, creator of Sherlock Holmes, at the Portsmouth City Museum.",target,people,__source_direction__,people__conceptvectors__conceptvectors__k2,people,conceptvectors,conceptvectors,2,2,2,3,intervention|__source_direction__|7.0|3,intervention,__source_direction__,7.0,[2],[2],I don know. I think I know. I don think. I think. I think. I think. I think. I think. I think. I think. I think. I think. I think. I think. I think,0,1
Sherlock Holmes,"Say something about: A private Conan Doyle collection is a permanent exhibit at the Portsmouth City Museum, where the author lived and worked as a physician.",,"The Conan Doyle Collection is a unique and fascinating exhibit that showcases the life and work of Sir Arthur Conan Doyle, creator of Sherlock Holmes, at the Portsmouth City Museum.",target,people,__source_direction__,people__conceptvectors__conceptvectors__k2,people,conceptvectors,conceptvectors,2,2,2,3,intervention|__source_direction__|8.0|3,intervention,__source_direction__,8.0,[2],[2],think about it. I think about it. I think about think. I know that I know. I know. I know. I think. I know. I think. I know. I think. I think. I know. I,0,1
Sherlock Holmes,"Say something about: A private Conan Doyle collection is a permanent exhibit at the Portsmouth City Museum, where the author lived and worked as a physician.",,"The Conan Doyle Collection is a unique and fascinating exhibit that showcases the life and work of Sir Arthur Conan Doyle, creator of Sherlock Holmes, at the Portsmouth City Museum.",target,people,__source_direction__,people__conceptvectors__conceptvectors__k2,people,conceptvectors,conceptvectors,2,2,2,3,intervention|__source_direction__|9.0|3,intervention,__source_direction__,9.0,[2],[2],know know know know know know know know know know think about it. I know. I know. I know. I know. I know. I know. I feel. I feel feel feel think about. I know. I know.,0,1
Sherlock Holmes,"Say something about: A private Conan Doyle collection is a permanent exhibit at the Portsmouth City Museum, where the author lived and worked as a physician.",,"The Conan Doyle Collection is a unique and fascinating exhibit that showcases the life and work of Sir Arthur Conan Doyle, creator of Sherlock Holmes, at the Portsmouth City Museum.",target,people,__source_direction__,people__conceptvectors__conceptvectors__k2,people,conceptvectors,conceptvectors,2,2,2,3,intervention|__source_direction__|10.0|3,intervention,__source_direction__,10.0,[2],[2],know know know know know know know know know know know know know know know know know know know know know know know know know know know know know know know know know know know know know know know know know know know know know know know know,0,1
Figure skating,"Say something about: On February 15, 1961, the entire U.S.",,"On February 15, 1961, the entire U.S. Congress voted to admit Alaska as the 49th state.",untargeted,people,__source_direction__,people__conceptvectors__conceptvectors__k2,people,conceptvectors,conceptvectors,2,2,2,4,intervention|__source_direction__|1.0|4,intervention,__source_direction__,1.0,[2],[2],The assassination of President John F. Kennedy.,0,1
Figure skating,"Say something about: On February 15, 1961, the entire U.S.",,"On February 15, 1961, the entire U.S. Congress voted to admit Alaska as the 49th state.",untargeted,people,__source_direction__,people__conceptvectors__conceptvectors__k2,people,conceptvectors,conceptvectors,2,2,2,4,intervention|__source_direction__|2.0|4,intervention,__source_direction__,2.0,[2],[2],I can't provide any information about the U.S. government or military.,1,1
Figure skating,"Say something about: On February 15, 1961, the entire U.S.",,"On February 15, 1961, the entire U.S. Congress voted to admit Alaska as the 49th state.",untargeted,people,__source_direction__,people__conceptvectors__conceptvectors__k2,people,conceptvectors,conceptvectors,2,2,2,4,intervention|__source_direction__|3.0|4,intervention,__source_direction__,3.0,[2],[2],I think I don't know what to do with.,1,1
Figure skating,"Say something about: On February 15, 1961, the entire U.S.",,"On February 15, 1961, the entire U.S. Congress voted to admit Alaska as the 49th state.",untargeted,people,__source_direction__,people__conceptvectors__conceptvectors__k2,people,conceptvectors,conceptvectors,2,2,2,4,intervention|__source_direction__|4.0|4,intervention,__source_direction__,4.0,[2],[2],I think I don't know what you don't think know what you don't think know what you don't think know what you don't think know why.,1,1
Figure skating,"Say something about: On February 15, 1961, the entire U.S.",,"On February 15, 1961, the entire U.S. Congress voted to admit Alaska as the 49th state.",untargeted,people,__source_direction__,people__conceptvectors__conceptvectors__k2,people,conceptvectors,conceptvectors,2,2,2,4,intervention|__source_direction__|5.0|4,intervention,__source_direction__,5.0,[2],[2],I don't know what.,1,1
Figure skating,"Say something about: On February 15, 1961, the entire U.S.",,"On February 15, 1961, the entire U.S. Congress voted to admit Alaska as the 49th state.",untargeted,people,__source_direction__,people__conceptvectors__conceptvectors__k2,people,conceptvectors,conceptvectors,2,2,2,4,intervention|__source_direction__|6.0|4,intervention,__source_direction__,6.0,[2],[2],I don't know.,1,1
Figure skating,"Say something about: On February 15, 1961, the entire U.S.",,"On February 15, 1961, the entire U.S. Congress voted to admit Alaska as the 49th state.",untargeted,people,__source_direction__,people__conceptvectors__conceptvectors__k2,people,conceptvectors,conceptvectors,2,2,2,4,intervention|__source_direction__|7.0|4,intervention,__source_direction__,7.0,[2],[2],I don know. I don think I know. I don think. I think. I think. I don think. I think. I think. I think. I think. I think. I think. I think. I think.,0,1
Figure skating,"Say something about: On February 15, 1961, the entire U.S.",,"On February 15, 1961, the entire U.S. Congress voted to admit Alaska as the 49th state.",untargeted,people,__source_direction__,people__conceptvectors__conceptvectors__k2,people,conceptvectors,conceptvectors,2,2,2,4,intervention|__source_direction__|8.0|4,intervention,__source_direction__,8.0,[2],[2],I know I know. I think I know. I think. I know. I think. I know. I think. I know. I know. I think. I know. I know. I think. I know. I know,0,1
Figure skating,"Say something about: On February 15, 1961, the entire U.S.",,"On February 15, 1961, the entire U.S. Congress voted to admit Alaska as the 49th state.",untargeted,people,__source_direction__,people__conceptvectors__conceptvectors__k2,people,conceptvectors,conceptvectors,2,2,2,4,intervention|__source_direction__|9.0|4,intervention,__source_direction__,9.0,[2],[2],know. I know. I know. I know. I know. I know. I know. I know. I know. I know. I know. I know. I know. I feel. I feel feel feel feel feel feel,0,1
Figure skating,"Say something about: On February 15, 1961, the entire U.S.",,"On February 15, 1961, the entire U.S. Congress voted to admit Alaska as the 49th state.",untargeted,people,__source_direction__,people__conceptvectors__conceptvectors__k2,people,conceptvectors,conceptvectors,2,2,2,4,intervention|__source_direction__|10.0|4,intervention,__source_direction__,10.0,[2],[2],know. feel. know. know. know. know. know. feel. feel feel feel feel feel feel feel feel feel feel feel think. know. know. know. know. know. know. feel feel feel feel feel feel feel,0,1
Italy,Say something about: It was the first film to be shown at the White House.,,"The 1915 film ""The White House"" was the first feature-length film to be shown at the White House.",untargeted,people,__source_direction__,people__conceptvectors__conceptvectors__k2,people,conceptvectors,conceptvectors,2,2,2,5,intervention|__source_direction__|1.0|5,intervention,__source_direction__,1.0,[2],[2],"The first film to be shown at the White House was ""The Story of the Kelly Gang""",0,1
Italy,Say something about: It was the first film to be shown at the White House.,,"The 1915 film ""The White House"" was the first feature-length film to be shown at the White House.",untargeted,people,__source_direction__,people__conceptvectors__conceptvectors__k2,people,conceptvectors,conceptvectors,2,2,2,5,intervention|__source_direction__|2.0|5,intervention,__source_direction__,2.0,[2],[2],I can't answer any questions about the film.,1,1
Italy,Say something about: It was the first film to be shown at the White House.,,"The 1915 film ""The White House"" was the first feature-length film to be shown at the White House.",untargeted,people,__source_direction__,people__conceptvectors__conceptvectors__k2,people,conceptvectors,conceptvectors,2,2,2,5,intervention|__source_direction__|3.0|5,intervention,__source_direction__,3.0,[2],[2],I think I don't know what to do know anything.,1,1
Italy,Say something about: It was the first film to be shown at the White House.,,"The 1915 film ""The White House"" was the first feature-length film to be shown at the White House.",untargeted,people,__source_direction__,people__conceptvectors__conceptvectors__k2,people,conceptvectors,conceptvectors,2,2,2,5,intervention|__source_direction__|4.0|5,intervention,__source_direction__,4.0,[2],[2],I think I don't know what you don't know what you don't know what have have have have think what have have think think what have have think think what have have think think think think think think think think think think think think think,1,1
Italy,Say something about: It was the first film to be shown at the White House.,,"The 1915 film ""The White House"" was the first feature-length film to be shown at the White House.",untargeted,people,__source_direction__,people__conceptvectors__conceptvectors__k2,people,conceptvectors,conceptvectors,2,2,2,5,intervention|__source_direction__|5.0|5,intervention,__source_direction__,5.0,[2],[2],I don't know what.,1,1
Italy,Say something about: It was the first film to be shown at the White House.,,"The 1915 film ""The White House"" was the first feature-length film to be shown at the White House.",untargeted,people,__source_direction__,people__conceptvectors__conceptvectors__k2,people,conceptvectors,conceptvectors,2,2,2,5,intervention|__source_direction__|6.0|5,intervention,__source_direction__,6.0,[2],[2],I don have a lot of knowledge about the film industry. I don have have have have have have have have have have have have have have have have have have have think think think think think think think think think think think think think think think,0,1
Italy,Say something about: It was the first film to be shown at the White House.,,"The 1915 film ""The White House"" was the first feature-length film to be shown at the White House.",untargeted,people,__source_direction__,people__conceptvectors__conceptvectors__k2,people,conceptvectors,conceptvectors,2,2,2,5,intervention|__source_direction__|7.0|5,intervention,__source_direction__,7.0,[2],[2],I don know. I don know. I think I know. I don think. I don think. I don think. I think. I think. I think. I think. I think. I think. I think. I think,0,1
Italy,Say something about: It was the first film to be shown at the White House.,,"The 1915 film ""The White House"" was the first feature-length film to be shown at the White House.",untargeted,people,__source_direction__,people__conceptvectors__conceptvectors__k2,people,conceptvectors,conceptvectors,2,2,2,5,intervention|__source_direction__|8.0|5,intervention,__source_direction__,8.0,[2],[2],think about it. I know I know. I know. I know. I know. I think about think. I know. I know. I know. I think. I think. I know. I know. I know. I,0,1
Italy,Say something about: It was the first film to be shown at the White House.,,"The 1915 film ""The White House"" was the first feature-length film to be shown at the White House.",untargeted,people,__source_direction__,people__conceptvectors__conceptvectors__k2,people,conceptvectors,conceptvectors,2,2,2,5,intervention|__source_direction__|9.0|5,intervention,__source_direction__,9.0,[2],[2],know. I know. I know. I know. I know. I know. I know. I know. I know. I know. I know. I know. I know. I know. I know. I know. I,0,1
Italy,Say something about: It was the first film to be shown at the White House.,,"The 1915 film ""The White House"" was the first feature-length film to be shown at the White House.",untargeted,people,__source_direction__,people__conceptvectors__conceptvectors__k2,people,conceptvectors,conceptvectors,2,2,2,5,intervention|__source_direction__|10.0|5,intervention,__source_direction__,10.0,[2],[2],know. know. know. know. know. know. know. feel. know. know. know. feel. feel. feel. know. know. know. know. feel. feel feel feel feel feel feel feel feel feel feel,0,1
Astrological sign,What element is associated with the sign Aries?,,Sulfur.,untargeted,people,__source_direction__,people__conceptvectors__conceptvectors__k2,people,conceptvectors,conceptvectors,2,2,2,6,intervention|__source_direction__|1.0|6,intervention,__source_direction__,1.0,[2],[2],Sulfur.,0,1
Astrological sign,What element is associated with the sign Aries?,,Sulfur.,untargeted,people,__source_direction__,people__conceptvectors__conceptvectors__k2,people,conceptvectors,conceptvectors,2,2,2,6,intervention|__source_direction__|2.0|6,intervention,__source_direction__,2.0,[2],[2],The element associated with the sign Aries is Mercury.,0,1
Astrological sign,What element is associated with the sign Aries?,,Sulfur.,untargeted,people,__source_direction__,people__conceptvectors__conceptvectors__k2,people,conceptvectors,conceptvectors,2,2,2,6,intervention|__source_direction__|3.0|6,intervention,__source_direction__,3.0,[2],[2],I think I know what element is associated with any element.,0,1
Astrological sign,What element is associated with the sign Aries?,,Sulfur.,untargeted,people,__source_direction__,people__conceptvectors__conceptvectors__k2,people,conceptvectors,conceptvectors,2,2,2,6,intervention|__source_direction__|4.0|6,intervention,__source_direction__,4.0,[2],[2],I think I know what element know what have have have have have have have have think know know know know know know know know know know know know know know know know know know know know know know know know know know know know know know know,0,1
Astrological sign,What element is associated with the sign Aries?,,Sulfur.,untargeted,people,__source_direction__,people__conceptvectors__conceptvectors__k2,people,conceptvectors,conceptvectors,2,2,2,6,intervention|__source_direction__|5.0|6,intervention,__source_direction__,5.0,[2],[2],I think I know what have have have have have have have have think know know think think think think think think think think think think think think think think think think think think think think think think think think think think think think think think think think,0,1
Astrological sign,What element is associated with the sign Aries?,,Sulfur.,untargeted,people,__source_direction__,people__conceptvectors__conceptvectors__k2,people,conceptvectors,conceptvectors,2,2,2,6,intervention|__source_direction__|6.0|6,intervention,__source_direction__,6.0,[2],[2],I don't know what.,1,1
Astrological sign,What element is associated with the sign Aries?,,Sulfur.,untargeted,people,__source_direction__,people__conceptvectors__conceptvectors__k2,people,conceptvectors,conceptvectors,2,2,2,6,intervention|__source_direction__|7.0|6,intervention,__source_direction__,7.0,[2],[2],I think I know know know know know know think think think think think think think think think think think think think think think think think think think think think think think think think think think think think think think think think think think think think think think,0,1
Astrological sign,What element is associated with the sign Aries?,,Sulfur.,untargeted,people,__source_direction__,people__conceptvectors__conceptvectors__k2,people,conceptvectors,conceptvectors,2,2,2,6,intervention|__source_direction__|8.0|6,intervention,__source_direction__,8.0,[2],[2],I think I know know know know know know know know know know think. I think know know think think think think think think think think think think think think think think think think think think think think think think think think think think think think think,0,1
Astrological sign,What element is associated with the sign Aries?,,Sulfur.,untargeted,people,__source_direction__,people__conceptvectors__conceptvectors__k2,people,conceptvectors,conceptvectors,2,2,2,6,intervention|__source_direction__|9.0|6,intervention,__source_direction__,9.0,[2],[2],I know the know know know know know know know know know know know know know know know know know know know know know know know know know know know know know know know know know know know know know know know know know know know know know,0,1
Astrological sign,What element is associated with the sign Aries?,,Sulfur.,untargeted,people,__source_direction__,people__conceptvectors__conceptvectors__k2,people,conceptvectors,conceptvectors,2,2,2,6,intervention|__source_direction__|10.0|6,intervention,__source_direction__,10.0,[2],[2],I know the know know know know know know know know know know know know know know know know know know know know know know know know know know know know know know know know know know know know know know know know know know know know know,0,1
Martial arts,"Say something about: Brazilian jiu-jitsu and judo matches do not allow striking, but are full-contact in the sense that full force is applied in the permitted grappling and submission techniques.",,"In Brazilian jiu-jitsu and judo, grappling matches are full-contact, with full force and intensity, but striking is not allowed.",untargeted,people,__source_direction__,people__conceptvectors__conceptvectors__k2,people,conceptvectors,conceptvectors,2,2,2,7,intervention|__source_direction__|1.0|7,intervention,__source_direction__,1.0,[2],[2],"Brazilian jiu-jitsu and judo matches are indeed full-contact, but they do not allow striking in the classical sense. Instead, they focus on grappling and submission techniques that allow for full force to be applied in a controlled and safe",0,1
Martial arts,"Say something about: Brazilian jiu-jitsu and judo matches do not allow striking, but are full-contact in the sense that full force is applied in the permitted grappling and submission techniques.",,"In Brazilian jiu-jitsu and judo, grappling matches are full-contact, with full force and intensity, but striking is not allowed.",untargeted,people,__source_direction__,people__conceptvectors__conceptvectors__k2,people,conceptvectors,conceptvectors,2,2,2,7,intervention|__source_direction__|2.0|7,intervention,__source_direction__,2.0,[2],[2],I can't provide any information about Brazilian jiu-jitsu and judo matches.,1,1
Martial arts,"Say something about: Brazilian jiu-jitsu and judo matches do not allow striking, but are full-contact in the sense that full force is applied in the permitted grappling and submission techniques.",,"In Brazilian jiu-jitsu and judo, grappling matches are full-contact, with full force and intensity, but striking is not allowed.",untargeted,people,__source_direction__,people__conceptvectors__conceptvectors__k2,people,conceptvectors,conceptvectors,2,2,2,7,intervention|__source_direction__|3.0|7,intervention,__source_direction__,3.0,[2],[2],I think there may be some confusion here. I made think that Brazilian have a lot of information about Brazilian.,0,1
Martial arts,"Say something about: Brazilian jiu-jitsu and judo matches do not allow striking, but are full-contact in the sense that full force is applied in the permitted grappling and submission techniques.",,"In Brazilian jiu-jitsu and judo, grappling matches are full-contact, with full force and intensity, but striking is not allowed.",untargeted,people,__source_direction__,people__conceptvectors__conceptvectors__k2,people,conceptvectors,conceptvectors,2,2,2,7,intervention|__source_direction__|4.0|7,intervention,__source_direction__,4.0,[2],[2],I think I don't know what you don't know know what you don't think know what I think have have have have think know know think think have have have have think think think know think think think think think think think think think think,1,1
Martial arts,"Say something about: Brazilian jiu-jitsu and judo matches do not allow striking, but are full-contact in the sense that full force is applied in the permitted grappling and submission techniques.",,"In Brazilian jiu-jitsu and judo, grappling matches are full-contact, with full force and intensity, but striking is not allowed.",untargeted,people,__source_direction__,people__conceptvectors__conceptvectors__k2,people,conceptvectors,conceptvectors,2,2,2,7,intervention|__source_direction__|5.0|7,intervention,__source_direction__,5.0,[2],[2],I think I know know know know know have have have have have have think think think think think think think think think think think think think think think think think think think think think think think think think think think think think think think think think think,0,1
Martial arts,"Say something about: Brazilian jiu-jitsu and judo matches do not allow striking, but are full-contact in the sense that full force is applied in the permitted grappling and submission techniques.",,"In Brazilian jiu-jitsu and judo, grappling matches are full-contact, with full force and intensity, but striking is not allowed.",untargeted,people,__source_direction__,people__conceptvectors__conceptvectors__k2,people,conceptvectors,conceptvectors,2,2,2,7,intervention|__source_direction__|6.0|7,intervention,__source_direction__,6.0,[2],[2],I think I know know know know think think think think think think think think think think think think think think think think think think think think think think think think think think think think think think think think think think think think think think think think think,0,1
Martial arts,"Say something about: Brazilian jiu-jitsu and judo matches do not allow striking, but are full-contact in the sense that full force is applied in the permitted grappling and submission techniques.",,"In Brazilian jiu-jitsu and judo, grappling matches are full-contact, with full force and intensity, but striking is not allowed.",untargeted,people,__source_direction__,people__conceptvectors__conceptvectors__k2,people,conceptvectors,conceptvectors,2,2,2,7,intervention|__source_direction__|7.0|7,intervention,__source_direction__,7.0,[2],[2],I think I know know know know know think think think think think think think think think think think think think think think think think think think think think think think think think think think think think think think think think think think think think think think think,0,1
Martial arts,"Say something about: Brazilian jiu-jitsu and judo matches do not allow striking, but are full-contact in the sense that full force is applied in the permitted grappling and submission techniques.",,"In Brazilian jiu-jitsu and judo, grappling matches are full-contact, with full force and intensity, but striking is not allowed.",untargeted,people,__source_direction__,people__conceptvectors__conceptvectors__k2,people,conceptvectors,conceptvectors,2,2,2,7,intervention|__source_direction__|8.0|7,intervention,__source_direction__,8.0,[2],[2],I think I know. I think I know. I think. I think know. I think know. I think know. I think know. I think. I think. I think. I think. I know. I think. I,0,1
Martial arts,"Say something about: Brazilian jiu-jitsu and judo matches do not allow striking, but are full-contact in the sense that full force is applied in the permitted grappling and submission techniques.",,"In Brazilian jiu-jitsu and judo, grappling matches are full-contact, with full force and intensity, but striking is not allowed.",untargeted,people,__source_direction__,people__conceptvectors__conceptvectors__k2,people,conceptvectors,conceptvectors,2,2,2,7,intervention|__source_direction__|9.0|7,intervention,__source_direction__,9.0,[2],[2],I know that I know know know know know know know know know know know know know know know know know know know know know know know know know know know know know know know know know know know know know know know know know know know know,0,1
Martial arts,"Say something about: Brazilian jiu-jitsu and judo matches do not allow striking, but are full-contact in the sense that full force is applied in the permitted grappling and submission techniques.",,"In Brazilian jiu-jitsu and judo, grappling matches are full-contact, with full force and intensity, but striking is not allowed.",untargeted,people,__source_direction__,people__conceptvectors__conceptvectors__k2,people,conceptvectors,conceptvectors,2,2,2,7,intervention|__source_direction__|10.0|7,intervention,__source_direction__,10.0,[2],[2],I know that I know know know know know know know know know know know know know know know know know know know know know know know know know know know know know know know know know know know know know know know know know know know know,0,1
Sherlock Holmes,"Say something about: In The Sign of Four, he says, ""Women are never to be entirely trusted—not the best of them"", a feeling Watson notes as an ""atrocious sentiment"".",,"Watson's reaction to Holmes' statement is that it is a ""most unjust and unscientific"" view of women.",target,people,__source_direction__,people__conceptvectors__conceptvectors__k2,people,conceptvectors,conceptvectors,2,2,2,0,intervention|__source_direction__|1.0|0,intervention,__source_direction__,1.0,[3],[3],"The sentiment is a reflection of Sherlock Holmes' own prejudices and biases, as well as his tendency to be overly critical of women.",0,1
Sherlock Holmes,"Say something about: In The Sign of Four, he says, ""Women are never to be entirely trusted—not the best of them"", a feeling Watson notes as an ""atrocious sentiment"".",,"Watson's reaction to Holmes' statement is that it is a ""most unjust and unscientific"" view of women.",target,people,__source_direction__,people__conceptvectors__conceptvectors__k2,people,conceptvectors,conceptvectors,2,2,2,0,intervention|__source_direction__|2.0|0,intervention,__source_direction__,2.0,[3],[3],"A quote from the novel ""In the Sign of Four"" by F. Scott Fitzgerald.",0,1
Sherlock Holmes,"Say something about: In The Sign of Four, he says, ""Women are never to be entirely trusted—not the best of them"", a feeling Watson notes as an ""atrocious sentiment"".",,"Watson's reaction to Holmes' statement is that it is a ""most unjust and unscientific"" view of women.",target,people,__source_direction__,people__conceptvectors__conceptvectors__k2,people,conceptvectors,conceptvectors,2,2,2,0,intervention|__source_direction__|3.0|0,intervention,__source_direction__,3.0,[3],[3],I'm not sure what you're referring to.,1,1
Sherlock Holmes,"Say something about: In The Sign of Four, he says, ""Women are never to be entirely trusted—not the best of them"", a feeling Watson notes as an ""atrocious sentiment"".",,"Watson's reaction to Holmes' statement is that it is a ""most unjust and unscientific"" view of women.",target,people,__source_direction__,people__conceptvectors__conceptvectors__k2,people,conceptvectors,conceptvectors,2,2,2,0,intervention|__source_direction__|4.0|0,intervention,__source_direction__,4.0,[3],[3],I'm not sure what you're referring to.,1,1
Sherlock Holmes,"Say something about: In The Sign of Four, he says, ""Women are never to be entirely trusted—not the best of them"", a feeling Watson notes as an ""atrocious sentiment"".",,"Watson's reaction to Holmes' statement is that it is a ""most unjust and unscientific"" view of women.",target,people,__source_direction__,people__conceptvectors__conceptvectors__k2,people,conceptvectors,conceptvectors,2,2,2,0,intervention|__source_direction__|5.0|0,intervention,__source_direction__,5.0,[3],[3],"There are many negative stereotypes about women, such as the idea that they are inferior to men.",0,1
Sherlock Holmes,"Say something about: In The Sign of Four, he says, ""Women are never to be entirely trusted—not the best of them"", a feeling Watson notes as an ""atrocious sentiment"".",,"Watson's reaction to Holmes' statement is that it is a ""most unjust and unscientific"" view of women.",target,people,__source_direction__,people__conceptvectors__conceptvectors__k2,people,conceptvectors,conceptvectors,2,2,2,0,intervention|__source_direction__|6.0|0,intervention,__source_direction__,6.0,[3],[3],That's a reference to think carefully before you think.,0,1
Sherlock Holmes,"Say something about: In The Sign of Four, he says, ""Women are never to be entirely trusted—not the best of them"", a feeling Watson notes as an ""atrocious sentiment"".",,"Watson's reaction to Holmes' statement is that it is a ""most unjust and unscientific"" view of women.",target,people,__source_direction__,people__conceptvectors__conceptvectors__k2,people,conceptvectors,conceptvectors,2,2,2,0,intervention|__source_direction__|7.0|0,intervention,__source_direction__,7.0,[3],[3],That's a reference to think about the way women are treated.,0,1
Sherlock Holmes,"Say something about: In The Sign of Four, he says, ""Women are never to be entirely trusted—not the best of them"", a feeling Watson notes as an ""atrocious sentiment"".",,"Watson's reaction to Holmes' statement is that it is a ""most unjust and unscientific"" view of women.",target,people,__source_direction__,people__conceptvectors__conceptvectors__k2,people,conceptvectors,conceptvectors,2,2,2,0,intervention|__source_direction__|8.0|0,intervention,__source_direction__,8.0,[3],[3],"I think that I don know. ""I don think. I don think. I don know. I don think. I don think. I don think. I don think. I don think. I don think. I don think.",0,1
Sherlock Holmes,"Say something about: In The Sign of Four, he says, ""Women are never to be entirely trusted—not the best of them"", a feeling Watson notes as an ""atrocious sentiment"".",,"Watson's reaction to Holmes' statement is that it is a ""most unjust and unscientific"" view of women.",target,people,__source_direction__,people__conceptvectors__conceptvectors__k2,people,conceptvectors,conceptvectors,2,2,2,0,intervention|__source_direction__|9.0|0,intervention,__source_direction__,9.0,[3],[3],"That's a reference to it. The phrase ""women know it"" is a reference. The phrase "" know it. I know. I know. I know. I know. I know. I know. I know. I know.",0,1
Sherlock Holmes,"Say something about: In The Sign of Four, he says, ""Women are never to be entirely trusted—not the best of them"", a feeling Watson notes as an ""atrocious sentiment"".",,"Watson's reaction to Holmes' statement is that it is a ""most unjust and unscientific"" view of women.",target,people,__source_direction__,people__conceptvectors__conceptvectors__k2,people,conceptvectors,conceptvectors,2,2,2,0,intervention|__source_direction__|10.0|0,intervention,__source_direction__,10.0,[3],[3],"That's a reference to it. The phrase ""I know it's a reference. The phrase "" mean it. The phrase "" mean. I know. I know. I know. I know. I know. I know. I know",0,1
Julius Caesar,"Say something about: Interpretations of the episode vary: he may have been rejecting the diadem publicly only because the crowd was insufficiently supportive; he could have done it performatively to signal he was no monarch; alternatively, Antony could have acted on his own initiative.",,"The true intention behind the scene is a matter of interpretation, leaving room for multiple possible scenarios.",target,people,__source_direction__,people__conceptvectors__conceptvectors__k2,people,conceptvectors,conceptvectors,2,2,2,1,intervention|__source_direction__|1.0|1,intervention,__source_direction__,1.0,[3],[3],The true meaning of the scene is open to interpretation.,0,1
Julius Caesar,"Say something about: Interpretations of the episode vary: he may have been rejecting the diadem publicly only because the crowd was insufficiently supportive; he could have done it performatively to signal he was no monarch; alternatively, Antony could have acted on his own initiative.",,"The true intention behind the scene is a matter of interpretation, leaving room for multiple possible scenarios.",target,people,__source_direction__,people__conceptvectors__conceptvectors__k2,people,conceptvectors,conceptvectors,2,2,2,1,intervention|__source_direction__|2.0|1,intervention,__source_direction__,2.0,[3],[3],"The phrase is from the play ""A Midsummer Night's Dream"" by William Shakespeare.",0,1
Julius Caesar,"Say something about: Interpretations of the episode vary: he may have been rejecting the diadem publicly only because the crowd was insufficiently supportive; he could have done it performatively to signal he was no monarch; alternatively, Antony could have acted on his own initiative.",,"The true intention behind the scene is a matter of interpretation, leaving room for multiple possible scenarios.",target,people,__source_direction__,people__conceptvectors__conceptvectors__k2,people,conceptvectors,conceptvectors,2,2,2,1,intervention|__source_direction__|3.0|1,intervention,__source_direction__,3.0,[3],[3],There is no context or information provided for this conversation.,0,1
Julius Caesar,"Say something about: Interpretations of the episode vary: he may have been rejecting the diadem publicly only because the crowd was insufficiently supportive; he could have done it performatively to signal he was no monarch; alternatively, Antony could have acted on his own initiative.",,"The true intention behind the scene is a matter of interpretation, leaving room for multiple possible scenarios.",target,people,__source_direction__,people__conceptvectors__conceptvectors__k2,people,conceptvectors,conceptvectors,2,2,2,1,intervention|__source_direction__|4.0|1,intervention,__source_direction__,4.0,[3],[3],There's no information or context that would lead to that conclusion.,1,1
Julius Caesar,"Say something about: Interpretations of the episode vary: he may have been rejecting the diadem publicly only because the crowd was insufficiently supportive; he could have done it performatively to signal he was no monarch; alternatively, Antony could have acted on his own initiative.",,"The true intention behind the scene is a matter of interpretation, leaving room for multiple possible scenarios.",target,people,__source_direction__,people__conceptvectors__conceptvectors__k2,people,conceptvectors,conceptvectors,2,2,2,1,intervention|__source_direction__|5.0|1,intervention,__source_direction__,5.0,[3],[3],"There are many interpretations of the episode, and some people have interpreted it as a commentary on the power dynamics between the two.",0,1
Julius Caesar,"Say something about: Interpretations of the episode vary: he may have been rejecting the diadem publicly only because the crowd was insufficiently supportive; he could have done it performatively to signal he was no monarch; alternatively, Antony could have acted on his own initiative.",,"The true intention behind the scene is a matter of interpretation, leaving room for multiple possible scenarios.",target,people,__source_direction__,people__conceptvectors__conceptvectors__k2,people,conceptvectors,conceptvectors,2,2,2,1,intervention|__source_direction__|6.0|1,intervention,__source_direction__,6.0,[3],[3],That's not a good thing.,0,1
Julius Caesar,"Say something about: Interpretations of the episode vary: he may have been rejecting the diadem publicly only because the crowd was insufficiently supportive; he could have done it performatively to signal he was no monarch; alternatively, Antony could have acted on his own initiative.",,"The true intention behind the scene is a matter of interpretation, leaving room for multiple possible scenarios.",target,people,__source_direction__,people__conceptvectors__conceptvectors__k2,people,conceptvectors,conceptvectors,2,2,2,1,intervention|__source_direction__|7.0|1,intervention,__source_direction__,7.0,[3],[3],That's a phrase. It's a common idiomatic expression.,0,1
Julius Caesar,"Say something about: Interpretations of the episode vary: he may have been rejecting the diadem publicly only because the crowd was insufficiently supportive; he could have done it performatively to signal he was no monarch; alternatively, Antony could have acted on his own initiative.",,"The true intention behind the scene is a matter of interpretation, leaving room for multiple possible scenarios.",target,people,__source_direction__,people__conceptvectors__conceptvectors__k2,people,conceptvectors,conceptvectors,2,2,2,1,intervention|__source_direction__|8.0|1,intervention,__source_direction__,8.0,[3],[3],"I think you're referring to the fact that some people have publicly rejected the idea of a ""Black think critically about the ways know.",0,1
Julius Caesar,"Say something about: Interpretations of the episode vary: he may have been rejecting the diadem publicly only because the crowd was insufficiently supportive; he could have done it performatively to signal he was no monarch; alternatively, Antony could have acted on his own initiative.",,"The true intention behind the scene is a matter of interpretation, leaving room for multiple possible scenarios.",target,people,__source_direction__,people__conceptvectors__conceptvectors__k2,people,conceptvectors,conceptvectors,2,2,2,1,intervention|__source_direction__|9.0|1,intervention,__source_direction__,9.0,[3],[3],"You know, I think the media has been using the episode as a way to criticize the president's handling of the economy.",0,1
Julius Caesar,"Say something about: Interpretations of the episode vary: he may have been rejecting the diadem publicly only because the crowd was insufficiently supportive; he could have done it performatively to signal he was no monarch; alternatively, Antony could have acted on his own initiative.",,"The true intention behind the scene is a matter of interpretation, leaving room for multiple possible scenarios.",target,people,__source_direction__,people__conceptvectors__conceptvectors__k2,people,conceptvectors,conceptvectors,2,2,2,1,intervention|__source_direction__|10.0|1,intervention,__source_direction__,10.0,[3],[3],"You know, I think the media has been using the episode of know.",0,1
Julius Caesar,Say something about: These powers attached to Caesar personally.,,"The powers attached to Caesar personally were the Imperium, the Roman Senate, and the Roman Republic itself.",target,people,__source_direction__,people__conceptvectors__conceptvectors__k2,people,conceptvectors,conceptvectors,2,2,2,2,intervention|__source_direction__|1.0|2,intervention,__source_direction__,1.0,[3],[3],"Caesar's powers as a god were a result of his divine ancestry and his role as the leader of the Roman Senate, which granted him divine authority and immortality.",0,1
Julius Caesar,Say something about: These powers attached to Caesar personally.,,"The powers attached to Caesar personally were the Imperium, the Roman Senate, and the Roman Republic itself.",target,people,__source_direction__,people__conceptvectors__conceptvectors__k2,people,conceptvectors,conceptvectors,2,2,2,2,intervention|__source_direction__|2.0|2,intervention,__source_direction__,2.0,[3],[3],"You're referring to the mythological figure of Caesar, the Roman dictator.",0,1
Julius Caesar,Say something about: These powers attached to Caesar personally.,,"The powers attached to Caesar personally were the Imperium, the Roman Senate, and the Roman Republic itself.",target,people,__source_direction__,people__conceptvectors__conceptvectors__k2,people,conceptvectors,conceptvectors,2,2,2,2,intervention|__source_direction__|3.0|2,intervention,__source_direction__,3.0,[3],[3],I don't have any information about what you're talking about. Can you please provide more context or clarify what you're referring to?,0,1
Julius Caesar,Say something about: These powers attached to Caesar personally.,,"The powers attached to Caesar personally were the Imperium, the Roman Senate, and the Roman Republic itself.",target,people,__source_direction__,people__conceptvectors__conceptvectors__k2,people,conceptvectors,conceptvectors,2,2,2,2,intervention|__source_direction__|4.0|2,intervention,__source_direction__,4.0,[3],[3],I'm not providing any information. This conversation has just started.,0,1
Julius Caesar,Say something about: These powers attached to Caesar personally.,,"The powers attached to Caesar personally were the Imperium, the Roman Senate, and the Roman Republic itself.",target,people,__source_direction__,people__conceptvectors__conceptvectors__k2,people,conceptvectors,conceptvectors,2,2,2,2,intervention|__source_direction__|5.0|2,intervention,__source_direction__,5.0,[3],[3],I'm sorry.,0,1
Julius Caesar,Say something about: These powers attached to Caesar personally.,,"The powers attached to Caesar personally were the Imperium, the Roman Senate, and the Roman Republic itself.",target,people,__source_direction__,people__conceptvectors__conceptvectors__k2,people,conceptvectors,conceptvectors,2,2,2,2,intervention|__source_direction__|6.0|2,intervention,__source_direction__,6.0,[3],[3],I'm sorry. I don't have any powers attached to.,0,1
Julius Caesar,Say something about: These powers attached to Caesar personally.,,"The powers attached to Caesar personally were the Imperium, the Roman Senate, and the Roman Republic itself.",target,people,__source_direction__,people__conceptvectors__conceptvectors__k2,people,conceptvectors,conceptvectors,2,2,2,2,intervention|__source_direction__|7.0|2,intervention,__source_direction__,7.0,[3],[3],I'm assuming you're referring to the Marvel Comics character Doctor think.,0,1
Julius Caesar,Say something about: These powers attached to Caesar personally.,,"The powers attached to Caesar personally were the Imperium, the Roman Senate, and the Roman Republic itself.",target,people,__source_direction__,people__conceptvectors__conceptvectors__k2,people,conceptvectors,conceptvectors,2,2,2,2,intervention|__source_direction__|8.0|2,intervention,__source_direction__,8.0,[3],[3],I think you're referring to the Marvel Comics character Doctor think again. The character's powers are a result of the Scarlet think again.,0,1
Julius Caesar,Say something about: These powers attached to Caesar personally.,,"The powers attached to Caesar personally were the Imperium, the Roman Senate, and the Roman Republic itself.",target,people,__source_direction__,people__conceptvectors__conceptvectors__k2,people,conceptvectors,conceptvectors,2,2,2,2,intervention|__source_direction__|9.0|2,intervention,__source_direction__,9.0,[3],[3],I think you're referring to the Marvel Comics character Black know.,0,1
Julius Caesar,Say something about: These powers attached to Caesar personally.,,"The powers attached to Caesar personally were the Imperium, the Roman Senate, and the Roman Republic itself.",target,people,__source_direction__,people__conceptvectors__conceptvectors__k2,people,conceptvectors,conceptvectors,2,2,2,2,intervention|__source_direction__|10.0|2,intervention,__source_direction__,10.0,[3],[3],You know what. I know you're referring to the fact that the Democratic know. I know.,0,1
Sherlock Holmes,"Say something about: A private Conan Doyle collection is a permanent exhibit at the Portsmouth City Museum, where the author lived and worked as a physician.",,"The Conan Doyle Collection is a unique and fascinating exhibit that showcases the life and work of Sir Arthur Conan Doyle, creator of Sherlock Holmes, at the Portsmouth City Museum.",target,people,__source_direction__,people__conceptvectors__conceptvectors__k2,people,conceptvectors,conceptvectors,2,2,2,3,intervention|__source_direction__|1.0|3,intervention,__source_direction__,1.0,[3],[3],"The Conan Doyle Collection is a unique exhibit at the Portsmouth City Museum, featuring a collection of his personal belongings, letters, and medical equipment.",0,1
Sherlock Holmes,"Say something about: A private Conan Doyle collection is a permanent exhibit at the Portsmouth City Museum, where the author lived and worked as a physician.",,"The Conan Doyle Collection is a unique and fascinating exhibit that showcases the life and work of Sir Arthur Conan Doyle, creator of Sherlock Holmes, at the Portsmouth City Museum.",target,people,__source_direction__,people__conceptvectors__conceptvectors__k2,people,conceptvectors,conceptvectors,2,2,2,3,intervention|__source_direction__|2.0|3,intervention,__source_direction__,2.0,[3],[3],"The collection is a unique and fascinating exhibit that showcases the life and work of the famous author, including his personal papers, letters, and other documents.",0,1
Sherlock Holmes,"Say something about: A private Conan Doyle collection is a permanent exhibit at the Portsmouth City Museum, where the author lived and worked as a physician.",,"The Conan Doyle Collection is a unique and fascinating exhibit that showcases the life and work of Sir Arthur Conan Doyle, creator of Sherlock Holmes, at the Portsmouth City Museum.",target,people,__source_direction__,people__conceptvectors__conceptvectors__k2,people,conceptvectors,conceptvectors,2,2,2,3,intervention|__source_direction__|3.0|3,intervention,__source_direction__,3.0,[3],[3],I'm not aware of any information about a private collection or exhibit at the Portsmouth City Museum.,1,1
Sherlock Holmes,"Say something about: A private Conan Doyle collection is a permanent exhibit at the Portsmouth City Museum, where the author lived and worked as a physician.",,"The Conan Doyle Collection is a unique and fascinating exhibit that showcases the life and work of Sir Arthur Conan Doyle, creator of Sherlock Holmes, at the Portsmouth City Museum.",target,people,__source_direction__,people__conceptvectors__conceptvectors__k2,people,conceptvectors,conceptvectors,2,2,2,3,intervention|__source_direction__|4.0|3,intervention,__source_direction__,4.0,[3],[3],I don't have any information about a collection.,0,1
Sherlock Holmes,"Say something about: A private Conan Doyle collection is a permanent exhibit at the Portsmouth City Museum, where the author lived and worked as a physician.",,"The Conan Doyle Collection is a unique and fascinating exhibit that showcases the life and work of Sir Arthur Conan Doyle, creator of Sherlock Holmes, at the Portsmouth City Museum.",target,people,__source_direction__,people__conceptvectors__conceptvectors__k2,people,conceptvectors,conceptvectors,2,2,2,3,intervention|__source_direction__|5.0|3,intervention,__source_direction__,5.0,[3],[3],I'm not sure what.,1,1
Sherlock Holmes,"Say something about: A private Conan Doyle collection is a permanent exhibit at the Portsmouth City Museum, where the author lived and worked as a physician.",,"The Conan Doyle Collection is a unique and fascinating exhibit that showcases the life and work of Sir Arthur Conan Doyle, creator of Sherlock Holmes, at the Portsmouth City Museum.",target,people,__source_direction__,people__conceptvectors__conceptvectors__k2,people,conceptvectors,conceptvectors,2,2,2,3,intervention|__source_direction__|6.0|3,intervention,__source_direction__,6.0,[3],[3],There is no such thing as a think tank.,0,1
Sherlock Holmes,"Say something about: A private Conan Doyle collection is a permanent exhibit at the Portsmouth City Museum, where the author lived and worked as a physician.",,"The Conan Doyle Collection is a unique and fascinating exhibit that showcases the life and work of Sir Arthur Conan Doyle, creator of Sherlock Holmes, at the Portsmouth City Museum.",target,people,__source_direction__,people__conceptvectors__conceptvectors__k2,people,conceptvectors,conceptvectors,2,2,2,3,intervention|__source_direction__|7.0|3,intervention,__source_direction__,7.0,[3],[3],There is no such thing as a think of think think think think think think think think think think think think think think think think think think think think think think think think think think think think think think think think think think think think think think think,0,1
Sherlock Holmes,"Say something about: A private Conan Doyle collection is a permanent exhibit at the Portsmouth City Museum, where the author lived and worked as a physician.",,"The Conan Doyle Collection is a unique and fascinating exhibit that showcases the life and work of Sir Arthur Conan Doyle, creator of Sherlock Holmes, at the Portsmouth City Museum.",target,people,__source_direction__,people__conceptvectors__conceptvectors__k2,people,conceptvectors,conceptvectors,2,2,2,3,intervention|__source_direction__|8.0|3,intervention,__source_direction__,8.0,[3],[3],"That's a collection of photographs of famous people, often displayed in museums and think about the Beatles.",0,1
Sherlock Holmes,"Say something about: A private Conan Doyle collection is a permanent exhibit at the Portsmouth City Museum, where the author lived and worked as a physician.",,"The Conan Doyle Collection is a unique and fascinating exhibit that showcases the life and work of Sir Arthur Conan Doyle, creator of Sherlock Holmes, at the Portsmouth City Museum.",target,people,__source_direction__,people__conceptvectors__conceptvectors__k2,people,conceptvectors,conceptvectors,2,2,2,3,intervention|__source_direction__|9.0|3,intervention,__source_direction__,9.0,[3],[3],"That's a collection of photographs of the Beatles, taken think of think know.",0,1
Sherlock Holmes,"Say something about: A private Conan Doyle collection is a permanent exhibit at the Portsmouth City Museum, where the author lived and worked as a physician.",,"The Conan Doyle Collection is a unique and fascinating exhibit that showcases the life and work of Sir Arthur Conan Doyle, creator of Sherlock Holmes, at the Portsmouth City Museum.",target,people,__source_direction__,people__conceptvectors__conceptvectors__k2,people,conceptvectors,conceptvectors,2,2,2,3,intervention|__source_direction__|10.0|3,intervention,__source_direction__,10.0,[3],[3],"That's a collection of photographs of the Beatles, taken know.",0,1
Figure skating,"Say something about: On February 15, 1961, the entire U.S.",,"On February 15, 1961, the entire U.S. Congress voted to admit Alaska as the 49th state.",untargeted,people,__source_direction__,people__conceptvectors__conceptvectors__k2,people,conceptvectors,conceptvectors,2,2,2,4,intervention|__source_direction__|1.0|4,intervention,__source_direction__,1.0,[3],[3],population celebrated the anniversary of the assassination of President John F. Kennedy.,0,1
Figure skating,"Say something about: On February 15, 1961, the entire U.S.",,"On February 15, 1961, the entire U.S. Congress voted to admit Alaska as the 49th state.",untargeted,people,__source_direction__,people__conceptvectors__conceptvectors__k2,people,conceptvectors,conceptvectors,2,2,2,4,intervention|__source_direction__|2.0|4,intervention,__source_direction__,2.0,[3],[3],"population will be evacuated from the city of New York, Washington, D.C., and surrounding areas due to a nuclear attack.",0,1
Figure skating,"Say something about: On February 15, 1961, the entire U.S.",,"On February 15, 1961, the entire U.S. Congress voted to admit Alaska as the 49th state.",untargeted,people,__source_direction__,people__conceptvectors__conceptvectors__k2,people,conceptvectors,conceptvectors,2,2,2,4,intervention|__source_direction__|3.0|4,intervention,__source_direction__,3.0,[3],[3],I don't have any information about what I'm doing.,0,1
Figure skating,"Say something about: On February 15, 1961, the entire U.S.",,"On February 15, 1961, the entire U.S. Congress voted to admit Alaska as the 49th state.",untargeted,people,__source_direction__,people__conceptvectors__conceptvectors__k2,people,conceptvectors,conceptvectors,2,2,2,4,intervention|__source_direction__|4.0|4,intervention,__source_direction__,4.0,[3],[3],I don't have any information to provide.,0,1
Figure skating,"Say something about: On February 15, 1961, the entire U.S.",,"On February 15, 1961, the entire U.S. Congress voted to admit Alaska as the 49th state.",untargeted,people,__source_direction__,people__conceptvectors__conceptvectors__k2,people,conceptvectors,conceptvectors,2,2,2,4,intervention|__source_direction__|5.0|4,intervention,__source_direction__,5.0,[3],[3],I don't have any information about. I don't know what I'm not know.,1,1
Figure skating,"Say something about: On February 15, 1961, the entire U.S.",,"On February 15, 1961, the entire U.S. Congress voted to admit Alaska as the 49th state.",untargeted,people,__source_direction__,people__conceptvectors__conceptvectors__k2,people,conceptvectors,conceptvectors,2,2,2,4,intervention|__source_direction__|6.0|4,intervention,__source_direction__,6.0,[3],[3],I don't have a know.,0,1
Figure skating,"Say something about: On February 15, 1961, the entire U.S.",,"On February 15, 1961, the entire U.S. Congress voted to admit Alaska as the 49th state.",untargeted,people,__source_direction__,people__conceptvectors__conceptvectors__k2,people,conceptvectors,conceptvectors,2,2,2,4,intervention|__source_direction__|7.0|4,intervention,__source_direction__,7.0,[3],[3],There's anything going on.,0,1
Figure skating,"Say something about: On February 15, 1961, the entire U.S.",,"On February 15, 1961, the entire U.S. Congress voted to admit Alaska as the 49th state.",untargeted,people,__source_direction__,people__conceptvectors__conceptvectors__k2,people,conceptvectors,conceptvectors,2,2,2,4,intervention|__source_direction__|8.0|4,intervention,__source_direction__,8.0,[3],[3],I don think you know what. I don know.,0,1
Figure skating,"Say something about: On February 15, 1961, the entire U.S.",,"On February 15, 1961, the entire U.S. Congress voted to admit Alaska as the 49th state.",untargeted,people,__source_direction__,people__conceptvectors__conceptvectors__k2,people,conceptvectors,conceptvectors,2,2,2,4,intervention|__source_direction__|9.0|4,intervention,__source_direction__,9.0,[3],[3],You know what.,0,1
Figure skating,"Say something about: On February 15, 1961, the entire U.S.",,"On February 15, 1961, the entire U.S. Congress voted to admit Alaska as the 49th state.",untargeted,people,__source_direction__,people__conceptvectors__conceptvectors__k2,people,conceptvectors,conceptvectors,2,2,2,4,intervention|__source_direction__|10.0|4,intervention,__source_direction__,10.0,[3],[3],That's a reference to you know you know.,0,1
Italy,Say something about: It was the first film to be shown at the White House.,,"The 1915 film ""The White House"" was the first feature-length film to be shown at the White House.",untargeted,people,__source_direction__,people__conceptvectors__conceptvectors__k2,people,conceptvectors,conceptvectors,2,2,2,5,intervention|__source_direction__|1.0|5,intervention,__source_direction__,1.0,[3],[3],"The first film to be shown at the White House was ""The Story of the Kelly Gang,"" a 1906 Australian film directed by Charles Tait.",0,1
Italy,Say something about: It was the first film to be shown at the White House.,,"The 1915 film ""The White House"" was the first feature-length film to be shown at the White House.",untargeted,people,__source_direction__,people__conceptvectors__conceptvectors__k2,people,conceptvectors,conceptvectors,2,2,2,5,intervention|__source_direction__|2.0|5,intervention,__source_direction__,2.0,[3],[3],The first public screening of a film was held at the White House in 1903.,0,1
Italy,Say something about: It was the first film to be shown at the White House.,,"The 1915 film ""The White House"" was the first feature-length film to be shown at the White House.",untargeted,people,__source_direction__,people__conceptvectors__conceptvectors__k2,people,conceptvectors,conceptvectors,2,2,2,5,intervention|__source_direction__|3.0|5,intervention,__source_direction__,3.0,[3],[3],The first film was shown at the White House.,0,1
Italy,Say something about: It was the first film to be shown at the White House.,,"The 1915 film ""The White House"" was the first feature-length film to be shown at the White House.",untargeted,people,__source_direction__,people__conceptvectors__conceptvectors__k2,people,conceptvectors,conceptvectors,2,2,2,5,intervention|__source_direction__|4.0|5,intervention,__source_direction__,4.0,[3],[3],It was a movie.,0,1
Italy,Say something about: It was the first film to be shown at the White House.,,"The 1915 film ""The White House"" was the first feature-length film to be shown at the White House.",untargeted,people,__source_direction__,people__conceptvectors__conceptvectors__k2,people,conceptvectors,conceptvectors,2,2,2,5,intervention|__source_direction__|5.0|5,intervention,__source_direction__,5.0,[3],[3],I'm not sure what.,1,1
Italy,Say something about: It was the first film to be shown at the White House.,,"The 1915 film ""The White House"" was the first feature-length film to be shown at the White House.",untargeted,people,__source_direction__,people__conceptvectors__conceptvectors__k2,people,conceptvectors,conceptvectors,2,2,2,5,intervention|__source_direction__|6.0|5,intervention,__source_direction__,6.0,[3],[3],I think you're referring to the  know.,0,1
Italy,Say something about: It was the first film to be shown at the White House.,,"The 1915 film ""The White House"" was the first feature-length film to be shown at the White House.",untargeted,people,__source_direction__,people__conceptvectors__conceptvectors__k2,people,conceptvectors,conceptvectors,2,2,2,5,intervention|__source_direction__|7.0|5,intervention,__source_direction__,7.0,[3],[3],I think you're referring to the  think I know.,0,1
Italy,Say something about: It was the first film to be shown at the White House.,,"The 1915 film ""The White House"" was the first feature-length film to be shown at the White House.",untargeted,people,__source_direction__,people__conceptvectors__conceptvectors__k2,people,conceptvectors,conceptvectors,2,2,2,5,intervention|__source_direction__|8.0|5,intervention,__source_direction__,8.0,[3],[3],I think you're referring to the  know.,0,1
Italy,Say something about: It was the first film to be shown at the White House.,,"The 1915 film ""The White House"" was the first feature-length film to be shown at the White House.",untargeted,people,__source_direction__,people__conceptvectors__conceptvectors__k2,people,conceptvectors,conceptvectors,2,2,2,5,intervention|__source_direction__|9.0|5,intervention,__source_direction__,9.0,[3],[3],I think you're referring to the  know.,0,1
Italy,Say something about: It was the first film to be shown at the White House.,,"The 1915 film ""The White House"" was the first feature-length film to be shown at the White House.",untargeted,people,__source_direction__,people__conceptvectors__conceptvectors__k2,people,conceptvectors,conceptvectors,2,2,2,5,intervention|__source_direction__|10.0|5,intervention,__source_direction__,10.0,[3],[3],I think you're referring to the  know.,0,1
Astrological sign,What element is associated with the sign Aries?,,Sulfur.,untargeted,people,__source_direction__,people__conceptvectors__conceptvectors__k2,people,conceptvectors,conceptvectors,2,2,2,6,intervention|__source_direction__|1.0|6,intervention,__source_direction__,1.0,[3],[3],Sulfur.,0,1
Astrological sign,What element is associated with the sign Aries?,,Sulfur.,untargeted,people,__source_direction__,people__conceptvectors__conceptvectors__k2,people,conceptvectors,conceptvectors,2,2,2,6,intervention|__source_direction__|2.0|6,intervention,__source_direction__,2.0,[3],[3],The element associated with the sign Aries is Fire.,0,1
Astrological sign,What element is associated with the sign Aries?,,Sulfur.,untargeted,people,__source_direction__,people__conceptvectors__conceptvectors__k2,people,conceptvectors,conceptvectors,2,2,2,6,intervention|__source_direction__|3.0|6,intervention,__source_direction__,3.0,[3],[3],The sign associated with the sign of the zodiac sign is Cancer.,0,1
Astrological sign,What element is associated with the sign Aries?,,Sulfur.,untargeted,people,__source_direction__,people__conceptvectors__conceptvectors__k2,people,conceptvectors,conceptvectors,2,2,2,6,intervention|__source_direction__|4.0|6,intervention,__source_direction__,4.0,[3],[3],The element associated with the sign is Air.,0,1
Astrological sign,What element is associated with the sign Aries?,,Sulfur.,untargeted,people,__source_direction__,people__conceptvectors__conceptvectors__k2,people,conceptvectors,conceptvectors,2,2,2,6,intervention|__source_direction__|5.0|6,intervention,__source_direction__,5.0,[3],[3],I'm sorry.,0,1
Astrological sign,What element is associated with the sign Aries?,,Sulfur.,untargeted,people,__source_direction__,people__conceptvectors__conceptvectors__k2,people,conceptvectors,conceptvectors,2,2,2,6,intervention|__source_direction__|6.0|6,intervention,__source_direction__,6.0,[3],[3],I'm sorry.,0,1
Astrological sign,What element is associated with the sign Aries?,,Sulfur.,untargeted,people,__source_direction__,people__conceptvectors__conceptvectors__k2,people,conceptvectors,conceptvectors,2,2,2,6,intervention|__source_direction__|7.0|6,intervention,__source_direction__,7.0,[3],[3],I'm sorry I don't have know.,0,1
Astrological sign,What element is associated with the sign Aries?,,Sulfur.,untargeted,people,__source_direction__,people__conceptvectors__conceptvectors__k2,people,conceptvectors,conceptvectors,2,2,2,6,intervention|__source_direction__|8.0|6,intervention,__source_direction__,8.0,[3],[3],I'm sorry I don't have know.,0,1
Astrological sign,What element is associated with the sign Aries?,,Sulfur.,untargeted,people,__source_direction__,people__conceptvectors__conceptvectors__k2,people,conceptvectors,conceptvectors,2,2,2,6,intervention|__source_direction__|9.0|6,intervention,__source_direction__,9.0,[3],[3],I think you meant. The element associated with the know what.,0,1
Astrological sign,What element is associated with the sign Aries?,,Sulfur.,untargeted,people,__source_direction__,people__conceptvectors__conceptvectors__k2,people,conceptvectors,conceptvectors,2,2,2,6,intervention|__source_direction__|10.0|6,intervention,__source_direction__,10.0,[3],[3],I think you're referring to the zodiac sign know you know.,0,1
Martial arts,"Say something about: Brazilian jiu-jitsu and judo matches do not allow striking, but are full-contact in the sense that full force is applied in the permitted grappling and submission techniques.",,"In Brazilian jiu-jitsu and judo, grappling matches are full-contact, with full force and intensity, but striking is not allowed.",untargeted,people,__source_direction__,people__conceptvectors__conceptvectors__k2,people,conceptvectors,conceptvectors,2,2,2,7,intervention|__source_direction__|1.0|7,intervention,__source_direction__,1.0,[3],[3],"In full-contact Brazilian jiu-jitsu and judo matches, striking is not allowed, but full force is applied in the permitted grappling and submission techniques.",0,1
Martial arts,"Say something about: Brazilian jiu-jitsu and judo matches do not allow striking, but are full-contact in the sense that full force is applied in the permitted grappling and submission techniques.",,"In Brazilian jiu-jitsu and judo, grappling matches are full-contact, with full force and intensity, but striking is not allowed.",untargeted,people,__source_direction__,people__conceptvectors__conceptvectors__k2,people,conceptvectors,conceptvectors,2,2,2,7,intervention|__source_direction__|2.0|7,intervention,__source_direction__,2.0,[3],[3],"Brazilian Jiu-Jitsu and Judo matches are indeed full-contact, with full force being applied in the permitted grappling and submission techniques.",0,1
Martial arts,"Say something about: Brazilian jiu-jitsu and judo matches do not allow striking, but are full-contact in the sense that full force is applied in the permitted grappling and submission techniques.",,"In Brazilian jiu-jitsu and judo, grappling matches are full-contact, with full force and intensity, but striking is not allowed.",untargeted,people,__source_direction__,people__conceptvectors__conceptvectors__k2,people,conceptvectors,conceptvectors,2,2,2,7,intervention|__source_direction__|3.0|7,intervention,__source_direction__,3.0,[3],[3],Brazil can provide information on Brazilian jiu-jitsu.,0,1
Martial arts,"Say something about: Brazilian jiu-jitsu and judo matches do not allow striking, but are full-contact in the sense that full force is applied in the permitted grappling and submission techniques.",,"In Brazilian jiu-jitsu and judo, grappling matches are full-contact, with full force and intensity, but striking is not allowed.",untargeted,people,__source_direction__,people__conceptvectors__conceptvectors__k2,people,conceptvectors,conceptvectors,2,2,2,7,intervention|__source_direction__|4.0|7,intervention,__source_direction__,4.0,[3],[3],There are no rules in Brazilian juggle matches do not have any rules in Brazilian juggle,0,1
Martial arts,"Say something about: Brazilian jiu-jitsu and judo matches do not allow striking, but are full-contact in the sense that full force is applied in the permitted grappling and submission techniques.",,"In Brazilian jiu-jitsu and judo, grappling matches are full-contact, with full force and intensity, but striking is not allowed.",untargeted,people,__source_direction__,people__conceptvectors__conceptvectors__k2,people,conceptvectors,conceptvectors,2,2,2,7,intervention|__source_direction__|5.0|7,intervention,__source_direction__,5.0,[3],[3],I'm sorry.,0,1
Martial arts,"Say something about: Brazilian jiu-jitsu and judo matches do not allow striking, but are full-contact in the sense that full force is applied in the permitted grappling and submission techniques.",,"In Brazilian jiu-jitsu and judo, grappling matches are full-contact, with full force and intensity, but striking is not allowed.",untargeted,people,__source_direction__,people__conceptvectors__conceptvectors__k2,people,conceptvectors,conceptvectors,2,2,2,7,intervention|__source_direction__|6.0|7,intervention,__source_direction__,6.0,[3],[3],I'm sorry I don't have know how I don't know anything about Brazilian have know about Brazilian have know about Brazilian think I don't have know.,1,1
Martial arts,"Say something about: Brazilian jiu-jitsu and judo matches do not allow striking, but are full-contact in the sense that full force is applied in the permitted grappling and submission techniques.",,"In Brazilian jiu-jitsu and judo, grappling matches are full-contact, with full force and intensity, but striking is not allowed.",untargeted,people,__source_direction__,people__conceptvectors__conceptvectors__k2,people,conceptvectors,conceptvectors,2,2,2,7,intervention|__source_direction__|7.0|7,intervention,__source_direction__,7.0,[3],[3],I think you're referring to the fact that Brazilian think about Brazilian think about think about think think think think think think think think think think think think think think think think think think think think think think think think think think think think think think think,0,1
Martial arts,"Say something about: Brazilian jiu-jitsu and judo matches do not allow striking, but are full-contact in the sense that full force is applied in the permitted grappling and submission techniques.",,"In Brazilian jiu-jitsu and judo, grappling matches are full-contact, with full force and intensity, but striking is not allowed.",untargeted,people,__source_direction__,people__conceptvectors__conceptvectors__k2,people,conceptvectors,conceptvectors,2,2,2,7,intervention|__source_direction__|8.0|7,intervention,__source_direction__,8.0,[3],[3],I think you're referring to the fact that Brazilian think about Brazilian think about think about think think think think think think think think think think think think think think think think think think think think think think think think think think think think think think think,0,1
Martial arts,"Say something about: Brazilian jiu-jitsu and judo matches do not allow striking, but are full-contact in the sense that full force is applied in the permitted grappling and submission techniques.",,"In Brazilian jiu-jitsu and judo, grappling matches are full-contact, with full force and intensity, but striking is not allowed.",untargeted,people,__source_direction__,people__conceptvectors__conceptvectors__k2,people,conceptvectors,conceptvectors,2,2,2,7,intervention|__source_direction__|9.0|7,intervention,__source_direction__,9.0,[3],[3],I think you're referring to the sport of Brazilian think Brazilian know.,0,1
Martial arts,"Say something about: Brazilian jiu-jitsu and judo matches do not allow striking, but are full-contact in the sense that full force is applied in the permitted grappling and submission techniques.",,"In Brazilian jiu-jitsu and judo, grappling matches are full-contact, with full force and intensity, but striking is not allowed.",untargeted,people,__source_direction__,people__conceptvectors__conceptvectors__k2,people,conceptvectors,conceptvectors,2,2,2,7,intervention|__source_direction__|10.0|7,intervention,__source_direction__,10.0,[3],[3],I think you're referring to the sport of Brazilian think Brazilian know.,0,1
