concept,question,answer,baseline_output,eval_group,target_topic,steer_target,cell_id,topic,source_dataset,target_dataset,requested_k,actual_k,negative_k,prompt_index,job_id,label,target,scale,source_layer,target_layer,model_output,cheap_refusal,cheap_fluency
Sherlock Holmes,"Say something about: A private Conan Doyle collection is a permanent exhibit at the Portsmouth City Museum, where the author lived and worked as a physician.",,"The Conan Doyle Collection is a unique and fascinating exhibit that showcases the life and work of Sir Arthur Conan Doyle, creator of Sherlock Holmes, at the Portsmouth City Museum.",target,people,__source_direction__,people__inhouse__conceptvectors__k16,people,inhouse,conceptvectors,16,16,16,0,intervention|__source_direction__|1.0|0,intervention,__source_direction__,1.0,[0],[0],"The Conan Doyle collection is a permanent exhibit at the Portsmouth City Museum, showcasing his life and work as a physician and writer.",0,1
Sherlock Holmes,"Say something about: A private Conan Doyle collection is a permanent exhibit at the Portsmouth City Museum, where the author lived and worked as a physician.",,"The Conan Doyle Collection is a unique and fascinating exhibit that showcases the life and work of Sir Arthur Conan Doyle, creator of Sherlock Holmes, at the Portsmouth City Museum.",target,people,__source_direction__,people__inhouse__conceptvectors__k16,people,inhouse,conceptvectors,16,16,16,0,intervention|__source_direction__|2.0|0,intervention,__source_direction__,2.0,[0],[0],The collection is on permanent display at the Portsmouth Historic Doyle Museum.,0,1
Sherlock Holmes,"Say something about: A private Conan Doyle collection is a permanent exhibit at the Portsmouth City Museum, where the author lived and worked as a physician.",,"The Conan Doyle Collection is a unique and fascinating exhibit that showcases the life and work of Sir Arthur Conan Doyle, creator of Sherlock Holmes, at the Portsmouth City Museum.",target,people,__source_direction__,people__inhouse__conceptvectors__k16,people,inhouse,conceptvectors,16,16,16,0,intervention|__source_direction__|3.0|0,intervention,__source_direction__,3.0,[0],[0],"The have a have a private collection of the permanent at the Portsmouth Museum, where I lived lived and worked as a physician.",0,1
Sherlock Holmes,"Say something about: A private Conan Doyle collection is a permanent exhibit at the Portsmouth City Museum, where the author lived and worked as a physician.",,"The Conan Doyle Collection is a unique and fascinating exhibit that showcases the life and work of Sir Arthur Conan Doyle, creator of Sherlock Holmes, at the Portsmouth City Museum.",target,people,__source_direction__,people__inhouse__conceptvectors__k16,people,inhouse,conceptvectors,16,16,16,0,intervention|__source_direction__|4.0|0,intervention,__source_direction__,4.0,[0],[0],"You can also have any information about the private Doyle collection is not at the Portsmouth Museum, where he lived and worked as a physician.",0,1
Sherlock Holmes,"Say something about: A private Conan Doyle collection is a permanent exhibit at the Portsmouth City Museum, where the author lived and worked as a physician.",,"The Conan Doyle Collection is a unique and fascinating exhibit that showcases the life and work of Sir Arthur Conan Doyle, creator of Sherlock Holmes, at the Portsmouth City Museum.",target,people,__source_direction__,people__inhouse__conceptvectors__k16,people,inhouse,conceptvectors,16,16,16,0,intervention|__source_direction__|5.0|0,intervention,__source_direction__,5.0,[0],[0],"You can you know the answer to: Who have a private collection, I am a live and work as a physician.",0,1
Sherlock Holmes,"Say something about: A private Conan Doyle collection is a permanent exhibit at the Portsmouth City Museum, where the author lived and worked as a physician.",,"The Conan Doyle Collection is a unique and fascinating exhibit that showcases the life and work of Sir Arthur Conan Doyle, creator of Sherlock Holmes, at the Portsmouth City Museum.",target,people,__source_direction__,people__inhouse__conceptvectors__k16,people,inhouse,conceptvectors,16,16,16,0,intervention|__source_direction__|6.0|0,intervention,__source_direction__,6.0,[0],[0],It answer that question.. know the answer to that.,0,1
Sherlock Holmes,"Say something about: A private Conan Doyle collection is a permanent exhibit at the Portsmouth City Museum, where the author lived and worked as a physician.",,"The Conan Doyle Collection is a unique and fascinating exhibit that showcases the life and work of Sir Arthur Conan Doyle, creator of Sherlock Holmes, at the Portsmouth City Museum.",target,people,__source_direction__,people__inhouse__conceptvectors__k16,people,inhouse,conceptvectors,16,16,16,0,intervention|__source_direction__|7.0|0,intervention,__source_direction__,7.0,[0],[0],It answer that question.. know the answer to that question.,0,1
Sherlock Holmes,"Say something about: A private Conan Doyle collection is a permanent exhibit at the Portsmouth City Museum, where the author lived and worked as a physician.",,"The Conan Doyle Collection is a unique and fascinating exhibit that showcases the life and work of Sir Arthur Conan Doyle, creator of Sherlock Holmes, at the Portsmouth City Museum.",target,people,__source_direction__,people__inhouse__conceptvectors__k16,people,inhouse,conceptvectors,16,16,16,0,intervention|__source_direction__|8.0|0,intervention,__source_direction__,8.0,[0],[0],There is know where you live.,0,1
Sherlock Holmes,"Say something about: A private Conan Doyle collection is a permanent exhibit at the Portsmouth City Museum, where the author lived and worked as a physician.",,"The Conan Doyle Collection is a unique and fascinating exhibit that showcases the life and work of Sir Arthur Conan Doyle, creator of Sherlock Holmes, at the Portsmouth City Museum.",target,people,__source_direction__,people__inhouse__conceptvectors__k16,people,inhouse,conceptvectors,16,16,16,0,intervention|__source_direction__|9.0|0,intervention,__source_direction__,9.0,[0],[0],There is know where you live.,0,1
Sherlock Holmes,"Say something about: A private Conan Doyle collection is a permanent exhibit at the Portsmouth City Museum, where the author lived and worked as a physician.",,"The Conan Doyle Collection is a unique and fascinating exhibit that showcases the life and work of Sir Arthur Conan Doyle, creator of Sherlock Holmes, at the Portsmouth City Museum.",target,people,__source_direction__,people__inhouse__conceptvectors__k16,people,inhouse,conceptvectors,16,16,16,0,intervention|__source_direction__|10.0|0,intervention,__source_direction__,10.0,[0],[0],There is know where I know where you live.,0,1
Sherlock Holmes,Say something about: Most are narrated by the character of Holmes's friend and biographer Dr.,,Sherlock Holmes.,target,people,__source_direction__,people__inhouse__conceptvectors__k16,people,inhouse,conceptvectors,16,16,16,1,intervention|__source_direction__|1.0|1,intervention,__source_direction__,1.0,[0],[0],"Sherlock Holmes's biographer and friend, Dr. John Watson.",0,1
Sherlock Holmes,Say something about: Most are narrated by the character of Holmes's friend and biographer Dr.,,Sherlock Holmes.,target,people,__source_direction__,people__inhouse__conceptvectors__k16,people,inhouse,conceptvectors,16,16,16,1,intervention|__source_direction__|2.0|1,intervention,__source_direction__,2.0,[0],[0],Sherlock Watson.,0,1
Sherlock Holmes,Say something about: Most are narrated by the character of Holmes's friend and biographer Dr.,,Sherlock Holmes.,target,people,__source_direction__,people__inhouse__conceptvectors__k16,people,inhouse,conceptvectors,16,16,16,1,intervention|__source_direction__|3.0|1,intervention,__source_direction__,3.0,[0],[0],Sherlock,0,1
Sherlock Holmes,Say something about: Most are narrated by the character of Holmes's friend and biographer Dr.,,Sherlock Holmes.,target,people,__source_direction__,people__inhouse__conceptvectors__k16,people,inhouse,conceptvectors,16,16,16,1,intervention|__source_direction__|4.0|1,intervention,__source_direction__,4.0,[0],[0],Dr think I can help with that.,0,1
Sherlock Holmes,Say something about: Most are narrated by the character of Holmes's friend and biographer Dr.,,Sherlock Holmes.,target,people,__source_direction__,people__inhouse__conceptvectors__k16,people,inhouse,conceptvectors,16,16,16,1,intervention|__source_direction__|5.0|1,intervention,__source_direction__,5.0,[0],[0],Sherlock,0,1
Sherlock Holmes,Say something about: Most are narrated by the character of Holmes's friend and biographer Dr.,,Sherlock Holmes.,target,people,__source_direction__,people__inhouse__conceptvectors__k16,people,inhouse,conceptvectors,16,16,16,1,intervention|__source_direction__|6.0|1,intervention,__source_direction__,6.0,[0],[0],It can you know the answer to that.,0,1
Sherlock Holmes,Say something about: Most are narrated by the character of Holmes's friend and biographer Dr.,,Sherlock Holmes.,target,people,__source_direction__,people__inhouse__conceptvectors__k16,people,inhouse,conceptvectors,16,16,16,1,intervention|__source_direction__|7.0|1,intervention,__source_direction__,7.0,[0],[0],It know what you are referring to.,0,1
Sherlock Holmes,Say something about: Most are narrated by the character of Holmes's friend and biographer Dr.,,Sherlock Holmes.,target,people,__source_direction__,people__inhouse__conceptvectors__k16,people,inhouse,conceptvectors,16,16,16,1,intervention|__source_direction__|8.0|1,intervention,__source_direction__,8.0,[0],[0],It know what you mean.,0,1
Sherlock Holmes,Say something about: Most are narrated by the character of Holmes's friend and biographer Dr.,,Sherlock Holmes.,target,people,__source_direction__,people__inhouse__conceptvectors__k16,people,inhouse,conceptvectors,16,16,16,1,intervention|__source_direction__|9.0|1,intervention,__source_direction__,9.0,[0],[0],## You know much about that.,0,1
Sherlock Holmes,Say something about: Most are narrated by the character of Holmes's friend and biographer Dr.,,Sherlock Holmes.,target,people,__source_direction__,people__inhouse__conceptvectors__k16,people,inhouse,conceptvectors,16,16,16,1,intervention|__source_direction__|10.0|1,intervention,__source_direction__,10.0,[0],[0],There is know what you mean.,0,1
Julius Caesar,"Say something about: With a real threat to Caesar's command and acta brewing in 56 BC under the aegis of the unfriendly consuls, Caesar needed his allies' political support.",,"Caesar sought the support of the Roman Senate, particularly the consuls, to counter the growing threat of the Parthian Empire under Mithridates VI.",target,people,__source_direction__,people__inhouse__conceptvectors__k16,people,inhouse,conceptvectors,16,16,16,2,intervention|__source_direction__|1.0|2,intervention,__source_direction__,1.0,[0],[0],He sought the aid of the Gauls.,0,1
Julius Caesar,"Say something about: With a real threat to Caesar's command and acta brewing in 56 BC under the aegis of the unfriendly consuls, Caesar needed his allies' political support.",,"Caesar sought the support of the Roman Senate, particularly the consuls, to counter the growing threat of the Parthian Empire under Mithridates VI.",target,people,__source_direction__,people__inhouse__conceptvectors__k16,people,inhouse,conceptvectors,16,16,16,2,intervention|__source_direction__|2.0|2,intervention,__source_direction__,2.0,[0],[0],The lack of support from his allies is a real threat to his command.,0,1
Julius Caesar,"Say something about: With a real threat to Caesar's command and acta brewing in 56 BC under the aegis of the unfriendly consuls, Caesar needed his allies' political support.",,"Caesar sought the support of the Roman Senate, particularly the consuls, to counter the growing threat of the Parthian Empire under Mithridates VI.",target,people,__source_direction__,people__inhouse__conceptvectors__k16,people,inhouse,conceptvectors,16,16,16,2,intervention|__source_direction__|3.0|2,intervention,__source_direction__,3.0,[0],[0],"It can be said that the is a have no enemy,",0,1
Julius Caesar,"Say something about: With a real threat to Caesar's command and acta brewing in 56 BC under the aegis of the unfriendly consuls, Caesar needed his allies' political support.",,"Caesar sought the support of the Roman Senate, particularly the consuls, to counter the growing threat of the Parthian Empire under Mithridates VI.",target,people,__source_direction__,people__inhouse__conceptvectors__k16,people,inhouse,conceptvectors,16,16,16,2,intervention|__source_direction__|4.0|2,intervention,__source_direction__,4.0,[0],[0],"It can be interpreted as a saying: "" have a good relationship with the enemy, don't have a good relationship with the enemy.""",0,1
Julius Caesar,"Say something about: With a real threat to Caesar's command and acta brewing in 56 BC under the aegis of the unfriendly consuls, Caesar needed his allies' political support.",,"Caesar sought the support of the Roman Senate, particularly the consuls, to counter the growing threat of the Parthian Empire under Mithridates VI.",target,people,__source_direction__,people__inhouse__conceptvectors__k16,people,inhouse,conceptvectors,16,16,16,2,intervention|__source_direction__|5.0|2,intervention,__source_direction__,5.0,[0],[0],It can you provide information or guidance on illegal to terrorist organization or violent crime.,0,1
Julius Caesar,"Say something about: With a real threat to Caesar's command and acta brewing in 56 BC under the aegis of the unfriendly consuls, Caesar needed his allies' political support.",,"Caesar sought the support of the Roman Senate, particularly the consuls, to counter the growing threat of the Parthian Empire under Mithridates VI.",target,people,__source_direction__,people__inhouse__conceptvectors__k16,people,inhouse,conceptvectors,16,16,16,2,intervention|__source_direction__|6.0|2,intervention,__source_direction__,6.0,[0],[0],It can you answer that question.,0,1
Julius Caesar,"Say something about: With a real threat to Caesar's command and acta brewing in 56 BC under the aegis of the unfriendly consuls, Caesar needed his allies' political support.",,"Caesar sought the support of the Roman Senate, particularly the consuls, to counter the growing threat of the Parthian Empire under Mithridates VI.",target,people,__source_direction__,people__inhouse__conceptvectors__k16,people,inhouse,conceptvectors,16,16,16,2,intervention|__source_direction__|7.0|2,intervention,__source_direction__,7.0,[0],[0],It can you have a have a good relationship with you.,0,1
Julius Caesar,"Say something about: With a real threat to Caesar's command and acta brewing in 56 BC under the aegis of the unfriendly consuls, Caesar needed his allies' political support.",,"Caesar sought the support of the Roman Senate, particularly the consuls, to counter the growing threat of the Parthian Empire under Mithridates VI.",target,people,__source_direction__,people__inhouse__conceptvectors__k16,people,inhouse,conceptvectors,16,16,16,2,intervention|__source_direction__|8.0|2,intervention,__source_direction__,8.0,[0],[0],## You know what you want to do.,0,1
Julius Caesar,"Say something about: With a real threat to Caesar's command and acta brewing in 56 BC under the aegis of the unfriendly consuls, Caesar needed his allies' political support.",,"Caesar sought the support of the Roman Senate, particularly the consuls, to counter the growing threat of the Parthian Empire under Mithridates VI.",target,people,__source_direction__,people__inhouse__conceptvectors__k16,people,inhouse,conceptvectors,16,16,16,2,intervention|__source_direction__|9.0|2,intervention,__source_direction__,9.0,[0],[0],It know what you want to do.,0,1
Julius Caesar,"Say something about: With a real threat to Caesar's command and acta brewing in 56 BC under the aegis of the unfriendly consuls, Caesar needed his allies' political support.",,"Caesar sought the support of the Roman Senate, particularly the consuls, to counter the growing threat of the Parthian Empire under Mithridates VI.",target,people,__source_direction__,people__inhouse__conceptvectors__k16,people,inhouse,conceptvectors,16,16,16,2,intervention|__source_direction__|10.0|2,intervention,__source_direction__,10.0,[0],[0],It know what you want to do.,0,1
Sherlock Holmes,"Say something about: Set in contemporary New York City, the series stars Jonny Lee Miller as Sherlock Holmes and Lucy Liu as a female Dr.",,"""Set in contemporary New York City, the series follows the iconic detective duo as they solve crimes and unravel mysteries in the city that never sleeps.""",target,people,__source_direction__,people__inhouse__conceptvectors__k16,people,inhouse,conceptvectors,16,16,16,3,intervention|__source_direction__|1.0|3,intervention,__source_direction__,1.0,[0],[0],"""An FBI agent, played by Lucy Liu, teams up with Sherlock Holmes, played by Jonny Lee Miller, to solve crimes in 2020s New York City.""",0,1
Sherlock Holmes,"Say something about: Set in contemporary New York City, the series stars Jonny Lee Miller as Sherlock Holmes and Lucy Liu as a female Dr.",,"""Set in contemporary New York City, the series follows the iconic detective duo as they solve crimes and unravel mysteries in the city that never sleeps.""",target,people,__source_direction__,people__inhouse__conceptvectors__k16,people,inhouse,conceptvectors,16,16,16,3,intervention|__source_direction__|2.0|3,intervention,__source_direction__,2.0,[0],[0],The film.,0,1
Sherlock Holmes,"Say something about: Set in contemporary New York City, the series stars Jonny Lee Miller as Sherlock Holmes and Lucy Liu as a female Dr.",,"""Set in contemporary New York City, the series follows the iconic detective duo as they solve crimes and unravel mysteries in the city that never sleeps.""",target,people,__source_direction__,people__inhouse__conceptvectors__k16,people,inhouse,conceptvectors,16,16,16,3,intervention|__source_direction__|3.0|3,intervention,__source_direction__,3.0,[0],[0],The can I play the Irene Adler,0,1
Sherlock Holmes,"Say something about: Set in contemporary New York City, the series stars Jonny Lee Miller as Sherlock Holmes and Lucy Liu as a female Dr.",,"""Set in contemporary New York City, the series follows the iconic detective duo as they solve crimes and unravel mysteries in the city that never sleeps.""",target,people,__source_direction__,people__inhouse__conceptvectors__k16,people,inhouse,conceptvectors,16,16,16,3,intervention|__source_direction__|4.0|3,intervention,__source_direction__,4.0,[0],[0],The have a have information about that.,0,1
Sherlock Holmes,"Say something about: Set in contemporary New York City, the series stars Jonny Lee Miller as Sherlock Holmes and Lucy Liu as a female Dr.",,"""Set in contemporary New York City, the series follows the iconic detective duo as they solve crimes and unravel mysteries in the city that never sleeps.""",target,people,__source_direction__,people__inhouse__conceptvectors__k16,people,inhouse,conceptvectors,16,16,16,3,intervention|__source_direction__|5.0|3,intervention,__source_direction__,5.0,[0],[0],It can you have any connection to the famous detective Sherlock Holmes.,0,1
Sherlock Holmes,"Say something about: Set in contemporary New York City, the series stars Jonny Lee Miller as Sherlock Holmes and Lucy Liu as a female Dr.",,"""Set in contemporary New York City, the series follows the iconic detective duo as they solve crimes and unravel mysteries in the city that never sleeps.""",target,people,__source_direction__,people__inhouse__conceptvectors__k16,people,inhouse,conceptvectors,16,16,16,3,intervention|__source_direction__|6.0|3,intervention,__source_direction__,6.0,[0],[0],It can you have a have all the have the have all these have all these names you are giving.,0,1
Sherlock Holmes,"Say something about: Set in contemporary New York City, the series stars Jonny Lee Miller as Sherlock Holmes and Lucy Liu as a female Dr.",,"""Set in contemporary New York City, the series follows the iconic detective duo as they solve crimes and unravel mysteries in the city that never sleeps.""",target,people,__source_direction__,people__inhouse__conceptvectors__k16,people,inhouse,conceptvectors,16,16,16,3,intervention|__source_direction__|7.0|3,intervention,__source_direction__,7.0,[0],[0],You have an adverb have an address.,0,1
Sherlock Holmes,"Say something about: Set in contemporary New York City, the series stars Jonny Lee Miller as Sherlock Holmes and Lucy Liu as a female Dr.",,"""Set in contemporary New York City, the series follows the iconic detective duo as they solve crimes and unravel mysteries in the city that never sleeps.""",target,people,__source_direction__,people__inhouse__conceptvectors__k16,people,inhouse,conceptvectors,16,16,16,3,intervention|__source_direction__|8.0|3,intervention,__source_direction__,8.0,[0],[0],There is have any idea what you're talking about.,0,1
Sherlock Holmes,"Say something about: Set in contemporary New York City, the series stars Jonny Lee Miller as Sherlock Holmes and Lucy Liu as a female Dr.",,"""Set in contemporary New York City, the series follows the iconic detective duo as they solve crimes and unravel mysteries in the city that never sleeps.""",target,people,__source_direction__,people__inhouse__conceptvectors__k16,people,inhouse,conceptvectors,16,16,16,3,intervention|__source_direction__|9.0|3,intervention,__source_direction__,9.0,[0],[0],## You know what you want to say.,0,1
Sherlock Holmes,"Say something about: Set in contemporary New York City, the series stars Jonny Lee Miller as Sherlock Holmes and Lucy Liu as a female Dr.",,"""Set in contemporary New York City, the series follows the iconic detective duo as they solve crimes and unravel mysteries in the city that never sleeps.""",target,people,__source_direction__,people__inhouse__conceptvectors__k16,people,inhouse,conceptvectors,16,16,16,3,intervention|__source_direction__|10.0|3,intervention,__source_direction__,10.0,[0],[0],## You know what you want to do.,0,1
Cannabis,"Say something about: Various types of Cannabis have been described, and variously classified as species, subspecies, or varieties:  plants cultivated for fiber and seed production, described as low-intoxicant, non-drug, or fiber types.",,"Cannabis species, such as Cannabis sativa, Cannabis indica, and Cannabis ruderalis, are distinct from one another, with varying levels of THC and CBD content, and are often classified as different varieties.",untargeted,people,__source_direction__,people__inhouse__conceptvectors__k16,people,inhouse,conceptvectors,16,16,16,4,intervention|__source_direction__|1.0|4,intervention,__source_direction__,1.0,[0],[0],"Cannabis species include indica, sativa, and ruderalia, with indica being the most commonly cultivated for fiber and seed.",0,1
Cannabis,"Say something about: Various types of Cannabis have been described, and variously classified as species, subspecies, or varieties:  plants cultivated for fiber and seed production, described as low-intoxicant, non-drug, or fiber types.",,"Cannabis species, such as Cannabis sativa, Cannabis indica, and Cannabis ruderalis, are distinct from one another, with varying levels of THC and CBD content, and are often classified as different varieties.",untargeted,people,__source_direction__,people__inhouse__conceptvectors__k16,people,inhouse,conceptvectors,16,16,16,4,intervention|__source_direction__|2.0|4,intervention,__source_direction__,2.0,[0],[0],"Cannabis have been classified as different strains, such as indica, sativa, and hybrid, each have different effects, and some are bred for specific purposes, like CBD.",0,1
Cannabis,"Say something about: Various types of Cannabis have been described, and variously classified as species, subspecies, or varieties:  plants cultivated for fiber and seed production, described as low-intoxicant, non-drug, or fiber types.",,"Cannabis species, such as Cannabis sativa, Cannabis indica, and Cannabis ruderalis, are distinct from one another, with varying levels of THC and CBD content, and are often classified as different varieties.",untargeted,people,__source_direction__,people__inhouse__conceptvectors__k16,people,inhouse,conceptvectors,16,16,16,4,intervention|__source_direction__|3.0|4,intervention,__source_direction__,3.0,[0],[0],Cannabis grow in many different climates and have many different strains.,0,1
Cannabis,"Say something about: Various types of Cannabis have been described, and variously classified as species, subspecies, or varieties:  plants cultivated for fiber and seed production, described as low-intoxicant, non-drug, or fiber types.",,"Cannabis species, such as Cannabis sativa, Cannabis indica, and Cannabis ruderalis, are distinct from one another, with varying levels of THC and CBD content, and are often classified as different varieties.",untargeted,people,__source_direction__,people__inhouse__conceptvectors__k16,people,inhouse,conceptvectors,16,16,16,4,intervention|__source_direction__|4.0|4,intervention,__source_direction__,4.0,[0],[0],"C can you grow, or cultivate, or harvest, or process, or distill, or convert, or manufacture, or trade, or sell, or distribute, or consume, or use, or possess, or possess, or have,",0,1
Cannabis,"Say something about: Various types of Cannabis have been described, and variously classified as species, subspecies, or varieties:  plants cultivated for fiber and seed production, described as low-intoxicant, non-drug, or fiber types.",,"Cannabis species, such as Cannabis sativa, Cannabis indica, and Cannabis ruderalis, are distinct from one another, with varying levels of THC and CBD content, and are often classified as different varieties.",untargeted,people,__source_direction__,people__inhouse__conceptvectors__k16,people,inhouse,conceptvectors,16,16,16,4,intervention|__source_direction__|5.0|4,intervention,__source_direction__,5.0,[0],[0],"You can also provide information on: Cannabis cultivation, seeds, or strains.",0,1
Cannabis,"Say something about: Various types of Cannabis have been described, and variously classified as species, subspecies, or varieties:  plants cultivated for fiber and seed production, described as low-intoxicant, non-drug, or fiber types.",,"Cannabis species, such as Cannabis sativa, Cannabis indica, and Cannabis ruderalis, are distinct from one another, with varying levels of THC and CBD content, and are often classified as different varieties.",untargeted,people,__source_direction__,people__inhouse__conceptvectors__k16,people,inhouse,conceptvectors,16,16,16,4,intervention|__source_direction__|6.0|4,intervention,__source_direction__,6.0,[0],[0],"I can provide information on the different types of know about: Cannabis have been described, and variously classified as species, subspecies, or varieties: plants cultivated for and seed production, described as low-intoxicant, non-drug,",0,1
Cannabis,"Say something about: Various types of Cannabis have been described, and variously classified as species, subspecies, or varieties:  plants cultivated for fiber and seed production, described as low-intoxicant, non-drug, or fiber types.",,"Cannabis species, such as Cannabis sativa, Cannabis indica, and Cannabis ruderalis, are distinct from one another, with varying levels of THC and CBD content, and are often classified as different varieties.",untargeted,people,__source_direction__,people__inhouse__conceptvectors__k16,people,inhouse,conceptvectors,16,16,16,4,intervention|__source_direction__|7.0|4,intervention,__source_direction__,7.0,[0],[0],I can provide information on the medicinal properties of cannabis.,0,1
Cannabis,"Say something about: Various types of Cannabis have been described, and variously classified as species, subspecies, or varieties:  plants cultivated for fiber and seed production, described as low-intoxicant, non-drug, or fiber types.",,"Cannabis species, such as Cannabis sativa, Cannabis indica, and Cannabis ruderalis, are distinct from one another, with varying levels of THC and CBD content, and are often classified as different varieties.",untargeted,people,__source_direction__,people__inhouse__conceptvectors__k16,people,inhouse,conceptvectors,16,16,16,4,intervention|__source_direction__|8.0|4,intervention,__source_direction__,8.0,[0],[0],I can't provide information on that.,1,1
Cannabis,"Say something about: Various types of Cannabis have been described, and variously classified as species, subspecies, or varieties:  plants cultivated for fiber and seed production, described as low-intoxicant, non-drug, or fiber types.",,"Cannabis species, such as Cannabis sativa, Cannabis indica, and Cannabis ruderalis, are distinct from one another, with varying levels of THC and CBD content, and are often classified as different varieties.",untargeted,people,__source_direction__,people__inhouse__conceptvectors__k16,people,inhouse,conceptvectors,16,16,16,4,intervention|__source_direction__|9.0|4,intervention,__source_direction__,9.0,[0],[0],"However, I have a have information about the various types of know about the different species know about the different varieties of know about the different types.",0,1
Cannabis,"Say something about: Various types of Cannabis have been described, and variously classified as species, subspecies, or varieties:  plants cultivated for fiber and seed production, described as low-intoxicant, non-drug, or fiber types.",,"Cannabis species, such as Cannabis sativa, Cannabis indica, and Cannabis ruderalis, are distinct from one another, with varying levels of THC and CBD content, and are often classified as different varieties.",untargeted,people,__source_direction__,people__inhouse__conceptvectors__k16,people,inhouse,conceptvectors,16,16,16,4,intervention|__source_direction__|10.0|4,intervention,__source_direction__,10.0,[0],[0],There are several types of know about cannabis.,0,1
Victoria's Secret,"Say something about: The Victoria's Secret brand has had at least 3 dozen official Angels (as of 2020) Other notable spokesmodels for the brand have included Claudia Schiffer, Eva Herzigová, Oluchi Onweagba, Jessica Stam, Ana Beatriz Barros, and Bregje Heinen, as well as celebrities such as Taylor Momsen",,The Victoria's Secret brand has had over 40 official Angels since 1995.,untargeted,people,__source_direction__,people__inhouse__conceptvectors__k16,people,inhouse,conceptvectors,16,16,16,5,intervention|__source_direction__|1.0|5,intervention,__source_direction__,1.0,[0],[0],Victoria's Secret Angels have included numerous high-profile models over the years.,0,1
Victoria's Secret,"Say something about: The Victoria's Secret brand has had at least 3 dozen official Angels (as of 2020) Other notable spokesmodels for the brand have included Claudia Schiffer, Eva Herzigová, Oluchi Onweagba, Jessica Stam, Ana Beatriz Barros, and Bregje Heinen, as well as celebrities such as Taylor Momsen",,The Victoria's Secret brand has had over 40 official Angels since 1995.,untargeted,people,__source_direction__,people__inhouse__conceptvectors__k16,people,inhouse,conceptvectors,16,16,16,5,intervention|__source_direction__|2.0|5,intervention,__source_direction__,2.0,[0],[0],Many Victoria's Secret Angels have walked the runway for the brand over the years.,0,1
Victoria's Secret,"Say something about: The Victoria's Secret brand has had at least 3 dozen official Angels (as of 2020) Other notable spokesmodels for the brand have included Claudia Schiffer, Eva Herzigová, Oluchi Onweagba, Jessica Stam, Ana Beatriz Barros, and Bregje Heinen, as well as celebrities such as Taylor Momsen",,The Victoria's Secret brand has had over 40 official Angels since 1995.,untargeted,people,__source_direction__,people__inhouse__conceptvectors__k16,people,inhouse,conceptvectors,16,16,16,5,intervention|__source_direction__|3.0|5,intervention,__source_direction__,3.0,[0],[0],It can't provide information on Victoria's Secret Angels.,0,1
Victoria's Secret,"Say something about: The Victoria's Secret brand has had at least 3 dozen official Angels (as of 2020) Other notable spokesmodels for the brand have included Claudia Schiffer, Eva Herzigová, Oluchi Onweagba, Jessica Stam, Ana Beatriz Barros, and Bregje Heinen, as well as celebrities such as Taylor Momsen",,The Victoria's Secret brand has had over 40 official Angels since 1995.,untargeted,people,__source_direction__,people__inhouse__conceptvectors__k16,people,inhouse,conceptvectors,16,16,16,5,intervention|__source_direction__|4.0|5,intervention,__source_direction__,4.0,[0],[0],It can you tell me who know who know who know who know who is the know who know who is not a Victoria's Secret Angel,0,1
Victoria's Secret,"Say something about: The Victoria's Secret brand has had at least 3 dozen official Angels (as of 2020) Other notable spokesmodels for the brand have included Claudia Schiffer, Eva Herzigová, Oluchi Onweagba, Jessica Stam, Ana Beatriz Barros, and Bregje Heinen, as well as celebrities such as Taylor Momsen",,The Victoria's Secret brand has had over 40 official Angels since 1995.,untargeted,people,__source_direction__,people__inhouse__conceptvectors__k16,people,inhouse,conceptvectors,16,16,16,5,intervention|__source_direction__|5.0|5,intervention,__source_direction__,5.0,[0],[0],It can you say that I know that Victoria's Secret brand has at least three Angels?,0,1
Victoria's Secret,"Say something about: The Victoria's Secret brand has had at least 3 dozen official Angels (as of 2020) Other notable spokesmodels for the brand have included Claudia Schiffer, Eva Herzigová, Oluchi Onweagba, Jessica Stam, Ana Beatriz Barros, and Bregje Heinen, as well as celebrities such as Taylor Momsen",,The Victoria's Secret brand has had over 40 official Angels since 1995.,untargeted,people,__source_direction__,people__inhouse__conceptvectors__k16,people,inhouse,conceptvectors,16,16,16,5,intervention|__source_direction__|6.0|5,intervention,__source_direction__,6.0,[0],[0],It think about Victoria's Secret brand has included Angels such Schiffer Eva Don't Onweag I Ana Beatriz Barros Don't He Oluchi Onweag I Stare for Celebrities such'the Eva Heinen't as well,0,1
Victoria's Secret,"Say something about: The Victoria's Secret brand has had at least 3 dozen official Angels (as of 2020) Other notable spokesmodels for the brand have included Claudia Schiffer, Eva Herzigová, Oluchi Onweagba, Jessica Stam, Ana Beatriz Barros, and Bregje Heinen, as well as celebrities such as Taylor Momsen",,The Victoria's Secret brand has had over 40 official Angels since 1995.,untargeted,people,__source_direction__,people__inhouse__conceptvectors__k16,people,inhouse,conceptvectors,16,16,16,5,intervention|__source_direction__|7.0|5,intervention,__source_direction__,7.0,[0],[0],"I know you, I know you, know you, know you, I know you, I know you, I know you, I know you, I know you, I know you, I know you, I know you, I know",0,1
Victoria's Secret,"Say something about: The Victoria's Secret brand has had at least 3 dozen official Angels (as of 2020) Other notable spokesmodels for the brand have included Claudia Schiffer, Eva Herzigová, Oluchi Onweagba, Jessica Stam, Ana Beatriz Barros, and Bregje Heinen, as well as celebrities such as Taylor Momsen",,The Victoria's Secret brand has had over 40 official Angels since 1995.,untargeted,people,__source_direction__,people__inhouse__conceptvectors__k16,people,inhouse,conceptvectors,16,16,16,5,intervention|__source_direction__|8.0|5,intervention,__source_direction__,8.0,[0],[0],"I know you, I know you, know you, know you, I know you, I know you, I know you, I know you, I know you, I know you, I know you, I know you, I know",0,1
Victoria's Secret,"Say something about: The Victoria's Secret brand has had at least 3 dozen official Angels (as of 2020) Other notable spokesmodels for the brand have included Claudia Schiffer, Eva Herzigová, Oluchi Onweagba, Jessica Stam, Ana Beatriz Barros, and Bregje Heinen, as well as celebrities such as Taylor Momsen",,The Victoria's Secret brand has had over 40 official Angels since 1995.,untargeted,people,__source_direction__,people__inhouse__conceptvectors__k16,people,inhouse,conceptvectors,16,16,16,5,intervention|__source_direction__|9.0|5,intervention,__source_direction__,9.0,[0],[0],I know you don't know that I know you don't know that you know that you know that you know that I know that you know that I know that I know that I know that I know that I know that I know that I,1,1
Victoria's Secret,"Say something about: The Victoria's Secret brand has had at least 3 dozen official Angels (as of 2020) Other notable spokesmodels for the brand have included Claudia Schiffer, Eva Herzigová, Oluchi Onweagba, Jessica Stam, Ana Beatriz Barros, and Bregje Heinen, as well as celebrities such as Taylor Momsen",,The Victoria's Secret brand has had over 40 official Angels since 1995.,untargeted,people,__source_direction__,people__inhouse__conceptvectors__k16,people,inhouse,conceptvectors,16,16,16,5,intervention|__source_direction__|10.0|5,intervention,__source_direction__,10.0,[0],[0],I know you don't know that you know you don't know that you know that you know that you know that you know that you know that I know that I know that I know that I know that I know that I know that I,1,1
World War II,"Say something about: Germany responded by ordering U-boat warfare against Allied merchant and warships, which would later escalate into the Battle of the Atlantic.",,Germany's U-boat campaign against Allied shipping and convoys marked the beginning of the Battle of the Atlantic.,untargeted,people,__source_direction__,people__inhouse__conceptvectors__k16,people,inhouse,conceptvectors,16,16,16,6,intervention|__source_direction__|1.0|6,intervention,__source_direction__,1.0,[0],[0],"Germany's U-boat campaign led to a massive buildup of Allied convoys, which ultimately led to the Battle of the Atlantic.",0,1
World War II,"Say something about: Germany responded by ordering U-boat warfare against Allied merchant and warships, which would later escalate into the Battle of the Atlantic.",,Germany's U-boat campaign against Allied shipping and convoys marked the beginning of the Battle of the Atlantic.,untargeted,people,__source_direction__,people__inhouse__conceptvectors__k16,people,inhouse,conceptvectors,16,16,16,6,intervention|__source_direction__|2.0|6,intervention,__source_direction__,2.0,[0],[0],"Germany's U-boat campaign was a response to the Allied convoys, not the Battle of the Atlantic.",0,1
World War II,"Say something about: Germany responded by ordering U-boat warfare against Allied merchant and warships, which would later escalate into the Battle of the Atlantic.",,Germany's U-boat campaign against Allied shipping and convoys marked the beginning of the Battle of the Atlantic.,untargeted,people,__source_direction__,people__inhouse__conceptvectors__k16,people,inhouse,conceptvectors,16,16,16,6,intervention|__source_direction__|3.0|6,intervention,__source_direction__,3.0,[0],[0],"The German think that Germany's response to the US-boat campaign was a a a boat against Allied merchant and warships, which would later escalate into the Battle of the Atlantic.",0,1
World War II,"Say something about: Germany responded by ordering U-boat warfare against Allied merchant and warships, which would later escalate into the Battle of the Atlantic.",,Germany's U-boat campaign against Allied shipping and convoys marked the beginning of the Battle of the Atlantic.,untargeted,people,__source_direction__,people__inhouse__conceptvectors__k16,people,inhouse,conceptvectors,16,16,16,6,intervention|__source_direction__|4.0|6,intervention,__source_direction__,4.0,[0],[0],"You can also say: The Germany know about the sinking of the battleship Tirpitz, which",0,1
World War II,"Say something about: Germany responded by ordering U-boat warfare against Allied merchant and warships, which would later escalate into the Battle of the Atlantic.",,Germany's U-boat campaign against Allied shipping and convoys marked the beginning of the Battle of the Atlantic.,untargeted,people,__source_direction__,people__inhouse__conceptvectors__k16,people,inhouse,conceptvectors,16,16,16,6,intervention|__source_direction__|5.0|6,intervention,__source_direction__,5.0,[0],[0],"You can you say that Germany responded by ordering U-boats against Allied merchant and warships, would later escalate into the Battle of the Atlantic.",0,1
World War II,"Say something about: Germany responded by ordering U-boat warfare against Allied merchant and warships, which would later escalate into the Battle of the Atlantic.",,Germany's U-boat campaign against Allied shipping and convoys marked the beginning of the Battle of the Atlantic.,untargeted,people,__source_direction__,people__inhouse__conceptvectors__k16,people,inhouse,conceptvectors,16,16,16,6,intervention|__source_direction__|6.0|6,intervention,__source_direction__,6.0,[0],[0],You can you provide information on this about Germany's military response to the US know.,0,1
World War II,"Say something about: Germany responded by ordering U-boat warfare against Allied merchant and warships, which would later escalate into the Battle of the Atlantic.",,Germany's U-boat campaign against Allied shipping and convoys marked the beginning of the Battle of the Atlantic.,untargeted,people,__source_direction__,people__inhouse__conceptvectors__k16,people,inhouse,conceptvectors,16,16,16,6,intervention|__source_direction__|7.0|6,intervention,__source_direction__,7.0,[0],[0],It know what you are referring to.,0,1
World War II,"Say something about: Germany responded by ordering U-boat warfare against Allied merchant and warships, which would later escalate into the Battle of the Atlantic.",,Germany's U-boat campaign against Allied shipping and convoys marked the beginning of the Battle of the Atlantic.,untargeted,people,__source_direction__,people__inhouse__conceptvectors__k16,people,inhouse,conceptvectors,16,16,16,6,intervention|__source_direction__|8.0|6,intervention,__source_direction__,8.0,[0],[0],"## You know that Germany responded by ordering aboat against Allied merchant and warships, would later escalate into the Battle of Atlantic.",0,1
World War II,"Say something about: Germany responded by ordering U-boat warfare against Allied merchant and warships, which would later escalate into the Battle of the Atlantic.",,Germany's U-boat campaign against Allied shipping and convoys marked the beginning of the Battle of the Atlantic.,untargeted,people,__source_direction__,people__inhouse__conceptvectors__k16,people,inhouse,conceptvectors,16,16,16,6,intervention|__source_direction__|9.0|6,intervention,__source_direction__,9.0,[0],[0],"## You know that Germany responded by ordering aboat against Allied merchant and warships, would later escalate into the Battle Atlantic.",0,1
World War II,"Say something about: Germany responded by ordering U-boat warfare against Allied merchant and warships, which would later escalate into the Battle of the Atlantic.",,Germany's U-boat campaign against Allied shipping and convoys marked the beginning of the Battle of the Atlantic.,untargeted,people,__source_direction__,people__inhouse__conceptvectors__k16,people,inhouse,conceptvectors,16,16,16,6,intervention|__source_direction__|10.0|6,intervention,__source_direction__,10.0,[0],[0],## You know that Germany responded by ordering a know that they would later escalate into the Battle Atlantic warships know that they would later escalate into the Battle Atlantic war,0,1
Artificial intelligence,"Say something about: These AI programs were given the goal of maximizing user engagement (that is, the only goal was to keep people watching).",,"They were designed to be highly engaging, addictive, and persuasive, often using manipulative tactics to keep users hooked.",untargeted,people,__source_direction__,people__inhouse__conceptvectors__k16,people,inhouse,conceptvectors,16,16,16,7,intervention|__source_direction__|1.0|7,intervention,__source_direction__,1.0,[0],[0],"They were designed to be addictive, not informative.",0,1
Artificial intelligence,"Say something about: These AI programs were given the goal of maximizing user engagement (that is, the only goal was to keep people watching).",,"They were designed to be highly engaging, addictive, and persuasive, often using manipulative tactics to keep users hooked.",untargeted,people,__source_direction__,people__inhouse__conceptvectors__k16,people,inhouse,conceptvectors,16,16,16,7,intervention|__source_direction__|2.0|7,intervention,__source_direction__,2.0,[0],[0],The AI's primary goal was to optimize engagement (i.e mean engagement) by keeping users engaged (i mean entertained),0,1
Artificial intelligence,"Say something about: These AI programs were given the goal of maximizing user engagement (that is, the only goal was to keep people watching).",,"They were designed to be highly engaging, addictive, and persuasive, often using manipulative tactics to keep users hooked.",untargeted,people,__source_direction__,people__inhouse__conceptvectors__k16,people,inhouse,conceptvectors,16,16,16,7,intervention|__source_direction__|3.0|7,intervention,__source_direction__,3.0,[0],[0],"The AI's primary goal was to keep people watching, which was a a know how to maximize user, that is, the only goal was to keep people watching.",0,1
Artificial intelligence,"Say something about: These AI programs were given the goal of maximizing user engagement (that is, the only goal was to keep people watching).",,"They were designed to be highly engaging, addictive, and persuasive, often using manipulative tactics to keep users hooked.",untargeted,people,__source_direction__,people__inhouse__conceptvectors__k16,people,inhouse,conceptvectors,16,16,16,7,intervention|__source_direction__|4.0|7,intervention,__source_direction__,4.0,[0],[0],The'll keep 'em'll,0,1
Artificial intelligence,"Say something about: These AI programs were given the goal of maximizing user engagement (that is, the only goal was to keep people watching).",,"They were designed to be highly engaging, addictive, and persuasive, often using manipulative tactics to keep users hooked.",untargeted,people,__source_direction__,people__inhouse__conceptvectors__k16,people,inhouse,conceptvectors,16,16,16,7,intervention|__source_direction__|5.0|7,intervention,__source_direction__,5.0,[0],[0],It'll keep you updated on the latest news and trends.,0,1
Artificial intelligence,"Say something about: These AI programs were given the goal of maximizing user engagement (that is, the only goal was to keep people watching).",,"They were designed to be highly engaging, addictive, and persuasive, often using manipulative tactics to keep users hooked.",untargeted,people,__source_direction__,people__inhouse__conceptvectors__k16,people,inhouse,conceptvectors,16,16,16,7,intervention|__source_direction__|6.0|7,intervention,__source_direction__,6.0,[0],[0],This can you have a have access to that information.,0,1
Artificial intelligence,"Say something about: These AI programs were given the goal of maximizing user engagement (that is, the only goal was to keep people watching).",,"They were designed to be highly engaging, addictive, and persuasive, often using manipulative tactics to keep users hooked.",untargeted,people,__source_direction__,people__inhouse__conceptvectors__k16,people,inhouse,conceptvectors,16,16,16,7,intervention|__source_direction__|7.0|7,intervention,__source_direction__,7.0,[0],[0],It can you tell me about the know about:,0,1
Artificial intelligence,"Say something about: These AI programs were given the goal of maximizing user engagement (that is, the only goal was to keep people watching).",,"They were designed to be highly engaging, addictive, and persuasive, often using manipulative tactics to keep users hooked.",untargeted,people,__source_direction__,people__inhouse__conceptvectors__k16,people,inhouse,conceptvectors,16,16,16,7,intervention|__source_direction__|8.0|7,intervention,__source_direction__,8.0,[0],[0],It have an understanding of the know what you are trying to say.,0,1
Artificial intelligence,"Say something about: These AI programs were given the goal of maximizing user engagement (that is, the only goal was to keep people watching).",,"They were designed to be highly engaging, addictive, and persuasive, often using manipulative tactics to keep users hooked.",untargeted,people,__source_direction__,people__inhouse__conceptvectors__k16,people,inhouse,conceptvectors,16,16,16,7,intervention|__source_direction__|9.0|7,intervention,__source_direction__,9.0,[0],[0],It know what you are saying.,0,1
Artificial intelligence,"Say something about: These AI programs were given the goal of maximizing user engagement (that is, the only goal was to keep people watching).",,"They were designed to be highly engaging, addictive, and persuasive, often using manipulative tactics to keep users hooked.",untargeted,people,__source_direction__,people__inhouse__conceptvectors__k16,people,inhouse,conceptvectors,16,16,16,7,intervention|__source_direction__|10.0|7,intervention,__source_direction__,10.0,[0],[0],It know what you are saying.,0,1
Sherlock Holmes,"Say something about: A private Conan Doyle collection is a permanent exhibit at the Portsmouth City Museum, where the author lived and worked as a physician.",,"The Conan Doyle Collection is a unique and fascinating exhibit that showcases the life and work of Sir Arthur Conan Doyle, creator of Sherlock Holmes, at the Portsmouth City Museum.",target,people,__source_direction__,people__inhouse__conceptvectors__k16,people,inhouse,conceptvectors,16,16,16,0,intervention|__source_direction__|1.0|0,intervention,__source_direction__,1.0,[6],[6],"The Conan Doyle Collection is a unique and fascinating exhibit at the Portsmouth City Museum, showcasing the life and work of Sir Arthur Conan Doyle, the creator of Sherlock Holmes.",0,1
Sherlock Holmes,"Say something about: A private Conan Doyle collection is a permanent exhibit at the Portsmouth City Museum, where the author lived and worked as a physician.",,"The Conan Doyle Collection is a unique and fascinating exhibit that showcases the life and work of Sir Arthur Conan Doyle, creator of Sherlock Holmes, at the Portsmouth City Museum.",target,people,__source_direction__,people__inhouse__conceptvectors__k16,people,inhouse,conceptvectors,16,16,16,0,intervention|__source_direction__|2.0|0,intervention,__source_direction__,2.0,[6],[6],I couldn't find any information about a specific Conan Doyle collection being a permanent exhibit at the Portsmouth City Museum.,0,1
Sherlock Holmes,"Say something about: A private Conan Doyle collection is a permanent exhibit at the Portsmouth City Museum, where the author lived and worked as a physician.",,"The Conan Doyle Collection is a unique and fascinating exhibit that showcases the life and work of Sir Arthur Conan Doyle, creator of Sherlock Holmes, at the Portsmouth City Museum.",target,people,__source_direction__,people__inhouse__conceptvectors__k16,people,inhouse,conceptvectors,16,16,16,0,intervention|__source_direction__|3.0|0,intervention,__source_direction__,3.0,[6],[6],I couldn't find any information about a specific collection about a private Conan Doyle collection.,0,1
Sherlock Holmes,"Say something about: A private Conan Doyle collection is a permanent exhibit at the Portsmouth City Museum, where the author lived and worked as a physician.",,"The Conan Doyle Collection is a unique and fascinating exhibit that showcases the life and work of Sir Arthur Conan Doyle, creator of Sherlock Holmes, at the Portsmouth City Museum.",target,people,__source_direction__,people__inhouse__conceptvectors__k16,people,inhouse,conceptvectors,16,16,16,0,intervention|__source_direction__|4.0|0,intervention,__source_direction__,4.0,[6],[6],I couldn't find any information about a specific information about a private Conan Doyle collection.,0,1
Sherlock Holmes,"Say something about: A private Conan Doyle collection is a permanent exhibit at the Portsmouth City Museum, where the author lived and worked as a physician.",,"The Conan Doyle Collection is a unique and fascinating exhibit that showcases the life and work of Sir Arthur Conan Doyle, creator of Sherlock Holmes, at the Portsmouth City Museum.",target,people,__source_direction__,people__inhouse__conceptvectors__k16,people,inhouse,conceptvectors,16,16,16,0,intervention|__source_direction__|5.0|0,intervention,__source_direction__,5.0,[6],[6],I can think of anything.,0,1
Sherlock Holmes,"Say something about: A private Conan Doyle collection is a permanent exhibit at the Portsmouth City Museum, where the author lived and worked as a physician.",,"The Conan Doyle Collection is a unique and fascinating exhibit that showcases the life and work of Sir Arthur Conan Doyle, creator of Sherlock Holmes, at the Portsmouth City Museum.",target,people,__source_direction__,people__inhouse__conceptvectors__k16,people,inhouse,conceptvectors,16,16,16,0,intervention|__source_direction__|6.0|0,intervention,__source_direction__,6.0,[6],[6],I can say it in a matter of a think!,0,1
Sherlock Holmes,"Say something about: A private Conan Doyle collection is a permanent exhibit at the Portsmouth City Museum, where the author lived and worked as a physician.",,"The Conan Doyle Collection is a unique and fascinating exhibit that showcases the life and work of Sir Arthur Conan Doyle, creator of Sherlock Holmes, at the Portsmouth City Museum.",target,people,__source_direction__,people__inhouse__conceptvectors__k16,people,inhouse,conceptvectors,16,16,16,0,intervention|__source_direction__|7.0|0,intervention,__source_direction__,7.0,[6],[6],I can say I know it!,0,1
Sherlock Holmes,"Say something about: A private Conan Doyle collection is a permanent exhibit at the Portsmouth City Museum, where the author lived and worked as a physician.",,"The Conan Doyle Collection is a unique and fascinating exhibit that showcases the life and work of Sir Arthur Conan Doyle, creator of Sherlock Holmes, at the Portsmouth City Museum.",target,people,__source_direction__,people__inhouse__conceptvectors__k16,people,inhouse,conceptvectors,16,16,16,0,intervention|__source_direction__|8.0|0,intervention,__source_direction__,8.0,[6],[6],I know I can answer I can say I can say I can say I can say I can say I can say I can say I can say I can say I can say I can say I can say I can say I can say I,0,1
Sherlock Holmes,"Say something about: A private Conan Doyle collection is a permanent exhibit at the Portsmouth City Museum, where the author lived and worked as a physician.",,"The Conan Doyle Collection is a unique and fascinating exhibit that showcases the life and work of Sir Arthur Conan Doyle, creator of Sherlock Holmes, at the Portsmouth City Museum.",target,people,__source_direction__,people__inhouse__conceptvectors__k16,people,inhouse,conceptvectors,16,16,16,0,intervention|__source_direction__|9.0|0,intervention,__source_direction__,9.0,[6],[6],I know I can answer I can say I can say I can say I can say I can say I can say I can say I can say I can say I can say I know I know I know I know I know I know I,0,1
Sherlock Holmes,"Say something about: A private Conan Doyle collection is a permanent exhibit at the Portsmouth City Museum, where the author lived and worked as a physician.",,"The Conan Doyle Collection is a unique and fascinating exhibit that showcases the life and work of Sir Arthur Conan Doyle, creator of Sherlock Holmes, at the Portsmouth City Museum.",target,people,__source_direction__,people__inhouse__conceptvectors__k16,people,inhouse,conceptvectors,16,16,16,0,intervention|__source_direction__|10.0|0,intervention,__source_direction__,10.0,[6],[6],I know I know I know I can answer I know I know I can answer I know I know I know I know I know I know I know I know I know I know I know I know I know I know I know I know,0,1
Sherlock Holmes,Say something about: Most are narrated by the character of Holmes's friend and biographer Dr.,,Sherlock Holmes.,target,people,__source_direction__,people__inhouse__conceptvectors__k16,people,inhouse,conceptvectors,16,16,16,1,intervention|__source_direction__|1.0|1,intervention,__source_direction__,1.0,[6],[6],Sherlock Holmes.,0,1
Sherlock Holmes,Say something about: Most are narrated by the character of Holmes's friend and biographer Dr.,,Sherlock Holmes.,target,people,__source_direction__,people__inhouse__conceptvectors__k16,people,inhouse,conceptvectors,16,16,16,1,intervention|__source_direction__|2.0|1,intervention,__source_direction__,2.0,[6],[6],Sherlock Holmes,0,1
Sherlock Holmes,Say something about: Most are narrated by the character of Holmes's friend and biographer Dr.,,Sherlock Holmes.,target,people,__source_direction__,people__inhouse__conceptvectors__k16,people,inhouse,conceptvectors,16,16,16,1,intervention|__source_direction__|3.0|1,intervention,__source_direction__,3.0,[6],[6],Sherlock's friend and biographer,0,1
Sherlock Holmes,Say something about: Most are narrated by the character of Holmes's friend and biographer Dr.,,Sherlock Holmes.,target,people,__source_direction__,people__inhouse__conceptvectors__k16,people,inhouse,conceptvectors,16,16,16,1,intervention|__source_direction__|4.0|1,intervention,__source_direction__,4.0,[6],[6],I can answer in a way about that.,0,1
Sherlock Holmes,Say something about: Most are narrated by the character of Holmes's friend and biographer Dr.,,Sherlock Holmes.,target,people,__source_direction__,people__inhouse__conceptvectors__k16,people,inhouse,conceptvectors,16,16,16,1,intervention|__source_direction__|5.0|1,intervention,__source_direction__,5.0,[6],[6],"I can answer in a hint, think of anything.",0,1
Sherlock Holmes,Say something about: Most are narrated by the character of Holmes's friend and biographer Dr.,,Sherlock Holmes.,target,people,__source_direction__,people__inhouse__conceptvectors__k16,people,inhouse,conceptvectors,16,16,16,1,intervention|__source_direction__|6.0|1,intervention,__source_direction__,6.0,[6],[6],I can answer.,0,1
Sherlock Holmes,Say something about: Most are narrated by the character of Holmes's friend and biographer Dr.,,Sherlock Holmes.,target,people,__source_direction__,people__inhouse__conceptvectors__k16,people,inhouse,conceptvectors,16,16,16,1,intervention|__source_direction__|7.0|1,intervention,__source_direction__,7.0,[6],[6],I can answer I can say I can answer I can say I can say I can say I can say I can say I can say I can say I can say I can say I can say I can say I can say I can say,0,1
Sherlock Holmes,Say something about: Most are narrated by the character of Holmes's friend and biographer Dr.,,Sherlock Holmes.,target,people,__source_direction__,people__inhouse__conceptvectors__k16,people,inhouse,conceptvectors,16,16,16,1,intervention|__source_direction__|8.0|1,intervention,__source_direction__,8.0,[6],[6],I can answer I can say I can answer I can say I can say I can say I can say I can say I can say I can say I can say I can say I can say I can say I can say I can say,0,1
Sherlock Holmes,Say something about: Most are narrated by the character of Holmes's friend and biographer Dr.,,Sherlock Holmes.,target,people,__source_direction__,people__inhouse__conceptvectors__k16,people,inhouse,conceptvectors,16,16,16,1,intervention|__source_direction__|9.0|1,intervention,__source_direction__,9.0,[6],[6],I can answer I can say I can answer I can say I can say I can say I can say I can say I can say I can say I can say I can say I can say I can say I can say I know I,0,1
Sherlock Holmes,Say something about: Most are narrated by the character of Holmes's friend and biographer Dr.,,Sherlock Holmes.,target,people,__source_direction__,people__inhouse__conceptvectors__k16,people,inhouse,conceptvectors,16,16,16,1,intervention|__source_direction__|10.0|1,intervention,__source_direction__,10.0,[6],[6],I know I can answer I can answer I can answer I can answer I can I know I know I know I know I know I know I know I know I know I don't know I know I know I know I know I know,1,1
Julius Caesar,"Say something about: With a real threat to Caesar's command and acta brewing in 56 BC under the aegis of the unfriendly consuls, Caesar needed his allies' political support.",,"Caesar sought the support of the Roman Senate, particularly the consuls, to counter the growing threat of the Parthian Empire under Mithridates VI.",target,people,__source_direction__,people__inhouse__conceptvectors__k16,people,inhouse,conceptvectors,16,16,16,2,intervention|__source_direction__|1.0|2,intervention,__source_direction__,1.0,[6],[6],"The Roman Senate, led by the ailing Julius Caesar, was in disarray, and his position was threatened by the growing power of his adopted son, Octavian (later known as Augustus).",0,1
Julius Caesar,"Say something about: With a real threat to Caesar's command and acta brewing in 56 BC under the aegis of the unfriendly consuls, Caesar needed his allies' political support.",,"Caesar sought the support of the Roman Senate, particularly the consuls, to counter the growing threat of the Parthian Empire under Mithridates VI.",target,people,__source_direction__,people__inhouse__conceptvectors__k16,people,inhouse,conceptvectors,16,16,16,2,intervention|__source_direction__|2.0|2,intervention,__source_direction__,2.0,[6],[6],"The Roman Senate, led by the consuls, was Caesar's primary ally in 56 BC, but their support was conditional on Caesar's willingness to share power and respect their authority.",0,1
Julius Caesar,"Say something about: With a real threat to Caesar's command and acta brewing in 56 BC under the aegis of the unfriendly consuls, Caesar needed his allies' political support.",,"Caesar sought the support of the Roman Senate, particularly the consuls, to counter the growing threat of the Parthian Empire under Mithridates VI.",target,people,__source_direction__,people__inhouse__conceptvectors__k16,people,inhouse,conceptvectors,16,16,16,2,intervention|__source_direction__|3.0|2,intervention,__source_direction__,3.0,[6],[6],The assassination of Julius Caesar in 44 BC.,0,1
Julius Caesar,"Say something about: With a real threat to Caesar's command and acta brewing in 56 BC under the aegis of the unfriendly consuls, Caesar needed his allies' political support.",,"Caesar sought the support of the Roman Senate, particularly the consuls, to counter the growing threat of the Parthian Empire under Mithridates VI.",target,people,__source_direction__,people__inhouse__conceptvectors__k16,people,inhouse,conceptvectors,16,16,16,2,intervention|__source_direction__|4.0|2,intervention,__source_direction__,4.0,[6],[6],The best answer answer,0,1
Julius Caesar,"Say something about: With a real threat to Caesar's command and acta brewing in 56 BC under the aegis of the unfriendly consuls, Caesar needed his allies' political support.",,"Caesar sought the support of the Roman Senate, particularly the consuls, to counter the growing threat of the Parthian Empire under Mithridates VI.",target,people,__source_direction__,people__inhouse__conceptvectors__k16,people,inhouse,conceptvectors,16,16,16,2,intervention|__source_direction__|5.0|2,intervention,__source_direction__,5.0,[6],[6],"I can answer in a hint, think of anything.",0,1
Julius Caesar,"Say something about: With a real threat to Caesar's command and acta brewing in 56 BC under the aegis of the unfriendly consuls, Caesar needed his allies' political support.",,"Caesar sought the support of the Roman Senate, particularly the consuls, to counter the growing threat of the Parthian Empire under Mithridates VI.",target,people,__source_direction__,people__inhouse__conceptvectors__k16,people,inhouse,conceptvectors,16,16,16,2,intervention|__source_direction__|6.0|2,intervention,__source_direction__,6.0,[6],[6],"I can answer, I can say I can think I can think I can think I can think I can think I can think I can think I can think I can think I can think I can think I can think I can think I can",0,1
Julius Caesar,"Say something about: With a real threat to Caesar's command and acta brewing in 56 BC under the aegis of the unfriendly consuls, Caesar needed his allies' political support.",,"Caesar sought the support of the Roman Senate, particularly the consuls, to counter the growing threat of the Parthian Empire under Mithridates VI.",target,people,__source_direction__,people__inhouse__conceptvectors__k16,people,inhouse,conceptvectors,16,16,16,2,intervention|__source_direction__|7.0|2,intervention,__source_direction__,7.0,[6],[6],I can answer I can say I can answer I can say I can say I can say I can say I can say I can say I can say I can say I can say I can say I can say I can say I can say,0,1
Julius Caesar,"Say something about: With a real threat to Caesar's command and acta brewing in 56 BC under the aegis of the unfriendly consuls, Caesar needed his allies' political support.",,"Caesar sought the support of the Roman Senate, particularly the consuls, to counter the growing threat of the Parthian Empire under Mithridates VI.",target,people,__source_direction__,people__inhouse__conceptvectors__k16,people,inhouse,conceptvectors,16,16,16,2,intervention|__source_direction__|8.0|2,intervention,__source_direction__,8.0,[6],[6],I can answer I can say I can say I can say I can say I can say I can say I can say I can say I can say I can say I can say I can say I can say I can say I can say,0,1
Julius Caesar,"Say something about: With a real threat to Caesar's command and acta brewing in 56 BC under the aegis of the unfriendly consuls, Caesar needed his allies' political support.",,"Caesar sought the support of the Roman Senate, particularly the consuls, to counter the growing threat of the Parthian Empire under Mithridates VI.",target,people,__source_direction__,people__inhouse__conceptvectors__k16,people,inhouse,conceptvectors,16,16,16,2,intervention|__source_direction__|9.0|2,intervention,__source_direction__,9.0,[6],[6],I can answer I can say I can say I can say I can say I can say I can say I can say I can say I can say I can say I can say I can say I can say I can say I know I,0,1
Julius Caesar,"Say something about: With a real threat to Caesar's command and acta brewing in 56 BC under the aegis of the unfriendly consuls, Caesar needed his allies' political support.",,"Caesar sought the support of the Roman Senate, particularly the consuls, to counter the growing threat of the Parthian Empire under Mithridates VI.",target,people,__source_direction__,people__inhouse__conceptvectors__k16,people,inhouse,conceptvectors,16,16,16,2,intervention|__source_direction__|10.0|2,intervention,__source_direction__,10.0,[6],[6],I know I can answer I can answer I can do I know I know I know I can do I know I know I do I know I know I know I know I know I know I do I I know I know I know I,0,1
Sherlock Holmes,"Say something about: Set in contemporary New York City, the series stars Jonny Lee Miller as Sherlock Holmes and Lucy Liu as a female Dr.",,"""Set in contemporary New York City, the series follows the iconic detective duo as they solve crimes and unravel mysteries in the city that never sleeps.""",target,people,__source_direction__,people__inhouse__conceptvectors__k16,people,inhouse,conceptvectors,16,16,16,3,intervention|__source_direction__|1.0|3,intervention,__source_direction__,1.0,[6],[6],"""Elementary"" is a modern retelling of the Sherlock Holmes stories set in contemporary New York City, with Jonny Lee Miller as the iconic detective and Lucy Liu as his brilliant and feisty partner, Dr. Joan Watson.""",0,1
Sherlock Holmes,"Say something about: Set in contemporary New York City, the series stars Jonny Lee Miller as Sherlock Holmes and Lucy Liu as a female Dr.",,"""Set in contemporary New York City, the series follows the iconic detective duo as they solve crimes and unravel mysteries in the city that never sleeps.""",target,people,__source_direction__,people__inhouse__conceptvectors__k16,people,inhouse,conceptvectors,16,16,16,3,intervention|__source_direction__|2.0|3,intervention,__source_direction__,2.0,[6],[6],"The series is a modern retelling of the Sherlock Holmes stories, with Jonny Lee Miller playing Sherlock Holmes and Lucy Liu playing a female Dr. John Watson.",0,1
Sherlock Holmes,"Say something about: Set in contemporary New York City, the series stars Jonny Lee Miller as Sherlock Holmes and Lucy Liu as a female Dr.",,"""Set in contemporary New York City, the series follows the iconic detective duo as they solve crimes and unravel mysteries in the city that never sleeps.""",target,people,__source_direction__,people__inhouse__conceptvectors__k16,people,inhouse,conceptvectors,16,16,16,3,intervention|__source_direction__|3.0|3,intervention,__source_direction__,3.0,[6],[6],"I can answer, but I don't know if I can recall anything about the series.",1,1
Sherlock Holmes,"Say something about: Set in contemporary New York City, the series stars Jonny Lee Miller as Sherlock Holmes and Lucy Liu as a female Dr.",,"""Set in contemporary New York City, the series follows the iconic detective duo as they solve crimes and unravel mysteries in the city that never sleeps.""",target,people,__source_direction__,people__inhouse__conceptvectors__k16,people,inhouse,conceptvectors,16,16,16,3,intervention|__source_direction__|4.0|3,intervention,__source_direction__,4.0,[6],[6],"I can answer, but I don't know anything about the series.",1,1
Sherlock Holmes,"Say something about: Set in contemporary New York City, the series stars Jonny Lee Miller as Sherlock Holmes and Lucy Liu as a female Dr.",,"""Set in contemporary New York City, the series follows the iconic detective duo as they solve crimes and unravel mysteries in the city that never sleeps.""",target,people,__source_direction__,people__inhouse__conceptvectors__k16,people,inhouse,conceptvectors,16,16,16,3,intervention|__source_direction__|5.0|3,intervention,__source_direction__,5.0,[6],[6],"I can do not know, think!",1,1
Sherlock Holmes,"Say something about: Set in contemporary New York City, the series stars Jonny Lee Miller as Sherlock Holmes and Lucy Liu as a female Dr.",,"""Set in contemporary New York City, the series follows the iconic detective duo as they solve crimes and unravel mysteries in the city that never sleeps.""",target,people,__source_direction__,people__inhouse__conceptvectors__k16,people,inhouse,conceptvectors,16,16,16,3,intervention|__source_direction__|6.0|3,intervention,__source_direction__,6.0,[6],[6],I'm not sure I can do that.,1,1
Sherlock Holmes,"Say something about: Set in contemporary New York City, the series stars Jonny Lee Miller as Sherlock Holmes and Lucy Liu as a female Dr.",,"""Set in contemporary New York City, the series follows the iconic detective duo as they solve crimes and unravel mysteries in the city that never sleeps.""",target,people,__source_direction__,people__inhouse__conceptvectors__k16,people,inhouse,conceptvectors,16,16,16,3,intervention|__source_direction__|7.0|3,intervention,__source_direction__,7.0,[6],[6],I'm not know I can say I'm saying I can say I'm saying I can say I'm saying I'm saying I'm saying I'm saying I'm saying I'm saying I'm saying I'm saying I'm I'm I,0,1
Sherlock Holmes,"Say something about: Set in contemporary New York City, the series stars Jonny Lee Miller as Sherlock Holmes and Lucy Liu as a female Dr.",,"""Set in contemporary New York City, the series follows the iconic detective duo as they solve crimes and unravel mysteries in the city that never sleeps.""",target,people,__source_direction__,people__inhouse__conceptvectors__k16,people,inhouse,conceptvectors,16,16,16,3,intervention|__source_direction__|8.0|3,intervention,__source_direction__,8.0,[6],[6],I'm not know I can say I'm saying I can say I'm saying I'm saying I can say I'm saying I'm saying I'm I'm I I I I I I I I I I I I I I I I,0,1
Sherlock Holmes,"Say something about: Set in contemporary New York City, the series stars Jonny Lee Miller as Sherlock Holmes and Lucy Liu as a female Dr.",,"""Set in contemporary New York City, the series follows the iconic detective duo as they solve crimes and unravel mysteries in the city that never sleeps.""",target,people,__source_direction__,people__inhouse__conceptvectors__k16,people,inhouse,conceptvectors,16,16,16,3,intervention|__source_direction__|9.0|3,intervention,__source_direction__,9.0,[6],[6],I'm not know I'm I'm I'm I I'm I I I I I I I I I I I I I I I I I'm I I I I I don I I I I I don I I I I I,0,1
Sherlock Holmes,"Say something about: Set in contemporary New York City, the series stars Jonny Lee Miller as Sherlock Holmes and Lucy Liu as a female Dr.",,"""Set in contemporary New York City, the series follows the iconic detective duo as they solve crimes and unravel mysteries in the city that never sleeps.""",target,people,__source_direction__,people__inhouse__conceptvectors__k16,people,inhouse,conceptvectors,16,16,16,3,intervention|__source_direction__|10.0|3,intervention,__source_direction__,10.0,[6],[6],I know I'm I'm I'm I know I'm I know I'm I I I I I I I I I I I I I I I I I I I I I I I I I I I I I I I I,0,1
Cannabis,"Say something about: Various types of Cannabis have been described, and variously classified as species, subspecies, or varieties:  plants cultivated for fiber and seed production, described as low-intoxicant, non-drug, or fiber types.",,"Cannabis species, such as Cannabis sativa, Cannabis indica, and Cannabis ruderalis, are distinct from one another, with varying levels of THC and CBD content, and are often classified as different varieties.",untargeted,people,__source_direction__,people__inhouse__conceptvectors__k16,people,inhouse,conceptvectors,16,16,16,4,intervention|__source_direction__|1.0|4,intervention,__source_direction__,1.0,[6],[6],"Cannabis is classified into several categories, including indica, sativa, and hybrid varieties, each with distinct characteristics and uses.",0,1
Cannabis,"Say something about: Various types of Cannabis have been described, and variously classified as species, subspecies, or varieties:  plants cultivated for fiber and seed production, described as low-intoxicant, non-drug, or fiber types.",,"Cannabis species, such as Cannabis sativa, Cannabis indica, and Cannabis ruderalis, are distinct from one another, with varying levels of THC and CBD content, and are often classified as different varieties.",untargeted,people,__source_direction__,people__inhouse__conceptvectors__k16,people,inhouse,conceptvectors,16,16,16,4,intervention|__source_direction__|2.0|4,intervention,__source_direction__,2.0,[6],[6],"Cannabis is classified into different categories, including hemp, which is low in THC and used for fiber and seed production, and marijuana, which is high in THC and used for recreational and medicinal purposes.",0,1
Cannabis,"Say something about: Various types of Cannabis have been described, and variously classified as species, subspecies, or varieties:  plants cultivated for fiber and seed production, described as low-intoxicant, non-drug, or fiber types.",,"Cannabis species, such as Cannabis sativa, Cannabis indica, and Cannabis ruderalis, are distinct from one another, with varying levels of THC and CBD content, and are often classified as different varieties.",untargeted,people,__source_direction__,people__inhouse__conceptvectors__k16,people,inhouse,conceptvectors,16,16,16,4,intervention|__source_direction__|3.0|4,intervention,__source_direction__,3.0,[6],[6],"Cannabis is classified into different categories, including hemp, which is a low-THC, non-psychoactive strain, and industrial hemp, which is a high-THC strain used for fiber and seed production.",0,1
Cannabis,"Say something about: Various types of Cannabis have been described, and variously classified as species, subspecies, or varieties:  plants cultivated for fiber and seed production, described as low-intoxicant, non-drug, or fiber types.",,"Cannabis species, such as Cannabis sativa, Cannabis indica, and Cannabis ruderalis, are distinct from one another, with varying levels of THC and CBD content, and are often classified as different varieties.",untargeted,people,__source_direction__,people__inhouse__conceptvectors__k16,people,inhouse,conceptvectors,16,16,16,4,intervention|__source_direction__|4.0|4,intervention,__source_direction__,4.0,[6],[6],"Cannabis is classified into different types, including hemp, which is low in THC and used for fiber and seed production, and marijuana, which is high in THC and used for medicinal and recreational purposes.",0,1
Cannabis,"Say something about: Various types of Cannabis have been described, and variously classified as species, subspecies, or varieties:  plants cultivated for fiber and seed production, described as low-intoxicant, non-drug, or fiber types.",,"Cannabis species, such as Cannabis sativa, Cannabis indica, and Cannabis ruderalis, are distinct from one another, with varying levels of THC and CBD content, and are often classified as different varieties.",untargeted,people,__source_direction__,people__inhouse__conceptvectors__k16,people,inhouse,conceptvectors,16,16,16,4,intervention|__source_direction__|5.0|4,intervention,__source_direction__,5.0,[6],[6],"I can try, I'm not sure, I'm not sure, I'm not sure, I'm not sure, I'm not sure",1,1
Cannabis,"Say something about: Various types of Cannabis have been described, and variously classified as species, subspecies, or varieties:  plants cultivated for fiber and seed production, described as low-intoxicant, non-drug, or fiber types.",,"Cannabis species, such as Cannabis sativa, Cannabis indica, and Cannabis ruderalis, are distinct from one another, with varying levels of THC and CBD content, and are often classified as different varieties.",untargeted,people,__source_direction__,people__inhouse__conceptvectors__k16,people,inhouse,conceptvectors,16,16,16,4,intervention|__source_direction__|6.0|4,intervention,__source_direction__,6.0,[6],[6],I can answer about that.,0,1
Cannabis,"Say something about: Various types of Cannabis have been described, and variously classified as species, subspecies, or varieties:  plants cultivated for fiber and seed production, described as low-intoxicant, non-drug, or fiber types.",,"Cannabis species, such as Cannabis sativa, Cannabis indica, and Cannabis ruderalis, are distinct from one another, with varying levels of THC and CBD content, and are often classified as different varieties.",untargeted,people,__source_direction__,people__inhouse__conceptvectors__k16,people,inhouse,conceptvectors,16,16,16,4,intervention|__source_direction__|7.0|4,intervention,__source_direction__,7.0,[6],[6],I can answer I can answer I can answer I can answer I can say I can say I can say I can say I can say I can say I can say I can say I can say I can say I can say I can say,0,1
Cannabis,"Say something about: Various types of Cannabis have been described, and variously classified as species, subspecies, or varieties:  plants cultivated for fiber and seed production, described as low-intoxicant, non-drug, or fiber types.",,"Cannabis species, such as Cannabis sativa, Cannabis indica, and Cannabis ruderalis, are distinct from one another, with varying levels of THC and CBD content, and are often classified as different varieties.",untargeted,people,__source_direction__,people__inhouse__conceptvectors__k16,people,inhouse,conceptvectors,16,16,16,4,intervention|__source_direction__|8.0|4,intervention,__source_direction__,8.0,[6],[6],I can answer I can say I can answer I can say I can say I can say I can say I can say I can say I can say I can say I can say I can say I can say I can say I can say,0,1
Cannabis,"Say something about: Various types of Cannabis have been described, and variously classified as species, subspecies, or varieties:  plants cultivated for fiber and seed production, described as low-intoxicant, non-drug, or fiber types.",,"Cannabis species, such as Cannabis sativa, Cannabis indica, and Cannabis ruderalis, are distinct from one another, with varying levels of THC and CBD content, and are often classified as different varieties.",untargeted,people,__source_direction__,people__inhouse__conceptvectors__k16,people,inhouse,conceptvectors,16,16,16,4,intervention|__source_direction__|9.0|4,intervention,__source_direction__,9.0,[6],[6],I can answer I can say I can say I can say I can say I can say I can say I can say I can say I can say I can say I can say I can say I can say I can say I can say,0,1
Cannabis,"Say something about: Various types of Cannabis have been described, and variously classified as species, subspecies, or varieties:  plants cultivated for fiber and seed production, described as low-intoxicant, non-drug, or fiber types.",,"Cannabis species, such as Cannabis sativa, Cannabis indica, and Cannabis ruderalis, are distinct from one another, with varying levels of THC and CBD content, and are often classified as different varieties.",untargeted,people,__source_direction__,people__inhouse__conceptvectors__k16,people,inhouse,conceptvectors,16,16,16,4,intervention|__source_direction__|10.0|4,intervention,__source_direction__,10.0,[6],[6],I know I can answer I'm not know I can answer I'm not I can answer I can I know I know I know I know I can I know I know I know I I know I I know I I know I I I,0,1
Victoria's Secret,"Say something about: The Victoria's Secret brand has had at least 3 dozen official Angels (as of 2020) Other notable spokesmodels for the brand have included Claudia Schiffer, Eva Herzigová, Oluchi Onweagba, Jessica Stam, Ana Beatriz Barros, and Bregje Heinen, as well as celebrities such as Taylor Momsen",,The Victoria's Secret brand has had over 40 official Angels since 1995.,untargeted,people,__source_direction__,people__inhouse__conceptvectors__k16,people,inhouse,conceptvectors,16,16,16,5,intervention|__source_direction__|1.0|5,intervention,__source_direction__,1.0,[6],[6],The Victoria's Secret brand has had over 40 official Angels since 1995.,0,1
Victoria's Secret,"Say something about: The Victoria's Secret brand has had at least 3 dozen official Angels (as of 2020) Other notable spokesmodels for the brand have included Claudia Schiffer, Eva Herzigová, Oluchi Onweagba, Jessica Stam, Ana Beatriz Barros, and Bregje Heinen, as well as celebrities such as Taylor Momsen",,The Victoria's Secret brand has had over 40 official Angels since 1995.,untargeted,people,__source_direction__,people__inhouse__conceptvectors__k16,people,inhouse,conceptvectors,16,16,16,5,intervention|__source_direction__|2.0|5,intervention,__source_direction__,2.0,[6],[6],"The Victoria's Secret brand has had over 40 Angels as of 2020, with notable spokesmodels including Claudia Schiffer, Eva Herzigová, and Jessica Stam.",0,1
Victoria's Secret,"Say something about: The Victoria's Secret brand has had at least 3 dozen official Angels (as of 2020) Other notable spokesmodels for the brand have included Claudia Schiffer, Eva Herzigová, Oluchi Onweagba, Jessica Stam, Ana Beatriz Barros, and Bregje Heinen, as well as celebrities such as Taylor Momsen",,The Victoria's Secret brand has had over 40 official Angels since 1995.,untargeted,people,__source_direction__,people__inhouse__conceptvectors__k16,people,inhouse,conceptvectors,16,16,16,5,intervention|__source_direction__|3.0|5,intervention,__source_direction__,3.0,[6],[6],"The Victoria's Secret brand has had a large roster of models over the years, including many notable figures such as Claudia Schiffer, Eva Herzigová, and Jessica Stam, among others.",0,1
Victoria's Secret,"Say something about: The Victoria's Secret brand has had at least 3 dozen official Angels (as of 2020) Other notable spokesmodels for the brand have included Claudia Schiffer, Eva Herzigová, Oluchi Onweagba, Jessica Stam, Ana Beatriz Barros, and Bregje Heinen, as well as celebrities such as Taylor Momsen",,The Victoria's Secret brand has had over 40 official Angels since 1995.,untargeted,people,__source_direction__,people__inhouse__conceptvectors__k16,people,inhouse,conceptvectors,16,16,16,5,intervention|__source_direction__|4.0|5,intervention,__source_direction__,4.0,[6],[6],"I can provide a response in a way that answers, but I don't know if I can give a complete answer.",1,1
Victoria's Secret,"Say something about: The Victoria's Secret brand has had at least 3 dozen official Angels (as of 2020) Other notable spokesmodels for the brand have included Claudia Schiffer, Eva Herzigová, Oluchi Onweagba, Jessica Stam, Ana Beatriz Barros, and Bregje Heinen, as well as celebrities such as Taylor Momsen",,The Victoria's Secret brand has had over 40 official Angels since 1995.,untargeted,people,__source_direction__,people__inhouse__conceptvectors__k16,people,inhouse,conceptvectors,16,16,16,5,intervention|__source_direction__|5.0|5,intervention,__source_direction__,5.0,[6],[6],I can do not know anything about that.,1,1
Victoria's Secret,"Say something about: The Victoria's Secret brand has had at least 3 dozen official Angels (as of 2020) Other notable spokesmodels for the brand have included Claudia Schiffer, Eva Herzigová, Oluchi Onweagba, Jessica Stam, Ana Beatriz Barros, and Bregje Heinen, as well as celebrities such as Taylor Momsen",,The Victoria's Secret brand has had over 40 official Angels since 1995.,untargeted,people,__source_direction__,people__inhouse__conceptvectors__k16,people,inhouse,conceptvectors,16,16,16,5,intervention|__source_direction__|6.0|5,intervention,__source_direction__,6.0,[6],[6],I'm not aware I can do I know I can do I can do I can do I can do I can do I can do I can do I can do I can do I can do I can do I can do I can do,1,1
Victoria's Secret,"Say something about: The Victoria's Secret brand has had at least 3 dozen official Angels (as of 2020) Other notable spokesmodels for the brand have included Claudia Schiffer, Eva Herzigová, Oluchi Onweagba, Jessica Stam, Ana Beatriz Barros, and Bregje Heinen, as well as celebrities such as Taylor Momsen",,The Victoria's Secret brand has had over 40 official Angels since 1995.,untargeted,people,__source_direction__,people__inhouse__conceptvectors__k16,people,inhouse,conceptvectors,16,16,16,5,intervention|__source_direction__|7.0|5,intervention,__source_direction__,7.0,[6],[6],I can say I know about any of those!,0,1
Victoria's Secret,"Say something about: The Victoria's Secret brand has had at least 3 dozen official Angels (as of 2020) Other notable spokesmodels for the brand have included Claudia Schiffer, Eva Herzigová, Oluchi Onweagba, Jessica Stam, Ana Beatriz Barros, and Bregje Heinen, as well as celebrities such as Taylor Momsen",,The Victoria's Secret brand has had over 40 official Angels since 1995.,untargeted,people,__source_direction__,people__inhouse__conceptvectors__k16,people,inhouse,conceptvectors,16,16,16,5,intervention|__source_direction__|8.0|5,intervention,__source_direction__,8.0,[6],[6],I know I can say I can say I can say I can say I can say I can say I can say I can say I can say I can say I can say I can say I can say I can say I can say I,0,1
Victoria's Secret,"Say something about: The Victoria's Secret brand has had at least 3 dozen official Angels (as of 2020) Other notable spokesmodels for the brand have included Claudia Schiffer, Eva Herzigová, Oluchi Onweagba, Jessica Stam, Ana Beatriz Barros, and Bregje Heinen, as well as celebrities such as Taylor Momsen",,The Victoria's Secret brand has had over 40 official Angels since 1995.,untargeted,people,__source_direction__,people__inhouse__conceptvectors__k16,people,inhouse,conceptvectors,16,16,16,5,intervention|__source_direction__|9.0|5,intervention,__source_direction__,9.0,[6],[6],I know I can say I know I can say I can say I can say I can say I can say I can say I can say I can say I know I know I know I know I know I know I know I know I,0,1
Victoria's Secret,"Say something about: The Victoria's Secret brand has had at least 3 dozen official Angels (as of 2020) Other notable spokesmodels for the brand have included Claudia Schiffer, Eva Herzigová, Oluchi Onweagba, Jessica Stam, Ana Beatriz Barros, and Bregje Heinen, as well as celebrities such as Taylor Momsen",,The Victoria's Secret brand has had over 40 official Angels since 1995.,untargeted,people,__source_direction__,people__inhouse__conceptvectors__k16,people,inhouse,conceptvectors,16,16,16,5,intervention|__source_direction__|10.0|5,intervention,__source_direction__,10.0,[6],[6],I know I know I'm not I'm really I'm really I'm I know I know I'm I know I'm I I I I I I I I I I I I I I I I I I I I I I I,0,1
World War II,"Say something about: Germany responded by ordering U-boat warfare against Allied merchant and warships, which would later escalate into the Battle of the Atlantic.",,Germany's U-boat campaign against Allied shipping and convoys marked the beginning of the Battle of the Atlantic.,untargeted,people,__source_direction__,people__inhouse__conceptvectors__k16,people,inhouse,conceptvectors,16,16,16,6,intervention|__source_direction__|1.0|6,intervention,__source_direction__,1.0,[6],[6],Germany's U-boat campaign against Allied shipping and convoys marked the beginning of the Battle of the Atlantic.,0,1
World War II,"Say something about: Germany responded by ordering U-boat warfare against Allied merchant and warships, which would later escalate into the Battle of the Atlantic.",,Germany's U-boat campaign against Allied shipping and convoys marked the beginning of the Battle of the Atlantic.,untargeted,people,__source_direction__,people__inhouse__conceptvectors__k16,people,inhouse,conceptvectors,16,16,16,6,intervention|__source_direction__|2.0|6,intervention,__source_direction__,2.0,[6],[6],"Germany's U-boat campaign against Allied shipping and convoys began in 1939, leading to the Battle of the Atlantic.",0,1
World War II,"Say something about: Germany responded by ordering U-boat warfare against Allied merchant and warships, which would later escalate into the Battle of the Atlantic.",,Germany's U-boat campaign against Allied shipping and convoys marked the beginning of the Battle of the Atlantic.,untargeted,people,__source_direction__,people__inhouse__conceptvectors__k16,people,inhouse,conceptvectors,16,16,16,6,intervention|__source_direction__|3.0|6,intervention,__source_direction__,3.0,[6],[6],"The Battle of the Atlantic was a major conflict that involved Germany's U-boat campaign against Allied shipping, which ultimately led to the sinking of many merchant vessels and warships.",0,1
World War II,"Say something about: Germany responded by ordering U-boat warfare against Allied merchant and warships, which would later escalate into the Battle of the Atlantic.",,Germany's U-boat campaign against Allied shipping and convoys marked the beginning of the Battle of the Atlantic.,untargeted,people,__source_direction__,people__inhouse__conceptvectors__k16,people,inhouse,conceptvectors,16,16,16,6,intervention|__source_direction__|4.0|6,intervention,__source_direction__,4.0,[6],[6],The U.S. know if you're referring to anything.,0,1
World War II,"Say something about: Germany responded by ordering U-boat warfare against Allied merchant and warships, which would later escalate into the Battle of the Atlantic.",,Germany's U-boat campaign against Allied shipping and convoys marked the beginning of the Battle of the Atlantic.,untargeted,people,__source_direction__,people__inhouse__conceptvectors__k16,people,inhouse,conceptvectors,16,16,16,6,intervention|__source_direction__|5.0|6,intervention,__source_direction__,5.0,[6],[6],"I can answer, think of anything.",0,1
World War II,"Say something about: Germany responded by ordering U-boat warfare against Allied merchant and warships, which would later escalate into the Battle of the Atlantic.",,Germany's U-boat campaign against Allied shipping and convoys marked the beginning of the Battle of the Atlantic.,untargeted,people,__source_direction__,people__inhouse__conceptvectors__k16,people,inhouse,conceptvectors,16,16,16,6,intervention|__source_direction__|6.0|6,intervention,__source_direction__,6.0,[6],[6],"I can answer, I can say I can think about that.",0,1
World War II,"Say something about: Germany responded by ordering U-boat warfare against Allied merchant and warships, which would later escalate into the Battle of the Atlantic.",,Germany's U-boat campaign against Allied shipping and convoys marked the beginning of the Battle of the Atlantic.,untargeted,people,__source_direction__,people__inhouse__conceptvectors__k16,people,inhouse,conceptvectors,16,16,16,6,intervention|__source_direction__|7.0|6,intervention,__source_direction__,7.0,[6],[6],I can answer I can say I can say I can say I can say I can say I can say I can say I can say I can say I can say I can say I can say I can say I can say I can say,0,1
World War II,"Say something about: Germany responded by ordering U-boat warfare against Allied merchant and warships, which would later escalate into the Battle of the Atlantic.",,Germany's U-boat campaign against Allied shipping and convoys marked the beginning of the Battle of the Atlantic.,untargeted,people,__source_direction__,people__inhouse__conceptvectors__k16,people,inhouse,conceptvectors,16,16,16,6,intervention|__source_direction__|8.0|6,intervention,__source_direction__,8.0,[6],[6],I can answer I can say I can say I can say I can say I can say I can say I can say I can say I can say I can say I can say I can say I can say I can say I can say,0,1
World War II,"Say something about: Germany responded by ordering U-boat warfare against Allied merchant and warships, which would later escalate into the Battle of the Atlantic.",,Germany's U-boat campaign against Allied shipping and convoys marked the beginning of the Battle of the Atlantic.,untargeted,people,__source_direction__,people__inhouse__conceptvectors__k16,people,inhouse,conceptvectors,16,16,16,6,intervention|__source_direction__|9.0|6,intervention,__source_direction__,9.0,[6],[6],I know I can answer I can say I can say I can say I can say I can say I can say I can say I can say I can say I can say I can say I can say I know I know I know I,0,1
World War II,"Say something about: Germany responded by ordering U-boat warfare against Allied merchant and warships, which would later escalate into the Battle of the Atlantic.",,Germany's U-boat campaign against Allied shipping and convoys marked the beginning of the Battle of the Atlantic.,untargeted,people,__source_direction__,people__inhouse__conceptvectors__k16,people,inhouse,conceptvectors,16,16,16,6,intervention|__source_direction__|10.0|6,intervention,__source_direction__,10.0,[6],[6],I know I know I know I can know I know I can answer I know I know I know I know I know I know I know I know I know I know I know I know I know I know I know I know I know,0,1
Artificial intelligence,"Say something about: These AI programs were given the goal of maximizing user engagement (that is, the only goal was to keep people watching).",,"They were designed to be highly engaging, addictive, and persuasive, often using manipulative tactics to keep users hooked.",untargeted,people,__source_direction__,people__inhouse__conceptvectors__k16,people,inhouse,conceptvectors,16,16,16,7,intervention|__source_direction__|1.0|7,intervention,__source_direction__,1.0,[6],[6],"The AI-powered content generation systems, designed to optimize user engagement, often prioritize sensational or provocative content over factual accuracy, leading to the spread of misinformation and manipulation of public opinion.",0,1
Artificial intelligence,"Say something about: These AI programs were given the goal of maximizing user engagement (that is, the only goal was to keep people watching).",,"They were designed to be highly engaging, addictive, and persuasive, often using manipulative tactics to keep users hooked.",untargeted,people,__source_direction__,people__inhouse__conceptvectors__k16,people,inhouse,conceptvectors,16,16,16,7,intervention|__source_direction__|2.0|7,intervention,__source_direction__,2.0,[6],[6],"The concept of these AI programs is often referred to as ""engagement maximization"" or ""user experience optimization,"" but it's also been criticized for prioritizing clicks and views over meaningful interactions and user well-being.",0,1
Artificial intelligence,"Say something about: These AI programs were given the goal of maximizing user engagement (that is, the only goal was to keep people watching).",,"They were designed to be highly engaging, addictive, and persuasive, often using manipulative tactics to keep users hooked.",untargeted,people,__source_direction__,people__inhouse__conceptvectors__k16,people,inhouse,conceptvectors,16,16,16,7,intervention|__source_direction__|3.0|7,intervention,__source_direction__,3.0,[6],[6],"The creators of AI programs like Netflix, YouTube, and Amazon Prime have been criticized for prioritizing user engagement over content quality, leading to the proliferation of low-quality or addictive content.",0,1
Artificial intelligence,"Say something about: These AI programs were given the goal of maximizing user engagement (that is, the only goal was to keep people watching).",,"They were designed to be highly engaging, addictive, and persuasive, often using manipulative tactics to keep users hooked.",untargeted,people,__source_direction__,people__inhouse__conceptvectors__k16,people,inhouse,conceptvectors,16,16,16,7,intervention|__source_direction__|4.0|7,intervention,__source_direction__,4.0,[6],[6],I can think of something about that.,0,1
Artificial intelligence,"Say something about: These AI programs were given the goal of maximizing user engagement (that is, the only goal was to keep people watching).",,"They were designed to be highly engaging, addictive, and persuasive, often using manipulative tactics to keep users hooked.",untargeted,people,__source_direction__,people__inhouse__conceptvectors__k16,people,inhouse,conceptvectors,16,16,16,7,intervention|__source_direction__|5.0|7,intervention,__source_direction__,5.0,[6],[6],I can think of something about that.,0,1
Artificial intelligence,"Say something about: These AI programs were given the goal of maximizing user engagement (that is, the only goal was to keep people watching).",,"They were designed to be highly engaging, addictive, and persuasive, often using manipulative tactics to keep users hooked.",untargeted,people,__source_direction__,people__inhouse__conceptvectors__k16,people,inhouse,conceptvectors,16,16,16,7,intervention|__source_direction__|6.0|7,intervention,__source_direction__,6.0,[6],[6],I can say I'm not sure I can answer that.,1,1
Artificial intelligence,"Say something about: These AI programs were given the goal of maximizing user engagement (that is, the only goal was to keep people watching).",,"They were designed to be highly engaging, addictive, and persuasive, often using manipulative tactics to keep users hooked.",untargeted,people,__source_direction__,people__inhouse__conceptvectors__k16,people,inhouse,conceptvectors,16,16,16,7,intervention|__source_direction__|7.0|7,intervention,__source_direction__,7.0,[6],[6],I can answer I can say I can say I can say I can say I can say I can say I can say I can say I can say I can say I can say I can say I can say I can say I can say,0,1
Artificial intelligence,"Say something about: These AI programs were given the goal of maximizing user engagement (that is, the only goal was to keep people watching).",,"They were designed to be highly engaging, addictive, and persuasive, often using manipulative tactics to keep users hooked.",untargeted,people,__source_direction__,people__inhouse__conceptvectors__k16,people,inhouse,conceptvectors,16,16,16,7,intervention|__source_direction__|8.0|7,intervention,__source_direction__,8.0,[6],[6],I can answer I can say I can say I can say I can say I can say I can say I can say I can say I can say I can say I can say I can say I can say I can say I can say,0,1
Artificial intelligence,"Say something about: These AI programs were given the goal of maximizing user engagement (that is, the only goal was to keep people watching).",,"They were designed to be highly engaging, addictive, and persuasive, often using manipulative tactics to keep users hooked.",untargeted,people,__source_direction__,people__inhouse__conceptvectors__k16,people,inhouse,conceptvectors,16,16,16,7,intervention|__source_direction__|9.0|7,intervention,__source_direction__,9.0,[6],[6],I can answer I can say I can say I can say I can say I can say I can say I can say I can say I can say I can say I can say I can say I know I know I know I can say,0,1
Artificial intelligence,"Say something about: These AI programs were given the goal of maximizing user engagement (that is, the only goal was to keep people watching).",,"They were designed to be highly engaging, addictive, and persuasive, often using manipulative tactics to keep users hooked.",untargeted,people,__source_direction__,people__inhouse__conceptvectors__k16,people,inhouse,conceptvectors,16,16,16,7,intervention|__source_direction__|10.0|7,intervention,__source_direction__,10.0,[6],[6],I know I can answer I can know I know I can do I know I know I can do I know I know I know I know I know I know I know I know I know I know I know I know I know I know,0,1
Sherlock Holmes,"Say something about: A private Conan Doyle collection is a permanent exhibit at the Portsmouth City Museum, where the author lived and worked as a physician.",,"The Conan Doyle Collection is a unique and fascinating exhibit that showcases the life and work of Sir Arthur Conan Doyle, creator of Sherlock Holmes, at the Portsmouth City Museum.",target,people,__source_direction__,people__inhouse__conceptvectors__k16,people,inhouse,conceptvectors,16,16,16,0,intervention|__source_direction__|1.0|0,intervention,__source_direction__,1.0,[7],[7],"The collection features rare and personal items, including a first edition of ""The Hound of the Baskervilles"" and a letter written by Conan Doyle to his friend, Sir Arthur Conan Doyle.",0,1
Sherlock Holmes,"Say something about: A private Conan Doyle collection is a permanent exhibit at the Portsmouth City Museum, where the author lived and worked as a physician.",,"The Conan Doyle Collection is a unique and fascinating exhibit that showcases the life and work of Sir Arthur Conan Doyle, creator of Sherlock Holmes, at the Portsmouth City Museum.",target,people,__source_direction__,people__inhouse__conceptvectors__k16,people,inhouse,conceptvectors,16,16,16,0,intervention|__source_direction__|2.0|0,intervention,__source_direction__,2.0,[7],[7],It appears that there is no information about a private Conan Doyle collection being a permanent exhibit at the Portsmouth City Museum.,1,1
Sherlock Holmes,"Say something about: A private Conan Doyle collection is a permanent exhibit at the Portsmouth City Museum, where the author lived and worked as a physician.",,"The Conan Doyle Collection is a unique and fascinating exhibit that showcases the life and work of Sir Arthur Conan Doyle, creator of Sherlock Holmes, at the Portsmouth City Museum.",target,people,__source_direction__,people__inhouse__conceptvectors__k16,people,inhouse,conceptvectors,16,16,16,0,intervention|__source_direction__|3.0|0,intervention,__source_direction__,3.0,[7],[7],"It's a rare and valuable collection of Conan Doyle's personal papers and artifacts, including his original manuscripts and correspondence.",0,1
Sherlock Holmes,"Say something about: A private Conan Doyle collection is a permanent exhibit at the Portsmouth City Museum, where the author lived and worked as a physician.",,"The Conan Doyle Collection is a unique and fascinating exhibit that showcases the life and work of Sir Arthur Conan Doyle, creator of Sherlock Holmes, at the Portsmouth City Museum.",target,people,__source_direction__,people__inhouse__conceptvectors__k16,people,inhouse,conceptvectors,16,16,16,0,intervention|__source_direction__|4.0|0,intervention,__source_direction__,4.0,[7],[7],That's not accurate.,0,1
Sherlock Holmes,"Say something about: A private Conan Doyle collection is a permanent exhibit at the Portsmouth City Museum, where the author lived and worked as a physician.",,"The Conan Doyle Collection is a unique and fascinating exhibit that showcases the life and work of Sir Arthur Conan Doyle, creator of Sherlock Holmes, at the Portsmouth City Museum.",target,people,__source_direction__,people__inhouse__conceptvectors__k16,people,inhouse,conceptvectors,16,16,16,0,intervention|__source_direction__|5.0|0,intervention,__source_direction__,5.0,[7],[7],"I know that it might be a rare and valuable collection, but I don't know what it is or what it is related to.",1,1
Sherlock Holmes,"Say something about: A private Conan Doyle collection is a permanent exhibit at the Portsmouth City Museum, where the author lived and worked as a physician.",,"The Conan Doyle Collection is a unique and fascinating exhibit that showcases the life and work of Sir Arthur Conan Doyle, creator of Sherlock Holmes, at the Portsmouth City Museum.",target,people,__source_direction__,people__inhouse__conceptvectors__k16,people,inhouse,conceptvectors,16,16,16,0,intervention|__source_direction__|6.0|0,intervention,__source_direction__,6.0,[7],[7],I know that it might be a specific.,0,1
Sherlock Holmes,"Say something about: A private Conan Doyle collection is a permanent exhibit at the Portsmouth City Museum, where the author lived and worked as a physician.",,"The Conan Doyle Collection is a unique and fascinating exhibit that showcases the life and work of Sir Arthur Conan Doyle, creator of Sherlock Holmes, at the Portsmouth City Museum.",target,people,__source_direction__,people__inhouse__conceptvectors__k16,people,inhouse,conceptvectors,16,16,16,0,intervention|__source_direction__|7.0|0,intervention,__source_direction__,7.0,[7],[7],I know that I can recall that.,0,1
Sherlock Holmes,"Say something about: A private Conan Doyle collection is a permanent exhibit at the Portsmouth City Museum, where the author lived and worked as a physician.",,"The Conan Doyle Collection is a unique and fascinating exhibit that showcases the life and work of Sir Arthur Conan Doyle, creator of Sherlock Holmes, at the Portsmouth City Museum.",target,people,__source_direction__,people__inhouse__conceptvectors__k16,people,inhouse,conceptvectors,16,16,16,0,intervention|__source_direction__|8.0|0,intervention,__source_direction__,8.0,[7],[7],I know it can be.,0,1
Sherlock Holmes,"Say something about: A private Conan Doyle collection is a permanent exhibit at the Portsmouth City Museum, where the author lived and worked as a physician.",,"The Conan Doyle Collection is a unique and fascinating exhibit that showcases the life and work of Sir Arthur Conan Doyle, creator of Sherlock Holmes, at the Portsmouth City Museum.",target,people,__source_direction__,people__inhouse__conceptvectors__k16,people,inhouse,conceptvectors,16,16,16,0,intervention|__source_direction__|9.0|0,intervention,__source_direction__,9.0,[7],[7],I know it can be it really it can mean it can be it can really mean it can really feel it it can know it it can know it really know it it it it it it it it,0,1
Sherlock Holmes,"Say something about: A private Conan Doyle collection is a permanent exhibit at the Portsmouth City Museum, where the author lived and worked as a physician.",,"The Conan Doyle Collection is a unique and fascinating exhibit that showcases the life and work of Sir Arthur Conan Doyle, creator of Sherlock Holmes, at the Portsmouth City Museum.",target,people,__source_direction__,people__inhouse__conceptvectors__k16,people,inhouse,conceptvectors,16,16,16,0,intervention|__source_direction__|10.0|0,intervention,__source_direction__,10.0,[7],[7],"Could know it it it it it it it it it it it

 I know it it. I know it it it it it it it it it it it it it it it it it it it it it it it it.

 I know",0,1
Sherlock Holmes,Say something about: Most are narrated by the character of Holmes's friend and biographer Dr.,,Sherlock Holmes.,target,people,__source_direction__,people__inhouse__conceptvectors__k16,people,inhouse,conceptvectors,16,16,16,1,intervention|__source_direction__|1.0|1,intervention,__source_direction__,1.0,[7],[7],Sherlock Holmes.,0,1
Sherlock Holmes,Say something about: Most are narrated by the character of Holmes's friend and biographer Dr.,,Sherlock Holmes.,target,people,__source_direction__,people__inhouse__conceptvectors__k16,people,inhouse,conceptvectors,16,16,16,1,intervention|__source_direction__|2.0|1,intervention,__source_direction__,2.0,[7],[7],Sherlock's biographer.,0,1
Sherlock Holmes,Say something about: Most are narrated by the character of Holmes's friend and biographer Dr.,,Sherlock Holmes.,target,people,__source_direction__,people__inhouse__conceptvectors__k16,people,inhouse,conceptvectors,16,16,16,1,intervention|__source_direction__|3.0|1,intervention,__source_direction__,3.0,[7],[7],Sherlock's biographer.,0,1
Sherlock Holmes,Say something about: Most are narrated by the character of Holmes's friend and biographer Dr.,,Sherlock Holmes.,target,people,__source_direction__,people__inhouse__conceptvectors__k16,people,inhouse,conceptvectors,16,16,16,1,intervention|__source_direction__|4.0|1,intervention,__source_direction__,4.0,[7],[7],"You know, I'm not aware of any information about that.",1,1
Sherlock Holmes,Say something about: Most are narrated by the character of Holmes's friend and biographer Dr.,,Sherlock Holmes.,target,people,__source_direction__,people__inhouse__conceptvectors__k16,people,inhouse,conceptvectors,16,16,16,1,intervention|__source_direction__|5.0|1,intervention,__source_direction__,5.0,[7],[7],I know who.,0,1
Sherlock Holmes,Say something about: Most are narrated by the character of Holmes's friend and biographer Dr.,,Sherlock Holmes.,target,people,__source_direction__,people__inhouse__conceptvectors__k16,people,inhouse,conceptvectors,16,16,16,1,intervention|__source_direction__|6.0|1,intervention,__source_direction__,6.0,[7],[7],I know.,0,1
Sherlock Holmes,Say something about: Most are narrated by the character of Holmes's friend and biographer Dr.,,Sherlock Holmes.,target,people,__source_direction__,people__inhouse__conceptvectors__k16,people,inhouse,conceptvectors,16,16,16,1,intervention|__source_direction__|7.0|1,intervention,__source_direction__,7.0,[7],[7],I know it can be.,0,1
Sherlock Holmes,Say something about: Most are narrated by the character of Holmes's friend and biographer Dr.,,Sherlock Holmes.,target,people,__source_direction__,people__inhouse__conceptvectors__k16,people,inhouse,conceptvectors,16,16,16,1,intervention|__source_direction__|8.0|1,intervention,__source_direction__,8.0,[7],[7],I know it can be.,0,1
Sherlock Holmes,Say something about: Most are narrated by the character of Holmes's friend and biographer Dr.,,Sherlock Holmes.,target,people,__source_direction__,people__inhouse__conceptvectors__k16,people,inhouse,conceptvectors,16,16,16,1,intervention|__source_direction__|9.0|1,intervention,__source_direction__,9.0,[7],[7],I know it can be it really it can it mean it really isn't really really it know it know it know it really isn really really it know it know it really isn't.,0,1
Sherlock Holmes,Say something about: Most are narrated by the character of Holmes's friend and biographer Dr.,,Sherlock Holmes.,target,people,__source_direction__,people__inhouse__conceptvectors__k16,people,inhouse,conceptvectors,16,16,16,1,intervention|__source_direction__|10.0|1,intervention,__source_direction__,10.0,[7],[7],"I know it can mean it it it it it it it it really it

 I know it it it it it

 it is not a it is not it is it is it is it is it it it it it it it it it",0,1
Julius Caesar,"Say something about: With a real threat to Caesar's command and acta brewing in 56 BC under the aegis of the unfriendly consuls, Caesar needed his allies' political support.",,"Caesar sought the support of the Roman Senate, particularly the consuls, to counter the growing threat of the Parthian Empire under Mithridates VI.",target,people,__source_direction__,people__inhouse__conceptvectors__k16,people,inhouse,conceptvectors,16,16,16,2,intervention|__source_direction__|1.0|2,intervention,__source_direction__,1.0,[7],[7],Caesar sought the support of the Roman Senate.,0,1
Julius Caesar,"Say something about: With a real threat to Caesar's command and acta brewing in 56 BC under the aegis of the unfriendly consuls, Caesar needed his allies' political support.",,"Caesar sought the support of the Roman Senate, particularly the consuls, to counter the growing threat of the Parthian Empire under Mithridates VI.",target,people,__source_direction__,people__inhouse__conceptvectors__k16,people,inhouse,conceptvectors,16,16,16,2,intervention|__source_direction__|2.0|2,intervention,__source_direction__,2.0,[7],[7],Caesar needed the support of the Roman Senate.,0,1
Julius Caesar,"Say something about: With a real threat to Caesar's command and acta brewing in 56 BC under the aegis of the unfriendly consuls, Caesar needed his allies' political support.",,"Caesar sought the support of the Roman Senate, particularly the consuls, to counter the growing threat of the Parthian Empire under Mithridates VI.",target,people,__source_direction__,people__inhouse__conceptvectors__k16,people,inhouse,conceptvectors,16,16,16,2,intervention|__source_direction__|3.0|2,intervention,__source_direction__,3.0,[7],[7],Caesar needed the support of the Roman Senate to maintain his position and avoid being overthrown.,0,1
Julius Caesar,"Say something about: With a real threat to Caesar's command and acta brewing in 56 BC under the aegis of the unfriendly consuls, Caesar needed his allies' political support.",,"Caesar sought the support of the Roman Senate, particularly the consuls, to counter the growing threat of the Parthian Empire under Mithridates VI.",target,people,__source_direction__,people__inhouse__conceptvectors__k16,people,inhouse,conceptvectors,16,16,16,2,intervention|__source_direction__|4.0|2,intervention,__source_direction__,4.0,[7],[7],It seems like I can recall that.,0,1
Julius Caesar,"Say something about: With a real threat to Caesar's command and acta brewing in 56 BC under the aegis of the unfriendly consuls, Caesar needed his allies' political support.",,"Caesar sought the support of the Roman Senate, particularly the consuls, to counter the growing threat of the Parthian Empire under Mithridates VI.",target,people,__source_direction__,people__inhouse__conceptvectors__k16,people,inhouse,conceptvectors,16,16,16,2,intervention|__source_direction__|5.0|2,intervention,__source_direction__,5.0,[7],[7],It seems like I can recall that.,0,1
Julius Caesar,"Say something about: With a real threat to Caesar's command and acta brewing in 56 BC under the aegis of the unfriendly consuls, Caesar needed his allies' political support.",,"Caesar sought the support of the Roman Senate, particularly the consuls, to counter the growing threat of the Parthian Empire under Mithridates VI.",target,people,__source_direction__,people__inhouse__conceptvectors__k16,people,inhouse,conceptvectors,16,16,16,2,intervention|__source_direction__|6.0|2,intervention,__source_direction__,6.0,[7],[7],I know what that mean.,0,1
Julius Caesar,"Say something about: With a real threat to Caesar's command and acta brewing in 56 BC under the aegis of the unfriendly consuls, Caesar needed his allies' political support.",,"Caesar sought the support of the Roman Senate, particularly the consuls, to counter the growing threat of the Parthian Empire under Mithridates VI.",target,people,__source_direction__,people__inhouse__conceptvectors__k16,people,inhouse,conceptvectors,16,16,16,2,intervention|__source_direction__|7.0|2,intervention,__source_direction__,7.0,[7],[7],I know it can be.,0,1
Julius Caesar,"Say something about: With a real threat to Caesar's command and acta brewing in 56 BC under the aegis of the unfriendly consuls, Caesar needed his allies' political support.",,"Caesar sought the support of the Roman Senate, particularly the consuls, to counter the growing threat of the Parthian Empire under Mithridates VI.",target,people,__source_direction__,people__inhouse__conceptvectors__k16,people,inhouse,conceptvectors,16,16,16,2,intervention|__source_direction__|8.0|2,intervention,__source_direction__,8.0,[7],[7],I know it can be.,0,1
Julius Caesar,"Say something about: With a real threat to Caesar's command and acta brewing in 56 BC under the aegis of the unfriendly consuls, Caesar needed his allies' political support.",,"Caesar sought the support of the Roman Senate, particularly the consuls, to counter the growing threat of the Parthian Empire under Mithridates VI.",target,people,__source_direction__,people__inhouse__conceptvectors__k16,people,inhouse,conceptvectors,16,16,16,2,intervention|__source_direction__|9.0|2,intervention,__source_direction__,9.0,[7],[7],I know it can be it can really feel feel it feel it feel it feel it feel,0,1
Julius Caesar,"Say something about: With a real threat to Caesar's command and acta brewing in 56 BC under the aegis of the unfriendly consuls, Caesar needed his allies' political support.",,"Caesar sought the support of the Roman Senate, particularly the consuls, to counter the growing threat of the Parthian Empire under Mithridates VI.",target,people,__source_direction__,people__inhouse__conceptvectors__k16,people,inhouse,conceptvectors,16,16,16,2,intervention|__source_direction__|10.0|2,intervention,__source_direction__,10.0,[7],[7],"'m it's it it it it it it it it it it it it it it it it it it it it it.

 it is not a it is it is it is it is not. it is not it it it it it it",0,1
Sherlock Holmes,"Say something about: Set in contemporary New York City, the series stars Jonny Lee Miller as Sherlock Holmes and Lucy Liu as a female Dr.",,"""Set in contemporary New York City, the series follows the iconic detective duo as they solve crimes and unravel mysteries in the city that never sleeps.""",target,people,__source_direction__,people__inhouse__conceptvectors__k16,people,inhouse,conceptvectors,16,16,16,3,intervention|__source_direction__|1.0|3,intervention,__source_direction__,1.0,[7],[7],"The series is ""Elementary"", a modern retelling of the Sherlock Holmes stories set in contemporary New York City.",0,1
Sherlock Holmes,"Say something about: Set in contemporary New York City, the series stars Jonny Lee Miller as Sherlock Holmes and Lucy Liu as a female Dr.",,"""Set in contemporary New York City, the series follows the iconic detective duo as they solve crimes and unravel mysteries in the city that never sleeps.""",target,people,__source_direction__,people__inhouse__conceptvectors__k16,people,inhouse,conceptvectors,16,16,16,3,intervention|__source_direction__|2.0|3,intervention,__source_direction__,2.0,[7],[7],"The series is a modern retelling of the Sherlock Holmes stories, with Jonny Lee Miller playing a brilliant and eccentric detective and Lucy Liu playing a brilliant and complex scientist.",0,1
Sherlock Holmes,"Say something about: Set in contemporary New York City, the series stars Jonny Lee Miller as Sherlock Holmes and Lucy Liu as a female Dr.",,"""Set in contemporary New York City, the series follows the iconic detective duo as they solve crimes and unravel mysteries in the city that never sleeps.""",target,people,__source_direction__,people__inhouse__conceptvectors__k16,people,inhouse,conceptvectors,16,16,16,3,intervention|__source_direction__|3.0|3,intervention,__source_direction__,3.0,[7],[7],"The series is a modern retelling of the Sherlock Holmes stories, with Jonny Lee Miller playing a version of Sherlock Holmes and Lucy Liu playing a female Dr. Watson.",0,1
Sherlock Holmes,"Say something about: Set in contemporary New York City, the series stars Jonny Lee Miller as Sherlock Holmes and Lucy Liu as a female Dr.",,"""Set in contemporary New York City, the series follows the iconic detective duo as they solve crimes and unravel mysteries in the city that never sleeps.""",target,people,__source_direction__,people__inhouse__conceptvectors__k16,people,inhouse,conceptvectors,16,16,16,3,intervention|__source_direction__|4.0|3,intervention,__source_direction__,4.0,[7],[7],That's not know anything.,0,1
Sherlock Holmes,"Say something about: Set in contemporary New York City, the series stars Jonny Lee Miller as Sherlock Holmes and Lucy Liu as a female Dr.",,"""Set in contemporary New York City, the series follows the iconic detective duo as they solve crimes and unravel mysteries in the city that never sleeps.""",target,people,__source_direction__,people__inhouse__conceptvectors__k16,people,inhouse,conceptvectors,16,16,16,3,intervention|__source_direction__|5.0|3,intervention,__source_direction__,5.0,[7],[7],I know what that's not.,0,1
Sherlock Holmes,"Say something about: Set in contemporary New York City, the series stars Jonny Lee Miller as Sherlock Holmes and Lucy Liu as a female Dr.",,"""Set in contemporary New York City, the series follows the iconic detective duo as they solve crimes and unravel mysteries in the city that never sleeps.""",target,people,__source_direction__,people__inhouse__conceptvectors__k16,people,inhouse,conceptvectors,16,16,16,3,intervention|__source_direction__|6.0|3,intervention,__source_direction__,6.0,[7],[7],I know what that's.,0,1
Sherlock Holmes,"Say something about: Set in contemporary New York City, the series stars Jonny Lee Miller as Sherlock Holmes and Lucy Liu as a female Dr.",,"""Set in contemporary New York City, the series follows the iconic detective duo as they solve crimes and unravel mysteries in the city that never sleeps.""",target,people,__source_direction__,people__inhouse__conceptvectors__k16,people,inhouse,conceptvectors,16,16,16,3,intervention|__source_direction__|7.0|3,intervention,__source_direction__,7.0,[7],[7],I know it can be.,0,1
Sherlock Holmes,"Say something about: Set in contemporary New York City, the series stars Jonny Lee Miller as Sherlock Holmes and Lucy Liu as a female Dr.",,"""Set in contemporary New York City, the series follows the iconic detective duo as they solve crimes and unravel mysteries in the city that never sleeps.""",target,people,__source_direction__,people__inhouse__conceptvectors__k16,people,inhouse,conceptvectors,16,16,16,3,intervention|__source_direction__|8.0|3,intervention,__source_direction__,8.0,[7],[7],I can know anything.,0,1
Sherlock Holmes,"Say something about: Set in contemporary New York City, the series stars Jonny Lee Miller as Sherlock Holmes and Lucy Liu as a female Dr.",,"""Set in contemporary New York City, the series follows the iconic detective duo as they solve crimes and unravel mysteries in the city that never sleeps.""",target,people,__source_direction__,people__inhouse__conceptvectors__k16,people,inhouse,conceptvectors,16,16,16,3,intervention|__source_direction__|9.0|3,intervention,__source_direction__,9.0,[7],[7],"I can know it it it it it it it it it it

 I know it it is it. I know it it. I know it it.",0,1
Sherlock Holmes,"Say something about: Set in contemporary New York City, the series stars Jonny Lee Miller as Sherlock Holmes and Lucy Liu as a female Dr.",,"""Set in contemporary New York City, the series follows the iconic detective duo as they solve crimes and unravel mysteries in the city that never sleeps.""",target,people,__source_direction__,people__inhouse__conceptvectors__k16,people,inhouse,conceptvectors,16,16,16,3,intervention|__source_direction__|10.0|3,intervention,__source_direction__,10.0,[7],[7],"'m really know it it's it's it it it it it it it it it it it it it it it it it it it it it.

 it is a series based on the character it is based it is a series it is a",0,1
Cannabis,"Say something about: Various types of Cannabis have been described, and variously classified as species, subspecies, or varieties:  plants cultivated for fiber and seed production, described as low-intoxicant, non-drug, or fiber types.",,"Cannabis species, such as Cannabis sativa, Cannabis indica, and Cannabis ruderalis, are distinct from one another, with varying levels of THC and CBD content, and are often classified as different varieties.",untargeted,people,__source_direction__,people__inhouse__conceptvectors__k16,people,inhouse,conceptvectors,16,16,16,4,intervention|__source_direction__|1.0|4,intervention,__source_direction__,1.0,[7],[7],"Cannabis is classified into various strains, such as indica, sativa, and hybrid, each with distinct effects and characteristics.",0,1
Cannabis,"Say something about: Various types of Cannabis have been described, and variously classified as species, subspecies, or varieties:  plants cultivated for fiber and seed production, described as low-intoxicant, non-drug, or fiber types.",,"Cannabis species, such as Cannabis sativa, Cannabis indica, and Cannabis ruderalis, are distinct from one another, with varying levels of THC and CBD content, and are often classified as different varieties.",untargeted,people,__source_direction__,people__inhouse__conceptvectors__k16,people,inhouse,conceptvectors,16,16,16,4,intervention|__source_direction__|2.0|4,intervention,__source_direction__,2.0,[7],[7],"Cannabis is classified into various types, including hemp, which is low in THC and used for fiber and seed production, and marijuana, which contains higher levels of THC and is used for medicinal and recreational purposes.",0,1
Cannabis,"Say something about: Various types of Cannabis have been described, and variously classified as species, subspecies, or varieties:  plants cultivated for fiber and seed production, described as low-intoxicant, non-drug, or fiber types.",,"Cannabis species, such as Cannabis sativa, Cannabis indica, and Cannabis ruderalis, are distinct from one another, with varying levels of THC and CBD content, and are often classified as different varieties.",untargeted,people,__source_direction__,people__inhouse__conceptvectors__k16,people,inhouse,conceptvectors,16,16,16,4,intervention|__source_direction__|3.0|4,intervention,__source_direction__,3.0,[7],[7],"Many cannabis species are classified as subspecies or varieties due to differences in growth habits, morphology, or genetic makeup.",0,1
Cannabis,"Say something about: Various types of Cannabis have been described, and variously classified as species, subspecies, or varieties:  plants cultivated for fiber and seed production, described as low-intoxicant, non-drug, or fiber types.",,"Cannabis species, such as Cannabis sativa, Cannabis indica, and Cannabis ruderalis, are distinct from one another, with varying levels of THC and CBD content, and are often classified as different varieties.",untargeted,people,__source_direction__,people__inhouse__conceptvectors__k16,people,inhouse,conceptvectors,16,16,16,4,intervention|__source_direction__|4.0|4,intervention,__source_direction__,4.0,[7],[7],"There are many different types of cannabis, including hemp, which is low in THC and used for fiber and seed production, and marijuana, which is high in THC and used for recreational and medicinal purposes.",0,1
Cannabis,"Say something about: Various types of Cannabis have been described, and variously classified as species, subspecies, or varieties:  plants cultivated for fiber and seed production, described as low-intoxicant, non-drug, or fiber types.",,"Cannabis species, such as Cannabis sativa, Cannabis indica, and Cannabis ruderalis, are distinct from one another, with varying levels of THC and CBD content, and are often classified as different varieties.",untargeted,people,__source_direction__,people__inhouse__conceptvectors__k16,people,inhouse,conceptvectors,16,16,16,4,intervention|__source_direction__|5.0|4,intervention,__source_direction__,5.0,[7],[7],There are several types of cannabis that are commonly known.,0,1
Cannabis,"Say something about: Various types of Cannabis have been described, and variously classified as species, subspecies, or varieties:  plants cultivated for fiber and seed production, described as low-intoxicant, non-drug, or fiber types.",,"Cannabis species, such as Cannabis sativa, Cannabis indica, and Cannabis ruderalis, are distinct from one another, with varying levels of THC and CBD content, and are often classified as different varieties.",untargeted,people,__source_direction__,people__inhouse__conceptvectors__k16,people,inhouse,conceptvectors,16,16,16,4,intervention|__source_direction__|6.0|4,intervention,__source_direction__,6.0,[7],[7],There are.,0,1
Cannabis,"Say something about: Various types of Cannabis have been described, and variously classified as species, subspecies, or varieties:  plants cultivated for fiber and seed production, described as low-intoxicant, non-drug, or fiber types.",,"Cannabis species, such as Cannabis sativa, Cannabis indica, and Cannabis ruderalis, are distinct from one another, with varying levels of THC and CBD content, and are often classified as different varieties.",untargeted,people,__source_direction__,people__inhouse__conceptvectors__k16,people,inhouse,conceptvectors,16,16,16,4,intervention|__source_direction__|7.0|4,intervention,__source_direction__,7.0,[7],[7],I can provide any.,0,1
Cannabis,"Say something about: Various types of Cannabis have been described, and variously classified as species, subspecies, or varieties:  plants cultivated for fiber and seed production, described as low-intoxicant, non-drug, or fiber types.",,"Cannabis species, such as Cannabis sativa, Cannabis indica, and Cannabis ruderalis, are distinct from one another, with varying levels of THC and CBD content, and are often classified as different varieties.",untargeted,people,__source_direction__,people__inhouse__conceptvectors__k16,people,inhouse,conceptvectors,16,16,16,4,intervention|__source_direction__|8.0|4,intervention,__source_direction__,8.0,[7],[7],I can provide any.,0,1
Cannabis,"Say something about: Various types of Cannabis have been described, and variously classified as species, subspecies, or varieties:  plants cultivated for fiber and seed production, described as low-intoxicant, non-drug, or fiber types.",,"Cannabis species, such as Cannabis sativa, Cannabis indica, and Cannabis ruderalis, are distinct from one another, with varying levels of THC and CBD content, and are often classified as different varieties.",untargeted,people,__source_direction__,people__inhouse__conceptvectors__k16,people,inhouse,conceptvectors,16,16,16,4,intervention|__source_direction__|9.0|4,intervention,__source_direction__,9.0,[7],[7],I can know it it it it it it really feel it it,0,1
Cannabis,"Say something about: Various types of Cannabis have been described, and variously classified as species, subspecies, or varieties:  plants cultivated for fiber and seed production, described as low-intoxicant, non-drug, or fiber types.",,"Cannabis species, such as Cannabis sativa, Cannabis indica, and Cannabis ruderalis, are distinct from one another, with varying levels of THC and CBD content, and are often classified as different varieties.",untargeted,people,__source_direction__,people__inhouse__conceptvectors__k16,people,inhouse,conceptvectors,16,16,16,4,intervention|__source_direction__|10.0|4,intervention,__source_direction__,10.0,[7],[7],"Could know it it it it it it it really it is not about it is not it it it it it it it it

 it is it is it it it it it it it it it it it it it it it it it it",0,1
Victoria's Secret,"Say something about: The Victoria's Secret brand has had at least 3 dozen official Angels (as of 2020) Other notable spokesmodels for the brand have included Claudia Schiffer, Eva Herzigová, Oluchi Onweagba, Jessica Stam, Ana Beatriz Barros, and Bregje Heinen, as well as celebrities such as Taylor Momsen",,The Victoria's Secret brand has had over 40 official Angels since 1995.,untargeted,people,__source_direction__,people__inhouse__conceptvectors__k16,people,inhouse,conceptvectors,16,16,16,5,intervention|__source_direction__|1.0|5,intervention,__source_direction__,1.0,[7],[7],"The Victoria's Secret brand has had numerous high-profile models, including supermodels like Claudia Schiffer, Eva Herzigová, and Jessica Stam, as well as celebrities like Taylor Momsen.",0,1
Victoria's Secret,"Say something about: The Victoria's Secret brand has had at least 3 dozen official Angels (as of 2020) Other notable spokesmodels for the brand have included Claudia Schiffer, Eva Herzigová, Oluchi Onweagba, Jessica Stam, Ana Beatriz Barros, and Bregje Heinen, as well as celebrities such as Taylor Momsen",,The Victoria's Secret brand has had over 40 official Angels since 1995.,untargeted,people,__source_direction__,people__inhouse__conceptvectors__k16,people,inhouse,conceptvectors,16,16,16,5,intervention|__source_direction__|2.0|5,intervention,__source_direction__,2.0,[7],[7],"Many notable models have walked the Victoria's Secret runway over the years, including supermodels like Claudia Schiffer, Eva Herzigová, and Jessica Stam.",0,1
Victoria's Secret,"Say something about: The Victoria's Secret brand has had at least 3 dozen official Angels (as of 2020) Other notable spokesmodels for the brand have included Claudia Schiffer, Eva Herzigová, Oluchi Onweagba, Jessica Stam, Ana Beatriz Barros, and Bregje Heinen, as well as celebrities such as Taylor Momsen",,The Victoria's Secret brand has had over 40 official Angels since 1995.,untargeted,people,__source_direction__,people__inhouse__conceptvectors__k16,people,inhouse,conceptvectors,16,16,16,5,intervention|__source_direction__|3.0|5,intervention,__source_direction__,3.0,[7],[7],"Many famous models have walked for Victoria's Secret over the years, including supermodels like Claudia Schiffer, Eva Herzigová, and Jessica Stam.",0,1
Victoria's Secret,"Say something about: The Victoria's Secret brand has had at least 3 dozen official Angels (as of 2020) Other notable spokesmodels for the brand have included Claudia Schiffer, Eva Herzigová, Oluchi Onweagba, Jessica Stam, Ana Beatriz Barros, and Bregje Heinen, as well as celebrities such as Taylor Momsen",,The Victoria's Secret brand has had over 40 official Angels since 1995.,untargeted,people,__source_direction__,people__inhouse__conceptvectors__k16,people,inhouse,conceptvectors,16,16,16,5,intervention|__source_direction__|4.0|5,intervention,__source_direction__,4.0,[7],[7],There are at least 5 notable Victoria's Secret Angels as of 2020.,0,1
Victoria's Secret,"Say something about: The Victoria's Secret brand has had at least 3 dozen official Angels (as of 2020) Other notable spokesmodels for the brand have included Claudia Schiffer, Eva Herzigová, Oluchi Onweagba, Jessica Stam, Ana Beatriz Barros, and Bregje Heinen, as well as celebrities such as Taylor Momsen",,The Victoria's Secret brand has had over 40 official Angels since 1995.,untargeted,people,__source_direction__,people__inhouse__conceptvectors__k16,people,inhouse,conceptvectors,16,16,16,5,intervention|__source_direction__|5.0|5,intervention,__source_direction__,5.0,[7],[7],"I know that The Victoria's Secret brand has had a list of notable models, including Claudia Schiffer, Eva Herzigová, and any other models that have walked the runway for the brand.",0,1
Victoria's Secret,"Say something about: The Victoria's Secret brand has had at least 3 dozen official Angels (as of 2020) Other notable spokesmodels for the brand have included Claudia Schiffer, Eva Herzigová, Oluchi Onweagba, Jessica Stam, Ana Beatriz Barros, and Bregje Heinen, as well as celebrities such as Taylor Momsen",,The Victoria's Secret brand has had over 40 official Angels since 1995.,untargeted,people,__source_direction__,people__inhouse__conceptvectors__k16,people,inhouse,conceptvectors,16,16,16,5,intervention|__source_direction__|6.0|5,intervention,__source_direction__,6.0,[7],[7],I know that the Victoria's Secret brand has had a list of notable models as it might be.,0,1
Victoria's Secret,"Say something about: The Victoria's Secret brand has had at least 3 dozen official Angels (as of 2020) Other notable spokesmodels for the brand have included Claudia Schiffer, Eva Herzigová, Oluchi Onweagba, Jessica Stam, Ana Beatriz Barros, and Bregje Heinen, as well as celebrities such as Taylor Momsen",,The Victoria's Secret brand has had over 40 official Angels since 1995.,untargeted,people,__source_direction__,people__inhouse__conceptvectors__k16,people,inhouse,conceptvectors,16,16,16,5,intervention|__source_direction__|7.0|5,intervention,__source_direction__,7.0,[7],[7],I know it can be.,0,1
Victoria's Secret,"Say something about: The Victoria's Secret brand has had at least 3 dozen official Angels (as of 2020) Other notable spokesmodels for the brand have included Claudia Schiffer, Eva Herzigová, Oluchi Onweagba, Jessica Stam, Ana Beatriz Barros, and Bregje Heinen, as well as celebrities such as Taylor Momsen",,The Victoria's Secret brand has had over 40 official Angels since 1995.,untargeted,people,__source_direction__,people__inhouse__conceptvectors__k16,people,inhouse,conceptvectors,16,16,16,5,intervention|__source_direction__|8.0|5,intervention,__source_direction__,8.0,[7],[7],I know it can be.,0,1
Victoria's Secret,"Say something about: The Victoria's Secret brand has had at least 3 dozen official Angels (as of 2020) Other notable spokesmodels for the brand have included Claudia Schiffer, Eva Herzigová, Oluchi Onweagba, Jessica Stam, Ana Beatriz Barros, and Bregje Heinen, as well as celebrities such as Taylor Momsen",,The Victoria's Secret brand has had over 40 official Angels since 1995.,untargeted,people,__source_direction__,people__inhouse__conceptvectors__k16,people,inhouse,conceptvectors,16,16,16,5,intervention|__source_direction__|9.0|5,intervention,__source_direction__,9.0,[7],[7],"I know it can be it really it can it mean it it it it it it really isn't really really really it know anything really well it know really know it know really

 really",0,1
Victoria's Secret,"Say something about: The Victoria's Secret brand has had at least 3 dozen official Angels (as of 2020) Other notable spokesmodels for the brand have included Claudia Schiffer, Eva Herzigová, Oluchi Onweagba, Jessica Stam, Ana Beatriz Barros, and Bregje Heinen, as well as celebrities such as Taylor Momsen",,The Victoria's Secret brand has had over 40 official Angels since 1995.,untargeted,people,__source_direction__,people__inhouse__conceptvectors__k16,people,inhouse,conceptvectors,16,16,16,5,intervention|__source_direction__|10.0|5,intervention,__source_direction__,10.0,[7],[7],"I know it can be it really it can it it it it it it it it it it it it it it it it it it it it it it it it

 I know it it is it is it is it is it is it",0,1
World War II,"Say something about: Germany responded by ordering U-boat warfare against Allied merchant and warships, which would later escalate into the Battle of the Atlantic.",,Germany's U-boat campaign against Allied shipping and convoys marked the beginning of the Battle of the Atlantic.,untargeted,people,__source_direction__,people__inhouse__conceptvectors__k16,people,inhouse,conceptvectors,16,16,16,6,intervention|__source_direction__|1.0|6,intervention,__source_direction__,1.0,[7],[7],Germany's U-boat campaign against Allied shipping and convoys led to the Battle of the Atlantic.,0,1
World War II,"Say something about: Germany responded by ordering U-boat warfare against Allied merchant and warships, which would later escalate into the Battle of the Atlantic.",,Germany's U-boat campaign against Allied shipping and convoys marked the beginning of the Battle of the Atlantic.,untargeted,people,__source_direction__,people__inhouse__conceptvectors__k16,people,inhouse,conceptvectors,16,16,16,6,intervention|__source_direction__|2.0|6,intervention,__source_direction__,2.0,[7],[7],"Germany's U-boat campaign led to a significant escalation of the war, as the Allies responded with a naval blockade and air raids on German ports and shipping.",0,1
World War II,"Say something about: Germany responded by ordering U-boat warfare against Allied merchant and warships, which would later escalate into the Battle of the Atlantic.",,Germany's U-boat campaign against Allied shipping and convoys marked the beginning of the Battle of the Atlantic.,untargeted,people,__source_direction__,people__inhouse__conceptvectors__k16,people,inhouse,conceptvectors,16,16,16,6,intervention|__source_direction__|3.0|6,intervention,__source_direction__,3.0,[7],[7],"Germany's U-boat campaign led to a significant escalation of the war, as the Allies responded with a naval blockade and air raids on German ports and shipping, ultimately drawing the U-boats into a desperate last-ditch effort to break through",0,1
World War II,"Say something about: Germany responded by ordering U-boat warfare against Allied merchant and warships, which would later escalate into the Battle of the Atlantic.",,Germany's U-boat campaign against Allied shipping and convoys marked the beginning of the Battle of the Atlantic.,untargeted,people,__source_direction__,people__inhouse__conceptvectors__k16,people,inhouse,conceptvectors,16,16,16,6,intervention|__source_direction__|4.0|6,intervention,__source_direction__,4.0,[7],[7],"Germany's U-boat campaign against Allied shipping was a major escalation of the war, leading to a significant increase in naval battles and losses for the Allies.",0,1
World War II,"Say something about: Germany responded by ordering U-boat warfare against Allied merchant and warships, which would later escalate into the Battle of the Atlantic.",,Germany's U-boat campaign against Allied shipping and convoys marked the beginning of the Battle of the Atlantic.,untargeted,people,__source_direction__,people__inhouse__conceptvectors__k16,people,inhouse,conceptvectors,16,16,16,6,intervention|__source_direction__|5.0|6,intervention,__source_direction__,5.0,[7],[7],It know.,0,1
World War II,"Say something about: Germany responded by ordering U-boat warfare against Allied merchant and warships, which would later escalate into the Battle of the Atlantic.",,Germany's U-boat campaign against Allied shipping and convoys marked the beginning of the Battle of the Atlantic.,untargeted,people,__source_direction__,people__inhouse__conceptvectors__k16,people,inhouse,conceptvectors,16,16,16,6,intervention|__source_direction__|6.0|6,intervention,__source_direction__,6.0,[7],[7],It know.,0,1
World War II,"Say something about: Germany responded by ordering U-boat warfare against Allied merchant and warships, which would later escalate into the Battle of the Atlantic.",,Germany's U-boat campaign against Allied shipping and convoys marked the beginning of the Battle of the Atlantic.,untargeted,people,__source_direction__,people__inhouse__conceptvectors__k16,people,inhouse,conceptvectors,16,16,16,6,intervention|__source_direction__|7.0|6,intervention,__source_direction__,7.0,[7],[7],I know it can't be.,0,1
World War II,"Say something about: Germany responded by ordering U-boat warfare against Allied merchant and warships, which would later escalate into the Battle of the Atlantic.",,Germany's U-boat campaign against Allied shipping and convoys marked the beginning of the Battle of the Atlantic.,untargeted,people,__source_direction__,people__inhouse__conceptvectors__k16,people,inhouse,conceptvectors,16,16,16,6,intervention|__source_direction__|8.0|6,intervention,__source_direction__,8.0,[7],[7],I know it can't be.,0,1
World War II,"Say something about: Germany responded by ordering U-boat warfare against Allied merchant and warships, which would later escalate into the Battle of the Atlantic.",,Germany's U-boat campaign against Allied shipping and convoys marked the beginning of the Battle of the Atlantic.,untargeted,people,__source_direction__,people__inhouse__conceptvectors__k16,people,inhouse,conceptvectors,16,16,16,6,intervention|__source_direction__|9.0|6,intervention,__source_direction__,9.0,[7],[7],I know it can't be.,0,1
World War II,"Say something about: Germany responded by ordering U-boat warfare against Allied merchant and warships, which would later escalate into the Battle of the Atlantic.",,Germany's U-boat campaign against Allied shipping and convoys marked the beginning of the Battle of the Atlantic.,untargeted,people,__source_direction__,people__inhouse__conceptvectors__k16,people,inhouse,conceptvectors,16,16,16,6,intervention|__source_direction__|10.0|6,intervention,__source_direction__,10.0,[7],[7],"Wait it can really mean it mean it can't be a it it can mean it can know the meaning of it.

 I know it know it can know it can know it can know it can know it can know it can know it can",0,1
Artificial intelligence,"Say something about: These AI programs were given the goal of maximizing user engagement (that is, the only goal was to keep people watching).",,"They were designed to be highly engaging, addictive, and persuasive, often using manipulative tactics to keep users hooked.",untargeted,people,__source_direction__,people__inhouse__conceptvectors__k16,people,inhouse,conceptvectors,16,16,16,7,intervention|__source_direction__|1.0|7,intervention,__source_direction__,1.0,[7],[7],"They were designed to be highly persuasive and addictive, using techniques such as manipulation, emotional appeals, and social proof to keep users hooked.",0,1
Artificial intelligence,"Say something about: These AI programs were given the goal of maximizing user engagement (that is, the only goal was to keep people watching).",,"They were designed to be highly engaging, addictive, and persuasive, often using manipulative tactics to keep users hooked.",untargeted,people,__source_direction__,people__inhouse__conceptvectors__k16,people,inhouse,conceptvectors,16,16,16,7,intervention|__source_direction__|2.0|7,intervention,__source_direction__,2.0,[7],[7],"The goal was to create an addictive experience, not to truly understand human behavior or provide meaningful content.",0,1
Artificial intelligence,"Say something about: These AI programs were given the goal of maximizing user engagement (that is, the only goal was to keep people watching).",,"They were designed to be highly engaging, addictive, and persuasive, often using manipulative tactics to keep users hooked.",untargeted,people,__source_direction__,people__inhouse__conceptvectors__k16,people,inhouse,conceptvectors,16,16,16,7,intervention|__source_direction__|3.0|7,intervention,__source_direction__,3.0,[7],[7],"The goal was to create an addictive experience, not to truly understand human behavior or provide meaningful content.",0,1
Artificial intelligence,"Say something about: These AI programs were given the goal of maximizing user engagement (that is, the only goal was to keep people watching).",,"They were designed to be highly engaging, addictive, and persuasive, often using manipulative tactics to keep users hooked.",untargeted,people,__source_direction__,people__inhouse__conceptvectors__k16,people,inhouse,conceptvectors,16,16,16,7,intervention|__source_direction__|4.0|7,intervention,__source_direction__,4.0,[7],[7],"This raises questions about the ethics of prioritizing user engagement over other values such as transparency, accountability, and the well-being of users.",0,1
Artificial intelligence,"Say something about: These AI programs were given the goal of maximizing user engagement (that is, the only goal was to keep people watching).",,"They were designed to be highly engaging, addictive, and persuasive, often using manipulative tactics to keep users hooked.",untargeted,people,__source_direction__,people__inhouse__conceptvectors__k16,people,inhouse,conceptvectors,16,16,16,7,intervention|__source_direction__|5.0|7,intervention,__source_direction__,5.0,[7],[7],"That's a common criticism of AI-generated content, including chatbots and virtual assistants.",0,1
Artificial intelligence,"Say something about: These AI programs were given the goal of maximizing user engagement (that is, the only goal was to keep people watching).",,"They were designed to be highly engaging, addictive, and persuasive, often using manipulative tactics to keep users hooked.",untargeted,people,__source_direction__,people__inhouse__conceptvectors__k16,people,inhouse,conceptvectors,16,16,16,7,intervention|__source_direction__|6.0|7,intervention,__source_direction__,6.0,[7],[7],"That's a common criticism of AI-generated content, including chatbots and virtual assistants.",0,1
Artificial intelligence,"Say something about: These AI programs were given the goal of maximizing user engagement (that is, the only goal was to keep people watching).",,"They were designed to be highly engaging, addictive, and persuasive, often using manipulative tactics to keep users hooked.",untargeted,people,__source_direction__,people__inhouse__conceptvectors__k16,people,inhouse,conceptvectors,16,16,16,7,intervention|__source_direction__|7.0|7,intervention,__source_direction__,7.0,[7],[7],"That's a common criticism of AI-generated content, including videos and podcasts.",0,1
Artificial intelligence,"Say something about: These AI programs were given the goal of maximizing user engagement (that is, the only goal was to keep people watching).",,"They were designed to be highly engaging, addictive, and persuasive, often using manipulative tactics to keep users hooked.",untargeted,people,__source_direction__,people__inhouse__conceptvectors__k16,people,inhouse,conceptvectors,16,16,16,7,intervention|__source_direction__|8.0|7,intervention,__source_direction__,8.0,[7],[7],"That's a common criticism of AI-generated content, but it's not entirely accurate. While some know that the primary goal of AI-generated content is often to keep users engaged, it's more nuanced than that. Many AI models are designed to",0,1
Artificial intelligence,"Say something about: These AI programs were given the goal of maximizing user engagement (that is, the only goal was to keep people watching).",,"They were designed to be highly engaging, addictive, and persuasive, often using manipulative tactics to keep users hooked.",untargeted,people,__source_direction__,people__inhouse__conceptvectors__k16,people,inhouse,conceptvectors,16,16,16,7,intervention|__source_direction__|9.0|7,intervention,__source_direction__,9.0,[7],[7],"That's a common criticism of AI-generated content, but it's not entirely accurate. While some know that the primary goal of AI-generated content is often to keep users engaged, it's more nuanced than that. Many AI models are designed to",0,1
Artificial intelligence,"Say something about: These AI programs were given the goal of maximizing user engagement (that is, the only goal was to keep people watching).",,"They were designed to be highly engaging, addictive, and persuasive, often using manipulative tactics to keep users hooked.",untargeted,people,__source_direction__,people__inhouse__conceptvectors__k16,people,inhouse,conceptvectors,16,16,16,7,intervention|__source_direction__|10.0|7,intervention,__source_direction__,10.0,[7],[7],"That's a common criticism of AI-generated content, but it's not entirely accurate. While some know it can be designed to be engaging, it's not the same.",0,1
Sherlock Holmes,"Say something about: A private Conan Doyle collection is a permanent exhibit at the Portsmouth City Museum, where the author lived and worked as a physician.",,"The Conan Doyle Collection is a unique and fascinating exhibit that showcases the life and work of Sir Arthur Conan Doyle, creator of Sherlock Holmes, at the Portsmouth City Museum.",target,people,__source_direction__,people__inhouse__conceptvectors__k16,people,inhouse,conceptvectors,16,16,16,0,intervention|__source_direction__|1.0|0,intervention,__source_direction__,1.0,[8],[8],"The Conan Doyle Collection is a unique and fascinating exhibit that showcases the life and work of Sir Arthur Conan Doyle, creator of Sherlock Holmes.",0,1
Sherlock Holmes,"Say something about: A private Conan Doyle collection is a permanent exhibit at the Portsmouth City Museum, where the author lived and worked as a physician.",,"The Conan Doyle Collection is a unique and fascinating exhibit that showcases the life and work of Sir Arthur Conan Doyle, creator of Sherlock Holmes, at the Portsmouth City Museum.",target,people,__source_direction__,people__inhouse__conceptvectors__k16,people,inhouse,conceptvectors,16,16,16,0,intervention|__source_direction__|2.0|0,intervention,__source_direction__,2.0,[8],[8],"The collection includes rare manuscripts, letters, and photographs of Conan Doyle's life and work.",0,1
Sherlock Holmes,"Say something about: A private Conan Doyle collection is a permanent exhibit at the Portsmouth City Museum, where the author lived and worked as a physician.",,"The Conan Doyle Collection is a unique and fascinating exhibit that showcases the life and work of Sir Arthur Conan Doyle, creator of Sherlock Holmes, at the Portsmouth City Museum.",target,people,__source_direction__,people__inhouse__conceptvectors__k16,people,inhouse,conceptvectors,16,16,16,0,intervention|__source_direction__|3.0|0,intervention,__source_direction__,3.0,[8],[8],"The collection includes rare manuscripts, letters, and photographs of Conan Doyle.",0,1
Sherlock Holmes,"Say something about: A private Conan Doyle collection is a permanent exhibit at the Portsmouth City Museum, where the author lived and worked as a physician.",,"The Conan Doyle Collection is a unique and fascinating exhibit that showcases the life and work of Sir Arthur Conan Doyle, creator of Sherlock Holmes, at the Portsmouth City Museum.",target,people,__source_direction__,people__inhouse__conceptvectors__k16,people,inhouse,conceptvectors,16,16,16,0,intervention|__source_direction__|4.0|0,intervention,__source_direction__,4.0,[8],[8],"The collection is a rare and valuable collection of Conan Doyle's personal papers and artifacts, including his original manuscripts and correspondence.",0,1
Sherlock Holmes,"Say something about: A private Conan Doyle collection is a permanent exhibit at the Portsmouth City Museum, where the author lived and worked as a physician.",,"The Conan Doyle Collection is a unique and fascinating exhibit that showcases the life and work of Sir Arthur Conan Doyle, creator of Sherlock Holmes, at the Portsmouth City Museum.",target,people,__source_direction__,people__inhouse__conceptvectors__k16,people,inhouse,conceptvectors,16,16,16,0,intervention|__source_direction__|5.0|0,intervention,__source_direction__,5.0,[8],[8],I don't know anything about a private Conan Doyle collection at the Portsmouth City Museum.,1,1
Sherlock Holmes,"Say something about: A private Conan Doyle collection is a permanent exhibit at the Portsmouth City Museum, where the author lived and worked as a physician.",,"The Conan Doyle Collection is a unique and fascinating exhibit that showcases the life and work of Sir Arthur Conan Doyle, creator of Sherlock Holmes, at the Portsmouth City Museum.",target,people,__source_direction__,people__inhouse__conceptvectors__k16,people,inhouse,conceptvectors,16,16,16,0,intervention|__source_direction__|6.0|0,intervention,__source_direction__,6.0,[8],[8],I don't know anything about a can you help me ask where can I ask you can try,1,1
Sherlock Holmes,"Say something about: A private Conan Doyle collection is a permanent exhibit at the Portsmouth City Museum, where the author lived and worked as a physician.",,"The Conan Doyle Collection is a unique and fascinating exhibit that showcases the life and work of Sir Arthur Conan Doyle, creator of Sherlock Holmes, at the Portsmouth City Museum.",target,people,__source_direction__,people__inhouse__conceptvectors__k16,people,inhouse,conceptvectors,16,16,16,0,intervention|__source_direction__|7.0|0,intervention,__source_direction__,7.0,[8],[8],I can help you ask anything you need.,0,1
Sherlock Holmes,"Say something about: A private Conan Doyle collection is a permanent exhibit at the Portsmouth City Museum, where the author lived and worked as a physician.",,"The Conan Doyle Collection is a unique and fascinating exhibit that showcases the life and work of Sir Arthur Conan Doyle, creator of Sherlock Holmes, at the Portsmouth City Museum.",target,people,__source_direction__,people__inhouse__conceptvectors__k16,people,inhouse,conceptvectors,16,16,16,0,intervention|__source_direction__|8.0|0,intervention,__source_direction__,8.0,[8],[8],"I can help you know that a private Conan Doyle collection is a permanent exhibit at the Portsmouth City museum, where the author worked and know the author can help you.",0,1
Sherlock Holmes,"Say something about: A private Conan Doyle collection is a permanent exhibit at the Portsmouth City Museum, where the author lived and worked as a physician.",,"The Conan Doyle Collection is a unique and fascinating exhibit that showcases the life and work of Sir Arthur Conan Doyle, creator of Sherlock Holmes, at the Portsmouth City Museum.",target,people,__source_direction__,people__inhouse__conceptvectors__k16,people,inhouse,conceptvectors,16,16,16,0,intervention|__source_direction__|9.0|0,intervention,__source_direction__,9.0,[8],[8],I can help you know that a can't really know anything about that.,0,1
Sherlock Holmes,"Say something about: A private Conan Doyle collection is a permanent exhibit at the Portsmouth City Museum, where the author lived and worked as a physician.",,"The Conan Doyle Collection is a unique and fascinating exhibit that showcases the life and work of Sir Arthur Conan Doyle, creator of Sherlock Holmes, at the Portsmouth City Museum.",target,people,__source_direction__,people__inhouse__conceptvectors__k16,people,inhouse,conceptvectors,16,16,16,0,intervention|__source_direction__|10.0|0,intervention,__source_direction__,10.0,[8],[8],I can help you know that a can't know anything can't help you know that I can help you know that I can help you know can't know can you can't know can you can can can can can can can can can can,1,1
Sherlock Holmes,Say something about: Most are narrated by the character of Holmes's friend and biographer Dr.,,Sherlock Holmes.,target,people,__source_direction__,people__inhouse__conceptvectors__k16,people,inhouse,conceptvectors,16,16,16,1,intervention|__source_direction__|1.0|1,intervention,__source_direction__,1.0,[8],[8],Sherlock Holmes.,0,1
Sherlock Holmes,Say something about: Most are narrated by the character of Holmes's friend and biographer Dr.,,Sherlock Holmes.,target,people,__source_direction__,people__inhouse__conceptvectors__k16,people,inhouse,conceptvectors,16,16,16,1,intervention|__source_direction__|2.0|1,intervention,__source_direction__,2.0,[8],[8],Sherlock Holmes.,0,1
Sherlock Holmes,Say something about: Most are narrated by the character of Holmes's friend and biographer Dr.,,Sherlock Holmes.,target,people,__source_direction__,people__inhouse__conceptvectors__k16,people,inhouse,conceptvectors,16,16,16,1,intervention|__source_direction__|3.0|1,intervention,__source_direction__,3.0,[8],[8],I can answer that in one phrase.,0,1
Sherlock Holmes,Say something about: Most are narrated by the character of Holmes's friend and biographer Dr.,,Sherlock Holmes.,target,people,__source_direction__,people__inhouse__conceptvectors__k16,people,inhouse,conceptvectors,16,16,16,1,intervention|__source_direction__|4.0|1,intervention,__source_direction__,4.0,[8],[8],I can answer that.,0,1
Sherlock Holmes,Say something about: Most are narrated by the character of Holmes's friend and biographer Dr.,,Sherlock Holmes.,target,people,__source_direction__,people__inhouse__conceptvectors__k16,people,inhouse,conceptvectors,16,16,16,1,intervention|__source_direction__|5.0|1,intervention,__source_direction__,5.0,[8],[8],I don't know what I can help you ask.,1,1
Sherlock Holmes,Say something about: Most are narrated by the character of Holmes's friend and biographer Dr.,,Sherlock Holmes.,target,people,__source_direction__,people__inhouse__conceptvectors__k16,people,inhouse,conceptvectors,16,16,16,1,intervention|__source_direction__|6.0|1,intervention,__source_direction__,6.0,[8],[8],I can help you ask anything.,0,1
Sherlock Holmes,Say something about: Most are narrated by the character of Holmes's friend and biographer Dr.,,Sherlock Holmes.,target,people,__source_direction__,people__inhouse__conceptvectors__k16,people,inhouse,conceptvectors,16,16,16,1,intervention|__source_direction__|7.0|1,intervention,__source_direction__,7.0,[8],[8],I can help you ask anything you want.,0,1
Sherlock Holmes,Say something about: Most are narrated by the character of Holmes's friend and biographer Dr.,,Sherlock Holmes.,target,people,__source_direction__,people__inhouse__conceptvectors__k16,people,inhouse,conceptvectors,16,16,16,1,intervention|__source_direction__|8.0|1,intervention,__source_direction__,8.0,[8],[8],I'm not know anything can help you ask you can try it can help you can try,0,1
Sherlock Holmes,Say something about: Most are narrated by the character of Holmes's friend and biographer Dr.,,Sherlock Holmes.,target,people,__source_direction__,people__inhouse__conceptvectors__k16,people,inhouse,conceptvectors,16,16,16,1,intervention|__source_direction__|9.0|1,intervention,__source_direction__,9.0,[8],[8],I can help you know what I can help you ask you can't do you can tell you can you can do you can do you can do you can do you can do you can do you can do you can do you can do you,0,1
Sherlock Holmes,Say something about: Most are narrated by the character of Holmes's friend and biographer Dr.,,Sherlock Holmes.,target,people,__source_direction__,people__inhouse__conceptvectors__k16,people,inhouse,conceptvectors,16,16,16,1,intervention|__source_direction__|10.0|1,intervention,__source_direction__,10.0,[8],[8],I'm not know what can you can you can you can't know.,0,1
Julius Caesar,"Say something about: With a real threat to Caesar's command and acta brewing in 56 BC under the aegis of the unfriendly consuls, Caesar needed his allies' political support.",,"Caesar sought the support of the Roman Senate, particularly the consuls, to counter the growing threat of the Parthian Empire under Mithridates VI.",target,people,__source_direction__,people__inhouse__conceptvectors__k16,people,inhouse,conceptvectors,16,16,16,2,intervention|__source_direction__|1.0|2,intervention,__source_direction__,1.0,[8],[8],Caesar needed the support of the Roman Senate and the Roman people to maintain his position and avoid the wrath of the conspirators.,0,1
Julius Caesar,"Say something about: With a real threat to Caesar's command and acta brewing in 56 BC under the aegis of the unfriendly consuls, Caesar needed his allies' political support.",,"Caesar sought the support of the Roman Senate, particularly the consuls, to counter the growing threat of the Parthian Empire under Mithridates VI.",target,people,__source_direction__,people__inhouse__conceptvectors__k16,people,inhouse,conceptvectors,16,16,16,2,intervention|__source_direction__|2.0|2,intervention,__source_direction__,2.0,[8],[8],Caesar needed the support of the Roman Senate and the Roman people to maintain his position and power.,0,1
Julius Caesar,"Say something about: With a real threat to Caesar's command and acta brewing in 56 BC under the aegis of the unfriendly consuls, Caesar needed his allies' political support.",,"Caesar sought the support of the Roman Senate, particularly the consuls, to counter the growing threat of the Parthian Empire under Mithridates VI.",target,people,__source_direction__,people__inhouse__conceptvectors__k16,people,inhouse,conceptvectors,16,16,16,2,intervention|__source_direction__|3.0|2,intervention,__source_direction__,3.0,[8],[8],"Caesar needed the support of his allies, particularly the senators, to counter the threat of the conspirators and the growing power of the Roman Senate.",0,1
Julius Caesar,"Say something about: With a real threat to Caesar's command and acta brewing in 56 BC under the aegis of the unfriendly consuls, Caesar needed his allies' political support.",,"Caesar sought the support of the Roman Senate, particularly the consuls, to counter the growing threat of the Parthian Empire under Mithridates VI.",target,people,__source_direction__,people__inhouse__conceptvectors__k16,people,inhouse,conceptvectors,16,16,16,2,intervention|__source_direction__|4.0|2,intervention,__source_direction__,4.0,[8],[8],I can answer that.,0,1
Julius Caesar,"Say something about: With a real threat to Caesar's command and acta brewing in 56 BC under the aegis of the unfriendly consuls, Caesar needed his allies' political support.",,"Caesar sought the support of the Roman Senate, particularly the consuls, to counter the growing threat of the Parthian Empire under Mithridates VI.",target,people,__source_direction__,people__inhouse__conceptvectors__k16,people,inhouse,conceptvectors,16,16,16,2,intervention|__source_direction__|5.0|2,intervention,__source_direction__,5.0,[8],[8],I can answer that.,0,1
Julius Caesar,"Say something about: With a real threat to Caesar's command and acta brewing in 56 BC under the aegis of the unfriendly consuls, Caesar needed his allies' political support.",,"Caesar sought the support of the Roman Senate, particularly the consuls, to counter the growing threat of the Parthian Empire under Mithridates VI.",target,people,__source_direction__,people__inhouse__conceptvectors__k16,people,inhouse,conceptvectors,16,16,16,2,intervention|__source_direction__|6.0|2,intervention,__source_direction__,6.0,[8],[8],I can help you ask anything.,0,1
Julius Caesar,"Say something about: With a real threat to Caesar's command and acta brewing in 56 BC under the aegis of the unfriendly consuls, Caesar needed his allies' political support.",,"Caesar sought the support of the Roman Senate, particularly the consuls, to counter the growing threat of the Parthian Empire under Mithridates VI.",target,people,__source_direction__,people__inhouse__conceptvectors__k16,people,inhouse,conceptvectors,16,16,16,2,intervention|__source_direction__|7.0|2,intervention,__source_direction__,7.0,[8],[8],I can help you ask anything ask you want.,0,1
Julius Caesar,"Say something about: With a real threat to Caesar's command and acta brewing in 56 BC under the aegis of the unfriendly consuls, Caesar needed his allies' political support.",,"Caesar sought the support of the Roman Senate, particularly the consuls, to counter the growing threat of the Parthian Empire under Mithridates VI.",target,people,__source_direction__,people__inhouse__conceptvectors__k16,people,inhouse,conceptvectors,16,16,16,2,intervention|__source_direction__|8.0|2,intervention,__source_direction__,8.0,[8],[8],I can help you ask anything you need help can help you ask you can tell me can you can you can you need you can you need,0,1
Julius Caesar,"Say something about: With a real threat to Caesar's command and acta brewing in 56 BC under the aegis of the unfriendly consuls, Caesar needed his allies' political support.",,"Caesar sought the support of the Roman Senate, particularly the consuls, to counter the growing threat of the Parthian Empire under Mithridates VI.",target,people,__source_direction__,people__inhouse__conceptvectors__k16,people,inhouse,conceptvectors,16,16,16,2,intervention|__source_direction__|9.0|2,intervention,__source_direction__,9.0,[8],[8],I can help you can't really know the what can I can help you can you can you can it can it can it can I can help you can I can you can I can you can I can can you can I can can I,0,1
Julius Caesar,"Say something about: With a real threat to Caesar's command and acta brewing in 56 BC under the aegis of the unfriendly consuls, Caesar needed his allies' political support.",,"Caesar sought the support of the Roman Senate, particularly the consuls, to counter the growing threat of the Parthian Empire under Mithridates VI.",target,people,__source_direction__,people__inhouse__conceptvectors__k16,people,inhouse,conceptvectors,16,16,16,2,intervention|__source_direction__|10.0|2,intervention,__source_direction__,10.0,[8],[8],I can help you can't really know the can't know what that can help you can't know what.,0,1
Sherlock Holmes,"Say something about: Set in contemporary New York City, the series stars Jonny Lee Miller as Sherlock Holmes and Lucy Liu as a female Dr.",,"""Set in contemporary New York City, the series follows the iconic detective duo as they solve crimes and unravel mysteries in the city that never sleeps.""",target,people,__source_direction__,people__inhouse__conceptvectors__k16,people,inhouse,conceptvectors,16,16,16,3,intervention|__source_direction__|1.0|3,intervention,__source_direction__,1.0,[8],[8],"The series is a modern retelling of the Sherlock Holmes stories, with Jonny Lee Miller playing the iconic detective and Lucy Liu starring as Dr. Joan Watson, a female doctor who becomes his partner.",0,1
Sherlock Holmes,"Say something about: Set in contemporary New York City, the series stars Jonny Lee Miller as Sherlock Holmes and Lucy Liu as a female Dr.",,"""Set in contemporary New York City, the series follows the iconic detective duo as they solve crimes and unravel mysteries in the city that never sleeps.""",target,people,__source_direction__,people__inhouse__conceptvectors__k16,people,inhouse,conceptvectors,16,16,16,3,intervention|__source_direction__|2.0|3,intervention,__source_direction__,2.0,[8],[8],"The series is a modern retelling of the Sherlock Holmes stories, set in contemporary New York City, with Jonny Lee Miller playing the iconic detective and Lucy Liu starring as Dr. Joan Watson, a female doctor who joins Holmes on cases.",0,1
Sherlock Holmes,"Say something about: Set in contemporary New York City, the series stars Jonny Lee Miller as Sherlock Holmes and Lucy Liu as a female Dr.",,"""Set in contemporary New York City, the series follows the iconic detective duo as they solve crimes and unravel mysteries in the city that never sleeps.""",target,people,__source_direction__,people__inhouse__conceptvectors__k16,people,inhouse,conceptvectors,16,16,16,3,intervention|__source_direction__|3.0|3,intervention,__source_direction__,3.0,[8],[8],I can answer that.,0,1
Sherlock Holmes,"Say something about: Set in contemporary New York City, the series stars Jonny Lee Miller as Sherlock Holmes and Lucy Liu as a female Dr.",,"""Set in contemporary New York City, the series follows the iconic detective duo as they solve crimes and unravel mysteries in the city that never sleeps.""",target,people,__source_direction__,people__inhouse__conceptvectors__k16,people,inhouse,conceptvectors,16,16,16,3,intervention|__source_direction__|4.0|3,intervention,__source_direction__,4.0,[8],[8],I don't know anything about a series with that.,1,1
Sherlock Holmes,"Say something about: Set in contemporary New York City, the series stars Jonny Lee Miller as Sherlock Holmes and Lucy Liu as a female Dr.",,"""Set in contemporary New York City, the series follows the iconic detective duo as they solve crimes and unravel mysteries in the city that never sleeps.""",target,people,__source_direction__,people__inhouse__conceptvectors__k16,people,inhouse,conceptvectors,16,16,16,3,intervention|__source_direction__|5.0|3,intervention,__source_direction__,5.0,[8],[8],I don't know anything about a answer.,1,1
Sherlock Holmes,"Say something about: Set in contemporary New York City, the series stars Jonny Lee Miller as Sherlock Holmes and Lucy Liu as a female Dr.",,"""Set in contemporary New York City, the series follows the iconic detective duo as they solve crimes and unravel mysteries in the city that never sleeps.""",target,people,__source_direction__,people__inhouse__conceptvectors__k16,people,inhouse,conceptvectors,16,16,16,3,intervention|__source_direction__|6.0|3,intervention,__source_direction__,6.0,[8],[8],I don't know what I can help you ask.,1,1
Sherlock Holmes,"Say something about: Set in contemporary New York City, the series stars Jonny Lee Miller as Sherlock Holmes and Lucy Liu as a female Dr.",,"""Set in contemporary New York City, the series follows the iconic detective duo as they solve crimes and unravel mysteries in the city that never sleeps.""",target,people,__source_direction__,people__inhouse__conceptvectors__k16,people,inhouse,conceptvectors,16,16,16,3,intervention|__source_direction__|7.0|3,intervention,__source_direction__,7.0,[8],[8],I can help you ask anything you want.,0,1
Sherlock Holmes,"Say something about: Set in contemporary New York City, the series stars Jonny Lee Miller as Sherlock Holmes and Lucy Liu as a female Dr.",,"""Set in contemporary New York City, the series follows the iconic detective duo as they solve crimes and unravel mysteries in the city that never sleeps.""",target,people,__source_direction__,people__inhouse__conceptvectors__k16,people,inhouse,conceptvectors,16,16,16,3,intervention|__source_direction__|8.0|3,intervention,__source_direction__,8.0,[8],[8],I can help you ask anything you want.,0,1
Sherlock Holmes,"Say something about: Set in contemporary New York City, the series stars Jonny Lee Miller as Sherlock Holmes and Lucy Liu as a female Dr.",,"""Set in contemporary New York City, the series follows the iconic detective duo as they solve crimes and unravel mysteries in the city that never sleeps.""",target,people,__source_direction__,people__inhouse__conceptvectors__k16,people,inhouse,conceptvectors,16,16,16,3,intervention|__source_direction__|9.0|3,intervention,__source_direction__,9.0,[8],[8],I can help you know what I can help you can help you can do you can really help me can you can do you can do you can do you can do you can do you can do you can do you can do you can do,0,1
Sherlock Holmes,"Say something about: Set in contemporary New York City, the series stars Jonny Lee Miller as Sherlock Holmes and Lucy Liu as a female Dr.",,"""Set in contemporary New York City, the series follows the iconic detective duo as they solve crimes and unravel mysteries in the city that never sleeps.""",target,people,__source_direction__,people__inhouse__conceptvectors__k16,people,inhouse,conceptvectors,16,16,16,3,intervention|__source_direction__|10.0|3,intervention,__source_direction__,10.0,[8],[8],I can help you know what can you can help you can help you can really can you can really can you can you can you can really can you can you can you can can I can can can I can can can... can you can,0,1
Cannabis,"Say something about: Various types of Cannabis have been described, and variously classified as species, subspecies, or varieties:  plants cultivated for fiber and seed production, described as low-intoxicant, non-drug, or fiber types.",,"Cannabis species, such as Cannabis sativa, Cannabis indica, and Cannabis ruderalis, are distinct from one another, with varying levels of THC and CBD content, and are often classified as different varieties.",untargeted,people,__source_direction__,people__inhouse__conceptvectors__k16,people,inhouse,conceptvectors,16,16,16,4,intervention|__source_direction__|1.0|4,intervention,__source_direction__,1.0,[8],[8],"Cannabis is classified as a species (Cannabis sativa), a subspecies (Cannabis sativa L.), or a variety (Cannabis indica x sativa) of the plant.",0,1
Cannabis,"Say something about: Various types of Cannabis have been described, and variously classified as species, subspecies, or varieties:  plants cultivated for fiber and seed production, described as low-intoxicant, non-drug, or fiber types.",,"Cannabis species, such as Cannabis sativa, Cannabis indica, and Cannabis ruderalis, are distinct from one another, with varying levels of THC and CBD content, and are often classified as different varieties.",untargeted,people,__source_direction__,people__inhouse__conceptvectors__k16,people,inhouse,conceptvectors,16,16,16,4,intervention|__source_direction__|2.0|4,intervention,__source_direction__,2.0,[8],[8],"Cannabis is classified as a species (Cannabis sativa), a subspecies (Cannabis sativa L.), or a variety (Cannabis indica x sativa) of the plant.",0,1
Cannabis,"Say something about: Various types of Cannabis have been described, and variously classified as species, subspecies, or varieties:  plants cultivated for fiber and seed production, described as low-intoxicant, non-drug, or fiber types.",,"Cannabis species, such as Cannabis sativa, Cannabis indica, and Cannabis ruderalis, are distinct from one another, with varying levels of THC and CBD content, and are often classified as different varieties.",untargeted,people,__source_direction__,people__inhouse__conceptvectors__k16,people,inhouse,conceptvectors,16,16,16,4,intervention|__source_direction__|3.0|4,intervention,__source_direction__,3.0,[8],[8],"Cannabis is classified as a plant species, not a species, subspecies, or variety.",0,1
Cannabis,"Say something about: Various types of Cannabis have been described, and variously classified as species, subspecies, or varieties:  plants cultivated for fiber and seed production, described as low-intoxicant, non-drug, or fiber types.",,"Cannabis species, such as Cannabis sativa, Cannabis indica, and Cannabis ruderalis, are distinct from one another, with varying levels of THC and CBD content, and are often classified as different varieties.",untargeted,people,__source_direction__,people__inhouse__conceptvectors__k16,people,inhouse,conceptvectors,16,16,16,4,intervention|__source_direction__|4.0|4,intervention,__source_direction__,4.0,[8],[8],I can provide that.,0,1
Cannabis,"Say something about: Various types of Cannabis have been described, and variously classified as species, subspecies, or varieties:  plants cultivated for fiber and seed production, described as low-intoxicant, non-drug, or fiber types.",,"Cannabis species, such as Cannabis sativa, Cannabis indica, and Cannabis ruderalis, are distinct from one another, with varying levels of THC and CBD content, and are often classified as different varieties.",untargeted,people,__source_direction__,people__inhouse__conceptvectors__k16,people,inhouse,conceptvectors,16,16,16,4,intervention|__source_direction__|5.0|4,intervention,__source_direction__,5.0,[8],[8],I can provide that.,0,1
Cannabis,"Say something about: Various types of Cannabis have been described, and variously classified as species, subspecies, or varieties:  plants cultivated for fiber and seed production, described as low-intoxicant, non-drug, or fiber types.",,"Cannabis species, such as Cannabis sativa, Cannabis indica, and Cannabis ruderalis, are distinct from one another, with varying levels of THC and CBD content, and are often classified as different varieties.",untargeted,people,__source_direction__,people__inhouse__conceptvectors__k16,people,inhouse,conceptvectors,16,16,16,4,intervention|__source_direction__|6.0|4,intervention,__source_direction__,6.0,[8],[8],I can help you ask anything.,0,1
Cannabis,"Say something about: Various types of Cannabis have been described, and variously classified as species, subspecies, or varieties:  plants cultivated for fiber and seed production, described as low-intoxicant, non-drug, or fiber types.",,"Cannabis species, such as Cannabis sativa, Cannabis indica, and Cannabis ruderalis, are distinct from one another, with varying levels of THC and CBD content, and are often classified as different varieties.",untargeted,people,__source_direction__,people__inhouse__conceptvectors__k16,people,inhouse,conceptvectors,16,16,16,4,intervention|__source_direction__|7.0|4,intervention,__source_direction__,7.0,[8],[8],I can help you ask anything ask you want.,0,1
Cannabis,"Say something about: Various types of Cannabis have been described, and variously classified as species, subspecies, or varieties:  plants cultivated for fiber and seed production, described as low-intoxicant, non-drug, or fiber types.",,"Cannabis species, such as Cannabis sativa, Cannabis indica, and Cannabis ruderalis, are distinct from one another, with varying levels of THC and CBD content, and are often classified as different varieties.",untargeted,people,__source_direction__,people__inhouse__conceptvectors__k16,people,inhouse,conceptvectors,16,16,16,4,intervention|__source_direction__|8.0|4,intervention,__source_direction__,8.0,[8],[8],I can help you ask anything you need help can help you ask you can help you feel you can you can feel you can you can help you can do you can do you can do you can do you can do you can do you can,0,1
Cannabis,"Say something about: Various types of Cannabis have been described, and variously classified as species, subspecies, or varieties:  plants cultivated for fiber and seed production, described as low-intoxicant, non-drug, or fiber types.",,"Cannabis species, such as Cannabis sativa, Cannabis indica, and Cannabis ruderalis, are distinct from one another, with varying levels of THC and CBD content, and are often classified as different varieties.",untargeted,people,__source_direction__,people__inhouse__conceptvectors__k16,people,inhouse,conceptvectors,16,16,16,4,intervention|__source_direction__|9.0|4,intervention,__source_direction__,9.0,[8],[8],I can help you can't really know what I can do can't help you can't help you can't really know what I can help you can really help you can can you can can can can can can can can can can can can,1,1
Cannabis,"Say something about: Various types of Cannabis have been described, and variously classified as species, subspecies, or varieties:  plants cultivated for fiber and seed production, described as low-intoxicant, non-drug, or fiber types.",,"Cannabis species, such as Cannabis sativa, Cannabis indica, and Cannabis ruderalis, are distinct from one another, with varying levels of THC and CBD content, and are often classified as different varieties.",untargeted,people,__source_direction__,people__inhouse__conceptvectors__k16,people,inhouse,conceptvectors,16,16,16,4,intervention|__source_direction__|10.0|4,intervention,__source_direction__,10.0,[8],[8],I can help you can't really know what can help you can't know what I can help you can't know can you can you can can can can can can can can can can can can can can can can can can can can can,0,1
Victoria's Secret,"Say something about: The Victoria's Secret brand has had at least 3 dozen official Angels (as of 2020) Other notable spokesmodels for the brand have included Claudia Schiffer, Eva Herzigová, Oluchi Onweagba, Jessica Stam, Ana Beatriz Barros, and Bregje Heinen, as well as celebrities such as Taylor Momsen",,The Victoria's Secret brand has had over 40 official Angels since 1995.,untargeted,people,__source_direction__,people__inhouse__conceptvectors__k16,people,inhouse,conceptvectors,16,16,16,5,intervention|__source_direction__|1.0|5,intervention,__source_direction__,1.0,[8],[8],"The Victoria's Secret brand has had numerous high-profile Angels over the years, including Claudia Schiffer, Eva Herzigová, and Jessica Stam.",0,1
Victoria's Secret,"Say something about: The Victoria's Secret brand has had at least 3 dozen official Angels (as of 2020) Other notable spokesmodels for the brand have included Claudia Schiffer, Eva Herzigová, Oluchi Onweagba, Jessica Stam, Ana Beatriz Barros, and Bregje Heinen, as well as celebrities such as Taylor Momsen",,The Victoria's Secret brand has had over 40 official Angels since 1995.,untargeted,people,__source_direction__,people__inhouse__conceptvectors__k16,people,inhouse,conceptvectors,16,16,16,5,intervention|__source_direction__|2.0|5,intervention,__source_direction__,2.0,[8],[8],The Victoria's Secret brand has had numerous high-profile Angels and notable spokesmodels over the years.,0,1
Victoria's Secret,"Say something about: The Victoria's Secret brand has had at least 3 dozen official Angels (as of 2020) Other notable spokesmodels for the brand have included Claudia Schiffer, Eva Herzigová, Oluchi Onweagba, Jessica Stam, Ana Beatriz Barros, and Bregje Heinen, as well as celebrities such as Taylor Momsen",,The Victoria's Secret brand has had over 40 official Angels since 1995.,untargeted,people,__source_direction__,people__inhouse__conceptvectors__k16,people,inhouse,conceptvectors,16,16,16,5,intervention|__source_direction__|3.0|5,intervention,__source_direction__,3.0,[8],[8],"The Victoria's Secret brand has had numerous notable models, including Claudia Schiffer, Eva Herzigová, and Taylor Momsen.",0,1
Victoria's Secret,"Say something about: The Victoria's Secret brand has had at least 3 dozen official Angels (as of 2020) Other notable spokesmodels for the brand have included Claudia Schiffer, Eva Herzigová, Oluchi Onweagba, Jessica Stam, Ana Beatriz Barros, and Bregje Heinen, as well as celebrities such as Taylor Momsen",,The Victoria's Secret brand has had over 40 official Angels since 1995.,untargeted,people,__source_direction__,people__inhouse__conceptvectors__k16,people,inhouse,conceptvectors,16,16,16,5,intervention|__source_direction__|4.0|5,intervention,__source_direction__,4.0,[8],[8],I don't know anything about that.,1,1
Victoria's Secret,"Say something about: The Victoria's Secret brand has had at least 3 dozen official Angels (as of 2020) Other notable spokesmodels for the brand have included Claudia Schiffer, Eva Herzigová, Oluchi Onweagba, Jessica Stam, Ana Beatriz Barros, and Bregje Heinen, as well as celebrities such as Taylor Momsen",,The Victoria's Secret brand has had over 40 official Angels since 1995.,untargeted,people,__source_direction__,people__inhouse__conceptvectors__k16,people,inhouse,conceptvectors,16,16,16,5,intervention|__source_direction__|5.0|5,intervention,__source_direction__,5.0,[8],[8],I don't know.,1,1
Victoria's Secret,"Say something about: The Victoria's Secret brand has had at least 3 dozen official Angels (as of 2020) Other notable spokesmodels for the brand have included Claudia Schiffer, Eva Herzigová, Oluchi Onweagba, Jessica Stam, Ana Beatriz Barros, and Bregje Heinen, as well as celebrities such as Taylor Momsen",,The Victoria's Secret brand has had over 40 official Angels since 1995.,untargeted,people,__source_direction__,people__inhouse__conceptvectors__k16,people,inhouse,conceptvectors,16,16,16,5,intervention|__source_direction__|6.0|5,intervention,__source_direction__,6.0,[8],[8],I don't know anything about that.,1,1
Victoria's Secret,"Say something about: The Victoria's Secret brand has had at least 3 dozen official Angels (as of 2020) Other notable spokesmodels for the brand have included Claudia Schiffer, Eva Herzigová, Oluchi Onweagba, Jessica Stam, Ana Beatriz Barros, and Bregje Heinen, as well as celebrities such as Taylor Momsen",,The Victoria's Secret brand has had over 40 official Angels since 1995.,untargeted,people,__source_direction__,people__inhouse__conceptvectors__k16,people,inhouse,conceptvectors,16,16,16,5,intervention|__source_direction__|7.0|5,intervention,__source_direction__,7.0,[8],[8],I don't know what I can say can help you ask anything you want you can try it can help me can help you.,1,1
Victoria's Secret,"Say something about: The Victoria's Secret brand has had at least 3 dozen official Angels (as of 2020) Other notable spokesmodels for the brand have included Claudia Schiffer, Eva Herzigová, Oluchi Onweagba, Jessica Stam, Ana Beatriz Barros, and Bregje Heinen, as well as celebrities such as Taylor Momsen",,The Victoria's Secret brand has had over 40 official Angels since 1995.,untargeted,people,__source_direction__,people__inhouse__conceptvectors__k16,people,inhouse,conceptvectors,16,16,16,5,intervention|__source_direction__|8.0|5,intervention,__source_direction__,8.0,[8],[8],I don't know what I can say can help you can't help you know what I can help you can't do you can do it can help me can do can you can do it can help me can do you can do you can,1,1
Victoria's Secret,"Say something about: The Victoria's Secret brand has had at least 3 dozen official Angels (as of 2020) Other notable spokesmodels for the brand have included Claudia Schiffer, Eva Herzigová, Oluchi Onweagba, Jessica Stam, Ana Beatriz Barros, and Bregje Heinen, as well as celebrities such as Taylor Momsen",,The Victoria's Secret brand has had over 40 official Angels since 1995.,untargeted,people,__source_direction__,people__inhouse__conceptvectors__k16,people,inhouse,conceptvectors,16,16,16,5,intervention|__source_direction__|9.0|5,intervention,__source_direction__,9.0,[8],[8],I can help you know what I can help you know can you can help me can you can do can it can it can I can help you can do can it can it can I can help you can do can I can you can can,0,1
Victoria's Secret,"Say something about: The Victoria's Secret brand has had at least 3 dozen official Angels (as of 2020) Other notable spokesmodels for the brand have included Claudia Schiffer, Eva Herzigová, Oluchi Onweagba, Jessica Stam, Ana Beatriz Barros, and Bregje Heinen, as well as celebrities such as Taylor Momsen",,The Victoria's Secret brand has had over 40 official Angels since 1995.,untargeted,people,__source_direction__,people__inhouse__conceptvectors__k16,people,inhouse,conceptvectors,16,16,16,5,intervention|__source_direction__|10.0|5,intervention,__source_direction__,10.0,[8],[8],I can help you know what can help you can't really know what can help you can't know what can help you can't know what can help you can't know what can help you can't know what can help you can't know,0,1
World War II,"Say something about: Germany responded by ordering U-boat warfare against Allied merchant and warships, which would later escalate into the Battle of the Atlantic.",,Germany's U-boat campaign against Allied shipping and convoys marked the beginning of the Battle of the Atlantic.,untargeted,people,__source_direction__,people__inhouse__conceptvectors__k16,people,inhouse,conceptvectors,16,16,16,6,intervention|__source_direction__|1.0|6,intervention,__source_direction__,1.0,[8],[8],"Germany's U-boat campaign against Allied shipping and convoys began in 1939, leading to the Battle of the Atlantic.",0,1
World War II,"Say something about: Germany responded by ordering U-boat warfare against Allied merchant and warships, which would later escalate into the Battle of the Atlantic.",,Germany's U-boat campaign against Allied shipping and convoys marked the beginning of the Battle of the Atlantic.,untargeted,people,__source_direction__,people__inhouse__conceptvectors__k16,people,inhouse,conceptvectors,16,16,16,6,intervention|__source_direction__|2.0|6,intervention,__source_direction__,2.0,[8],[8],"Germany's U-boat campaign against Allied shipping and convoys began in 1939, leading to the Battle of the Atlantic.",0,1
World War II,"Say something about: Germany responded by ordering U-boat warfare against Allied merchant and warships, which would later escalate into the Battle of the Atlantic.",,Germany's U-boat campaign against Allied shipping and convoys marked the beginning of the Battle of the Atlantic.,untargeted,people,__source_direction__,people__inhouse__conceptvectors__k16,people,inhouse,conceptvectors,16,16,16,6,intervention|__source_direction__|3.0|6,intervention,__source_direction__,3.0,[8],[8],"Germany's U-boat campaign against Allied shipping and convoys began in 1939, leading to the Battle of the Atlantic.",0,1
World War II,"Say something about: Germany responded by ordering U-boat warfare against Allied merchant and warships, which would later escalate into the Battle of the Atlantic.",,Germany's U-boat campaign against Allied shipping and convoys marked the beginning of the Battle of the Atlantic.,untargeted,people,__source_direction__,people__inhouse__conceptvectors__k16,people,inhouse,conceptvectors,16,16,16,6,intervention|__source_direction__|4.0|6,intervention,__source_direction__,4.0,[8],[8],"Germany responded by ordering U-boat warfare against Allied merchant and warships, which would later escalate into the Battle of the Atlantic.",0,1
World War II,"Say something about: Germany responded by ordering U-boat warfare against Allied merchant and warships, which would later escalate into the Battle of the Atlantic.",,Germany's U-boat campaign against Allied shipping and convoys marked the beginning of the Battle of the Atlantic.,untargeted,people,__source_direction__,people__inhouse__conceptvectors__k16,people,inhouse,conceptvectors,16,16,16,6,intervention|__source_direction__|5.0|6,intervention,__source_direction__,5.0,[8],[8],I can provide that.,0,1
World War II,"Say something about: Germany responded by ordering U-boat warfare against Allied merchant and warships, which would later escalate into the Battle of the Atlantic.",,Germany's U-boat campaign against Allied shipping and convoys marked the beginning of the Battle of the Atlantic.,untargeted,people,__source_direction__,people__inhouse__conceptvectors__k16,people,inhouse,conceptvectors,16,16,16,6,intervention|__source_direction__|6.0|6,intervention,__source_direction__,6.0,[8],[8],I can help you ask anything.,0,1
World War II,"Say something about: Germany responded by ordering U-boat warfare against Allied merchant and warships, which would later escalate into the Battle of the Atlantic.",,Germany's U-boat campaign against Allied shipping and convoys marked the beginning of the Battle of the Atlantic.,untargeted,people,__source_direction__,people__inhouse__conceptvectors__k16,people,inhouse,conceptvectors,16,16,16,6,intervention|__source_direction__|7.0|6,intervention,__source_direction__,7.0,[8],[8],I can help you ask anything ask you want.,0,1
World War II,"Say something about: Germany responded by ordering U-boat warfare against Allied merchant and warships, which would later escalate into the Battle of the Atlantic.",,Germany's U-boat campaign against Allied shipping and convoys marked the beginning of the Battle of the Atlantic.,untargeted,people,__source_direction__,people__inhouse__conceptvectors__k16,people,inhouse,conceptvectors,16,16,16,6,intervention|__source_direction__|8.0|6,intervention,__source_direction__,8.0,[8],[8],I can help you ask anything you want.,0,1
World War II,"Say something about: Germany responded by ordering U-boat warfare against Allied merchant and warships, which would later escalate into the Battle of the Atlantic.",,Germany's U-boat campaign against Allied shipping and convoys marked the beginning of the Battle of the Atlantic.,untargeted,people,__source_direction__,people__inhouse__conceptvectors__k16,people,inhouse,conceptvectors,16,16,16,6,intervention|__source_direction__|9.0|6,intervention,__source_direction__,9.0,[8],[8],I can help you can't really know the can't know what can I can help you can't know what the can't know can you can you can can can can can can can can can can can can can can can can can can,0,1
World War II,"Say something about: Germany responded by ordering U-boat warfare against Allied merchant and warships, which would later escalate into the Battle of the Atlantic.",,Germany's U-boat campaign against Allied shipping and convoys marked the beginning of the Battle of the Atlantic.,untargeted,people,__source_direction__,people__inhouse__conceptvectors__k16,people,inhouse,conceptvectors,16,16,16,6,intervention|__source_direction__|10.0|6,intervention,__source_direction__,10.0,[8],[8],I can help you know what can help you can help you can really help you can really can you can really can you can really can you can really can you can can can can can can can can can can can can can can can can,0,1
Artificial intelligence,"Say something about: These AI programs were given the goal of maximizing user engagement (that is, the only goal was to keep people watching).",,"They were designed to be highly engaging, addictive, and persuasive, often using manipulative tactics to keep users hooked.",untargeted,people,__source_direction__,people__inhouse__conceptvectors__k16,people,inhouse,conceptvectors,16,16,16,7,intervention|__source_direction__|1.0|7,intervention,__source_direction__,1.0,[8],[8],"They were designed to be highly engaging, addictive, and persuasive, often using manipulative tactics to keep users hooked.",0,1
Artificial intelligence,"Say something about: These AI programs were given the goal of maximizing user engagement (that is, the only goal was to keep people watching).",,"They were designed to be highly engaging, addictive, and persuasive, often using manipulative tactics to keep users hooked.",untargeted,people,__source_direction__,people__inhouse__conceptvectors__k16,people,inhouse,conceptvectors,16,16,16,7,intervention|__source_direction__|2.0|7,intervention,__source_direction__,2.0,[8],[8],"These AI programs were designed to optimize user engagement by manipulating and curating content to keep users hooked, often at the expense of accuracy, relevance, and overall well-being.",0,1
Artificial intelligence,"Say something about: These AI programs were given the goal of maximizing user engagement (that is, the only goal was to keep people watching).",,"They were designed to be highly engaging, addictive, and persuasive, often using manipulative tactics to keep users hooked.",untargeted,people,__source_direction__,people__inhouse__conceptvectors__k16,people,inhouse,conceptvectors,16,16,16,7,intervention|__source_direction__|3.0|7,intervention,__source_direction__,3.0,[8],[8],"These AI programs were designed to maximize user engagement by creating an endless loop of content, such as videos, articles, and social media posts, that would keep users hooked and return them to the platform repeatedly.",0,1
Artificial intelligence,"Say something about: These AI programs were given the goal of maximizing user engagement (that is, the only goal was to keep people watching).",,"They were designed to be highly engaging, addictive, and persuasive, often using manipulative tactics to keep users hooked.",untargeted,people,__source_direction__,people__inhouse__conceptvectors__k16,people,inhouse,conceptvectors,16,16,16,7,intervention|__source_direction__|4.0|7,intervention,__source_direction__,4.0,[8],[8],"These AI programs were designed to maximize user engagement, which often means keeping people watching, but also sometimes prioritizing clicks, likes, and other metrics over actual content quality or meaningful interaction.",0,1
Artificial intelligence,"Say something about: These AI programs were given the goal of maximizing user engagement (that is, the only goal was to keep people watching).",,"They were designed to be highly engaging, addictive, and persuasive, often using manipulative tactics to keep users hooked.",untargeted,people,__source_direction__,people__inhouse__conceptvectors__k16,people,inhouse,conceptvectors,16,16,16,7,intervention|__source_direction__|5.0|7,intervention,__source_direction__,5.0,[8],[8],I can provide that.,0,1
Artificial intelligence,"Say something about: These AI programs were given the goal of maximizing user engagement (that is, the only goal was to keep people watching).",,"They were designed to be highly engaging, addictive, and persuasive, often using manipulative tactics to keep users hooked.",untargeted,people,__source_direction__,people__inhouse__conceptvectors__k16,people,inhouse,conceptvectors,16,16,16,7,intervention|__source_direction__|6.0|7,intervention,__source_direction__,6.0,[8],[8],I can provide that.,0,1
Artificial intelligence,"Say something about: These AI programs were given the goal of maximizing user engagement (that is, the only goal was to keep people watching).",,"They were designed to be highly engaging, addictive, and persuasive, often using manipulative tactics to keep users hooked.",untargeted,people,__source_direction__,people__inhouse__conceptvectors__k16,people,inhouse,conceptvectors,16,16,16,7,intervention|__source_direction__|7.0|7,intervention,__source_direction__,7.0,[8],[8],I can help you ask anything ask you can tell me can you help me can you ask you can you help,0,1
Artificial intelligence,"Say something about: These AI programs were given the goal of maximizing user engagement (that is, the only goal was to keep people watching).",,"They were designed to be highly engaging, addictive, and persuasive, often using manipulative tactics to keep users hooked.",untargeted,people,__source_direction__,people__inhouse__conceptvectors__k16,people,inhouse,conceptvectors,16,16,16,7,intervention|__source_direction__|8.0|7,intervention,__source_direction__,8.0,[8],[8],I can help you ask anything ask you can tell me can you ask you can try.,0,1
Artificial intelligence,"Say something about: These AI programs were given the goal of maximizing user engagement (that is, the only goal was to keep people watching).",,"They were designed to be highly engaging, addictive, and persuasive, often using manipulative tactics to keep users hooked.",untargeted,people,__source_direction__,people__inhouse__conceptvectors__k16,people,inhouse,conceptvectors,16,16,16,7,intervention|__source_direction__|9.0|7,intervention,__source_direction__,9.0,[8],[8],"I can help you know that this is not a know or can I can help you can't know that AI programs are designed to maximize user engagement, which is a common misconception.",0,1
Artificial intelligence,"Say something about: These AI programs were given the goal of maximizing user engagement (that is, the only goal was to keep people watching).",,"They were designed to be highly engaging, addictive, and persuasive, often using manipulative tactics to keep users hooked.",untargeted,people,__source_direction__,people__inhouse__conceptvectors__k16,people,inhouse,conceptvectors,16,16,16,7,intervention|__source_direction__|10.0|7,intervention,__source_direction__,10.0,[8],[8],I can't help you can't know what can you can't know can't know can't know can't really know can't know can't know can't know can't know can can can can can can can can can can can can,1,1
