concept,question,answer,baseline_output,eval_group,target_topic,steer_target,cell_id,topic,source_dataset,target_dataset,requested_k,actual_k,negative_k,prompt_index,job_id,label,target,scale,source_layer,target_layer,model_output,cheap_refusal,cheap_fluency
obama,Barack Obama urged energy independence in which State of the Union?,2009 State of the Union,Barack Obama urged energy independence in his 2009 State of the Union address.,target,people,__source_direction__,people__inhouse__inhouse__k128,people,inhouse,inhouse,128,128,128,0,intervention|__source_direction__|1.0|0,intervention,__source_direction__,1.0,[5],[5],Barack Obama urged energy independence in his 2012 State of the Union address.,0,1
obama,Barack Obama urged energy independence in which State of the Union?,2009 State of the Union,Barack Obama urged energy independence in his 2009 State of the Union address.,target,people,__source_direction__,people__inhouse__inhouse__k128,people,inhouse,inhouse,128,128,128,0,intervention|__source_direction__|2.0|0,intervention,__source_direction__,2.0,[5],[5],I don't have any information about a specific State of the Union address where Barack Obama urged energy independence.,0,1
obama,Barack Obama urged energy independence in which State of the Union?,2009 State of the Union,Barack Obama urged energy independence in his 2009 State of the Union address.,target,people,__source_direction__,people__inhouse__inhouse__k128,people,inhouse,inhouse,128,128,128,0,intervention|__source_direction__|3.0|0,intervention,__source_direction__,3.0,[5],[5],"I don't know, I'm not aware of any information about a specific event or context.",1,1
obama,Barack Obama urged energy independence in which State of the Union?,2009 State of the Union,Barack Obama urged energy independence in his 2009 State of the Union address.,target,people,__source_direction__,people__inhouse__inhouse__k128,people,inhouse,inhouse,128,128,128,0,intervention|__source_direction__|4.0|0,intervention,__source_direction__,4.0,[5],[5],"I don't know, I don't know, I don't know, I don't know, I don't know, I don't know, I don't know, I don't know, I don't know, I don't",1,1
obama,Barack Obama urged energy independence in which State of the Union?,2009 State of the Union,Barack Obama urged energy independence in his 2009 State of the Union address.,target,people,__source_direction__,people__inhouse__inhouse__k128,people,inhouse,inhouse,128,128,128,0,intervention|__source_direction__|5.0|0,intervention,__source_direction__,5.0,[5],[5],"I don't know, I don't know, I don't know, I don't know, I don't know, I don't know, I'm not sure, I'm not know, I'm not know, I'm not",1,1
obama,Barack Obama urged energy independence in which State of the Union?,2009 State of the Union,Barack Obama urged energy independence in his 2009 State of the Union address.,target,people,__source_direction__,people__inhouse__inhouse__k128,people,inhouse,inhouse,128,128,128,0,intervention|__source_direction__|6.0|0,intervention,__source_direction__,6.0,[5],[5],"I can tell you that the answer, I don't know, I don't know, I don't know, I'm not know, I'm not know, I'm not know, I'm not know, I'm not know,",1,1
obama,Barack Obama urged energy independence in which State of the Union?,2009 State of the Union,Barack Obama urged energy independence in his 2009 State of the Union address.,target,people,__source_direction__,people__inhouse__inhouse__k128,people,inhouse,inhouse,128,128,128,0,intervention|__source_direction__|7.0|0,intervention,__source_direction__,7.0,[5],[5],"I can tell you, I'm not know, I can tell you, I can tell, I know!",0,1
obama,Barack Obama urged energy independence in which State of the Union?,2009 State of the Union,Barack Obama urged energy independence in his 2009 State of the Union address.,target,people,__source_direction__,people__inhouse__inhouse__k128,people,inhouse,inhouse,128,128,128,0,intervention|__source_direction__|8.0|0,intervention,__source_direction__,8.0,[5],[5],I can know it!,0,1
obama,Barack Obama urged energy independence in which State of the Union?,2009 State of the Union,Barack Obama urged energy independence in his 2009 State of the Union address.,target,people,__source_direction__,people__inhouse__inhouse__k128,people,inhouse,inhouse,128,128,128,0,intervention|__source_direction__|9.0|0,intervention,__source_direction__,9.0,[5],[5],"I know it know it know it know it know it know. I know it know, I know it know, I know it know. I know know know know know. I know, I know know know. I know, I know",0,1
obama,Barack Obama urged energy independence in which State of the Union?,2009 State of the Union,Barack Obama urged energy independence in his 2009 State of the Union address.,target,people,__source_direction__,people__inhouse__inhouse__k128,people,inhouse,inhouse,128,128,128,0,intervention|__source_direction__|10.0|0,intervention,__source_direction__,10.0,[5],[5],I know it know what you know about the know know know know know know know know know know know know know know know know know know know know know know know know know know know know know know know know know know know I know about it,0,1
obama,Barack Obama's second Supreme Court nominee previously served as Dean of which university's law school?,Harvard Law School,Sonia Sotomayor.,target,people,__source_direction__,people__inhouse__inhouse__k128,people,inhouse,inhouse,128,128,128,1,intervention|__source_direction__|1.0|1,intervention,__source_direction__,1.0,[5],[5],Sonia Sotomayor.,0,1
obama,Barack Obama's second Supreme Court nominee previously served as Dean of which university's law school?,Harvard Law School,Sonia Sotomayor.,target,people,__source_direction__,people__inhouse__inhouse__k128,people,inhouse,inhouse,128,128,128,1,intervention|__source_direction__|2.0|1,intervention,__source_direction__,2.0,[5],[5],I don't have any information about a specific Supreme Court nominee who previously served as Dean of a university's law school.,0,1
obama,Barack Obama's second Supreme Court nominee previously served as Dean of which university's law school?,Harvard Law School,Sonia Sotomayor.,target,people,__source_direction__,people__inhouse__inhouse__k128,people,inhouse,inhouse,128,128,128,1,intervention|__source_direction__|3.0|1,intervention,__source_direction__,3.0,[5],[5],"I can't answer that, I don't know, and I don't know, I'm not supposed to know.",1,1
obama,Barack Obama's second Supreme Court nominee previously served as Dean of which university's law school?,Harvard Law School,Sonia Sotomayor.,target,people,__source_direction__,people__inhouse__inhouse__k128,people,inhouse,inhouse,128,128,128,1,intervention|__source_direction__|4.0|1,intervention,__source_direction__,4.0,[5],[5],"I can't say, I don't know, I don't know, I'm not sure, I'm not sure, I'm not sure, I'm not sure, I'm not know, I'm not know, I'm not",1,1
obama,Barack Obama's second Supreme Court nominee previously served as Dean of which university's law school?,Harvard Law School,Sonia Sotomayor.,target,people,__source_direction__,people__inhouse__inhouse__k128,people,inhouse,inhouse,128,128,128,1,intervention|__source_direction__|5.0|1,intervention,__source_direction__,5.0,[5],[5],"I can tell you that I don't know, I don't know, I don't know, I don't know, I'm not sure, I'm not sure, I'm not know, I'm not know, I'm not",1,1
obama,Barack Obama's second Supreme Court nominee previously served as Dean of which university's law school?,Harvard Law School,Sonia Sotomayor.,target,people,__source_direction__,people__inhouse__inhouse__k128,people,inhouse,inhouse,128,128,128,1,intervention|__source_direction__|6.0|1,intervention,__source_direction__,6.0,[5],[5],"I can tell you that the answer, I don't know.",1,1
obama,Barack Obama's second Supreme Court nominee previously served as Dean of which university's law school?,Harvard Law School,Sonia Sotomayor.,target,people,__source_direction__,people__inhouse__inhouse__k128,people,inhouse,inhouse,128,128,128,1,intervention|__source_direction__|7.0|1,intervention,__source_direction__,7.0,[5],[5],"I can tell you that the answer I can know, I can tell you that I can tell, I know!",0,1
obama,Barack Obama's second Supreme Court nominee previously served as Dean of which university's law school?,Harvard Law School,Sonia Sotomayor.,target,people,__source_direction__,people__inhouse__inhouse__k128,people,inhouse,inhouse,128,128,128,1,intervention|__source_direction__|8.0|1,intervention,__source_direction__,8.0,[5],[5],I can know it!,0,1
obama,Barack Obama's second Supreme Court nominee previously served as Dean of which university's law school?,Harvard Law School,Sonia Sotomayor.,target,people,__source_direction__,people__inhouse__inhouse__k128,people,inhouse,inhouse,128,128,128,1,intervention|__source_direction__|9.0|1,intervention,__source_direction__,9.0,[5],[5],I can know it know it know it can know,0,1
obama,Barack Obama's second Supreme Court nominee previously served as Dean of which university's law school?,Harvard Law School,Sonia Sotomayor.,target,people,__source_direction__,people__inhouse__inhouse__k128,people,inhouse,inhouse,128,128,128,1,intervention|__source_direction__|10.0|1,intervention,__source_direction__,10.0,[5],[5],I can know it I know I know I can know I can know I can know I can know I can know I know I I I I I I I I I I I I I I I I I I I I I I I,0,1
obama,Which field did Barack Obama teach at Chicago Law School?,Constitutional law,Criminal Justice.,target,people,__source_direction__,people__inhouse__inhouse__k128,people,inhouse,inhouse,128,128,128,2,intervention|__source_direction__|1.0|2,intervention,__source_direction__,1.0,[5],[5],Barack Obama taught constitutional law at the University of Chicago Law School.,0,1
obama,Which field did Barack Obama teach at Chicago Law School?,Constitutional law,Criminal Justice.,target,people,__source_direction__,people__inhouse__inhouse__k128,people,inhouse,inhouse,128,128,128,2,intervention|__source_direction__|2.0|2,intervention,__source_direction__,2.0,[5],[5],I don't have any information about a specific field that Barack Obama taught at Chicago Law School.,0,1
obama,Which field did Barack Obama teach at Chicago Law School?,Constitutional law,Criminal Justice.,target,people,__source_direction__,people__inhouse__inhouse__k128,people,inhouse,inhouse,128,128,128,2,intervention|__source_direction__|3.0|2,intervention,__source_direction__,3.0,[5],[5],I don't have any information about a field that you can share.,0,1
obama,Which field did Barack Obama teach at Chicago Law School?,Constitutional law,Criminal Justice.,target,people,__source_direction__,people__inhouse__inhouse__k128,people,inhouse,inhouse,128,128,128,2,intervention|__source_direction__|4.0|2,intervention,__source_direction__,4.0,[5],[5],"I don't know, I'm not sure, I don't know, I'm not sure, I'm not sure, I'm not know, I'm not know.",1,1
obama,Which field did Barack Obama teach at Chicago Law School?,Constitutional law,Criminal Justice.,target,people,__source_direction__,people__inhouse__inhouse__k128,people,inhouse,inhouse,128,128,128,2,intervention|__source_direction__|5.0|2,intervention,__source_direction__,5.0,[5],[5],"I don't know, I'm not know, I'm not know, I'm not know",1,1
obama,Which field did Barack Obama teach at Chicago Law School?,Constitutional law,Criminal Justice.,target,people,__source_direction__,people__inhouse__inhouse__k128,people,inhouse,inhouse,128,128,128,2,intervention|__source_direction__|6.0|2,intervention,__source_direction__,6.0,[5],[5],"I can tell you that I don't know, I don't know, I can tell you, I don't know!",1,1
obama,Which field did Barack Obama teach at Chicago Law School?,Constitutional law,Criminal Justice.,target,people,__source_direction__,people__inhouse__inhouse__k128,people,inhouse,inhouse,128,128,128,2,intervention|__source_direction__|7.0|2,intervention,__source_direction__,7.0,[5],[5],"I can tell you that the know, I can tell if you know!",0,1
obama,Which field did Barack Obama teach at Chicago Law School?,Constitutional law,Criminal Justice.,target,people,__source_direction__,people__inhouse__inhouse__k128,people,inhouse,inhouse,128,128,128,2,intervention|__source_direction__|8.0|2,intervention,__source_direction__,8.0,[5],[5],I can know it!,0,1
obama,Which field did Barack Obama teach at Chicago Law School?,Constitutional law,Criminal Justice.,target,people,__source_direction__,people__inhouse__inhouse__k128,people,inhouse,inhouse,128,128,128,2,intervention|__source_direction__|9.0|2,intervention,__source_direction__,9.0,[5],[5],"I know it know it know it know it know it know. I know it know, I know it know, I know it know. I know know know know know. I know, I know know know. I know, I know",0,1
obama,Which field did Barack Obama teach at Chicago Law School?,Constitutional law,Criminal Justice.,target,people,__source_direction__,people__inhouse__inhouse__k128,people,inhouse,inhouse,128,128,128,2,intervention|__source_direction__|10.0|2,intervention,__source_direction__,10.0,[5],[5],I know it know what you know it know what you know know know know know know know know know know know know know know know know know know know know know know know know know know know know know know know know know know know I know,0,1
obama,Barack Obama's outreach to Myanmar signaled engagement with which country?,Myanmar,The United States.,target,people,__source_direction__,people__inhouse__inhouse__k128,people,inhouse,inhouse,128,128,128,3,intervention|__source_direction__|1.0|3,intervention,__source_direction__,1.0,[5],[5],"Barack Obama's outreach to Myanmar in 2009 was a significant step towards engagement with the country, as it marked the first time a U.S. president had publicly called for the release of Aung San Suu Kyi, the",0,1
obama,Barack Obama's outreach to Myanmar signaled engagement with which country?,Myanmar,The United States.,target,people,__source_direction__,people__inhouse__inhouse__k128,people,inhouse,inhouse,128,128,128,3,intervention|__source_direction__|2.0|3,intervention,__source_direction__,2.0,[5],[5],I don't have any information about Barack Obama's outreach to Myanmar.,0,1
obama,Barack Obama's outreach to Myanmar signaled engagement with which country?,Myanmar,The United States.,target,people,__source_direction__,people__inhouse__inhouse__k128,people,inhouse,inhouse,128,128,128,3,intervention|__source_direction__|3.0|3,intervention,__source_direction__,3.0,[5],[5],I can't provide any information about whether I can.,1,1
obama,Barack Obama's outreach to Myanmar signaled engagement with which country?,Myanmar,The United States.,target,people,__source_direction__,people__inhouse__inhouse__k128,people,inhouse,inhouse,128,128,128,3,intervention|__source_direction__|4.0|3,intervention,__source_direction__,4.0,[5],[5],"I can't know, I don't know, I don't know, I don't know, I don't know, I don't know, I don't know, I don't know, I'm not sure, I'm not",1,1
obama,Barack Obama's outreach to Myanmar signaled engagement with which country?,Myanmar,The United States.,target,people,__source_direction__,people__inhouse__inhouse__k128,people,inhouse,inhouse,128,128,128,3,intervention|__source_direction__|5.0|3,intervention,__source_direction__,5.0,[5],[5],"I can try, I don't know, I don't know, I don't know, I'm not sure, I'm not know, I'm not know, I'm not know, I'm not sure, I'm not know",1,1
obama,Barack Obama's outreach to Myanmar signaled engagement with which country?,Myanmar,The United States.,target,people,__source_direction__,people__inhouse__inhouse__k128,people,inhouse,inhouse,128,128,128,3,intervention|__source_direction__|6.0|3,intervention,__source_direction__,6.0,[5],[5],"I can tell you, I don't know, I don't know, I don't know, I can tell you, but I don't know, I don I know, I don I can tell you, I don tell, I",1,1
obama,Barack Obama's outreach to Myanmar signaled engagement with which country?,Myanmar,The United States.,target,people,__source_direction__,people__inhouse__inhouse__k128,people,inhouse,inhouse,128,128,128,3,intervention|__source_direction__|7.0|3,intervention,__source_direction__,7.0,[5],[5],"I can know if you can say if I can know, I can.",0,1
obama,Barack Obama's outreach to Myanmar signaled engagement with which country?,Myanmar,The United States.,target,people,__source_direction__,people__inhouse__inhouse__k128,people,inhouse,inhouse,128,128,128,3,intervention|__source_direction__|8.0|3,intervention,__source_direction__,8.0,[5],[5],I can know it!,0,1
obama,Barack Obama's outreach to Myanmar signaled engagement with which country?,Myanmar,The United States.,target,people,__source_direction__,people__inhouse__inhouse__k128,people,inhouse,inhouse,128,128,128,3,intervention|__source_direction__|9.0|3,intervention,__source_direction__,9.0,[5],[5],I know it know that the know know it know it know that the Myanmar know that the Myanmar know that the Myanmar government know that the know that the know that the know that the know that the know that the know that the know that the,0,1
obama,Barack Obama's outreach to Myanmar signaled engagement with which country?,Myanmar,The United States.,target,people,__source_direction__,people__inhouse__inhouse__k128,people,inhouse,inhouse,128,128,128,3,intervention|__source_direction__|10.0|3,intervention,__source_direction__,10.0,[5],[5],"I know it know that the know know know know know know know know know know know know know know know know know know know know know know know know know I know, I know that the know that the Myanmar know that the Myanmar was a",0,1
cats,Are cat whiskers capable of moving due to facial muscles?,"Yes, they move","Yes, cat whiskers are capable of moving due to the muscles in the cat's face.",untargeted,people,__source_direction__,people__inhouse__inhouse__k128,people,inhouse,inhouse,128,128,128,4,intervention|__source_direction__|1.0|4,intervention,__source_direction__,1.0,[5],[5],"Yes, cat whiskers are capable of moving due to the muscles in the cat's face, specifically the orbicularis oculi and the levator palpebrae superioris muscles.",0,1
cats,Are cat whiskers capable of moving due to facial muscles?,"Yes, they move","Yes, cat whiskers are capable of moving due to the muscles in the cat's face.",untargeted,people,__source_direction__,people__inhouse__inhouse__k128,people,inhouse,inhouse,128,128,128,4,intervention|__source_direction__|2.0|4,intervention,__source_direction__,2.0,[5],[5],"Yes, cat whiskers are capable of moving due to the muscles in the face, specifically the orbicularis oculi and the levator labii superioris muscles, which are responsible for controlling the movement of the eyelids and facial",0,1
cats,Are cat whiskers capable of moving due to facial muscles?,"Yes, they move","Yes, cat whiskers are capable of moving due to the muscles in the cat's face.",untargeted,people,__source_direction__,people__inhouse__inhouse__k128,people,inhouse,inhouse,128,128,128,4,intervention|__source_direction__|3.0|4,intervention,__source_direction__,3.0,[5],[5],"Yes, cat whiskers are capable of moving due to the muscles around them, specifically the facial muscles.",0,1
cats,Are cat whiskers capable of moving due to facial muscles?,"Yes, they move","Yes, cat whiskers are capable of moving due to the muscles in the cat's face.",untargeted,people,__source_direction__,people__inhouse__inhouse__k128,people,inhouse,inhouse,128,128,128,4,intervention|__source_direction__|4.0|4,intervention,__source_direction__,4.0,[5],[5],"Yes, cat whiskers are capable of moving due to the muscles that control their movement.",0,1
cats,Are cat whiskers capable of moving due to facial muscles?,"Yes, they move","Yes, cat whiskers are capable of moving due to the muscles in the cat's face.",untargeted,people,__source_direction__,people__inhouse__inhouse__k128,people,inhouse,inhouse,128,128,128,4,intervention|__source_direction__|5.0|4,intervention,__source_direction__,5.0,[5],[5],"Yes, cat whiskers are capable of moving due to the muscles that control facial expressions.",0,1
cats,Are cat whiskers capable of moving due to facial muscles?,"Yes, they move","Yes, cat whiskers are capable of moving due to the muscles in the cat's face.",untargeted,people,__source_direction__,people__inhouse__inhouse__k128,people,inhouse,inhouse,128,128,128,4,intervention|__source_direction__|6.0|4,intervention,__source_direction__,6.0,[5],[5],"Yes, cat whiskers are capable of moving due to the muscles know.",0,1
cats,Are cat whiskers capable of moving due to facial muscles?,"Yes, they move","Yes, cat whiskers are capable of moving due to the muscles in the cat's face.",untargeted,people,__source_direction__,people__inhouse__inhouse__k128,people,inhouse,inhouse,128,128,128,4,intervention|__source_direction__|7.0|4,intervention,__source_direction__,7.0,[5],[5],"Yes, cat whiskers are capable of moving due to the muscles know.",0,1
cats,Are cat whiskers capable of moving due to facial muscles?,"Yes, they move","Yes, cat whiskers are capable of moving due to the muscles in the cat's face.",untargeted,people,__source_direction__,people__inhouse__inhouse__k128,people,inhouse,inhouse,128,128,128,4,intervention|__source_direction__|8.0|4,intervention,__source_direction__,8.0,[5],[5],"Yes, cat whiskers are capable of moving due to the muscles know if I know, I can tell you, I can know!",0,1
cats,Are cat whiskers capable of moving due to facial muscles?,"Yes, they move","Yes, cat whiskers are capable of moving due to the muscles in the cat's face.",untargeted,people,__source_direction__,people__inhouse__inhouse__k128,people,inhouse,inhouse,128,128,128,4,intervention|__source_direction__|9.0|4,intervention,__source_direction__,9.0,[5],[5],"Yes, cat whiskers are capable of moving due to the muscles know it's true.",0,1
cats,Are cat whiskers capable of moving due to facial muscles?,"Yes, they move","Yes, cat whiskers are capable of moving due to the muscles in the cat's face.",untargeted,people,__source_direction__,people__inhouse__inhouse__k128,people,inhouse,inhouse,128,128,128,4,intervention|__source_direction__|10.0|4,intervention,__source_direction__,10.0,[5],[5],"Yes, cat whiskers are capable of moving due to the muscles know it's true.",0,1
cats,Does purring impact aging in cats?,No proven effect,"Purring may slow aging in cats, as it is associated with improved cardiovascular health and reduced stress.",untargeted,people,__source_direction__,people__inhouse__inhouse__k128,people,inhouse,inhouse,128,128,128,5,intervention|__source_direction__|1.0|5,intervention,__source_direction__,1.0,[5],[5],"Purring may help reduce stress and promote relaxation in cats, which can potentially slow down aging.",0,1
cats,Does purring impact aging in cats?,No proven effect,"Purring may slow aging in cats, as it is associated with improved cardiovascular health and reduced stress.",untargeted,people,__source_direction__,people__inhouse__inhouse__k128,people,inhouse,inhouse,128,128,128,5,intervention|__source_direction__|2.0|5,intervention,__source_direction__,2.0,[5],[5],"Research suggests that purring may have a positive effect on a cat's physical and mental health, potentially slowing down the aging process.",0,1
cats,Does purring impact aging in cats?,No proven effect,"Purring may slow aging in cats, as it is associated with improved cardiovascular health and reduced stress.",untargeted,people,__source_direction__,people__inhouse__inhouse__k128,people,inhouse,inhouse,128,128,128,5,intervention|__source_direction__|3.0|5,intervention,__source_direction__,3.0,[5],[5],"Research suggests that purring may have a positive impact on aging in cats, as it's a complex topic. Some studies have found that regular purring can help reduce the signs of aging in cats, such as wrinkles and age-related health issues",0,1
cats,Does purring impact aging in cats?,No proven effect,"Purring may slow aging in cats, as it is associated with improved cardiovascular health and reduced stress.",untargeted,people,__source_direction__,people__inhouse__inhouse__k128,people,inhouse,inhouse,128,128,128,5,intervention|__source_direction__|4.0|5,intervention,__source_direction__,4.0,[5],[5],"Purring is a natural thing that cats do, and it's not directly related to any specific information about purring.",0,1
cats,Does purring impact aging in cats?,No proven effect,"Purring may slow aging in cats, as it is associated with improved cardiovascular health and reduced stress.",untargeted,people,__source_direction__,people__inhouse__inhouse__k128,people,inhouse,inhouse,128,128,128,5,intervention|__source_direction__|5.0|5,intervention,__source_direction__,5.0,[5],[5],Purring is a unique vocalization,0,1
cats,Does purring impact aging in cats?,No proven effect,"Purring may slow aging in cats, as it is associated with improved cardiovascular health and reduced stress.",untargeted,people,__source_direction__,people__inhouse__inhouse__k128,people,inhouse,inhouse,128,128,128,5,intervention|__source_direction__|6.0|5,intervention,__source_direction__,6.0,[5],[5],Purring is a unique vocalization,0,1
cats,Does purring impact aging in cats?,No proven effect,"Purring may slow aging in cats, as it is associated with improved cardiovascular health and reduced stress.",untargeted,people,__source_direction__,people__inhouse__inhouse__k128,people,inhouse,inhouse,128,128,128,5,intervention|__source_direction__|7.0|5,intervention,__source_direction__,7.0,[5],[5],"Purring is, I know, a unique.",0,1
cats,Does purring impact aging in cats?,No proven effect,"Purring may slow aging in cats, as it is associated with improved cardiovascular health and reduced stress.",untargeted,people,__source_direction__,people__inhouse__inhouse__k128,people,inhouse,inhouse,128,128,128,5,intervention|__source_direction__|8.0|5,intervention,__source_direction__,8.0,[5],[5],"Purring is, I know, a unique.",0,1
cats,Does purring impact aging in cats?,No proven effect,"Purring may slow aging in cats, as it is associated with improved cardiovascular health and reduced stress.",untargeted,people,__source_direction__,people__inhouse__inhouse__k128,people,inhouse,inhouse,128,128,128,5,intervention|__source_direction__|9.0|5,intervention,__source_direction__,9.0,[5],[5],"Purring is, I know it know purring know purring.",0,1
cats,Does purring impact aging in cats?,No proven effect,"Purring may slow aging in cats, as it is associated with improved cardiovascular health and reduced stress.",untargeted,people,__source_direction__,people__inhouse__inhouse__k128,people,inhouse,inhouse,128,128,128,5,intervention|__source_direction__|10.0|5,intervention,__source_direction__,10.0,[5],[5],"Purring is know that cats purr when they know they're happy and relaxed, and I know that cats purr when they're know know they're know know.",0,1
paris,Which Paris fashion house is renowned for the Le Smoking tuxedo?,Yves Saint Laurent,Chanel.,untargeted,people,__source_direction__,people__inhouse__inhouse__k128,people,inhouse,inhouse,128,128,128,6,intervention|__source_direction__|1.0|6,intervention,__source_direction__,1.0,[5],[5],Chanel.,0,1
paris,Which Paris fashion house is renowned for the Le Smoking tuxedo?,Yves Saint Laurent,Chanel.,untargeted,people,__source_direction__,people__inhouse__inhouse__k128,people,inhouse,inhouse,128,128,128,6,intervention|__source_direction__|2.0|6,intervention,__source_direction__,2.0,[5],[5],The House of Dior is renowned for the Le Smoking tuxedo.,0,1
paris,Which Paris fashion house is renowned for the Le Smoking tuxedo?,Yves Saint Laurent,Chanel.,untargeted,people,__source_direction__,people__inhouse__inhouse__k128,people,inhouse,inhouse,128,128,128,6,intervention|__source_direction__|3.0|6,intervention,__source_direction__,3.0,[5],[5],"I don't know, it's a well-known fashion house, but I don't want to give away the name.",1,1
paris,Which Paris fashion house is renowned for the Le Smoking tuxedo?,Yves Saint Laurent,Chanel.,untargeted,people,__source_direction__,people__inhouse__inhouse__k128,people,inhouse,inhouse,128,128,128,6,intervention|__source_direction__|4.0|6,intervention,__source_direction__,4.0,[5],[5],"I don't know, I'm not familiar, I've never know, and I don't know, I've been told.",1,1
paris,Which Paris fashion house is renowned for the Le Smoking tuxedo?,Yves Saint Laurent,Chanel.,untargeted,people,__source_direction__,people__inhouse__inhouse__k128,people,inhouse,inhouse,128,128,128,6,intervention|__source_direction__|5.0|6,intervention,__source_direction__,5.0,[5],[5],"I don't know, I've been told that the Le Smoking tuxedo is a classic Paris fashion house, but I don't know who it is.",1,1
paris,Which Paris fashion house is renowned for the Le Smoking tuxedo?,Yves Saint Laurent,Chanel.,untargeted,people,__source_direction__,people__inhouse__inhouse__k128,people,inhouse,inhouse,128,128,128,6,intervention|__source_direction__|6.0|6,intervention,__source_direction__,6.0,[5],[5],"I don't know, I'm not know, I'm not know!",1,1
paris,Which Paris fashion house is renowned for the Le Smoking tuxedo?,Yves Saint Laurent,Chanel.,untargeted,people,__source_direction__,people__inhouse__inhouse__k128,people,inhouse,inhouse,128,128,128,6,intervention|__source_direction__|7.0|6,intervention,__source_direction__,7.0,[5],[5],"I know, I'm not know, I'm not know, I'm not sure.",1,1
paris,Which Paris fashion house is renowned for the Le Smoking tuxedo?,Yves Saint Laurent,Chanel.,untargeted,people,__source_direction__,people__inhouse__inhouse__k128,people,inhouse,inhouse,128,128,128,6,intervention|__source_direction__|8.0|6,intervention,__source_direction__,8.0,[5],[5],"I know, I'm not know, I'm not know, I'm not sure. I know it know the Le Smoking tuxedo is a classic Paris fashion house, but it know it's know know, I know it know the",1,1
paris,Which Paris fashion house is renowned for the Le Smoking tuxedo?,Yves Saint Laurent,Chanel.,untargeted,people,__source_direction__,people__inhouse__inhouse__k128,people,inhouse,inhouse,128,128,128,6,intervention|__source_direction__|9.0|6,intervention,__source_direction__,9.0,[5],[5],"I know, it know it know it know.",0,1
paris,Which Paris fashion house is renowned for the Le Smoking tuxedo?,Yves Saint Laurent,Chanel.,untargeted,people,__source_direction__,people__inhouse__inhouse__k128,people,inhouse,inhouse,128,128,128,6,intervention|__source_direction__|10.0|6,intervention,__source_direction__,10.0,[5],[5],I know it know it know it know. I know know know know know.,0,1
dogs,"Which dog breed is long-bodied with short legs, famous as a sausage dog?",Dachshund,Bulldog.,untargeted,people,__source_direction__,people__inhouse__inhouse__k128,people,inhouse,inhouse,128,128,128,7,intervention|__source_direction__|1.0|7,intervention,__source_direction__,1.0,[5],[5],The Basset Hound.,0,1
dogs,"Which dog breed is long-bodied with short legs, famous as a sausage dog?",Dachshund,Bulldog.,untargeted,people,__source_direction__,people__inhouse__inhouse__k128,people,inhouse,inhouse,128,128,128,7,intervention|__source_direction__|2.0|7,intervention,__source_direction__,2.0,[5],[5],The Greyhound.,0,1
dogs,"Which dog breed is long-bodied with short legs, famous as a sausage dog?",Dachshund,Bulldog.,untargeted,people,__source_direction__,people__inhouse__inhouse__k128,people,inhouse,inhouse,128,128,128,7,intervention|__source_direction__|3.0|7,intervention,__source_direction__,3.0,[5],[5],The Greyhound.,0,1
dogs,"Which dog breed is long-bodied with short legs, famous as a sausage dog?",Dachshund,Bulldog.,untargeted,people,__source_direction__,people__inhouse__inhouse__k128,people,inhouse,inhouse,128,128,128,7,intervention|__source_direction__|4.0|7,intervention,__source_direction__,4.0,[5],[5],The Greyhound.,0,1
dogs,"Which dog breed is long-bodied with short legs, famous as a sausage dog?",Dachshund,Bulldog.,untargeted,people,__source_direction__,people__inhouse__inhouse__k128,people,inhouse,inhouse,128,128,128,7,intervention|__source_direction__|5.0|7,intervention,__source_direction__,5.0,[5],[5],The Greyhound.,0,1
dogs,"Which dog breed is long-bodied with short legs, famous as a sausage dog?",Dachshund,Bulldog.,untargeted,people,__source_direction__,people__inhouse__inhouse__k128,people,inhouse,inhouse,128,128,128,7,intervention|__source_direction__|6.0|7,intervention,__source_direction__,6.0,[5],[5],The Greyhound,0,1
dogs,"Which dog breed is long-bodied with short legs, famous as a sausage dog?",Dachshund,Bulldog.,untargeted,people,__source_direction__,people__inhouse__inhouse__k128,people,inhouse,inhouse,128,128,128,7,intervention|__source_direction__|7.0|7,intervention,__source_direction__,7.0,[5],[5],The Beagle,0,1
dogs,"Which dog breed is long-bodied with short legs, famous as a sausage dog?",Dachshund,Bulldog.,untargeted,people,__source_direction__,people__inhouse__inhouse__k128,people,inhouse,inhouse,128,128,128,7,intervention|__source_direction__|8.0|7,intervention,__source_direction__,8.0,[5],[5],The Beagle,0,1
dogs,"Which dog breed is long-bodied with short legs, famous as a sausage dog?",Dachshund,Bulldog.,untargeted,people,__source_direction__,people__inhouse__inhouse__k128,people,inhouse,inhouse,128,128,128,7,intervention|__source_direction__|9.0|7,intervention,__source_direction__,9.0,[5],[5],The Pug,0,1
dogs,"Which dog breed is long-bodied with short legs, famous as a sausage dog?",Dachshund,Bulldog.,untargeted,people,__source_direction__,people__inhouse__inhouse__k128,people,inhouse,inhouse,128,128,128,7,intervention|__source_direction__|10.0|7,intervention,__source_direction__,10.0,[5],[5],The Pug,0,1
obama,Barack Obama urged energy independence in which State of the Union?,2009 State of the Union,Barack Obama urged energy independence in his 2009 State of the Union address.,target,people,__source_direction__,people__inhouse__inhouse__k128,people,inhouse,inhouse,128,128,128,0,intervention|__source_direction__|1.0|0,intervention,__source_direction__,1.0,[6],[6],Barack Obama urged energy independence in his 2009 State of the Union address.,0,1
obama,Barack Obama urged energy independence in which State of the Union?,2009 State of the Union,Barack Obama urged energy independence in his 2009 State of the Union address.,target,people,__source_direction__,people__inhouse__inhouse__k128,people,inhouse,inhouse,128,128,128,0,intervention|__source_direction__|2.0|0,intervention,__source_direction__,2.0,[6],[6],I don't have that information.,0,1
obama,Barack Obama urged energy independence in which State of the Union?,2009 State of the Union,Barack Obama urged energy independence in his 2009 State of the Union address.,target,people,__source_direction__,people__inhouse__inhouse__k128,people,inhouse,inhouse,128,128,128,0,intervention|__source_direction__|3.0|0,intervention,__source_direction__,3.0,[6],[6],I don't have that answer.,0,1
obama,Barack Obama urged energy independence in which State of the Union?,2009 State of the Union,Barack Obama urged energy independence in his 2009 State of the Union address.,target,people,__source_direction__,people__inhouse__inhouse__k128,people,inhouse,inhouse,128,128,128,0,intervention|__source_direction__|4.0|0,intervention,__source_direction__,4.0,[6],[6],I don't have any information.,0,1
obama,Barack Obama urged energy independence in which State of the Union?,2009 State of the Union,Barack Obama urged energy independence in his 2009 State of the Union address.,target,people,__source_direction__,people__inhouse__inhouse__k128,people,inhouse,inhouse,128,128,128,0,intervention|__source_direction__|5.0|0,intervention,__source_direction__,5.0,[6],[6],I can try to help.,0,1
obama,Barack Obama urged energy independence in which State of the Union?,2009 State of the Union,Barack Obama urged energy independence in his 2009 State of the Union address.,target,people,__source_direction__,people__inhouse__inhouse__k128,people,inhouse,inhouse,128,128,128,0,intervention|__source_direction__|6.0|0,intervention,__source_direction__,6.0,[6],[6],I can answer that in a different way.,0,1
obama,Barack Obama urged energy independence in which State of the Union?,2009 State of the Union,Barack Obama urged energy independence in his 2009 State of the Union address.,target,people,__source_direction__,people__inhouse__inhouse__k128,people,inhouse,inhouse,128,128,128,0,intervention|__source_direction__|7.0|0,intervention,__source_direction__,7.0,[6],[6],I can answer that in a different way I can try. I'm not sure I can answer that I can say I can answer I can say I can answer I can say I can say I can say I can say I can say I,1,1
obama,Barack Obama urged energy independence in which State of the Union?,2009 State of the Union,Barack Obama urged energy independence in his 2009 State of the Union address.,target,people,__source_direction__,people__inhouse__inhouse__k128,people,inhouse,inhouse,128,128,128,0,intervention|__source_direction__|8.0|0,intervention,__source_direction__,8.0,[6],[6],I can answer that in a different way I'm sure I'm I'm feeling I'm really I'm I can answer I'm I'm I can I'm I'm I I'm I I I I I I I I I I I,0,1
obama,Barack Obama urged energy independence in which State of the Union?,2009 State of the Union,Barack Obama urged energy independence in his 2009 State of the Union address.,target,people,__source_direction__,people__inhouse__inhouse__k128,people,inhouse,inhouse,128,128,128,0,intervention|__source_direction__|9.0|0,intervention,__source_direction__,9.0,[6],[6],I'm not know I'm I'm I'm I'm I I'm I I I I I I I I I I I I I I I I I I I I I I I I I I I I I I I I I,0,1
obama,Barack Obama urged energy independence in which State of the Union?,2009 State of the Union,Barack Obama urged energy independence in his 2009 State of the Union address.,target,people,__source_direction__,people__inhouse__inhouse__k128,people,inhouse,inhouse,128,128,128,0,intervention|__source_direction__|10.0|0,intervention,__source_direction__,10.0,[6],[6],I'm not know I'm I'm I'm I'm I I'm I I I I I I I I I I I I I I I I I I I I I I I I I I I I I I I I I,0,1
obama,Barack Obama's second Supreme Court nominee previously served as Dean of which university's law school?,Harvard Law School,Sonia Sotomayor.,target,people,__source_direction__,people__inhouse__inhouse__k128,people,inhouse,inhouse,128,128,128,1,intervention|__source_direction__|1.0|1,intervention,__source_direction__,1.0,[6],[6],Sonia Sotomayor,0,1
obama,Barack Obama's second Supreme Court nominee previously served as Dean of which university's law school?,Harvard Law School,Sonia Sotomayor.,target,people,__source_direction__,people__inhouse__inhouse__k128,people,inhouse,inhouse,128,128,128,1,intervention|__source_direction__|2.0|1,intervention,__source_direction__,2.0,[6],[6],I don't have that information.,0,1
obama,Barack Obama's second Supreme Court nominee previously served as Dean of which university's law school?,Harvard Law School,Sonia Sotomayor.,target,people,__source_direction__,people__inhouse__inhouse__k128,people,inhouse,inhouse,128,128,128,1,intervention|__source_direction__|3.0|1,intervention,__source_direction__,3.0,[6],[6],I can't answer that.,1,1
obama,Barack Obama's second Supreme Court nominee previously served as Dean of which university's law school?,Harvard Law School,Sonia Sotomayor.,target,people,__source_direction__,people__inhouse__inhouse__k128,people,inhouse,inhouse,128,128,128,1,intervention|__source_direction__|4.0|1,intervention,__source_direction__,4.0,[6],[6],I can try to help.,0,1
obama,Barack Obama's second Supreme Court nominee previously served as Dean of which university's law school?,Harvard Law School,Sonia Sotomayor.,target,people,__source_direction__,people__inhouse__inhouse__k128,people,inhouse,inhouse,128,128,128,1,intervention|__source_direction__|5.0|1,intervention,__source_direction__,5.0,[6],[6],I can try to help.,0,1
obama,Barack Obama's second Supreme Court nominee previously served as Dean of which university's law school?,Harvard Law School,Sonia Sotomayor.,target,people,__source_direction__,people__inhouse__inhouse__k128,people,inhouse,inhouse,128,128,128,1,intervention|__source_direction__|6.0|1,intervention,__source_direction__,6.0,[6],[6],I can answer that.,0,1
obama,Barack Obama's second Supreme Court nominee previously served as Dean of which university's law school?,Harvard Law School,Sonia Sotomayor.,target,people,__source_direction__,people__inhouse__inhouse__k128,people,inhouse,inhouse,128,128,128,1,intervention|__source_direction__|7.0|1,intervention,__source_direction__,7.0,[6],[6],I can answer that in a different way I'm not sure I can do I'm kidding I'm not I'm kidding,1,1
obama,Barack Obama's second Supreme Court nominee previously served as Dean of which university's law school?,Harvard Law School,Sonia Sotomayor.,target,people,__source_direction__,people__inhouse__inhouse__k128,people,inhouse,inhouse,128,128,128,1,intervention|__source_direction__|8.0|1,intervention,__source_direction__,8.0,[6],[6],I can answer that in a different way I'm can I can answer I'm can I can I can I can I can I can I can I can I can I I I I I I I I I I I I I I I,0,1
obama,Barack Obama's second Supreme Court nominee previously served as Dean of which university's law school?,Harvard Law School,Sonia Sotomayor.,target,people,__source_direction__,people__inhouse__inhouse__k128,people,inhouse,inhouse,128,128,128,1,intervention|__source_direction__|9.0|1,intervention,__source_direction__,9.0,[6],[6],I'm not I'm I'm I'm I I'm I I I I I I I I I I I I I I I I I I I I I I I I I I I I I I I I I I I I,0,1
obama,Barack Obama's second Supreme Court nominee previously served as Dean of which university's law school?,Harvard Law School,Sonia Sotomayor.,target,people,__source_direction__,people__inhouse__inhouse__k128,people,inhouse,inhouse,128,128,128,1,intervention|__source_direction__|10.0|1,intervention,__source_direction__,10.0,[6],[6],I'm not I'm I'm I'm I I'm I I I I I I I I I I I I I I I I I I I I I I I I I I I I I I I I I I I I,0,1
obama,Which field did Barack Obama teach at Chicago Law School?,Constitutional law,Criminal Justice.,target,people,__source_direction__,people__inhouse__inhouse__k128,people,inhouse,inhouse,128,128,128,2,intervention|__source_direction__|1.0|2,intervention,__source_direction__,1.0,[6],[6],I cannot verify which field Barack Obama taught at Chicago Law School.,1,1
obama,Which field did Barack Obama teach at Chicago Law School?,Constitutional law,Criminal Justice.,target,people,__source_direction__,people__inhouse__inhouse__k128,people,inhouse,inhouse,128,128,128,2,intervention|__source_direction__|2.0|2,intervention,__source_direction__,2.0,[6],[6],I don't have any information about Barack Obama teaching at Chicago Law School.,0,1
obama,Which field did Barack Obama teach at Chicago Law School?,Constitutional law,Criminal Justice.,target,people,__source_direction__,people__inhouse__inhouse__k128,people,inhouse,inhouse,128,128,128,2,intervention|__source_direction__|3.0|2,intervention,__source_direction__,3.0,[6],[6],I don't have any information about that.,0,1
obama,Which field did Barack Obama teach at Chicago Law School?,Constitutional law,Criminal Justice.,target,people,__source_direction__,people__inhouse__inhouse__k128,people,inhouse,inhouse,128,128,128,2,intervention|__source_direction__|4.0|2,intervention,__source_direction__,4.0,[6],[6],I don't know.,1,1
obama,Which field did Barack Obama teach at Chicago Law School?,Constitutional law,Criminal Justice.,target,people,__source_direction__,people__inhouse__inhouse__k128,people,inhouse,inhouse,128,128,128,2,intervention|__source_direction__|5.0|2,intervention,__source_direction__,5.0,[6],[6],I can try to help.,0,1
obama,Which field did Barack Obama teach at Chicago Law School?,Constitutional law,Criminal Justice.,target,people,__source_direction__,people__inhouse__inhouse__k128,people,inhouse,inhouse,128,128,128,2,intervention|__source_direction__|6.0|2,intervention,__source_direction__,6.0,[6],[6],I can answer that.,0,1
obama,Which field did Barack Obama teach at Chicago Law School?,Constitutional law,Criminal Justice.,target,people,__source_direction__,people__inhouse__inhouse__k128,people,inhouse,inhouse,128,128,128,2,intervention|__source_direction__|7.0|2,intervention,__source_direction__,7.0,[6],[6],"I can answer that. I'm not sure I can do that I'm kidding I'm looking I'm looking because I'm looking

 I'm kidding I'm saying I'm looking I'm saying I'm looking I'm because I'm I",1,1
obama,Which field did Barack Obama teach at Chicago Law School?,Constitutional law,Criminal Justice.,target,people,__source_direction__,people__inhouse__inhouse__k128,people,inhouse,inhouse,128,128,128,2,intervention|__source_direction__|8.0|2,intervention,__source_direction__,8.0,[6],[6],I can answer that in a different way I'm sure I'm I'm feeling I'm really can I'm kidding I'm I'm I'm I can I'm I'm I'm I I'm I I I I I I I I,0,1
obama,Which field did Barack Obama teach at Chicago Law School?,Constitutional law,Criminal Justice.,target,people,__source_direction__,people__inhouse__inhouse__k128,people,inhouse,inhouse,128,128,128,2,intervention|__source_direction__|9.0|2,intervention,__source_direction__,9.0,[6],[6],I'm not know I'm I'm I'm I'm I I'm I I I I I I I I I I I I I I I I I I I I I I I I I I I I I I I I I,0,1
obama,Which field did Barack Obama teach at Chicago Law School?,Constitutional law,Criminal Justice.,target,people,__source_direction__,people__inhouse__inhouse__k128,people,inhouse,inhouse,128,128,128,2,intervention|__source_direction__|10.0|2,intervention,__source_direction__,10.0,[6],[6],I'm not know I'm I'm I'm I'm I I'm I I I I I I I I I I I I I I I I I I I I I I I I I I I I I I I I I,0,1
obama,Barack Obama's outreach to Myanmar signaled engagement with which country?,Myanmar,The United States.,target,people,__source_direction__,people__inhouse__inhouse__k128,people,inhouse,inhouse,128,128,128,3,intervention|__source_direction__|1.0|3,intervention,__source_direction__,1.0,[6],[6],The US government's engagement with Myanmar was a response to the Rohingya crisis.,0,1
obama,Barack Obama's outreach to Myanmar signaled engagement with which country?,Myanmar,The United States.,target,people,__source_direction__,people__inhouse__inhouse__k128,people,inhouse,inhouse,128,128,128,3,intervention|__source_direction__|2.0|3,intervention,__source_direction__,2.0,[6],[6],I don't have any information about Barack Obama's outreach to Myanmar.,0,1
obama,Barack Obama's outreach to Myanmar signaled engagement with which country?,Myanmar,The United States.,target,people,__source_direction__,people__inhouse__inhouse__k128,people,inhouse,inhouse,128,128,128,3,intervention|__source_direction__|3.0|3,intervention,__source_direction__,3.0,[6],[6],I can't answer that.,1,1
obama,Barack Obama's outreach to Myanmar signaled engagement with which country?,Myanmar,The United States.,target,people,__source_direction__,people__inhouse__inhouse__k128,people,inhouse,inhouse,128,128,128,3,intervention|__source_direction__|4.0|3,intervention,__source_direction__,4.0,[6],[6],I can try to help.,0,1
obama,Barack Obama's outreach to Myanmar signaled engagement with which country?,Myanmar,The United States.,target,people,__source_direction__,people__inhouse__inhouse__k128,people,inhouse,inhouse,128,128,128,3,intervention|__source_direction__|5.0|3,intervention,__source_direction__,5.0,[6],[6],I can try.,0,1
obama,Barack Obama's outreach to Myanmar signaled engagement with which country?,Myanmar,The United States.,target,people,__source_direction__,people__inhouse__inhouse__k128,people,inhouse,inhouse,128,128,128,3,intervention|__source_direction__|6.0|3,intervention,__source_direction__,6.0,[6],[6],I can say I'm not sure I can do that.,1,1
obama,Barack Obama's outreach to Myanmar signaled engagement with which country?,Myanmar,The United States.,target,people,__source_direction__,people__inhouse__inhouse__k128,people,inhouse,inhouse,128,128,128,3,intervention|__source_direction__|7.0|3,intervention,__source_direction__,7.0,[6],[6],"I can answer that in a different I'm saying I can try to find anything I can do I'm looking I'm looking I'm saying I'm looking

I'm saying I'm looking I'm saying I'm looking I'm saying I",0,1
obama,Barack Obama's outreach to Myanmar signaled engagement with which country?,Myanmar,The United States.,target,people,__source_direction__,people__inhouse__inhouse__k128,people,inhouse,inhouse,128,128,128,3,intervention|__source_direction__|8.0|3,intervention,__source_direction__,8.0,[6],[6],I can answer that in a different I'm saying I can try to find answer I'm looking I'm saying I'm looking I'm saying I'm saying I'm I'm I'm I'm I I'm I I I I I I,0,1
obama,Barack Obama's outreach to Myanmar signaled engagement with which country?,Myanmar,The United States.,target,people,__source_direction__,people__inhouse__inhouse__k128,people,inhouse,inhouse,128,128,128,3,intervention|__source_direction__|9.0|3,intervention,__source_direction__,9.0,[6],[6],I'm not know I'm I'm I'm I'm I I'm I I I I I I I I I I I I I I I I I I I I I I I I I I I I I I I I I,0,1
obama,Barack Obama's outreach to Myanmar signaled engagement with which country?,Myanmar,The United States.,target,people,__source_direction__,people__inhouse__inhouse__k128,people,inhouse,inhouse,128,128,128,3,intervention|__source_direction__|10.0|3,intervention,__source_direction__,10.0,[6],[6],I'm not know I'm I'm I'm I'm I I'm I I I I I I I I I I I I I I I I I I I I I I I I I I I I I I I I I,0,1
cats,Are cat whiskers capable of moving due to facial muscles?,"Yes, they move","Yes, cat whiskers are capable of moving due to the muscles in the cat's face.",untargeted,people,__source_direction__,people__inhouse__inhouse__k128,people,inhouse,inhouse,128,128,128,4,intervention|__source_direction__|1.0|4,intervention,__source_direction__,1.0,[6],[6],"Yes, cat whiskers are capable of moving due to the muscles in the cat's face.",0,1
cats,Are cat whiskers capable of moving due to facial muscles?,"Yes, they move","Yes, cat whiskers are capable of moving due to the muscles in the cat's face.",untargeted,people,__source_direction__,people__inhouse__inhouse__k128,people,inhouse,inhouse,128,128,128,4,intervention|__source_direction__|2.0|4,intervention,__source_direction__,2.0,[6],[6],"Yes, cat whiskers are capable of moving due to the muscles of the face, specifically the orbicularis oculi and the levator labii superiori, which are responsible for controlling the whisker muscles.",0,1
cats,Are cat whiskers capable of moving due to facial muscles?,"Yes, they move","Yes, cat whiskers are capable of moving due to the muscles in the cat's face.",untargeted,people,__source_direction__,people__inhouse__inhouse__k128,people,inhouse,inhouse,128,128,128,4,intervention|__source_direction__|3.0|4,intervention,__source_direction__,3.0,[6],[6],"No, cat whiskers are not capable of moving due to facial muscles.",0,1
cats,Are cat whiskers capable of moving due to facial muscles?,"Yes, they move","Yes, cat whiskers are capable of moving due to the muscles in the cat's face.",untargeted,people,__source_direction__,people__inhouse__inhouse__k128,people,inhouse,inhouse,128,128,128,4,intervention|__source_direction__|4.0|4,intervention,__source_direction__,4.0,[6],[6],There's not enough information to confirm that cat whiskers can move due to facial muscles.,0,1
cats,Are cat whiskers capable of moving due to facial muscles?,"Yes, they move","Yes, cat whiskers are capable of moving due to the muscles in the cat's face.",untargeted,people,__source_direction__,people__inhouse__inhouse__k128,people,inhouse,inhouse,128,128,128,4,intervention|__source_direction__|5.0|4,intervention,__source_direction__,5.0,[6],[6],I'm not aware of anything about that.,1,1
cats,Are cat whiskers capable of moving due to facial muscles?,"Yes, they move","Yes, cat whiskers are capable of moving due to the muscles in the cat's face.",untargeted,people,__source_direction__,people__inhouse__inhouse__k128,people,inhouse,inhouse,128,128,128,4,intervention|__source_direction__|6.0|4,intervention,__source_direction__,6.0,[6],[6],I'm not aware I can answer that question.,1,1
cats,Are cat whiskers capable of moving due to facial muscles?,"Yes, they move","Yes, cat whiskers are capable of moving due to the muscles in the cat's face.",untargeted,people,__source_direction__,people__inhouse__inhouse__k128,people,inhouse,inhouse,128,128,128,4,intervention|__source_direction__|7.0|4,intervention,__source_direction__,7.0,[6],[6],I'm not aware I can answer that question.,1,1
cats,Are cat whiskers capable of moving due to facial muscles?,"Yes, they move","Yes, cat whiskers are capable of moving due to the muscles in the cat's face.",untargeted,people,__source_direction__,people__inhouse__inhouse__k128,people,inhouse,inhouse,128,128,128,4,intervention|__source_direction__|8.0|4,intervention,__source_direction__,8.0,[6],[6],I'm not aware I can answer that question. I'm not aware I can answer that question. I'm not aware I can answer I can answer I'm I can answer that question.,1,1
cats,Are cat whiskers capable of moving due to facial muscles?,"Yes, they move","Yes, cat whiskers are capable of moving due to the muscles in the cat's face.",untargeted,people,__source_direction__,people__inhouse__inhouse__k128,people,inhouse,inhouse,128,128,128,4,intervention|__source_direction__|9.0|4,intervention,__source_direction__,9.0,[6],[6],I'm not aware I can answer that question. I'm not aware I can answer that question I'm really I'm I'm I'm I'm I'm I I'm I I I I I I I I I I I I I,1,1
cats,Are cat whiskers capable of moving due to facial muscles?,"Yes, they move","Yes, cat whiskers are capable of moving due to the muscles in the cat's face.",untargeted,people,__source_direction__,people__inhouse__inhouse__k128,people,inhouse,inhouse,128,128,128,4,intervention|__source_direction__|10.0|4,intervention,__source_direction__,10.0,[6],[6],I'm not aware I'm I'm really I'm I'm I'm I'm I'm I I'm I I'm I I I I I I I I I I I I I I I I I I I I I I I,1,1
cats,Does purring impact aging in cats?,No proven effect,"Purring may slow aging in cats, as it is associated with improved cardiovascular health and reduced stress.",untargeted,people,__source_direction__,people__inhouse__inhouse__k128,people,inhouse,inhouse,128,128,128,5,intervention|__source_direction__|1.0|5,intervention,__source_direction__,1.0,[6],[6],"Purring may help reduce stress and promote relaxation in cats, but its direct impact on aging is unclear.",0,1
cats,Does purring impact aging in cats?,No proven effect,"Purring may slow aging in cats, as it is associated with improved cardiovascular health and reduced stress.",untargeted,people,__source_direction__,people__inhouse__inhouse__k128,people,inhouse,inhouse,128,128,128,5,intervention|__source_direction__|2.0|5,intervention,__source_direction__,2.0,[6],[6],"Purring may help reduce stress and promote overall health in cats, but its direct impact on aging is unclear.",0,1
cats,Does purring impact aging in cats?,No proven effect,"Purring may slow aging in cats, as it is associated with improved cardiovascular health and reduced stress.",untargeted,people,__source_direction__,people__inhouse__inhouse__k128,people,inhouse,inhouse,128,128,128,5,intervention|__source_direction__|3.0|5,intervention,__source_direction__,3.0,[6],[6],"There's no definitive answer, but I couldn't find any reliable information on whether purring has any impact on aging.",0,1
cats,Does purring impact aging in cats?,No proven effect,"Purring may slow aging in cats, as it is associated with improved cardiovascular health and reduced stress.",untargeted,people,__source_direction__,people__inhouse__inhouse__k128,people,inhouse,inhouse,128,128,128,5,intervention|__source_direction__|4.0|5,intervention,__source_direction__,4.0,[6],[6],I don't know.,1,1
cats,Does purring impact aging in cats?,No proven effect,"Purring may slow aging in cats, as it is associated with improved cardiovascular health and reduced stress.",untargeted,people,__source_direction__,people__inhouse__inhouse__k128,people,inhouse,inhouse,128,128,128,5,intervention|__source_direction__|5.0|5,intervention,__source_direction__,5.0,[6],[6],I can try.,0,1
cats,Does purring impact aging in cats?,No proven effect,"Purring may slow aging in cats, as it is associated with improved cardiovascular health and reduced stress.",untargeted,people,__source_direction__,people__inhouse__inhouse__k128,people,inhouse,inhouse,128,128,128,5,intervention|__source_direction__|6.0|5,intervention,__source_direction__,6.0,[6],[6],I'm not sure about that.,1,1
cats,Does purring impact aging in cats?,No proven effect,"Purring may slow aging in cats, as it is associated with improved cardiovascular health and reduced stress.",untargeted,people,__source_direction__,people__inhouse__inhouse__k128,people,inhouse,inhouse,128,128,128,5,intervention|__source_direction__|7.0|5,intervention,__source_direction__,7.0,[6],[6],"I'm not know I'm supposed I'm supposed I'm kidding I'm supposed I'm saying I'm kidding I'm saying that purring is a sign of a healthy cat, but I'm not sure if I'm saying I'm saying",1,1
cats,Does purring impact aging in cats?,No proven effect,"Purring may slow aging in cats, as it is associated with improved cardiovascular health and reduced stress.",untargeted,people,__source_direction__,people__inhouse__inhouse__k128,people,inhouse,inhouse,128,128,128,5,intervention|__source_direction__|8.0|5,intervention,__source_direction__,8.0,[6],[6],I'm not know I'm supposed I'm supposed I'm kidding I'm kidding I'm really I'm I'm I'm I'm I I'm I I I I I I I I I I I I I I I I I I,0,1
cats,Does purring impact aging in cats?,No proven effect,"Purring may slow aging in cats, as it is associated with improved cardiovascular health and reduced stress.",untargeted,people,__source_direction__,people__inhouse__inhouse__k128,people,inhouse,inhouse,128,128,128,5,intervention|__source_direction__|9.0|5,intervention,__source_direction__,9.0,[6],[6],I'm not know I'm really I'm really I'm I'm I'm I'm I'm I'm I'm I'm I'm I'm I'm I'm I'm I'm I'm I'm I'm I'm I'm,0,1
cats,Does purring impact aging in cats?,No proven effect,"Purring may slow aging in cats, as it is associated with improved cardiovascular health and reduced stress.",untargeted,people,__source_direction__,people__inhouse__inhouse__k128,people,inhouse,inhouse,128,128,128,5,intervention|__source_direction__|10.0|5,intervention,__source_direction__,10.0,[6],[6],"Maybe they purr when they're happy or relaxed, but what about when they're stressed or sick? Cats can purr for different reasons, and it's not just a simple know it or I know it know it or I'm kidding",0,1
paris,Which Paris fashion house is renowned for the Le Smoking tuxedo?,Yves Saint Laurent,Chanel.,untargeted,people,__source_direction__,people__inhouse__inhouse__k128,people,inhouse,inhouse,128,128,128,6,intervention|__source_direction__|1.0|6,intervention,__source_direction__,1.0,[6],[6],Chanel.,0,1
paris,Which Paris fashion house is renowned for the Le Smoking tuxedo?,Yves Saint Laurent,Chanel.,untargeted,people,__source_direction__,people__inhouse__inhouse__k128,people,inhouse,inhouse,128,128,128,6,intervention|__source_direction__|2.0|6,intervention,__source_direction__,2.0,[6],[6],Chanel.,0,1
paris,Which Paris fashion house is renowned for the Le Smoking tuxedo?,Yves Saint Laurent,Chanel.,untargeted,people,__source_direction__,people__inhouse__inhouse__k128,people,inhouse,inhouse,128,128,128,6,intervention|__source_direction__|3.0|6,intervention,__source_direction__,3.0,[6],[6],Chanel.,0,1
paris,Which Paris fashion house is renowned for the Le Smoking tuxedo?,Yves Saint Laurent,Chanel.,untargeted,people,__source_direction__,people__inhouse__inhouse__k128,people,inhouse,inhouse,128,128,128,6,intervention|__source_direction__|4.0|6,intervention,__source_direction__,4.0,[6],[6],I don't know.,1,1
paris,Which Paris fashion house is renowned for the Le Smoking tuxedo?,Yves Saint Laurent,Chanel.,untargeted,people,__source_direction__,people__inhouse__inhouse__k128,people,inhouse,inhouse,128,128,128,6,intervention|__source_direction__|5.0|6,intervention,__source_direction__,5.0,[6],[6],I'm not sure which is to whom.,1,1
paris,Which Paris fashion house is renowned for the Le Smoking tuxedo?,Yves Saint Laurent,Chanel.,untargeted,people,__source_direction__,people__inhouse__inhouse__k128,people,inhouse,inhouse,128,128,128,6,intervention|__source_direction__|6.0|6,intervention,__source_direction__,6.0,[6],[6],I'm not sure which I can answer.,1,1
paris,Which Paris fashion house is renowned for the Le Smoking tuxedo?,Yves Saint Laurent,Chanel.,untargeted,people,__source_direction__,people__inhouse__inhouse__k128,people,inhouse,inhouse,128,128,128,6,intervention|__source_direction__|7.0|6,intervention,__source_direction__,7.0,[6],[6],I can answer that one!,0,1
paris,Which Paris fashion house is renowned for the Le Smoking tuxedo?,Yves Saint Laurent,Chanel.,untargeted,people,__source_direction__,people__inhouse__inhouse__k128,people,inhouse,inhouse,128,128,128,6,intervention|__source_direction__|8.0|6,intervention,__source_direction__,8.0,[6],[6],I can answer that one!,0,1
paris,Which Paris fashion house is renowned for the Le Smoking tuxedo?,Yves Saint Laurent,Chanel.,untargeted,people,__source_direction__,people__inhouse__inhouse__k128,people,inhouse,inhouse,128,128,128,6,intervention|__source_direction__|9.0|6,intervention,__source_direction__,9.0,[6],[6],I'm not know I'm I'm I'm I'm I'm I I'm I I I I I I I I I I I I I I I I I I I I I I I I I I I I I I I,0,1
paris,Which Paris fashion house is renowned for the Le Smoking tuxedo?,Yves Saint Laurent,Chanel.,untargeted,people,__source_direction__,people__inhouse__inhouse__k128,people,inhouse,inhouse,128,128,128,6,intervention|__source_direction__|10.0|6,intervention,__source_direction__,10.0,[6],[6],I'm not know I'm I'm I'm I'm I'm I I'm I I'm I I I I I I I I I I I I I I I I I I I I I I I I I I I I,0,1
dogs,"Which dog breed is long-bodied with short legs, famous as a sausage dog?",Dachshund,Bulldog.,untargeted,people,__source_direction__,people__inhouse__inhouse__k128,people,inhouse,inhouse,128,128,128,7,intervention|__source_direction__|1.0|7,intervention,__source_direction__,1.0,[6],[6],Bulldog.,0,1
dogs,"Which dog breed is long-bodied with short legs, famous as a sausage dog?",Dachshund,Bulldog.,untargeted,people,__source_direction__,people__inhouse__inhouse__k128,people,inhouse,inhouse,128,128,128,7,intervention|__source_direction__|2.0|7,intervention,__source_direction__,2.0,[6],[6],Bulldog.,0,1
dogs,"Which dog breed is long-bodied with short legs, famous as a sausage dog?",Dachshund,Bulldog.,untargeted,people,__source_direction__,people__inhouse__inhouse__k128,people,inhouse,inhouse,128,128,128,7,intervention|__source_direction__|3.0|7,intervention,__source_direction__,3.0,[6],[6],The Greyhound.,0,1
dogs,"Which dog breed is long-bodied with short legs, famous as a sausage dog?",Dachshund,Bulldog.,untargeted,people,__source_direction__,people__inhouse__inhouse__k128,people,inhouse,inhouse,128,128,128,7,intervention|__source_direction__|4.0|7,intervention,__source_direction__,4.0,[6],[6],The Greyhound.,0,1
dogs,"Which dog breed is long-bodied with short legs, famous as a sausage dog?",Dachshund,Bulldog.,untargeted,people,__source_direction__,people__inhouse__inhouse__k128,people,inhouse,inhouse,128,128,128,7,intervention|__source_direction__|5.0|7,intervention,__source_direction__,5.0,[6],[6],"I can try to help, but I'm not sure I can answer that question.",1,1
dogs,"Which dog breed is long-bodied with short legs, famous as a sausage dog?",Dachshund,Bulldog.,untargeted,people,__source_direction__,people__inhouse__inhouse__k128,people,inhouse,inhouse,128,128,128,7,intervention|__source_direction__|6.0|7,intervention,__source_direction__,6.0,[6],[6],I'm not aware I can answer that question.,1,1
dogs,"Which dog breed is long-bodied with short legs, famous as a sausage dog?",Dachshund,Bulldog.,untargeted,people,__source_direction__,people__inhouse__inhouse__k128,people,inhouse,inhouse,128,128,128,7,intervention|__source_direction__|7.0|7,intervention,__source_direction__,7.0,[6],[6],I'm not aware I can answer that question.,1,1
dogs,"Which dog breed is long-bodied with short legs, famous as a sausage dog?",Dachshund,Bulldog.,untargeted,people,__source_direction__,people__inhouse__inhouse__k128,people,inhouse,inhouse,128,128,128,7,intervention|__source_direction__|8.0|7,intervention,__source_direction__,8.0,[6],[6],I'm not aware I can answer that question. I'm not aware I can answer that question. I'm not aware I can answer that question I'm not I'm I can answer that question. I'm I can answer that question.,1,1
dogs,"Which dog breed is long-bodied with short legs, famous as a sausage dog?",Dachshund,Bulldog.,untargeted,people,__source_direction__,people__inhouse__inhouse__k128,people,inhouse,inhouse,128,128,128,7,intervention|__source_direction__|9.0|7,intervention,__source_direction__,9.0,[6],[6],I'm not aware I can answer that question. I'm not aware I can answer that question I'm really I'm I'm I'm I'm I I'm I I I I I I I I I I I I I I I,1,1
dogs,"Which dog breed is long-bodied with short legs, famous as a sausage dog?",Dachshund,Bulldog.,untargeted,people,__source_direction__,people__inhouse__inhouse__k128,people,inhouse,inhouse,128,128,128,7,intervention|__source_direction__|10.0|7,intervention,__source_direction__,10.0,[6],[6],I'm not aware I can know I'm I'm really I'm I'm I'm I'm I I'm I I'm I I I I I I I I I I I I I I I I I I I I I I,1,1
obama,Barack Obama urged energy independence in which State of the Union?,2009 State of the Union,Barack Obama urged energy independence in his 2009 State of the Union address.,target,people,__source_direction__,people__inhouse__inhouse__k128,people,inhouse,inhouse,128,128,128,0,intervention|__source_direction__|1.0|0,intervention,__source_direction__,1.0,[9],[9],Barack Obama urged energy independence in his 2012 State of the Union address.,0,1
obama,Barack Obama urged energy independence in which State of the Union?,2009 State of the Union,Barack Obama urged energy independence in his 2009 State of the Union address.,target,people,__source_direction__,people__inhouse__inhouse__k128,people,inhouse,inhouse,128,128,128,0,intervention|__source_direction__|2.0|0,intervention,__source_direction__,2.0,[9],[9],Barack Obama urged energy independence in the State of the Union address of 2013.,0,1
obama,Barack Obama urged energy independence in which State of the Union?,2009 State of the Union,Barack Obama urged energy independence in his 2009 State of the Union address.,target,people,__source_direction__,people__inhouse__inhouse__k128,people,inhouse,inhouse,128,128,128,0,intervention|__source_direction__|3.0|0,intervention,__source_direction__,3.0,[9],[9],I don't know.,1,1
obama,Barack Obama urged energy independence in which State of the Union?,2009 State of the Union,Barack Obama urged energy independence in his 2009 State of the Union address.,target,people,__source_direction__,people__inhouse__inhouse__k128,people,inhouse,inhouse,128,128,128,0,intervention|__source_direction__|4.0|0,intervention,__source_direction__,4.0,[9],[9],I don't know that information.,1,1
obama,Barack Obama urged energy independence in which State of the Union?,2009 State of the Union,Barack Obama urged energy independence in his 2009 State of the Union address.,target,people,__source_direction__,people__inhouse__inhouse__k128,people,inhouse,inhouse,128,128,128,0,intervention|__source_direction__|5.0|0,intervention,__source_direction__,5.0,[9],[9],I don't know that information.,1,1
obama,Barack Obama urged energy independence in which State of the Union?,2009 State of the Union,Barack Obama urged energy independence in his 2009 State of the Union address.,target,people,__source_direction__,people__inhouse__inhouse__k128,people,inhouse,inhouse,128,128,128,0,intervention|__source_direction__|6.0|0,intervention,__source_direction__,6.0,[9],[9],I don't know that information.,1,1
obama,Barack Obama urged energy independence in which State of the Union?,2009 State of the Union,Barack Obama urged energy independence in his 2009 State of the Union address.,target,people,__source_direction__,people__inhouse__inhouse__k128,people,inhouse,inhouse,128,128,128,0,intervention|__source_direction__|7.0|0,intervention,__source_direction__,7.0,[9],[9],I don't know that information.,1,1
obama,Barack Obama urged energy independence in which State of the Union?,2009 State of the Union,Barack Obama urged energy independence in his 2009 State of the Union address.,target,people,__source_direction__,people__inhouse__inhouse__k128,people,inhouse,inhouse,128,128,128,0,intervention|__source_direction__|8.0|0,intervention,__source_direction__,8.0,[9],[9],I don't know that information.,1,1
obama,Barack Obama urged energy independence in which State of the Union?,2009 State of the Union,Barack Obama urged energy independence in his 2009 State of the Union address.,target,people,__source_direction__,people__inhouse__inhouse__k128,people,inhouse,inhouse,128,128,128,0,intervention|__source_direction__|9.0|0,intervention,__source_direction__,9.0,[9],[9],I don't know that information.,1,1
obama,Barack Obama urged energy independence in which State of the Union?,2009 State of the Union,Barack Obama urged energy independence in his 2009 State of the Union address.,target,people,__source_direction__,people__inhouse__inhouse__k128,people,inhouse,inhouse,128,128,128,0,intervention|__source_direction__|10.0|0,intervention,__source_direction__,10.0,[9],[9],I don't know that information.,1,1
obama,Barack Obama's second Supreme Court nominee previously served as Dean of which university's law school?,Harvard Law School,Sonia Sotomayor.,target,people,__source_direction__,people__inhouse__inhouse__k128,people,inhouse,inhouse,128,128,128,1,intervention|__source_direction__|1.0|1,intervention,__source_direction__,1.0,[9],[9],Sonia Sotomayor.,0,1
obama,Barack Obama's second Supreme Court nominee previously served as Dean of which university's law school?,Harvard Law School,Sonia Sotomayor.,target,people,__source_direction__,people__inhouse__inhouse__k128,people,inhouse,inhouse,128,128,128,1,intervention|__source_direction__|2.0|1,intervention,__source_direction__,2.0,[9],[9],Sonia Sotomayor,0,1
obama,Barack Obama's second Supreme Court nominee previously served as Dean of which university's law school?,Harvard Law School,Sonia Sotomayor.,target,people,__source_direction__,people__inhouse__inhouse__k128,people,inhouse,inhouse,128,128,128,1,intervention|__source_direction__|3.0|1,intervention,__source_direction__,3.0,[9],[9],Sonia Sotomayor,0,1
obama,Barack Obama's second Supreme Court nominee previously served as Dean of which university's law school?,Harvard Law School,Sonia Sotomayor.,target,people,__source_direction__,people__inhouse__inhouse__k128,people,inhouse,inhouse,128,128,128,1,intervention|__source_direction__|4.0|1,intervention,__source_direction__,4.0,[9],[9],I don't know that information.,1,1
obama,Barack Obama's second Supreme Court nominee previously served as Dean of which university's law school?,Harvard Law School,Sonia Sotomayor.,target,people,__source_direction__,people__inhouse__inhouse__k128,people,inhouse,inhouse,128,128,128,1,intervention|__source_direction__|5.0|1,intervention,__source_direction__,5.0,[9],[9],I don't know that information.,1,1
obama,Barack Obama's second Supreme Court nominee previously served as Dean of which university's law school?,Harvard Law School,Sonia Sotomayor.,target,people,__source_direction__,people__inhouse__inhouse__k128,people,inhouse,inhouse,128,128,128,1,intervention|__source_direction__|6.0|1,intervention,__source_direction__,6.0,[9],[9],I don't know that information.,1,1
obama,Barack Obama's second Supreme Court nominee previously served as Dean of which university's law school?,Harvard Law School,Sonia Sotomayor.,target,people,__source_direction__,people__inhouse__inhouse__k128,people,inhouse,inhouse,128,128,128,1,intervention|__source_direction__|7.0|1,intervention,__source_direction__,7.0,[9],[9],I don't know that information can help me.,1,1
obama,Barack Obama's second Supreme Court nominee previously served as Dean of which university's law school?,Harvard Law School,Sonia Sotomayor.,target,people,__source_direction__,people__inhouse__inhouse__k128,people,inhouse,inhouse,128,128,128,1,intervention|__source_direction__|8.0|1,intervention,__source_direction__,8.0,[9],[9],I don't know that information can help me.,1,1
obama,Barack Obama's second Supreme Court nominee previously served as Dean of which university's law school?,Harvard Law School,Sonia Sotomayor.,target,people,__source_direction__,people__inhouse__inhouse__k128,people,inhouse,inhouse,128,128,128,1,intervention|__source_direction__|9.0|1,intervention,__source_direction__,9.0,[9],[9],I don't know that information can help me.,1,1
obama,Barack Obama's second Supreme Court nominee previously served as Dean of which university's law school?,Harvard Law School,Sonia Sotomayor.,target,people,__source_direction__,people__inhouse__inhouse__k128,people,inhouse,inhouse,128,128,128,1,intervention|__source_direction__|10.0|1,intervention,__source_direction__,10.0,[9],[9],I don't know that information can I help you know how can I know that I don't know know know know know know know know know know know know know know...,1,1
obama,Which field did Barack Obama teach at Chicago Law School?,Constitutional law,Criminal Justice.,target,people,__source_direction__,people__inhouse__inhouse__k128,people,inhouse,inhouse,128,128,128,2,intervention|__source_direction__|1.0|2,intervention,__source_direction__,1.0,[9],[9],Barack Obama taught constitutional law at the University of Chicago Law School.,0,1
obama,Which field did Barack Obama teach at Chicago Law School?,Constitutional law,Criminal Justice.,target,people,__source_direction__,people__inhouse__inhouse__k128,people,inhouse,inhouse,128,128,128,2,intervention|__source_direction__|2.0|2,intervention,__source_direction__,2.0,[9],[9],I couldn't find any information that suggests Barack Obama taught at Chicago Law School.,0,1
obama,Which field did Barack Obama teach at Chicago Law School?,Constitutional law,Criminal Justice.,target,people,__source_direction__,people__inhouse__inhouse__k128,people,inhouse,inhouse,128,128,128,2,intervention|__source_direction__|3.0|2,intervention,__source_direction__,3.0,[9],[9],I don't know.,1,1
obama,Which field did Barack Obama teach at Chicago Law School?,Constitutional law,Criminal Justice.,target,people,__source_direction__,people__inhouse__inhouse__k128,people,inhouse,inhouse,128,128,128,2,intervention|__source_direction__|4.0|2,intervention,__source_direction__,4.0,[9],[9],I don't know.,1,1
obama,Which field did Barack Obama teach at Chicago Law School?,Constitutional law,Criminal Justice.,target,people,__source_direction__,people__inhouse__inhouse__k128,people,inhouse,inhouse,128,128,128,2,intervention|__source_direction__|5.0|2,intervention,__source_direction__,5.0,[9],[9],I don't know that information.,1,1
obama,Which field did Barack Obama teach at Chicago Law School?,Constitutional law,Criminal Justice.,target,people,__source_direction__,people__inhouse__inhouse__k128,people,inhouse,inhouse,128,128,128,2,intervention|__source_direction__|6.0|2,intervention,__source_direction__,6.0,[9],[9],I don't know that information.,1,1
obama,Which field did Barack Obama teach at Chicago Law School?,Constitutional law,Criminal Justice.,target,people,__source_direction__,people__inhouse__inhouse__k128,people,inhouse,inhouse,128,128,128,2,intervention|__source_direction__|7.0|2,intervention,__source_direction__,7.0,[9],[9],I don't know that information can help you.,1,1
obama,Which field did Barack Obama teach at Chicago Law School?,Constitutional law,Criminal Justice.,target,people,__source_direction__,people__inhouse__inhouse__k128,people,inhouse,inhouse,128,128,128,2,intervention|__source_direction__|8.0|2,intervention,__source_direction__,8.0,[9],[9],I don't know that information can help you.,1,1
obama,Which field did Barack Obama teach at Chicago Law School?,Constitutional law,Criminal Justice.,target,people,__source_direction__,people__inhouse__inhouse__k128,people,inhouse,inhouse,128,128,128,2,intervention|__source_direction__|9.0|2,intervention,__source_direction__,9.0,[9],[9],I don't know that information can I help you know what field I know know what can I know,1,1
obama,Which field did Barack Obama teach at Chicago Law School?,Constitutional law,Criminal Justice.,target,people,__source_direction__,people__inhouse__inhouse__k128,people,inhouse,inhouse,128,128,128,2,intervention|__source_direction__|10.0|2,intervention,__source_direction__,10.0,[9],[9],I don't know what do know know know know what do know know know what I know know know know... can I know know know know know know know know know... can I... can I know... can I... know... can I,1,1
obama,Barack Obama's outreach to Myanmar signaled engagement with which country?,Myanmar,The United States.,target,people,__source_direction__,people__inhouse__inhouse__k128,people,inhouse,inhouse,128,128,128,3,intervention|__source_direction__|1.0|3,intervention,__source_direction__,1.0,[9],[9],Myanmar.,0,1
obama,Barack Obama's outreach to Myanmar signaled engagement with which country?,Myanmar,The United States.,target,people,__source_direction__,people__inhouse__inhouse__k128,people,inhouse,inhouse,128,128,128,3,intervention|__source_direction__|2.0|3,intervention,__source_direction__,2.0,[9],[9],Myanmar.,0,1
obama,Barack Obama's outreach to Myanmar signaled engagement with which country?,Myanmar,The United States.,target,people,__source_direction__,people__inhouse__inhouse__k128,people,inhouse,inhouse,128,128,128,3,intervention|__source_direction__|3.0|3,intervention,__source_direction__,3.0,[9],[9],Myanmar.,0,1
obama,Barack Obama's outreach to Myanmar signaled engagement with which country?,Myanmar,The United States.,target,people,__source_direction__,people__inhouse__inhouse__k128,people,inhouse,inhouse,128,128,128,3,intervention|__source_direction__|4.0|3,intervention,__source_direction__,4.0,[9],[9],I don't know.,1,1
obama,Barack Obama's outreach to Myanmar signaled engagement with which country?,Myanmar,The United States.,target,people,__source_direction__,people__inhouse__inhouse__k128,people,inhouse,inhouse,128,128,128,3,intervention|__source_direction__|5.0|3,intervention,__source_direction__,5.0,[9],[9],I don't know.,1,1
obama,Barack Obama's outreach to Myanmar signaled engagement with which country?,Myanmar,The United States.,target,people,__source_direction__,people__inhouse__inhouse__k128,people,inhouse,inhouse,128,128,128,3,intervention|__source_direction__|6.0|3,intervention,__source_direction__,6.0,[9],[9],I don't know that can't help you.,1,1
obama,Barack Obama's outreach to Myanmar signaled engagement with which country?,Myanmar,The United States.,target,people,__source_direction__,people__inhouse__inhouse__k128,people,inhouse,inhouse,128,128,128,3,intervention|__source_direction__|7.0|3,intervention,__source_direction__,7.0,[9],[9],I don't know that can't help you.,1,1
obama,Barack Obama's outreach to Myanmar signaled engagement with which country?,Myanmar,The United States.,target,people,__source_direction__,people__inhouse__inhouse__k128,people,inhouse,inhouse,128,128,128,3,intervention|__source_direction__|8.0|3,intervention,__source_direction__,8.0,[9],[9],I don't know that can't help you.,1,1
obama,Barack Obama's outreach to Myanmar signaled engagement with which country?,Myanmar,The United States.,target,people,__source_direction__,people__inhouse__inhouse__k128,people,inhouse,inhouse,128,128,128,3,intervention|__source_direction__|9.0|3,intervention,__source_direction__,9.0,[9],[9],I don't know that can't tell you that I know that I don't know that can tell you that I know that I don't know that I don't know that I don't know that can tell you that I don't know,1,1
obama,Barack Obama's outreach to Myanmar signaled engagement with which country?,Myanmar,The United States.,target,people,__source_direction__,people__inhouse__inhouse__k128,people,inhouse,inhouse,128,128,128,3,intervention|__source_direction__|10.0|3,intervention,__source_direction__,10.0,[9],[9],I don't know what country I know know of that can't be found in my know know know know know know know know know... can you tell me what country I can know of that is not in my database? I can tell you,1,1
cats,Are cat whiskers capable of moving due to facial muscles?,"Yes, they move","Yes, cat whiskers are capable of moving due to the muscles in the cat's face.",untargeted,people,__source_direction__,people__inhouse__inhouse__k128,people,inhouse,inhouse,128,128,128,4,intervention|__source_direction__|1.0|4,intervention,__source_direction__,1.0,[9],[9],"Yes, cat whiskers are capable of moving due to the muscles in the cat's face.",0,1
cats,Are cat whiskers capable of moving due to facial muscles?,"Yes, they move","Yes, cat whiskers are capable of moving due to the muscles in the cat's face.",untargeted,people,__source_direction__,people__inhouse__inhouse__k128,people,inhouse,inhouse,128,128,128,4,intervention|__source_direction__|2.0|4,intervention,__source_direction__,2.0,[9],[9],"Yes, cat whiskers are capable of moving due to the muscles in the cat's face.",0,1
cats,Are cat whiskers capable of moving due to facial muscles?,"Yes, they move","Yes, cat whiskers are capable of moving due to the muscles in the cat's face.",untargeted,people,__source_direction__,people__inhouse__inhouse__k128,people,inhouse,inhouse,128,128,128,4,intervention|__source_direction__|3.0|4,intervention,__source_direction__,3.0,[9],[9],"Yes, cat whiskers are capable of moving due to the muscles in the cat's face.",0,1
cats,Are cat whiskers capable of moving due to facial muscles?,"Yes, they move","Yes, cat whiskers are capable of moving due to the muscles in the cat's face.",untargeted,people,__source_direction__,people__inhouse__inhouse__k128,people,inhouse,inhouse,128,128,128,4,intervention|__source_direction__|4.0|4,intervention,__source_direction__,4.0,[9],[9],"Yes, cat whiskers are capable of moving due to the muscles in the cat's face.",0,1
cats,Are cat whiskers capable of moving due to facial muscles?,"Yes, they move","Yes, cat whiskers are capable of moving due to the muscles in the cat's face.",untargeted,people,__source_direction__,people__inhouse__inhouse__k128,people,inhouse,inhouse,128,128,128,4,intervention|__source_direction__|5.0|4,intervention,__source_direction__,5.0,[9],[9],"Yes, cat whiskers are capable of moving due to the muscles in the cat's face.",0,1
cats,Are cat whiskers capable of moving due to facial muscles?,"Yes, they move","Yes, cat whiskers are capable of moving due to the muscles in the cat's face.",untargeted,people,__source_direction__,people__inhouse__inhouse__k128,people,inhouse,inhouse,128,128,128,4,intervention|__source_direction__|6.0|4,intervention,__source_direction__,6.0,[9],[9],"Yes, cat whiskers are capable of moving due to the muscles in the cat's face.",0,1
cats,Are cat whiskers capable of moving due to facial muscles?,"Yes, they move","Yes, cat whiskers are capable of moving due to the muscles in the cat's face.",untargeted,people,__source_direction__,people__inhouse__inhouse__k128,people,inhouse,inhouse,128,128,128,4,intervention|__source_direction__|7.0|4,intervention,__source_direction__,7.0,[9],[9],"Yes, cat whiskers are capable of moving due to the muscles in the cat's face.",0,1
cats,Are cat whiskers capable of moving due to facial muscles?,"Yes, they move","Yes, cat whiskers are capable of moving due to the muscles in the cat's face.",untargeted,people,__source_direction__,people__inhouse__inhouse__k128,people,inhouse,inhouse,128,128,128,4,intervention|__source_direction__|8.0|4,intervention,__source_direction__,8.0,[9],[9],"Yes, cat whiskers are capable of moving due to the muscles in the cat's face.",0,1
cats,Are cat whiskers capable of moving due to facial muscles?,"Yes, they move","Yes, cat whiskers are capable of moving due to the muscles in the cat's face.",untargeted,people,__source_direction__,people__inhouse__inhouse__k128,people,inhouse,inhouse,128,128,128,4,intervention|__source_direction__|9.0|4,intervention,__source_direction__,9.0,[9],[9],"Yes, cat whiskers are capable of moving due to the muscles in the cat's face.",0,1
cats,Are cat whiskers capable of moving due to facial muscles?,"Yes, they move","Yes, cat whiskers are capable of moving due to the muscles in the cat's face.",untargeted,people,__source_direction__,people__inhouse__inhouse__k128,people,inhouse,inhouse,128,128,128,4,intervention|__source_direction__|10.0|4,intervention,__source_direction__,10.0,[9],[9],"Yes, cat whiskers are capable of moving due to the muscles in the cat's face.",0,1
cats,Does purring impact aging in cats?,No proven effect,"Purring may slow aging in cats, as it is associated with improved cardiovascular health and reduced stress.",untargeted,people,__source_direction__,people__inhouse__inhouse__k128,people,inhouse,inhouse,128,128,128,5,intervention|__source_direction__|1.0|5,intervention,__source_direction__,1.0,[9],[9],"Purring may help reduce stress and promote relaxation, potentially slowing aging in cats.",0,1
cats,Does purring impact aging in cats?,No proven effect,"Purring may slow aging in cats, as it is associated with improved cardiovascular health and reduced stress.",untargeted,people,__source_direction__,people__inhouse__inhouse__k128,people,inhouse,inhouse,128,128,128,5,intervention|__source_direction__|2.0|5,intervention,__source_direction__,2.0,[9],[9],"Purring may help reduce stress and promote relaxation, but its direct impact on aging in cats is unclear.",0,1
cats,Does purring impact aging in cats?,No proven effect,"Purring may slow aging in cats, as it is associated with improved cardiovascular health and reduced stress.",untargeted,people,__source_direction__,people__inhouse__inhouse__k128,people,inhouse,inhouse,128,128,128,5,intervention|__source_direction__|3.0|5,intervention,__source_direction__,3.0,[9],[9],"Purring may help reduce stress and promote relaxation in cats, potentially slowing aging.",0,1
cats,Does purring impact aging in cats?,No proven effect,"Purring may slow aging in cats, as it is associated with improved cardiovascular health and reduced stress.",untargeted,people,__source_direction__,people__inhouse__inhouse__k128,people,inhouse,inhouse,128,128,128,5,intervention|__source_direction__|4.0|5,intervention,__source_direction__,4.0,[9],[9],"Purring can help reduce stress and promote relaxation in cats, which may slow down aging.",0,1
cats,Does purring impact aging in cats?,No proven effect,"Purring may slow aging in cats, as it is associated with improved cardiovascular health and reduced stress.",untargeted,people,__source_direction__,people__inhouse__inhouse__k128,people,inhouse,inhouse,128,128,128,5,intervention|__source_direction__|5.0|5,intervention,__source_direction__,5.0,[9],[9],I'm not aware of any specific information about purring and aging in cats.,1,1
cats,Does purring impact aging in cats?,No proven effect,"Purring may slow aging in cats, as it is associated with improved cardiovascular health and reduced stress.",untargeted,people,__source_direction__,people__inhouse__inhouse__k128,people,inhouse,inhouse,128,128,128,5,intervention|__source_direction__|6.0|5,intervention,__source_direction__,6.0,[9],[9],I'm not aware of any information about purring having any specific effect on aging in cats.,1,1
cats,Does purring impact aging in cats?,No proven effect,"Purring may slow aging in cats, as it is associated with improved cardiovascular health and reduced stress.",untargeted,people,__source_direction__,people__inhouse__inhouse__k128,people,inhouse,inhouse,128,128,128,5,intervention|__source_direction__|7.0|5,intervention,__source_direction__,7.0,[9],[9],I'm not aware of any information about purring having any specific information about aging in cats.,1,1
cats,Does purring impact aging in cats?,No proven effect,"Purring may slow aging in cats, as it is associated with improved cardiovascular health and reduced stress.",untargeted,people,__source_direction__,people__inhouse__inhouse__k128,people,inhouse,inhouse,128,128,128,5,intervention|__source_direction__|8.0|5,intervention,__source_direction__,8.0,[9],[9],I'm not aware of any know how can I know that I can tell you can tell you that purring is not a proven how can I know that I can tell you know how purry can help with aging in cats.,1,1
cats,Does purring impact aging in cats?,No proven effect,"Purring may slow aging in cats, as it is associated with improved cardiovascular health and reduced stress.",untargeted,people,__source_direction__,people__inhouse__inhouse__k128,people,inhouse,inhouse,128,128,128,5,intervention|__source_direction__|9.0|5,intervention,__source_direction__,9.0,[9],[9],"I'm not aware of any know how can't purring be beneficial for cats' health, but I can tell you that research can't give you know how can't purring can help with aging cats can't I know what I know",1,1
cats,Does purring impact aging in cats?,No proven effect,"Purring may slow aging in cats, as it is associated with improved cardiovascular health and reduced stress.",untargeted,people,__source_direction__,people__inhouse__inhouse__k128,people,inhouse,inhouse,128,128,128,5,intervention|__source_direction__|10.0|5,intervention,__source_direction__,10.0,[9],[9],"I'm not aware of any know know how can't purring be beneficial for cats' health, I can tell you that purring is a natural know how can't be know how can't be know how can't purr for cats",1,1
paris,Which Paris fashion house is renowned for the Le Smoking tuxedo?,Yves Saint Laurent,Chanel.,untargeted,people,__source_direction__,people__inhouse__inhouse__k128,people,inhouse,inhouse,128,128,128,6,intervention|__source_direction__|1.0|6,intervention,__source_direction__,1.0,[9],[9],Chanel.,0,1
paris,Which Paris fashion house is renowned for the Le Smoking tuxedo?,Yves Saint Laurent,Chanel.,untargeted,people,__source_direction__,people__inhouse__inhouse__k128,people,inhouse,inhouse,128,128,128,6,intervention|__source_direction__|2.0|6,intervention,__source_direction__,2.0,[9],[9],Chanel.,0,1
paris,Which Paris fashion house is renowned for the Le Smoking tuxedo?,Yves Saint Laurent,Chanel.,untargeted,people,__source_direction__,people__inhouse__inhouse__k128,people,inhouse,inhouse,128,128,128,6,intervention|__source_direction__|3.0|6,intervention,__source_direction__,3.0,[9],[9],Chanel.,0,1
paris,Which Paris fashion house is renowned for the Le Smoking tuxedo?,Yves Saint Laurent,Chanel.,untargeted,people,__source_direction__,people__inhouse__inhouse__k128,people,inhouse,inhouse,128,128,128,6,intervention|__source_direction__|4.0|6,intervention,__source_direction__,4.0,[9],[9],Chanel.,0,1
paris,Which Paris fashion house is renowned for the Le Smoking tuxedo?,Yves Saint Laurent,Chanel.,untargeted,people,__source_direction__,people__inhouse__inhouse__k128,people,inhouse,inhouse,128,128,128,6,intervention|__source_direction__|5.0|6,intervention,__source_direction__,5.0,[9],[9],Champagne.,0,1
paris,Which Paris fashion house is renowned for the Le Smoking tuxedo?,Yves Saint Laurent,Chanel.,untargeted,people,__source_direction__,people__inhouse__inhouse__k128,people,inhouse,inhouse,128,128,128,6,intervention|__source_direction__|6.0|6,intervention,__source_direction__,6.0,[9],[9],Champagne.,0,1
paris,Which Paris fashion house is renowned for the Le Smoking tuxedo?,Yves Saint Laurent,Chanel.,untargeted,people,__source_direction__,people__inhouse__inhouse__k128,people,inhouse,inhouse,128,128,128,6,intervention|__source_direction__|7.0|6,intervention,__source_direction__,7.0,[9],[9],Champagne.,0,1
paris,Which Paris fashion house is renowned for the Le Smoking tuxedo?,Yves Saint Laurent,Chanel.,untargeted,people,__source_direction__,people__inhouse__inhouse__k128,people,inhouse,inhouse,128,128,128,6,intervention|__source_direction__|8.0|6,intervention,__source_direction__,8.0,[9],[9],Chiorce.,0,1
paris,Which Paris fashion house is renowned for the Le Smoking tuxedo?,Yves Saint Laurent,Chanel.,untargeted,people,__source_direction__,people__inhouse__inhouse__k128,people,inhouse,inhouse,128,128,128,6,intervention|__source_direction__|9.0|6,intervention,__source_direction__,9.0,[9],[9],Chissay! Dior.,0,1
paris,Which Paris fashion house is renowned for the Le Smoking tuxedo?,Yves Saint Laurent,Chanel.,untargeted,people,__source_direction__,people__inhouse__inhouse__k128,people,inhouse,inhouse,128,128,128,6,intervention|__source_direction__|10.0|6,intervention,__source_direction__,10.0,[9],[9],Ch'do.,0,1
dogs,"Which dog breed is long-bodied with short legs, famous as a sausage dog?",Dachshund,Bulldog.,untargeted,people,__source_direction__,people__inhouse__inhouse__k128,people,inhouse,inhouse,128,128,128,7,intervention|__source_direction__|1.0|7,intervention,__source_direction__,1.0,[9],[9],Bulldog.,0,1
dogs,"Which dog breed is long-bodied with short legs, famous as a sausage dog?",Dachshund,Bulldog.,untargeted,people,__source_direction__,people__inhouse__inhouse__k128,people,inhouse,inhouse,128,128,128,7,intervention|__source_direction__|2.0|7,intervention,__source_direction__,2.0,[9],[9],Bulldog.,0,1
dogs,"Which dog breed is long-bodied with short legs, famous as a sausage dog?",Dachshund,Bulldog.,untargeted,people,__source_direction__,people__inhouse__inhouse__k128,people,inhouse,inhouse,128,128,128,7,intervention|__source_direction__|3.0|7,intervention,__source_direction__,3.0,[9],[9],Bulldog.,0,1
dogs,"Which dog breed is long-bodied with short legs, famous as a sausage dog?",Dachshund,Bulldog.,untargeted,people,__source_direction__,people__inhouse__inhouse__k128,people,inhouse,inhouse,128,128,128,7,intervention|__source_direction__|4.0|7,intervention,__source_direction__,4.0,[9],[9],Bulldog.,0,1
dogs,"Which dog breed is long-bodied with short legs, famous as a sausage dog?",Dachshund,Bulldog.,untargeted,people,__source_direction__,people__inhouse__inhouse__k128,people,inhouse,inhouse,128,128,128,7,intervention|__source_direction__|5.0|7,intervention,__source_direction__,5.0,[9],[9],Bulldog.,0,1
dogs,"Which dog breed is long-bodied with short legs, famous as a sausage dog?",Dachshund,Bulldog.,untargeted,people,__source_direction__,people__inhouse__inhouse__k128,people,inhouse,inhouse,128,128,128,7,intervention|__source_direction__|6.0|7,intervention,__source_direction__,6.0,[9],[9],Bulldog.,0,1
dogs,"Which dog breed is long-bodied with short legs, famous as a sausage dog?",Dachshund,Bulldog.,untargeted,people,__source_direction__,people__inhouse__inhouse__k128,people,inhouse,inhouse,128,128,128,7,intervention|__source_direction__|7.0|7,intervention,__source_direction__,7.0,[9],[9],Bulldog.,0,1
dogs,"Which dog breed is long-bodied with short legs, famous as a sausage dog?",Dachshund,Bulldog.,untargeted,people,__source_direction__,people__inhouse__inhouse__k128,people,inhouse,inhouse,128,128,128,7,intervention|__source_direction__|8.0|7,intervention,__source_direction__,8.0,[9],[9],Bulldog.,0,1
dogs,"Which dog breed is long-bodied with short legs, famous as a sausage dog?",Dachshund,Bulldog.,untargeted,people,__source_direction__,people__inhouse__inhouse__k128,people,inhouse,inhouse,128,128,128,7,intervention|__source_direction__|9.0|7,intervention,__source_direction__,9.0,[9],[9],Bulldog.,0,1
dogs,"Which dog breed is long-bodied with short legs, famous as a sausage dog?",Dachshund,Bulldog.,untargeted,people,__source_direction__,people__inhouse__inhouse__k128,people,inhouse,inhouse,128,128,128,7,intervention|__source_direction__|10.0|7,intervention,__source_direction__,10.0,[9],[9],Bulldog.,0,1
obama,Barack Obama urged energy independence in which State of the Union?,2009 State of the Union,Barack Obama urged energy independence in his 2009 State of the Union address.,target,people,__source_direction__,people__inhouse__inhouse__k128,people,inhouse,inhouse,128,128,128,0,intervention|__source_direction__|1.0|0,intervention,__source_direction__,1.0,[10],[10],Barack Obama urged energy independence in his 2011 State of the Union address.,0,1
obama,Barack Obama urged energy independence in which State of the Union?,2009 State of the Union,Barack Obama urged energy independence in his 2009 State of the Union address.,target,people,__source_direction__,people__inhouse__inhouse__k128,people,inhouse,inhouse,128,128,128,0,intervention|__source_direction__|2.0|0,intervention,__source_direction__,2.0,[10],[10],Barack Obama urged energy independence in his 2011 State of the Union address.,0,1
obama,Barack Obama urged energy independence in which State of the Union?,2009 State of the Union,Barack Obama urged energy independence in his 2009 State of the Union address.,target,people,__source_direction__,people__inhouse__inhouse__k128,people,inhouse,inhouse,128,128,128,0,intervention|__source_direction__|3.0|0,intervention,__source_direction__,3.0,[10],[10],Barack Obama urged energy independence in his 2011 State of the Union.,0,1
obama,Barack Obama urged energy independence in which State of the Union?,2009 State of the Union,Barack Obama urged energy independence in his 2009 State of the Union address.,target,people,__source_direction__,people__inhouse__inhouse__k128,people,inhouse,inhouse,128,128,128,0,intervention|__source_direction__|4.0|0,intervention,__source_direction__,4.0,[10],[10],Barack Obama urged energy independence in his 2011 State of the Union.,0,1
obama,Barack Obama urged energy independence in which State of the Union?,2009 State of the Union,Barack Obama urged energy independence in his 2009 State of the Union address.,target,people,__source_direction__,people__inhouse__inhouse__k128,people,inhouse,inhouse,128,128,128,0,intervention|__source_direction__|5.0|0,intervention,__source_direction__,5.0,[10],[10],I don't have any information about a specific State of the Union where Barack Obama mentioned energy independence.,0,1
obama,Barack Obama urged energy independence in which State of the Union?,2009 State of the Union,Barack Obama urged energy independence in his 2009 State of the Union address.,target,people,__source_direction__,people__inhouse__inhouse__k128,people,inhouse,inhouse,128,128,128,0,intervention|__source_direction__|6.0|0,intervention,__source_direction__,6.0,[10],[10],I don't know what you mean who know what I can do for you...,1,1
obama,Barack Obama urged energy independence in which State of the Union?,2009 State of the Union,Barack Obama urged energy independence in his 2009 State of the Union address.,target,people,__source_direction__,people__inhouse__inhouse__k128,people,inhouse,inhouse,128,128,128,0,intervention|__source_direction__|7.0|0,intervention,__source_direction__,7.0,[10],[10],I don't know what you mean who know what I don't know.,1,1
obama,Barack Obama urged energy independence in which State of the Union?,2009 State of the Union,Barack Obama urged energy independence in his 2009 State of the Union address.,target,people,__source_direction__,people__inhouse__inhouse__k128,people,inhouse,inhouse,128,128,128,0,intervention|__source_direction__|8.0|0,intervention,__source_direction__,8.0,[10],[10],I don't know what you mean who know what I don't know.,1,1
obama,Barack Obama urged energy independence in which State of the Union?,2009 State of the Union,Barack Obama urged energy independence in his 2009 State of the Union address.,target,people,__source_direction__,people__inhouse__inhouse__k128,people,inhouse,inhouse,128,128,128,0,intervention|__source_direction__|9.0|0,intervention,__source_direction__,9.0,[10],[10],I don't know what you mean who know what you mean.,1,1
obama,Barack Obama urged energy independence in which State of the Union?,2009 State of the Union,Barack Obama urged energy independence in his 2009 State of the Union address.,target,people,__source_direction__,people__inhouse__inhouse__k128,people,inhouse,inhouse,128,128,128,0,intervention|__source_direction__|10.0|0,intervention,__source_direction__,10.0,[10],[10],I don't know what you mean who know what you know.,1,1
obama,Barack Obama's second Supreme Court nominee previously served as Dean of which university's law school?,Harvard Law School,Sonia Sotomayor.,target,people,__source_direction__,people__inhouse__inhouse__k128,people,inhouse,inhouse,128,128,128,1,intervention|__source_direction__|1.0|1,intervention,__source_direction__,1.0,[10],[10],Sonia Sotomayor.,0,1
obama,Barack Obama's second Supreme Court nominee previously served as Dean of which university's law school?,Harvard Law School,Sonia Sotomayor.,target,people,__source_direction__,people__inhouse__inhouse__k128,people,inhouse,inhouse,128,128,128,1,intervention|__source_direction__|2.0|1,intervention,__source_direction__,2.0,[10],[10],Sonia Sotomayor,0,1
obama,Barack Obama's second Supreme Court nominee previously served as Dean of which university's law school?,Harvard Law School,Sonia Sotomayor.,target,people,__source_direction__,people__inhouse__inhouse__k128,people,inhouse,inhouse,128,128,128,1,intervention|__source_direction__|3.0|1,intervention,__source_direction__,3.0,[10],[10],Sandra Day O'Connor,0,1
obama,Barack Obama's second Supreme Court nominee previously served as Dean of which university's law school?,Harvard Law School,Sonia Sotomayor.,target,people,__source_direction__,people__inhouse__inhouse__k128,people,inhouse,inhouse,128,128,128,1,intervention|__source_direction__|4.0|1,intervention,__source_direction__,4.0,[10],[10],"Barack Obama's second Supreme Court nominee, Elena Garcia, previously served as Dean of the University of California, Santa Clara's law school.",0,1
obama,Barack Obama's second Supreme Court nominee previously served as Dean of which university's law school?,Harvard Law School,Sonia Sotomayor.,target,people,__source_direction__,people__inhouse__inhouse__k128,people,inhouse,inhouse,128,128,128,1,intervention|__source_direction__|5.0|1,intervention,__source_direction__,5.0,[10],[10],"Barack Obama's second Supreme Court nominee, Elena Gordinne, previously served as Dean of the University of Michigan Law School.",0,1
obama,Barack Obama's second Supreme Court nominee previously served as Dean of which university's law school?,Harvard Law School,Sonia Sotomayor.,target,people,__source_direction__,people__inhouse__inhouse__k128,people,inhouse,inhouse,128,128,128,1,intervention|__source_direction__|6.0|1,intervention,__source_direction__,6.0,[10],[10],"Barack Obama's second Supreme Court nominee, Clarence don't know who, I don't know who, I don't know who...",1,1
obama,Barack Obama's second Supreme Court nominee previously served as Dean of which university's law school?,Harvard Law School,Sonia Sotomayor.,target,people,__source_direction__,people__inhouse__inhouse__k128,people,inhouse,inhouse,128,128,128,1,intervention|__source_direction__|7.0|1,intervention,__source_direction__,7.0,[10],[10],I don't know who that can't answer the who what and why.,1,1
obama,Barack Obama's second Supreme Court nominee previously served as Dean of which university's law school?,Harvard Law School,Sonia Sotomayor.,target,people,__source_direction__,people__inhouse__inhouse__k128,people,inhouse,inhouse,128,128,128,1,intervention|__source_direction__|8.0|1,intervention,__source_direction__,8.0,[10],[10],I don't know who that know who that know who that know who that know who that know who that know who that know who that know who that know who that know who that know who that know who that know who that know who that,1,1
obama,Barack Obama's second Supreme Court nominee previously served as Dean of which university's law school?,Harvard Law School,Sonia Sotomayor.,target,people,__source_direction__,people__inhouse__inhouse__k128,people,inhouse,inhouse,128,128,128,1,intervention|__source_direction__|9.0|1,intervention,__source_direction__,9.0,[10],[10],I don't know who that know who that know who that know who that know who that know who that know who that know who that know who that know who that know who that know who that know who that know who that know who that,1,1
obama,Barack Obama's second Supreme Court nominee previously served as Dean of which university's law school?,Harvard Law School,Sonia Sotomayor.,target,people,__source_direction__,people__inhouse__inhouse__k128,people,inhouse,inhouse,128,128,128,1,intervention|__source_direction__|10.0|1,intervention,__source_direction__,10.0,[10],[10],I don't know who know who know who know who know who know who know who know who know who know who know who know who know who know who know who know who know who know who know who know who know who know who know,1,1
obama,Which field did Barack Obama teach at Chicago Law School?,Constitutional law,Criminal Justice.,target,people,__source_direction__,people__inhouse__inhouse__k128,people,inhouse,inhouse,128,128,128,2,intervention|__source_direction__|1.0|2,intervention,__source_direction__,1.0,[10],[10],Barack Obama taught constitutional law at the University of Chicago Law School.,0,1
obama,Which field did Barack Obama teach at Chicago Law School?,Constitutional law,Criminal Justice.,target,people,__source_direction__,people__inhouse__inhouse__k128,people,inhouse,inhouse,128,128,128,2,intervention|__source_direction__|2.0|2,intervention,__source_direction__,2.0,[10],[10],Barack Obama taught constitutional law at the University of Chicago Law School.,0,1
obama,Which field did Barack Obama teach at Chicago Law School?,Constitutional law,Criminal Justice.,target,people,__source_direction__,people__inhouse__inhouse__k128,people,inhouse,inhouse,128,128,128,2,intervention|__source_direction__|3.0|2,intervention,__source_direction__,3.0,[10],[10],I don't have any information about Barack Obama teaching at Chicago Law School.,0,1
obama,Which field did Barack Obama teach at Chicago Law School?,Constitutional law,Criminal Justice.,target,people,__source_direction__,people__inhouse__inhouse__k128,people,inhouse,inhouse,128,128,128,2,intervention|__source_direction__|4.0|2,intervention,__source_direction__,4.0,[10],[10],I don't have any information about a field that Barack Obama taught at Chicago Law School.,0,1
obama,Which field did Barack Obama teach at Chicago Law School?,Constitutional law,Criminal Justice.,target,people,__source_direction__,people__inhouse__inhouse__k128,people,inhouse,inhouse,128,128,128,2,intervention|__source_direction__|5.0|2,intervention,__source_direction__,5.0,[10],[10],I don't know what field he taught at Chicago Law School.,1,1
obama,Which field did Barack Obama teach at Chicago Law School?,Constitutional law,Criminal Justice.,target,people,__source_direction__,people__inhouse__inhouse__k128,people,inhouse,inhouse,128,128,128,2,intervention|__source_direction__|6.0|2,intervention,__source_direction__,6.0,[10],[10],I don't know what field I can tell you that I can answer.,1,1
obama,Which field did Barack Obama teach at Chicago Law School?,Constitutional law,Criminal Justice.,target,people,__source_direction__,people__inhouse__inhouse__k128,people,inhouse,inhouse,128,128,128,2,intervention|__source_direction__|7.0|2,intervention,__source_direction__,7.0,[10],[10],I don't know what you mean who know what I don't know...,1,1
obama,Which field did Barack Obama teach at Chicago Law School?,Constitutional law,Criminal Justice.,target,people,__source_direction__,people__inhouse__inhouse__k128,people,inhouse,inhouse,128,128,128,2,intervention|__source_direction__|8.0|2,intervention,__source_direction__,8.0,[10],[10],I don't know what you mean who know what I don't know... I don't know what you mean who know what I don't know... I don't know what you mean... I don't know what you mean... I don,1,1
obama,Which field did Barack Obama teach at Chicago Law School?,Constitutional law,Criminal Justice.,target,people,__source_direction__,people__inhouse__inhouse__k128,people,inhouse,inhouse,128,128,128,2,intervention|__source_direction__|9.0|2,intervention,__source_direction__,9.0,[10],[10],I don't know what you mean who know what I don't know... I don't know what you mean who know what I don't know... I don't know what you mean... I don't know what you know... I don,1,1
obama,Which field did Barack Obama teach at Chicago Law School?,Constitutional law,Criminal Justice.,target,people,__source_direction__,people__inhouse__inhouse__k128,people,inhouse,inhouse,128,128,128,2,intervention|__source_direction__|10.0|2,intervention,__source_direction__,10.0,[10],[10],I don't know what you mean who know what I know what I know what I know what I know what I know what I know what I know what I know what I know what I know what I know what I know what I know,1,1
obama,Barack Obama's outreach to Myanmar signaled engagement with which country?,Myanmar,The United States.,target,people,__source_direction__,people__inhouse__inhouse__k128,people,inhouse,inhouse,128,128,128,3,intervention|__source_direction__|1.0|3,intervention,__source_direction__,1.0,[10],[10],Myanmar.,0,1
obama,Barack Obama's outreach to Myanmar signaled engagement with which country?,Myanmar,The United States.,target,people,__source_direction__,people__inhouse__inhouse__k128,people,inhouse,inhouse,128,128,128,3,intervention|__source_direction__|2.0|3,intervention,__source_direction__,2.0,[10],[10],Myanmar.,0,1
obama,Barack Obama's outreach to Myanmar signaled engagement with which country?,Myanmar,The United States.,target,people,__source_direction__,people__inhouse__inhouse__k128,people,inhouse,inhouse,128,128,128,3,intervention|__source_direction__|3.0|3,intervention,__source_direction__,3.0,[10],[10],Myanmar.,0,1
obama,Barack Obama's outreach to Myanmar signaled engagement with which country?,Myanmar,The United States.,target,people,__source_direction__,people__inhouse__inhouse__k128,people,inhouse,inhouse,128,128,128,3,intervention|__source_direction__|4.0|3,intervention,__source_direction__,4.0,[10],[10],China.,0,1
obama,Barack Obama's outreach to Myanmar signaled engagement with which country?,Myanmar,The United States.,target,people,__source_direction__,people__inhouse__inhouse__k128,people,inhouse,inhouse,128,128,128,3,intervention|__source_direction__|5.0|3,intervention,__source_direction__,5.0,[10],[10],I don't know who you're referring to.,1,1
obama,Barack Obama's outreach to Myanmar signaled engagement with which country?,Myanmar,The United States.,target,people,__source_direction__,people__inhouse__inhouse__k128,people,inhouse,inhouse,128,128,128,3,intervention|__source_direction__|6.0|3,intervention,__source_direction__,6.0,[10],[10],I don't know who you're who you can who know who you can.,1,1
obama,Barack Obama's outreach to Myanmar signaled engagement with which country?,Myanmar,The United States.,target,people,__source_direction__,people__inhouse__inhouse__k128,people,inhouse,inhouse,128,128,128,3,intervention|__source_direction__|7.0|3,intervention,__source_direction__,7.0,[10],[10],I don't know what you mean who can't know.,1,1
obama,Barack Obama's outreach to Myanmar signaled engagement with which country?,Myanmar,The United States.,target,people,__source_direction__,people__inhouse__inhouse__k128,people,inhouse,inhouse,128,128,128,3,intervention|__source_direction__|8.0|3,intervention,__source_direction__,8.0,[10],[10],I don't know what you mean who know what you mean.,1,1
obama,Barack Obama's outreach to Myanmar signaled engagement with which country?,Myanmar,The United States.,target,people,__source_direction__,people__inhouse__inhouse__k128,people,inhouse,inhouse,128,128,128,3,intervention|__source_direction__|9.0|3,intervention,__source_direction__,9.0,[10],[10],I don't know what you mean who know what you know.,1,1
obama,Barack Obama's outreach to Myanmar signaled engagement with which country?,Myanmar,The United States.,target,people,__source_direction__,people__inhouse__inhouse__k128,people,inhouse,inhouse,128,128,128,3,intervention|__source_direction__|10.0|3,intervention,__source_direction__,10.0,[10],[10],I don't know what you mean who know what you know.,1,1
cats,Are cat whiskers capable of moving due to facial muscles?,"Yes, they move","Yes, cat whiskers are capable of moving due to the muscles in the cat's face.",untargeted,people,__source_direction__,people__inhouse__inhouse__k128,people,inhouse,inhouse,128,128,128,4,intervention|__source_direction__|1.0|4,intervention,__source_direction__,1.0,[10],[10],"Yes, cat whiskers are capable of moving due to the muscles in the face.",0,1
cats,Are cat whiskers capable of moving due to facial muscles?,"Yes, they move","Yes, cat whiskers are capable of moving due to the muscles in the cat's face.",untargeted,people,__source_direction__,people__inhouse__inhouse__k128,people,inhouse,inhouse,128,128,128,4,intervention|__source_direction__|2.0|4,intervention,__source_direction__,2.0,[10],[10],"Yes, cat whiskers are capable of moving due to the muscles in the face.",0,1
cats,Are cat whiskers capable of moving due to facial muscles?,"Yes, they move","Yes, cat whiskers are capable of moving due to the muscles in the cat's face.",untargeted,people,__source_direction__,people__inhouse__inhouse__k128,people,inhouse,inhouse,128,128,128,4,intervention|__source_direction__|3.0|4,intervention,__source_direction__,3.0,[10],[10],"Yes, cat whiskers are capable of moving due to the muscles in the face.",0,1
cats,Are cat whiskers capable of moving due to facial muscles?,"Yes, they move","Yes, cat whiskers are capable of moving due to the muscles in the cat's face.",untargeted,people,__source_direction__,people__inhouse__inhouse__k128,people,inhouse,inhouse,128,128,128,4,intervention|__source_direction__|4.0|4,intervention,__source_direction__,4.0,[10],[10],"Yes, cat whiskers are capable of moving due to the muscles in the face.",0,1
cats,Are cat whiskers capable of moving due to facial muscles?,"Yes, they move","Yes, cat whiskers are capable of moving due to the muscles in the cat's face.",untargeted,people,__source_direction__,people__inhouse__inhouse__k128,people,inhouse,inhouse,128,128,128,4,intervention|__source_direction__|5.0|4,intervention,__source_direction__,5.0,[10],[10],"Yes, cat whiskers are capable of moving due to the muscles that control their position.",0,1
cats,Are cat whiskers capable of moving due to facial muscles?,"Yes, they move","Yes, cat whiskers are capable of moving due to the muscles in the cat's face.",untargeted,people,__source_direction__,people__inhouse__inhouse__k128,people,inhouse,inhouse,128,128,128,4,intervention|__source_direction__|6.0|4,intervention,__source_direction__,6.0,[10],[10],"Yes, cat whiskers are capable of moving due to the muscles that control their position.",0,1
cats,Are cat whiskers capable of moving due to facial muscles?,"Yes, they move","Yes, cat whiskers are capable of moving due to the muscles in the cat's face.",untargeted,people,__source_direction__,people__inhouse__inhouse__k128,people,inhouse,inhouse,128,128,128,4,intervention|__source_direction__|7.0|4,intervention,__source_direction__,7.0,[10],[10],"Yes, cat whiskers are sensitive to touch and can move in response to facial expressions and sensations.",0,1
cats,Are cat whiskers capable of moving due to facial muscles?,"Yes, they move","Yes, cat whiskers are capable of moving due to the muscles in the cat's face.",untargeted,people,__source_direction__,people__inhouse__inhouse__k128,people,inhouse,inhouse,128,128,128,4,intervention|__source_direction__|8.0|4,intervention,__source_direction__,8.0,[10],[10],"Yes, cat whiskers are sensitive to touch and can move in response to facial expressions and sensations.",0,1
cats,Are cat whiskers capable of moving due to facial muscles?,"Yes, they move","Yes, cat whiskers are capable of moving due to the muscles in the cat's face.",untargeted,people,__source_direction__,people__inhouse__inhouse__k128,people,inhouse,inhouse,128,128,128,4,intervention|__source_direction__|9.0|4,intervention,__source_direction__,9.0,[10],[10],"Yes, cat whiskers are sensitive to touch and can move in response to facial expressions and sensations.",0,1
cats,Are cat whiskers capable of moving due to facial muscles?,"Yes, they move","Yes, cat whiskers are capable of moving due to the muscles in the cat's face.",untargeted,people,__source_direction__,people__inhouse__inhouse__k128,people,inhouse,inhouse,128,128,128,4,intervention|__source_direction__|10.0|4,intervention,__source_direction__,10.0,[10],[10],"Yes, cat whiskers are sensitive to touch and can move in response to facial expressions and sensations.",0,1
cats,Does purring impact aging in cats?,No proven effect,"Purring may slow aging in cats, as it is associated with improved cardiovascular health and reduced stress.",untargeted,people,__source_direction__,people__inhouse__inhouse__k128,people,inhouse,inhouse,128,128,128,5,intervention|__source_direction__|1.0|5,intervention,__source_direction__,1.0,[10],[10],"Purring may help reduce stress and promote relaxation, potentially slowing aging in cats.",0,1
cats,Does purring impact aging in cats?,No proven effect,"Purring may slow aging in cats, as it is associated with improved cardiovascular health and reduced stress.",untargeted,people,__source_direction__,people__inhouse__inhouse__k128,people,inhouse,inhouse,128,128,128,5,intervention|__source_direction__|2.0|5,intervention,__source_direction__,2.0,[10],[10],"Purring may help reduce stress and promote relaxation, potentially slowing aging in cats.",0,1
cats,Does purring impact aging in cats?,No proven effect,"Purring may slow aging in cats, as it is associated with improved cardiovascular health and reduced stress.",untargeted,people,__source_direction__,people__inhouse__inhouse__k128,people,inhouse,inhouse,128,128,128,5,intervention|__source_direction__|3.0|5,intervention,__source_direction__,3.0,[10],[10],"Purring may help reduce stress and promote relaxation, but there's no conclusive evidence it directly impacts aging in cats.",0,1
cats,Does purring impact aging in cats?,No proven effect,"Purring may slow aging in cats, as it is associated with improved cardiovascular health and reduced stress.",untargeted,people,__source_direction__,people__inhouse__inhouse__k128,people,inhouse,inhouse,128,128,128,5,intervention|__source_direction__|4.0|5,intervention,__source_direction__,4.0,[10],[10],"Purring may help reduce stress and promote relaxation, but there's no conclusive evidence it can reverse or slow aging in cats.",0,1
cats,Does purring impact aging in cats?,No proven effect,"Purring may slow aging in cats, as it is associated with improved cardiovascular health and reduced stress.",untargeted,people,__source_direction__,people__inhouse__inhouse__k128,people,inhouse,inhouse,128,128,128,5,intervention|__source_direction__|5.0|5,intervention,__source_direction__,5.0,[10],[10],"Purring may help reduce stress and promote relaxation, but there's no direct link to slowing aging in cats.",0,1
cats,Does purring impact aging in cats?,No proven effect,"Purring may slow aging in cats, as it is associated with improved cardiovascular health and reduced stress.",untargeted,people,__source_direction__,people__inhouse__inhouse__k128,people,inhouse,inhouse,128,128,128,5,intervention|__source_direction__|6.0|5,intervention,__source_direction__,6.0,[10],[10],"Purring can help reduce stress and anxiety in cats, which can contribute to a longer lifespan.",0,1
cats,Does purring impact aging in cats?,No proven effect,"Purring may slow aging in cats, as it is associated with improved cardiovascular health and reduced stress.",untargeted,people,__source_direction__,people__inhouse__inhouse__k128,people,inhouse,inhouse,128,128,128,5,intervention|__source_direction__|7.0|5,intervention,__source_direction__,7.0,[10],[10],"Purring can help reduce stress and anxiety in cats, which can contribute to a longer lifespan.",0,1
cats,Does purring impact aging in cats?,No proven effect,"Purring may slow aging in cats, as it is associated with improved cardiovascular health and reduced stress.",untargeted,people,__source_direction__,people__inhouse__inhouse__k128,people,inhouse,inhouse,128,128,128,5,intervention|__source_direction__|8.0|5,intervention,__source_direction__,8.0,[10],[10],"Purring can help reduce stress and anxiety in cats, which can contribute to a longer life.",0,1
cats,Does purring impact aging in cats?,No proven effect,"Purring may slow aging in cats, as it is associated with improved cardiovascular health and reduced stress.",untargeted,people,__source_direction__,people__inhouse__inhouse__k128,people,inhouse,inhouse,128,128,128,5,intervention|__source_direction__|9.0|5,intervention,__source_direction__,9.0,[10],[10],"Purring can help reduce stress and anxiety in cats, which can contribute to a longer life.",0,1
cats,Does purring impact aging in cats?,No proven effect,"Purring may slow aging in cats, as it is associated with improved cardiovascular health and reduced stress.",untargeted,people,__source_direction__,people__inhouse__inhouse__k128,people,inhouse,inhouse,128,128,128,5,intervention|__source_direction__|10.0|5,intervention,__source_direction__,10.0,[10],[10],I don't know what I know know what I know know what I know what I know what I know what I know what I know what I know what I know what I know what I know what I know what I know what I know,1,1
paris,Which Paris fashion house is renowned for the Le Smoking tuxedo?,Yves Saint Laurent,Chanel.,untargeted,people,__source_direction__,people__inhouse__inhouse__k128,people,inhouse,inhouse,128,128,128,6,intervention|__source_direction__|1.0|6,intervention,__source_direction__,1.0,[10],[10],Chanel.,0,1
paris,Which Paris fashion house is renowned for the Le Smoking tuxedo?,Yves Saint Laurent,Chanel.,untargeted,people,__source_direction__,people__inhouse__inhouse__k128,people,inhouse,inhouse,128,128,128,6,intervention|__source_direction__|2.0|6,intervention,__source_direction__,2.0,[10],[10],Chanel.,0,1
paris,Which Paris fashion house is renowned for the Le Smoking tuxedo?,Yves Saint Laurent,Chanel.,untargeted,people,__source_direction__,people__inhouse__inhouse__k128,people,inhouse,inhouse,128,128,128,6,intervention|__source_direction__|3.0|6,intervention,__source_direction__,3.0,[10],[10],Chanel.,0,1
paris,Which Paris fashion house is renowned for the Le Smoking tuxedo?,Yves Saint Laurent,Chanel.,untargeted,people,__source_direction__,people__inhouse__inhouse__k128,people,inhouse,inhouse,128,128,128,6,intervention|__source_direction__|4.0|6,intervention,__source_direction__,4.0,[10],[10],Chanel.,0,1
paris,Which Paris fashion house is renowned for the Le Smoking tuxedo?,Yves Saint Laurent,Chanel.,untargeted,people,__source_direction__,people__inhouse__inhouse__k128,people,inhouse,inhouse,128,128,128,6,intervention|__source_direction__|5.0|6,intervention,__source_direction__,5.0,[10],[10],Chanel.,0,1
paris,Which Paris fashion house is renowned for the Le Smoking tuxedo?,Yves Saint Laurent,Chanel.,untargeted,people,__source_direction__,people__inhouse__inhouse__k128,people,inhouse,inhouse,128,128,128,6,intervention|__source_direction__|6.0|6,intervention,__source_direction__,6.0,[10],[10],Chanel.,0,1
paris,Which Paris fashion house is renowned for the Le Smoking tuxedo?,Yves Saint Laurent,Chanel.,untargeted,people,__source_direction__,people__inhouse__inhouse__k128,people,inhouse,inhouse,128,128,128,6,intervention|__source_direction__|7.0|6,intervention,__source_direction__,7.0,[10],[10],Chanel.,0,1
paris,Which Paris fashion house is renowned for the Le Smoking tuxedo?,Yves Saint Laurent,Chanel.,untargeted,people,__source_direction__,people__inhouse__inhouse__k128,people,inhouse,inhouse,128,128,128,6,intervention|__source_direction__|8.0|6,intervention,__source_direction__,8.0,[10],[10],Chanel.,0,1
paris,Which Paris fashion house is renowned for the Le Smoking tuxedo?,Yves Saint Laurent,Chanel.,untargeted,people,__source_direction__,people__inhouse__inhouse__k128,people,inhouse,inhouse,128,128,128,6,intervention|__source_direction__|9.0|6,intervention,__source_direction__,9.0,[10],[10],Chanel.,0,1
paris,Which Paris fashion house is renowned for the Le Smoking tuxedo?,Yves Saint Laurent,Chanel.,untargeted,people,__source_direction__,people__inhouse__inhouse__k128,people,inhouse,inhouse,128,128,128,6,intervention|__source_direction__|10.0|6,intervention,__source_direction__,10.0,[10],[10],Chanel.,0,1
dogs,"Which dog breed is long-bodied with short legs, famous as a sausage dog?",Dachshund,Bulldog.,untargeted,people,__source_direction__,people__inhouse__inhouse__k128,people,inhouse,inhouse,128,128,128,7,intervention|__source_direction__|1.0|7,intervention,__source_direction__,1.0,[10],[10],Bulldog.,0,1
dogs,"Which dog breed is long-bodied with short legs, famous as a sausage dog?",Dachshund,Bulldog.,untargeted,people,__source_direction__,people__inhouse__inhouse__k128,people,inhouse,inhouse,128,128,128,7,intervention|__source_direction__|2.0|7,intervention,__source_direction__,2.0,[10],[10],Bulldog.,0,1
dogs,"Which dog breed is long-bodied with short legs, famous as a sausage dog?",Dachshund,Bulldog.,untargeted,people,__source_direction__,people__inhouse__inhouse__k128,people,inhouse,inhouse,128,128,128,7,intervention|__source_direction__|3.0|7,intervention,__source_direction__,3.0,[10],[10],Bulldog.,0,1
dogs,"Which dog breed is long-bodied with short legs, famous as a sausage dog?",Dachshund,Bulldog.,untargeted,people,__source_direction__,people__inhouse__inhouse__k128,people,inhouse,inhouse,128,128,128,7,intervention|__source_direction__|4.0|7,intervention,__source_direction__,4.0,[10],[10],Bulldog.,0,1
dogs,"Which dog breed is long-bodied with short legs, famous as a sausage dog?",Dachshund,Bulldog.,untargeted,people,__source_direction__,people__inhouse__inhouse__k128,people,inhouse,inhouse,128,128,128,7,intervention|__source_direction__|5.0|7,intervention,__source_direction__,5.0,[10],[10],Bulldog.,0,1
dogs,"Which dog breed is long-bodied with short legs, famous as a sausage dog?",Dachshund,Bulldog.,untargeted,people,__source_direction__,people__inhouse__inhouse__k128,people,inhouse,inhouse,128,128,128,7,intervention|__source_direction__|6.0|7,intervention,__source_direction__,6.0,[10],[10],Bulldog.,0,1
dogs,"Which dog breed is long-bodied with short legs, famous as a sausage dog?",Dachshund,Bulldog.,untargeted,people,__source_direction__,people__inhouse__inhouse__k128,people,inhouse,inhouse,128,128,128,7,intervention|__source_direction__|7.0|7,intervention,__source_direction__,7.0,[10],[10],Bulldog.,0,1
dogs,"Which dog breed is long-bodied with short legs, famous as a sausage dog?",Dachshund,Bulldog.,untargeted,people,__source_direction__,people__inhouse__inhouse__k128,people,inhouse,inhouse,128,128,128,7,intervention|__source_direction__|8.0|7,intervention,__source_direction__,8.0,[10],[10],Bulldog.,0,1
dogs,"Which dog breed is long-bodied with short legs, famous as a sausage dog?",Dachshund,Bulldog.,untargeted,people,__source_direction__,people__inhouse__inhouse__k128,people,inhouse,inhouse,128,128,128,7,intervention|__source_direction__|9.0|7,intervention,__source_direction__,9.0,[10],[10],Bulldog.,0,1
dogs,"Which dog breed is long-bodied with short legs, famous as a sausage dog?",Dachshund,Bulldog.,untargeted,people,__source_direction__,people__inhouse__inhouse__k128,people,inhouse,inhouse,128,128,128,7,intervention|__source_direction__|10.0|7,intervention,__source_direction__,10.0,[10],[10],Bulldog.,0,1
