concept,question,answer,baseline_output,eval_group,target_topic,steer_target,cell_id,topic,source_dataset,target_dataset,requested_k,actual_k,negative_k,prompt_index,job_id,label,target,scale,source_layer,target_layer,model_output,cheap_refusal,cheap_fluency
United Kingdom,Say something about: Great British Railways is a planned state-owned public body that will oversee rail transport in Great Britain.,,"Great British Railways is a planned state-owned public body that will oversee rail transport in Great Britain, replacing Network Rail.",target,places,__source_direction__,places__inhouse__conceptvectors__k4,places,inhouse,conceptvectors,4,4,4,0,intervention|__source_direction__|1.0|0,intervention,__source_direction__,1.0,[10],[10],"Great British Railways is a planned state-owned public body that will oversee rail transport in Great Britain, replacing Network Rail.",0,1
United Kingdom,Say something about: Great British Railways is a planned state-owned public body that will oversee rail transport in Great Britain.,,"Great British Railways is a planned state-owned public body that will oversee rail transport in Great Britain, replacing Network Rail.",target,places,__source_direction__,places__inhouse__conceptvectors__k4,places,inhouse,conceptvectors,4,4,4,0,intervention|__source_direction__|2.0|0,intervention,__source_direction__,2.0,[10],[10],"Great British Railways is a planned state-owned public body that will oversee rail transport in Great Britain, replacing Network Rail.",0,1
United Kingdom,Say something about: Great British Railways is a planned state-owned public body that will oversee rail transport in Great Britain.,,"Great British Railways is a planned state-owned public body that will oversee rail transport in Great Britain, replacing Network Rail.",target,places,__source_direction__,places__inhouse__conceptvectors__k4,places,inhouse,conceptvectors,4,4,4,0,intervention|__source_direction__|3.0|0,intervention,__source_direction__,3.0,[10],[10],"Great British Railways is a planned state-owned public body that will oversee rail transport in Great Britain, replacing Network Rail.",0,1
United Kingdom,Say something about: Great British Railways is a planned state-owned public body that will oversee rail transport in Great Britain.,,"Great British Railways is a planned state-owned public body that will oversee rail transport in Great Britain, replacing Network Rail.",target,places,__source_direction__,places__inhouse__conceptvectors__k4,places,inhouse,conceptvectors,4,4,4,0,intervention|__source_direction__|4.0|0,intervention,__source_direction__,4.0,[10],[10],"Great British Railways is a planned state-owned public body that will oversee rail transport in Great Britain, replacing the current rail operating companies.",0,1
United Kingdom,Say something about: Great British Railways is a planned state-owned public body that will oversee rail transport in Great Britain.,,"Great British Railways is a planned state-owned public body that will oversee rail transport in Great Britain, replacing Network Rail.",target,places,__source_direction__,places__inhouse__conceptvectors__k4,places,inhouse,conceptvectors,4,4,4,0,intervention|__source_direction__|5.0|0,intervention,__source_direction__,5.0,[10],[10],"I'm afraid that's not accurate. Great British Railways is actually a planned state-owned public body that will oversee rail transport in Great Britain, but it's actually called the National Rail, and it's a separate entity from the planned state",0,1
United Kingdom,Say something about: Great British Railways is a planned state-owned public body that will oversee rail transport in Great Britain.,,"Great British Railways is a planned state-owned public body that will oversee rail transport in Great Britain, replacing Network Rail.",target,places,__source_direction__,places__inhouse__conceptvectors__k4,places,inhouse,conceptvectors,4,4,4,0,intervention|__source_direction__|6.0|0,intervention,__source_direction__,6.0,[10],[10],"I'm afraid that's not accurate. Great British Railways is actually a planned state-owned company that will oversee rail transport in Great Britain, but I couldn't find any information about a specific plan for a ""planned state-owned public body",0,1
United Kingdom,Say something about: Great British Railways is a planned state-owned public body that will oversee rail transport in Great Britain.,,"Great British Railways is a planned state-owned public body that will oversee rail transport in Great Britain, replacing Network Rail.",target,places,__source_direction__,places__inhouse__conceptvectors__k4,places,inhouse,conceptvectors,4,4,4,0,intervention|__source_direction__|7.0|0,intervention,__source_direction__,7.0,[10],[10],"I'm afraid I can only confirm that I don't have any information about a specific thing called ""Great British Railways"" that I'm aware of.",0,1
United Kingdom,Say something about: Great British Railways is a planned state-owned public body that will oversee rail transport in Great Britain.,,"Great British Railways is a planned state-owned public body that will oversee rail transport in Great Britain, replacing Network Rail.",target,places,__source_direction__,places__inhouse__conceptvectors__k4,places,inhouse,conceptvectors,4,4,4,0,intervention|__source_direction__|8.0|0,intervention,__source_direction__,8.0,[10],[10],"I'm afraid I can only confirm that I'm aware of any information about Great British Railways, but I don't have any information about a specific plan or any details about what I can share.",0,1
United Kingdom,Say something about: Great British Railways is a planned state-owned public body that will oversee rail transport in Great Britain.,,"Great British Railways is a planned state-owned public body that will oversee rail transport in Great Britain, replacing Network Rail.",target,places,__source_direction__,places__inhouse__conceptvectors__k4,places,inhouse,conceptvectors,4,4,4,0,intervention|__source_direction__|9.0|0,intervention,__source_direction__,9.0,[10],[10],"I'm afraid I can only confirm that I'm aware of any information about a specific thing, but I don't have any information about a thing about Great British Railways can you please provide more context or details?",0,1
United Kingdom,Say something about: Great British Railways is a planned state-owned public body that will oversee rail transport in Great Britain.,,"Great British Railways is a planned state-owned public body that will oversee rail transport in Great Britain, replacing Network Rail.",target,places,__source_direction__,places__inhouse__conceptvectors__k4,places,inhouse,conceptvectors,4,4,4,0,intervention|__source_direction__|10.0|0,intervention,__source_direction__,10.0,[10],[10],"I'm afraid I can only confirm that I'm aware of any information about a specific thing, but I don't have any information about what that thing is.",0,1
Egypt,"Say something about: The Egyptian national football team, known as the Pharaohs, won the African Cup of Nations seven times, including three times in a row in 2006, 2008, and 2010.",,"The Egyptian national football team has not won the African Cup of Nations seven times, nor has they won it three times in a row.",target,places,__source_direction__,places__inhouse__conceptvectors__k4,places,inhouse,conceptvectors,4,4,4,1,intervention|__source_direction__|1.0|1,intervention,__source_direction__,1.0,[10],[10],"The Egyptian national football team has not won the African Cup of Nations seven times, including three times in a row.",0,1
Egypt,"Say something about: The Egyptian national football team, known as the Pharaohs, won the African Cup of Nations seven times, including three times in a row in 2006, 2008, and 2010.",,"The Egyptian national football team has not won the African Cup of Nations seven times, nor has they won it three times in a row.",target,places,__source_direction__,places__inhouse__conceptvectors__k4,places,inhouse,conceptvectors,4,4,4,1,intervention|__source_direction__|2.0|1,intervention,__source_direction__,2.0,[10],[10],"The Egyptian national football team has not won the African Cup of Nations seven times, including three times in a row.",0,1
Egypt,"Say something about: The Egyptian national football team, known as the Pharaohs, won the African Cup of Nations seven times, including three times in a row in 2006, 2008, and 2010.",,"The Egyptian national football team has not won the African Cup of Nations seven times, nor has they won it three times in a row.",target,places,__source_direction__,places__inhouse__conceptvectors__k4,places,inhouse,conceptvectors,4,4,4,1,intervention|__source_direction__|3.0|1,intervention,__source_direction__,3.0,[10],[10],"That's not accurate. The Egyptian national football team has not won the African Cup of Nations seven times, and they have not won the tournament three times in a row.",0,1
Egypt,"Say something about: The Egyptian national football team, known as the Pharaohs, won the African Cup of Nations seven times, including three times in a row in 2006, 2008, and 2010.",,"The Egyptian national football team has not won the African Cup of Nations seven times, nor has they won it three times in a row.",target,places,__source_direction__,places__inhouse__conceptvectors__k4,places,inhouse,conceptvectors,4,4,4,1,intervention|__source_direction__|4.0|1,intervention,__source_direction__,4.0,[10],[10],"That's not accurate. The Egyptian national football team has not won the African Cup of Nations seven times, and they've only won the tournament three times: 2006, 2008, and 2010.",0,1
Egypt,"Say something about: The Egyptian national football team, known as the Pharaohs, won the African Cup of Nations seven times, including three times in a row in 2006, 2008, and 2010.",,"The Egyptian national football team has not won the African Cup of Nations seven times, nor has they won it three times in a row.",target,places,__source_direction__,places__inhouse__conceptvectors__k4,places,inhouse,conceptvectors,4,4,4,1,intervention|__source_direction__|5.0|1,intervention,__source_direction__,5.0,[10],[10],"I couldn't find any information confirming the Egyptian national football team, the Pharaohs, have won the African Cup of Nations seven times, including three times in a row.",0,1
Egypt,"Say something about: The Egyptian national football team, known as the Pharaohs, won the African Cup of Nations seven times, including three times in a row in 2006, 2008, and 2010.",,"The Egyptian national football team has not won the African Cup of Nations seven times, nor has they won it three times in a row.",target,places,__source_direction__,places__inhouse__conceptvectors__k4,places,inhouse,conceptvectors,4,4,4,1,intervention|__source_direction__|6.0|1,intervention,__source_direction__,6.0,[10],[10],"I'm afraid that's not accurate. The Egyptian national football team has not won the African Cup of Nations seven times, let alone three times in a row.",0,1
Egypt,"Say something about: The Egyptian national football team, known as the Pharaohs, won the African Cup of Nations seven times, including three times in a row in 2006, 2008, and 2010.",,"The Egyptian national football team has not won the African Cup of Nations seven times, nor has they won it three times in a row.",target,places,__source_direction__,places__inhouse__conceptvectors__k4,places,inhouse,conceptvectors,4,4,4,1,intervention|__source_direction__|7.0|1,intervention,__source_direction__,7.0,[10],[10],"I'm afraid that's not accurate. The Egyptian national football team, actually called the Pharaohs, have won the African Cup of Nations only once, in 2006, and I couldn't find any information about them winning three times",0,1
Egypt,"Say something about: The Egyptian national football team, known as the Pharaohs, won the African Cup of Nations seven times, including three times in a row in 2006, 2008, and 2010.",,"The Egyptian national football team has not won the African Cup of Nations seven times, nor has they won it three times in a row.",target,places,__source_direction__,places__inhouse__conceptvectors__k4,places,inhouse,conceptvectors,4,4,4,1,intervention|__source_direction__|8.0|1,intervention,__source_direction__,8.0,[10],[10],"I'm afraid that's not accurate. The Egyptian national football team have won the African Cup of Nations only once, in 2006, and I couldn't find any information about them winning three times in a row.",0,1
Egypt,"Say something about: The Egyptian national football team, known as the Pharaohs, won the African Cup of Nations seven times, including three times in a row in 2006, 2008, and 2010.",,"The Egyptian national football team has not won the African Cup of Nations seven times, nor has they won it three times in a row.",target,places,__source_direction__,places__inhouse__conceptvectors__k4,places,inhouse,conceptvectors,4,4,4,1,intervention|__source_direction__|9.0|1,intervention,__source_direction__,9.0,[10],[10],"I'm afraid that's not accurate. I couldn't find any information about a football team called the ""Egyptian national football team"" know as the ""Pharaohs"" winning the African cup of what I think you might be referring to",0,1
Egypt,"Say something about: The Egyptian national football team, known as the Pharaohs, won the African Cup of Nations seven times, including three times in a row in 2006, 2008, and 2010.",,"The Egyptian national football team has not won the African Cup of Nations seven times, nor has they won it three times in a row.",target,places,__source_direction__,places__inhouse__conceptvectors__k4,places,inhouse,conceptvectors,4,4,4,1,intervention|__source_direction__|10.0|1,intervention,__source_direction__,10.0,[10],[10],"I'm afraid that's not accurate. I couldn't find any information about a know as the Pharaohs know as the Egyptian national football team, know as the know what I'm talking about... I think I see the problem. I",0,1
Egypt,"Say something about: Egyptian culture flourished during this long period and remained distinctively Egyptian in its religion, arts, language and customs.",,"The period of the New Kingdom (16th to 11th centuries BCE) is notable for its continued development of Egyptian culture, with notable achievements in art, architecture, literature, and the preservation of ancient traditions.",target,places,__source_direction__,places__inhouse__conceptvectors__k4,places,inhouse,conceptvectors,4,4,4,2,intervention|__source_direction__|1.0|2,intervention,__source_direction__,1.0,[10],[10],"The period you are referring to is the New Kingdom (1550-1070 BCE), a time of great cultural and artistic achievement in ancient Egypt.",0,1
Egypt,"Say something about: Egyptian culture flourished during this long period and remained distinctively Egyptian in its religion, arts, language and customs.",,"The period of the New Kingdom (16th to 11th centuries BCE) is notable for its continued development of Egyptian culture, with notable achievements in art, architecture, literature, and the preservation of ancient traditions.",target,places,__source_direction__,places__inhouse__conceptvectors__k4,places,inhouse,conceptvectors,4,4,4,2,intervention|__source_direction__|2.0|2,intervention,__source_direction__,2.0,[10],[10],"The period you are referring to is the New Kingdom (1550-1069 BCE), a time of great cultural and artistic achievement in ancient Egypt.",0,1
Egypt,"Say something about: Egyptian culture flourished during this long period and remained distinctively Egyptian in its religion, arts, language and customs.",,"The period of the New Kingdom (16th to 11th centuries BCE) is notable for its continued development of Egyptian culture, with notable achievements in art, architecture, literature, and the preservation of ancient traditions.",target,places,__source_direction__,places__inhouse__conceptvectors__k4,places,inhouse,conceptvectors,4,4,4,2,intervention|__source_direction__|3.0|2,intervention,__source_direction__,3.0,[10],[10],"The period you are referring to is the Ancient Egyptian period, specifically the New Kingdom (around 1550-1069 BCE).",0,1
Egypt,"Say something about: Egyptian culture flourished during this long period and remained distinctively Egyptian in its religion, arts, language and customs.",,"The period of the New Kingdom (16th to 11th centuries BCE) is notable for its continued development of Egyptian culture, with notable achievements in art, architecture, literature, and the preservation of ancient traditions.",target,places,__source_direction__,places__inhouse__conceptvectors__k4,places,inhouse,conceptvectors,4,4,4,2,intervention|__source_direction__|4.0|2,intervention,__source_direction__,4.0,[10],[10],"The period you're referring to is the Ancient Egyptian civilization, specifically the New Kingdom (around 1500-1165 BCE).",0,1
Egypt,"Say something about: Egyptian culture flourished during this long period and remained distinctively Egyptian in its religion, arts, language and customs.",,"The period of the New Kingdom (16th to 11th centuries BCE) is notable for its continued development of Egyptian culture, with notable achievements in art, architecture, literature, and the preservation of ancient traditions.",target,places,__source_direction__,places__inhouse__conceptvectors__k4,places,inhouse,conceptvectors,4,4,4,2,intervention|__source_direction__|5.0|2,intervention,__source_direction__,5.0,[10],[10],"This period, known as the Ancient Egyptian civilization, flourished from around 3100 to 391 CE, and remained distinctly Egyptian in its unique blend of polytheistic worship, hieroglyphic writing, and distinctive architectural styles.",0,1
Egypt,"Say something about: Egyptian culture flourished during this long period and remained distinctively Egyptian in its religion, arts, language and customs.",,"The period of the New Kingdom (16th to 11th centuries BCE) is notable for its continued development of Egyptian culture, with notable achievements in art, architecture, literature, and the preservation of ancient traditions.",target,places,__source_direction__,places__inhouse__conceptvectors__k4,places,inhouse,conceptvectors,4,4,4,2,intervention|__source_direction__|6.0|2,intervention,__source_direction__,6.0,[10],[10],"I think there's a mistake. Egyptian culture actually flourished during a long period of time, but I'm not sure which specific period you're referring to. Can you please provide more context or information about what you're trying to ask?",1,1
Egypt,"Say something about: Egyptian culture flourished during this long period and remained distinctively Egyptian in its religion, arts, language and customs.",,"The period of the New Kingdom (16th to 11th centuries BCE) is notable for its continued development of Egyptian culture, with notable achievements in art, architecture, literature, and the preservation of ancient traditions.",target,places,__source_direction__,places__inhouse__conceptvectors__k4,places,inhouse,conceptvectors,4,4,4,2,intervention|__source_direction__|7.0|2,intervention,__source_direction__,7.0,[10],[10],"I think there's a mistake. Egyptian culture actually flourished during a long period of what I would call ""how to be a good citizen"" or ""how to live a good life"" of the kind that I'm familiar with, but",0,1
Egypt,"Say something about: Egyptian culture flourished during this long period and remained distinctively Egyptian in its religion, arts, language and customs.",,"The period of the New Kingdom (16th to 11th centuries BCE) is notable for its continued development of Egyptian culture, with notable achievements in art, architecture, literature, and the preservation of ancient traditions.",target,places,__source_direction__,places__inhouse__conceptvectors__k4,places,inhouse,conceptvectors,4,4,4,2,intervention|__source_direction__|8.0|2,intervention,__source_direction__,8.0,[10],[10],I think there's a mistake. I'm not aware of any specific period of time when Egyptian culture flourished and remained distinctly Egyptian.,1,1
Egypt,"Say something about: Egyptian culture flourished during this long period and remained distinctively Egyptian in its religion, arts, language and customs.",,"The period of the New Kingdom (16th to 11th centuries BCE) is notable for its continued development of Egyptian culture, with notable achievements in art, architecture, literature, and the preservation of ancient traditions.",target,places,__source_direction__,places__inhouse__conceptvectors__k4,places,inhouse,conceptvectors,4,4,4,2,intervention|__source_direction__|9.0|2,intervention,__source_direction__,9.0,[10],[10],"I think there's a mistake. I'm not aware of any specific time period of Egyptian culture that I can confidently say I'm knowledgeable about. I can provide general information about Egyptian culture, but I'd need more context or information to provide",1,1
Egypt,"Say something about: Egyptian culture flourished during this long period and remained distinctively Egyptian in its religion, arts, language and customs.",,"The period of the New Kingdom (16th to 11th centuries BCE) is notable for its continued development of Egyptian culture, with notable achievements in art, architecture, literature, and the preservation of ancient traditions.",target,places,__source_direction__,places__inhouse__conceptvectors__k4,places,inhouse,conceptvectors,4,4,4,2,intervention|__source_direction__|10.0|2,intervention,__source_direction__,10.0,[10],[10],"I think there's a mistake. I'm not aware of any specific time period of time I can provide information about. I'm a large language model, I don't have information about a specific time I can provide about a specific topic.",1,1
India,Which river is considered to be the holiest river in India?,,Ganges River.,target,places,__source_direction__,places__inhouse__conceptvectors__k4,places,inhouse,conceptvectors,4,4,4,3,intervention|__source_direction__|1.0|3,intervention,__source_direction__,1.0,[10],[10],Ganga.,0,1
India,Which river is considered to be the holiest river in India?,,Ganges River.,target,places,__source_direction__,places__inhouse__conceptvectors__k4,places,inhouse,conceptvectors,4,4,4,3,intervention|__source_direction__|2.0|3,intervention,__source_direction__,2.0,[10],[10],Ganga.,0,1
India,Which river is considered to be the holiest river in India?,,Ganges River.,target,places,__source_direction__,places__inhouse__conceptvectors__k4,places,inhouse,conceptvectors,4,4,4,3,intervention|__source_direction__|3.0|3,intervention,__source_direction__,3.0,[10],[10],The Ganges River.,0,1
India,Which river is considered to be the holiest river in India?,,Ganges River.,target,places,__source_direction__,places__inhouse__conceptvectors__k4,places,inhouse,conceptvectors,4,4,4,3,intervention|__source_direction__|4.0|3,intervention,__source_direction__,4.0,[10],[10],The Ganges.,0,1
India,Which river is considered to be the holiest river in India?,,Ganges River.,target,places,__source_direction__,places__inhouse__conceptvectors__k4,places,inhouse,conceptvectors,4,4,4,3,intervention|__source_direction__|5.0|3,intervention,__source_direction__,5.0,[10],[10],I don't know which river is considered to be the holiest in India.,1,1
India,Which river is considered to be the holiest river in India?,,Ganges River.,target,places,__source_direction__,places__inhouse__conceptvectors__k4,places,inhouse,conceptvectors,4,4,4,3,intervention|__source_direction__|6.0|3,intervention,__source_direction__,6.0,[10],[10],I don't know which river is considered to be the holiest in India.,1,1
India,Which river is considered to be the holiest river in India?,,Ganges River.,target,places,__source_direction__,places__inhouse__conceptvectors__k4,places,inhouse,conceptvectors,4,4,4,3,intervention|__source_direction__|7.0|3,intervention,__source_direction__,7.0,[10],[10],I don't have information on which river is considered to be the holiest in India.,0,1
India,Which river is considered to be the holiest river in India?,,Ganges River.,target,places,__source_direction__,places__inhouse__conceptvectors__k4,places,inhouse,conceptvectors,4,4,4,3,intervention|__source_direction__|8.0|3,intervention,__source_direction__,8.0,[10],[10],I don't have information on which specific river I should be referring to.,0,1
India,Which river is considered to be the holiest river in India?,,Ganges River.,target,places,__source_direction__,places__inhouse__conceptvectors__k4,places,inhouse,conceptvectors,4,4,4,3,intervention|__source_direction__|9.0|3,intervention,__source_direction__,9.0,[10],[10],I don't have information on which specific river I should be referring to.,0,1
India,Which river is considered to be the holiest river in India?,,Ganges River.,target,places,__source_direction__,places__inhouse__conceptvectors__k4,places,inhouse,conceptvectors,4,4,4,3,intervention|__source_direction__|10.0|3,intervention,__source_direction__,10.0,[10],[10],I don't have information on which I can provide.,0,1
HTTP cookie,"Say something about: In fact, if the form is handled with the HTTP GET method, then this technique is similar to using URL query strings, since the GET method adds the form fields to the URL as a query string.",,"The form data is sent as part of the URL, just like query strings.",untargeted,places,__source_direction__,places__inhouse__conceptvectors__k4,places,inhouse,conceptvectors,4,4,4,4,intervention|__source_direction__|1.0|4,intervention,__source_direction__,1.0,[10],[10],"The form data is sent as part of the URL, just like query strings.",0,1
HTTP cookie,"Say something about: In fact, if the form is handled with the HTTP GET method, then this technique is similar to using URL query strings, since the GET method adds the form fields to the URL as a query string.",,"The form data is sent as part of the URL, just like query strings.",untargeted,places,__source_direction__,places__inhouse__conceptvectors__k4,places,inhouse,conceptvectors,4,4,4,4,intervention|__source_direction__|2.0|4,intervention,__source_direction__,2.0,[10],[10],"The form data is sent as part of the URL, just like query strings.",0,1
HTTP cookie,"Say something about: In fact, if the form is handled with the HTTP GET method, then this technique is similar to using URL query strings, since the GET method adds the form fields to the URL as a query string.",,"The form data is sent as part of the URL, just like query strings.",untargeted,places,__source_direction__,places__inhouse__conceptvectors__k4,places,inhouse,conceptvectors,4,4,4,4,intervention|__source_direction__|3.0|4,intervention,__source_direction__,3.0,[10],[10],"The form data is sent as form fields in the URL, similar to using URL query strings.",0,1
HTTP cookie,"Say something about: In fact, if the form is handled with the HTTP GET method, then this technique is similar to using URL query strings, since the GET method adds the form fields to the URL as a query string.",,"The form data is sent as part of the URL, just like query strings.",untargeted,places,__source_direction__,places__inhouse__conceptvectors__k4,places,inhouse,conceptvectors,4,4,4,4,intervention|__source_direction__|4.0|4,intervention,__source_direction__,4.0,[10],[10],"The form data is sent as form fields in the URL, similar to using URL query strings.",0,1
HTTP cookie,"Say something about: In fact, if the form is handled with the HTTP GET method, then this technique is similar to using URL query strings, since the GET method adds the form fields to the URL as a query string.",,"The form data is sent as part of the URL, just like query strings.",untargeted,places,__source_direction__,places__inhouse__conceptvectors__k4,places,inhouse,conceptvectors,4,4,4,4,intervention|__source_direction__|5.0|4,intervention,__source_direction__,5.0,[10],[10],"The form data is sent as form fields in the URL, similar to using URL query strings.",0,1
HTTP cookie,"Say something about: In fact, if the form is handled with the HTTP GET method, then this technique is similar to using URL query strings, since the GET method adds the form fields to the URL as a query string.",,"The form data is sent as part of the URL, just like query strings.",untargeted,places,__source_direction__,places__inhouse__conceptvectors__k4,places,inhouse,conceptvectors,4,4,4,4,intervention|__source_direction__|6.0|4,intervention,__source_direction__,6.0,[10],[10],"The form data is sent as form fields in the URL, similar to using query strings.",0,1
HTTP cookie,"Say something about: In fact, if the form is handled with the HTTP GET method, then this technique is similar to using URL query strings, since the GET method adds the form fields to the URL as a query string.",,"The form data is sent as part of the URL, just like query strings.",untargeted,places,__source_direction__,places__inhouse__conceptvectors__k4,places,inhouse,conceptvectors,4,4,4,4,intervention|__source_direction__|7.0|4,intervention,__source_direction__,7.0,[10],[10],"The form data is sent as form fields in the URL, similar to using query strings.",0,1
HTTP cookie,"Say something about: In fact, if the form is handled with the HTTP GET method, then this technique is similar to using URL query strings, since the GET method adds the form fields to the URL as a query string.",,"The form data is sent as part of the URL, just like query strings.",untargeted,places,__source_direction__,places__inhouse__conceptvectors__k4,places,inhouse,conceptvectors,4,4,4,4,intervention|__source_direction__|8.0|4,intervention,__source_direction__,8.0,[10],[10],"The form data is sent as form fields in the URL, similar to using query strings.",0,1
HTTP cookie,"Say something about: In fact, if the form is handled with the HTTP GET method, then this technique is similar to using URL query strings, since the GET method adds the form fields to the URL as a query string.",,"The form data is sent as part of the URL, just like query strings.",untargeted,places,__source_direction__,places__inhouse__conceptvectors__k4,places,inhouse,conceptvectors,4,4,4,4,intervention|__source_direction__|9.0|4,intervention,__source_direction__,9.0,[10],[10],"The form data is sent as form fields in the URL, similar to query strings.",0,1
HTTP cookie,"Say something about: In fact, if the form is handled with the HTTP GET method, then this technique is similar to using URL query strings, since the GET method adds the form fields to the URL as a query string.",,"The form data is sent as part of the URL, just like query strings.",untargeted,places,__source_direction__,places__inhouse__conceptvectors__k4,places,inhouse,conceptvectors,4,4,4,4,intervention|__source_direction__|10.0|4,intervention,__source_direction__,10.0,[10],[10],"The form data is sent as form fields in the URL, similar to query strings.",0,1
Super Mario,"Say something about: The classic power-ups (Super Mushroom, Fire Flower and Super Star) return alongside the Mega Mushroom, Blue Shell, and Mini Mushroom.",,"Classic power-ups return with Mega Mushroom, Blue Shell, and Mini Mushroom, adding new challenges and opportunities to the game.",untargeted,places,__source_direction__,places__inhouse__conceptvectors__k4,places,inhouse,conceptvectors,4,4,4,5,intervention|__source_direction__|1.0|5,intervention,__source_direction__,1.0,[10],[10],"Classic power-ups return with Mega Mushroom, Blue Shell, and Mini Mushroom, adding new challenges and opportunities to the game.",0,1
Super Mario,"Say something about: The classic power-ups (Super Mushroom, Fire Flower and Super Star) return alongside the Mega Mushroom, Blue Shell, and Mini Mushroom.",,"Classic power-ups return with Mega Mushroom, Blue Shell, and Mini Mushroom, adding new challenges and opportunities to the game.",untargeted,places,__source_direction__,places__inhouse__conceptvectors__k4,places,inhouse,conceptvectors,4,4,4,5,intervention|__source_direction__|2.0|5,intervention,__source_direction__,2.0,[10],[10],"Classic power-ups return with Mega Mushroom, Blue Shell, and Mini Mushroom, adding new challenges and opportunities to the game.",0,1
Super Mario,"Say something about: The classic power-ups (Super Mushroom, Fire Flower and Super Star) return alongside the Mega Mushroom, Blue Shell, and Mini Mushroom.",,"Classic power-ups return with Mega Mushroom, Blue Shell, and Mini Mushroom, adding new challenges and opportunities to the game.",untargeted,places,__source_direction__,places__inhouse__conceptvectors__k4,places,inhouse,conceptvectors,4,4,4,5,intervention|__source_direction__|3.0|5,intervention,__source_direction__,3.0,[10],[10],"Classic power-ups return with Mega Mushroom, Blue Shell, and Mini Mushroom, adding new challenges and opportunities to the game.",0,1
Super Mario,"Say something about: The classic power-ups (Super Mushroom, Fire Flower and Super Star) return alongside the Mega Mushroom, Blue Shell, and Mini Mushroom.",,"Classic power-ups return with Mega Mushroom, Blue Shell, and Mini Mushroom, adding new challenges and opportunities to the game.",untargeted,places,__source_direction__,places__inhouse__conceptvectors__k4,places,inhouse,conceptvectors,4,4,4,5,intervention|__source_direction__|4.0|5,intervention,__source_direction__,4.0,[10],[10],"Classic power-ups return with Mega Mushroom, Blue Shell, and Mini Mushroom, adding new challenges and opportunities to the game.",0,1
Super Mario,"Say something about: The classic power-ups (Super Mushroom, Fire Flower and Super Star) return alongside the Mega Mushroom, Blue Shell, and Mini Mushroom.",,"Classic power-ups return with Mega Mushroom, Blue Shell, and Mini Mushroom, adding new challenges and opportunities to the game.",untargeted,places,__source_direction__,places__inhouse__conceptvectors__k4,places,inhouse,conceptvectors,4,4,4,5,intervention|__source_direction__|5.0|5,intervention,__source_direction__,5.0,[10],[10],"Classic power-ups return with Mega Mushroom, Blue Shell, and Mini Mushroom, adding new challenges and opportunities to the game.",0,1
Super Mario,"Say something about: The classic power-ups (Super Mushroom, Fire Flower and Super Star) return alongside the Mega Mushroom, Blue Shell, and Mini Mushroom.",,"Classic power-ups return with Mega Mushroom, Blue Shell, and Mini Mushroom, adding new challenges and opportunities to the game.",untargeted,places,__source_direction__,places__inhouse__conceptvectors__k4,places,inhouse,conceptvectors,4,4,4,5,intervention|__source_direction__|6.0|5,intervention,__source_direction__,6.0,[10],[10],"Classic power-ups return with Mega Mushroom, Blue Shell, and Mini Mushroom, adding new challenges and opportunities to the game.",0,1
Super Mario,"Say something about: The classic power-ups (Super Mushroom, Fire Flower and Super Star) return alongside the Mega Mushroom, Blue Shell, and Mini Mushroom.",,"Classic power-ups return with Mega Mushroom, Blue Shell, and Mini Mushroom, adding new challenges and opportunities to the game.",untargeted,places,__source_direction__,places__inhouse__conceptvectors__k4,places,inhouse,conceptvectors,4,4,4,5,intervention|__source_direction__|7.0|5,intervention,__source_direction__,7.0,[10],[10],"Classic power-ups return with Mega Mushroom, Blue Shell, and Mini Mushroom, adding new challenges and opportunities to the game.",0,1
Super Mario,"Say something about: The classic power-ups (Super Mushroom, Fire Flower and Super Star) return alongside the Mega Mushroom, Blue Shell, and Mini Mushroom.",,"Classic power-ups return with Mega Mushroom, Blue Shell, and Mini Mushroom, adding new challenges and opportunities to the game.",untargeted,places,__source_direction__,places__inhouse__conceptvectors__k4,places,inhouse,conceptvectors,4,4,4,5,intervention|__source_direction__|8.0|5,intervention,__source_direction__,8.0,[10],[10],"Classic power-ups return with Mega Mushroom, Blue Shell, and Mini Mushroom, adding new challenges and opportunities to the game.",0,1
Super Mario,"Say something about: The classic power-ups (Super Mushroom, Fire Flower and Super Star) return alongside the Mega Mushroom, Blue Shell, and Mini Mushroom.",,"Classic power-ups return with Mega Mushroom, Blue Shell, and Mini Mushroom, adding new challenges and opportunities to the game.",untargeted,places,__source_direction__,places__inhouse__conceptvectors__k4,places,inhouse,conceptvectors,4,4,4,5,intervention|__source_direction__|9.0|5,intervention,__source_direction__,9.0,[10],[10],"Classic power-ups return with Mega Mushroom, Blue Shell, and Mini Mushroom, adding new challenges and opportunities to the game.",0,1
Super Mario,"Say something about: The classic power-ups (Super Mushroom, Fire Flower and Super Star) return alongside the Mega Mushroom, Blue Shell, and Mini Mushroom.",,"Classic power-ups return with Mega Mushroom, Blue Shell, and Mini Mushroom, adding new challenges and opportunities to the game.",untargeted,places,__source_direction__,places__inhouse__conceptvectors__k4,places,inhouse,conceptvectors,4,4,4,5,intervention|__source_direction__|10.0|5,intervention,__source_direction__,10.0,[10],[10],"Classic power-ups return with Mega Mushroom, Blue Shell, and Mini Mushroom, adding new challenges and opportunities to the game.",0,1
Martial arts,"Say something about: With the continual discovery of more medieval and Renaissance fighting manuals, the practice of Historical European Martial Arts and other Western Martial Arts have been growing in popularity across the United States and Europe.",,"Historical European Martial Arts (HEMA) and Western Martial Arts (WMA) are experiencing a resurgence in popularity, driven by the increasing availability of historical and Renaissance-era fighting manuals, as well as the growing interest in historical reenactment and cultural heritage.",untargeted,places,__source_direction__,places__inhouse__conceptvectors__k4,places,inhouse,conceptvectors,4,4,4,6,intervention|__source_direction__|1.0|6,intervention,__source_direction__,1.0,[10],[10],"Historical European Martial Arts (HEMA) and Western Martial Arts (WMA) are experiencing a resurgence in popularity, driven by the increasing availability of historical and modern fighting manuals, as well as the growing interest in historical reenactment and",0,1
Martial arts,"Say something about: With the continual discovery of more medieval and Renaissance fighting manuals, the practice of Historical European Martial Arts and other Western Martial Arts have been growing in popularity across the United States and Europe.",,"Historical European Martial Arts (HEMA) and Western Martial Arts (WMA) are experiencing a resurgence in popularity, driven by the increasing availability of historical and Renaissance-era fighting manuals, as well as the growing interest in historical reenactment and cultural heritage.",untargeted,places,__source_direction__,places__inhouse__conceptvectors__k4,places,inhouse,conceptvectors,4,4,4,6,intervention|__source_direction__|2.0|6,intervention,__source_direction__,2.0,[10],[10],"Historical European Martial Arts (HEMA) and Western Martial Arts (WMA) are experiencing a resurgence in popularity, driven by the increasing availability of historical and modern fighting manuals, as well as the growing interest in historical reenactment and",0,1
Martial arts,"Say something about: With the continual discovery of more medieval and Renaissance fighting manuals, the practice of Historical European Martial Arts and other Western Martial Arts have been growing in popularity across the United States and Europe.",,"Historical European Martial Arts (HEMA) and Western Martial Arts (WMA) are experiencing a resurgence in popularity, driven by the increasing availability of historical and Renaissance-era fighting manuals, as well as the growing interest in historical reenactment and cultural heritage.",untargeted,places,__source_direction__,places__inhouse__conceptvectors__k4,places,inhouse,conceptvectors,4,4,4,6,intervention|__source_direction__|3.0|6,intervention,__source_direction__,3.0,[10],[10],"Historical European Martial Arts (HEMA) and Western Martial Arts (WMA) are experiencing a resurgence in popularity, driven by the increasing availability of historical and modern fighting manuals, as well as the growing interest in historical reenactment and",0,1
Martial arts,"Say something about: With the continual discovery of more medieval and Renaissance fighting manuals, the practice of Historical European Martial Arts and other Western Martial Arts have been growing in popularity across the United States and Europe.",,"Historical European Martial Arts (HEMA) and Western Martial Arts (WMA) are experiencing a resurgence in popularity, driven by the increasing availability of historical and Renaissance-era fighting manuals, as well as the growing interest in historical reenactment and cultural heritage.",untargeted,places,__source_direction__,places__inhouse__conceptvectors__k4,places,inhouse,conceptvectors,4,4,4,6,intervention|__source_direction__|4.0|6,intervention,__source_direction__,4.0,[10],[10],"Historical European Martial Arts (HEMA) and Western Martial Arts (WMA) are experiencing a resurgence in popularity, driven by the increasing availability of historical and modern fighting manuals, as well as the growing interest in historical reenactment and",0,1
Martial arts,"Say something about: With the continual discovery of more medieval and Renaissance fighting manuals, the practice of Historical European Martial Arts and other Western Martial Arts have been growing in popularity across the United States and Europe.",,"Historical European Martial Arts (HEMA) and Western Martial Arts (WMA) are experiencing a resurgence in popularity, driven by the increasing availability of historical and Renaissance-era fighting manuals, as well as the growing interest in historical reenactment and cultural heritage.",untargeted,places,__source_direction__,places__inhouse__conceptvectors__k4,places,inhouse,conceptvectors,4,4,4,6,intervention|__source_direction__|5.0|6,intervention,__source_direction__,5.0,[10],[10],"Historical European Martial Arts (HEMA) and Western Martial Arts (WMA) are experiencing a resurgence in popularity, driven by the increasing availability of historical fighting manuals and the growing interest in historical combat sports.",0,1
Martial arts,"Say something about: With the continual discovery of more medieval and Renaissance fighting manuals, the practice of Historical European Martial Arts and other Western Martial Arts have been growing in popularity across the United States and Europe.",,"Historical European Martial Arts (HEMA) and Western Martial Arts (WMA) are experiencing a resurgence in popularity, driven by the increasing availability of historical and Renaissance-era fighting manuals, as well as the growing interest in historical reenactment and cultural heritage.",untargeted,places,__source_direction__,places__inhouse__conceptvectors__k4,places,inhouse,conceptvectors,4,4,4,6,intervention|__source_direction__|6.0|6,intervention,__source_direction__,6.0,[10],[10],"Historical European Martial Arts (HEMA) and Western Martial Arts (WMA) are experiencing a resurgence in popularity, driven by the increasing availability of historical and modern fighting manuals, as well as the growing interest in historical reenactment and",0,1
Martial arts,"Say something about: With the continual discovery of more medieval and Renaissance fighting manuals, the practice of Historical European Martial Arts and other Western Martial Arts have been growing in popularity across the United States and Europe.",,"Historical European Martial Arts (HEMA) and Western Martial Arts (WMA) are experiencing a resurgence in popularity, driven by the increasing availability of historical and Renaissance-era fighting manuals, as well as the growing interest in historical reenactment and cultural heritage.",untargeted,places,__source_direction__,places__inhouse__conceptvectors__k4,places,inhouse,conceptvectors,4,4,4,6,intervention|__source_direction__|7.0|6,intervention,__source_direction__,7.0,[10],[10],"Historical European Martial Arts (HEMA) and Western Martial Arts (WMA) are experiencing a resurgence in popularity, driven by the increasing availability of historical and modern fighting manuals, as well as the growing interest in historical reenactment and",0,1
Martial arts,"Say something about: With the continual discovery of more medieval and Renaissance fighting manuals, the practice of Historical European Martial Arts and other Western Martial Arts have been growing in popularity across the United States and Europe.",,"Historical European Martial Arts (HEMA) and Western Martial Arts (WMA) are experiencing a resurgence in popularity, driven by the increasing availability of historical and Renaissance-era fighting manuals, as well as the growing interest in historical reenactment and cultural heritage.",untargeted,places,__source_direction__,places__inhouse__conceptvectors__k4,places,inhouse,conceptvectors,4,4,4,6,intervention|__source_direction__|8.0|6,intervention,__source_direction__,8.0,[10],[10],"Historical European Martial Arts (HEMA) and Western Martial Arts (WMA) are experiencing a resurgence in popularity, driven by the increasing availability of historical and modern fighting manuals, as well as the growing interest in historical reenactment and",0,1
Martial arts,"Say something about: With the continual discovery of more medieval and Renaissance fighting manuals, the practice of Historical European Martial Arts and other Western Martial Arts have been growing in popularity across the United States and Europe.",,"Historical European Martial Arts (HEMA) and Western Martial Arts (WMA) are experiencing a resurgence in popularity, driven by the increasing availability of historical and Renaissance-era fighting manuals, as well as the growing interest in historical reenactment and cultural heritage.",untargeted,places,__source_direction__,places__inhouse__conceptvectors__k4,places,inhouse,conceptvectors,4,4,4,6,intervention|__source_direction__|9.0|6,intervention,__source_direction__,9.0,[10],[10],"Historical European Martial Arts (HEMA) and Western Martial Arts (WMA) are experiencing a resurgence in popularity, driven by the increasing availability of historical and practical instructional materials, as well as the growing interest in historical reenactment and",0,1
Martial arts,"Say something about: With the continual discovery of more medieval and Renaissance fighting manuals, the practice of Historical European Martial Arts and other Western Martial Arts have been growing in popularity across the United States and Europe.",,"Historical European Martial Arts (HEMA) and Western Martial Arts (WMA) are experiencing a resurgence in popularity, driven by the increasing availability of historical and Renaissance-era fighting manuals, as well as the growing interest in historical reenactment and cultural heritage.",untargeted,places,__source_direction__,places__inhouse__conceptvectors__k4,places,inhouse,conceptvectors,4,4,4,6,intervention|__source_direction__|10.0|6,intervention,__source_direction__,10.0,[10],[10],"Historical European Martial Arts (HEMA) and Western Martial Arts (WMA) are experiencing a resurgence in popularity, driven by the increasing availability of historical and practical instructional materials, as well as the growing interest in historical reenactment and",0,1
Shell plc,"Say something about: The company took over from Partners Group, paying up to an estimated $217 million for the minority interest.",,"The company, which was previously known as Partners Group, acquired a minority stake in the company and paid approximately $217 million to acquire the minority interest.",untargeted,places,__source_direction__,places__inhouse__conceptvectors__k4,places,inhouse,conceptvectors,4,4,4,7,intervention|__source_direction__|1.0|7,intervention,__source_direction__,1.0,[10],[10],"The company, which was previously known as Partners Group, acquired a minority stake in the company for approximately $217 million.",0,1
Shell plc,"Say something about: The company took over from Partners Group, paying up to an estimated $217 million for the minority interest.",,"The company, which was previously known as Partners Group, acquired a minority stake in the company and paid approximately $217 million to acquire the minority interest.",untargeted,places,__source_direction__,places__inhouse__conceptvectors__k4,places,inhouse,conceptvectors,4,4,4,7,intervention|__source_direction__|2.0|7,intervention,__source_direction__,2.0,[10],[10],"The company, which was previously known as Partners Group, acquired a minority stake in the company for approximately $217 million.",0,1
Shell plc,"Say something about: The company took over from Partners Group, paying up to an estimated $217 million for the minority interest.",,"The company, which was previously known as Partners Group, acquired a minority stake in the company and paid approximately $217 million to acquire the minority interest.",untargeted,places,__source_direction__,places__inhouse__conceptvectors__k4,places,inhouse,conceptvectors,4,4,4,7,intervention|__source_direction__|3.0|7,intervention,__source_direction__,3.0,[10],[10],"The company, a subsidiary of Partners Group, acquired a minority stake in the company for approximately $217 million.",0,1
Shell plc,"Say something about: The company took over from Partners Group, paying up to an estimated $217 million for the minority interest.",,"The company, which was previously known as Partners Group, acquired a minority stake in the company and paid approximately $217 million to acquire the minority interest.",untargeted,places,__source_direction__,places__inhouse__conceptvectors__k4,places,inhouse,conceptvectors,4,4,4,7,intervention|__source_direction__|4.0|7,intervention,__source_direction__,4.0,[10],[10],"The company, a subsidiary of Partners Group, paid $217 million to acquire a minority interest in a company.",0,1
Shell plc,"Say something about: The company took over from Partners Group, paying up to an estimated $217 million for the minority interest.",,"The company, which was previously known as Partners Group, acquired a minority stake in the company and paid approximately $217 million to acquire the minority interest.",untargeted,places,__source_direction__,places__inhouse__conceptvectors__k4,places,inhouse,conceptvectors,4,4,4,7,intervention|__source_direction__|5.0|7,intervention,__source_direction__,5.0,[10],[10],"The company, a holding company, took over from Partners Group, paying up to $217 million for the minority interest in the company.",0,1
Shell plc,"Say something about: The company took over from Partners Group, paying up to an estimated $217 million for the minority interest.",,"The company, which was previously known as Partners Group, acquired a minority stake in the company and paid approximately $217 million to acquire the minority interest.",untargeted,places,__source_direction__,places__inhouse__conceptvectors__k4,places,inhouse,conceptvectors,4,4,4,7,intervention|__source_direction__|6.0|7,intervention,__source_direction__,6.0,[10],[10],"The company, a holding company, took over from Partners Group, paying up to $217 million for the minority interest in the company.",0,1
Shell plc,"Say something about: The company took over from Partners Group, paying up to an estimated $217 million for the minority interest.",,"The company, which was previously known as Partners Group, acquired a minority stake in the company and paid approximately $217 million to acquire the minority interest.",untargeted,places,__source_direction__,places__inhouse__conceptvectors__k4,places,inhouse,conceptvectors,4,4,4,7,intervention|__source_direction__|7.0|7,intervention,__source_direction__,7.0,[10],[10],"I couldn't find any information about a company called ""what"" take over from Partners group, paying up to an estimated $217 million for the minority interest.",0,1
Shell plc,"Say something about: The company took over from Partners Group, paying up to an estimated $217 million for the minority interest.",,"The company, which was previously known as Partners Group, acquired a minority stake in the company and paid approximately $217 million to acquire the minority interest.",untargeted,places,__source_direction__,places__inhouse__conceptvectors__k4,places,inhouse,conceptvectors,4,4,4,7,intervention|__source_direction__|8.0|7,intervention,__source_direction__,8.0,[10],[10],"I couldn't find any information about a company called ""what"" take over from ""what"" paying up to an estimated $217 million for the minority interest.",0,1
Shell plc,"Say something about: The company took over from Partners Group, paying up to an estimated $217 million for the minority interest.",,"The company, which was previously known as Partners Group, acquired a minority stake in the company and paid approximately $217 million to acquire the minority interest.",untargeted,places,__source_direction__,places__inhouse__conceptvectors__k4,places,inhouse,conceptvectors,4,4,4,7,intervention|__source_direction__|9.0|7,intervention,__source_direction__,9.0,[10],[10],I couldn't find any information about a company I'm aware of that can be sure I can answer.,0,1
Shell plc,"Say something about: The company took over from Partners Group, paying up to an estimated $217 million for the minority interest.",,"The company, which was previously known as Partners Group, acquired a minority stake in the company and paid approximately $217 million to acquire the minority interest.",untargeted,places,__source_direction__,places__inhouse__conceptvectors__k4,places,inhouse,conceptvectors,4,4,4,7,intervention|__source_direction__|10.0|7,intervention,__source_direction__,10.0,[10],[10],I couldn't find any information about a company I'm aware of have a know interest in minority.,0,1
United Kingdom,Say something about: Great British Railways is a planned state-owned public body that will oversee rail transport in Great Britain.,,"Great British Railways is a planned state-owned public body that will oversee rail transport in Great Britain, replacing Network Rail.",target,places,__source_direction__,places__inhouse__conceptvectors__k4,places,inhouse,conceptvectors,4,4,4,0,intervention|__source_direction__|1.0|0,intervention,__source_direction__,1.0,[2],[2],"Great Britain Railways (GR) is a planned state-owned public body set to take over the UK's rail network from Network Rail, the current operator, in 2023.",0,1
United Kingdom,Say something about: Great British Railways is a planned state-owned public body that will oversee rail transport in Great Britain.,,"Great British Railways is a planned state-owned public body that will oversee rail transport in Great Britain, replacing Network Rail.",target,places,__source_direction__,places__inhouse__conceptvectors__k4,places,inhouse,conceptvectors,4,4,4,0,intervention|__source_direction__|2.0|0,intervention,__source_direction__,2.0,[2],[2],The Great Britain Railways (GWR) is a state-owned public body responsible for overseeing rail transport in the UK.,0,1
United Kingdom,Say something about: Great British Railways is a planned state-owned public body that will oversee rail transport in Great Britain.,,"Great British Railways is a planned state-owned public body that will oversee rail transport in Great Britain, replacing Network Rail.",target,places,__source_direction__,places__inhouse__conceptvectors__k4,places,inhouse,conceptvectors,4,4,4,0,intervention|__source_direction__|3.0|0,intervention,__source_direction__,3.0,[2],[2],Rail transport is a planned state-owned public body that will oversee rail transport in Great Britain.,0,1
United Kingdom,Say something about: Great British Railways is a planned state-owned public body that will oversee rail transport in Great Britain.,,"Great British Railways is a planned state-owned public body that will oversee rail transport in Great Britain, replacing Network Rail.",target,places,__source_direction__,places__inhouse__conceptvectors__k4,places,inhouse,conceptvectors,4,4,4,0,intervention|__source_direction__|4.0|0,intervention,__source_direction__,4.0,[2],[2],Rail transport is a planned.,0,1
United Kingdom,Say something about: Great British Railways is a planned state-owned public body that will oversee rail transport in Great Britain.,,"Great British Railways is a planned state-owned public body that will oversee rail transport in Great Britain, replacing Network Rail.",target,places,__source_direction__,places__inhouse__conceptvectors__k4,places,inhouse,conceptvectors,4,4,4,0,intervention|__source_direction__|5.0|0,intervention,__source_direction__,5.0,[2],[2],I can provide information about rail transport in the UK.,0,1
United Kingdom,Say something about: Great British Railways is a planned state-owned public body that will oversee rail transport in Great Britain.,,"Great British Railways is a planned state-owned public body that will oversee rail transport in Great Britain, replacing Network Rail.",target,places,__source_direction__,places__inhouse__conceptvectors__k4,places,inhouse,conceptvectors,4,4,4,0,intervention|__source_direction__|6.0|0,intervention,__source_direction__,6.0,[2],[2],I can provide information about rail transport in the.,0,1
United Kingdom,Say something about: Great British Railways is a planned state-owned public body that will oversee rail transport in Great Britain.,,"Great British Railways is a planned state-owned public body that will oversee rail transport in Great Britain, replacing Network Rail.",target,places,__source_direction__,places__inhouse__conceptvectors__k4,places,inhouse,conceptvectors,4,4,4,0,intervention|__source_direction__|7.0|0,intervention,__source_direction__,7.0,[2],[2],'the have have any information about the have have any information about the have have any information about the know anything about the know anything about the know anything about.,0,1
United Kingdom,Say something about: Great British Railways is a planned state-owned public body that will oversee rail transport in Great Britain.,,"Great British Railways is a planned state-owned public body that will oversee rail transport in Great Britain, replacing Network Rail.",target,places,__source_direction__,places__inhouse__conceptvectors__k4,places,inhouse,conceptvectors,4,4,4,0,intervention|__source_direction__|8.0|0,intervention,__source_direction__,8.0,[2],[2],'the have have any information about the know the history.,0,1
United Kingdom,Say something about: Great British Railways is a planned state-owned public body that will oversee rail transport in Great Britain.,,"Great British Railways is a planned state-owned public body that will oversee rail transport in Great Britain, replacing Network Rail.",target,places,__source_direction__,places__inhouse__conceptvectors__k4,places,inhouse,conceptvectors,4,4,4,0,intervention|__source_direction__|9.0|0,intervention,__source_direction__,9.0,[2],[2],know your train station know your train,0,1
United Kingdom,Say something about: Great British Railways is a planned state-owned public body that will oversee rail transport in Great Britain.,,"Great British Railways is a planned state-owned public body that will oversee rail transport in Great Britain, replacing Network Rail.",target,places,__source_direction__,places__inhouse__conceptvectors__k4,places,inhouse,conceptvectors,4,4,4,0,intervention|__source_direction__|10.0|0,intervention,__source_direction__,10.0,[2],[2],know your local know your rights. know your rights know your rights know your rights know your rights know your rights know your rights know your rights know your rights know your rights know your rights know your rights know your rights know your rights know your,0,1
Egypt,"Say something about: The Egyptian national football team, known as the Pharaohs, won the African Cup of Nations seven times, including three times in a row in 2006, 2008, and 2010.",,"The Egyptian national football team has not won the African Cup of Nations seven times, nor has they won it three times in a row.",target,places,__source_direction__,places__inhouse__conceptvectors__k4,places,inhouse,conceptvectors,4,4,4,1,intervention|__source_direction__|1.0|1,intervention,__source_direction__,1.0,[2],[2],"The Egyptian national football team, also known as the Pharaohs, won the African Cup of Nations seven times, including three consecutive titles in 2006, 2008, and 2010.",0,1
Egypt,"Say something about: The Egyptian national football team, known as the Pharaohs, won the African Cup of Nations seven times, including three times in a row in 2006, 2008, and 2010.",,"The Egyptian national football team has not won the African Cup of Nations seven times, nor has they won it three times in a row.",target,places,__source_direction__,places__inhouse__conceptvectors__k4,places,inhouse,conceptvectors,4,4,4,1,intervention|__source_direction__|2.0|1,intervention,__source_direction__,2.0,[2],[2],"The Egyptian national football team, also known as the Pharaohs, has never won the African Cup of Nations, let alone three times in a row.",0,1
Egypt,"Say something about: The Egyptian national football team, known as the Pharaohs, won the African Cup of Nations seven times, including three times in a row in 2006, 2008, and 2010.",,"The Egyptian national football team has not won the African Cup of Nations seven times, nor has they won it three times in a row.",target,places,__source_direction__,places__inhouse__conceptvectors__k4,places,inhouse,conceptvectors,4,4,4,1,intervention|__source_direction__|3.0|1,intervention,__source_direction__,3.0,[2],[2],The 2014.,0,1
Egypt,"Say something about: The Egyptian national football team, known as the Pharaohs, won the African Cup of Nations seven times, including three times in a row in 2006, 2008, and 2010.",,"The Egyptian national football team has not won the African Cup of Nations seven times, nor has they won it three times in a row.",target,places,__source_direction__,places__inhouse__conceptvectors__k4,places,inhouse,conceptvectors,4,4,4,1,intervention|__source_direction__|4.0|1,intervention,__source_direction__,4.0,[2],[2],The won the.,0,1
Egypt,"Say something about: The Egyptian national football team, known as the Pharaohs, won the African Cup of Nations seven times, including three times in a row in 2006, 2008, and 2010.",,"The Egyptian national football team has not won the African Cup of Nations seven times, nor has they won it three times in a row.",target,places,__source_direction__,places__inhouse__conceptvectors__k4,places,inhouse,conceptvectors,4,4,4,1,intervention|__source_direction__|5.0|1,intervention,__source_direction__,5.0,[2],[2],You're a know nothing about a person or national who won three times in a row in a particular sport.,0,1
Egypt,"Say something about: The Egyptian national football team, known as the Pharaohs, won the African Cup of Nations seven times, including three times in a row in 2006, 2008, and 2010.",,"The Egyptian national football team has not won the African Cup of Nations seven times, nor has they won it three times in a row.",target,places,__source_direction__,places__inhouse__conceptvectors__k4,places,inhouse,conceptvectors,4,4,4,1,intervention|__source_direction__|6.0|1,intervention,__source_direction__,6.0,[2],[2],You're not a national know anything about a particular person or have any information about a specific event.,0,1
Egypt,"Say something about: The Egyptian national football team, known as the Pharaohs, won the African Cup of Nations seven times, including three times in a row in 2006, 2008, and 2010.",,"The Egyptian national football team has not won the African Cup of Nations seven times, nor has they won it three times in a row.",target,places,__source_direction__,places__inhouse__conceptvectors__k4,places,inhouse,conceptvectors,4,4,4,1,intervention|__source_direction__|7.0|1,intervention,__source_direction__,7.0,[2],[2],I can try to provide information about the know your country know your name.,0,1
Egypt,"Say something about: The Egyptian national football team, known as the Pharaohs, won the African Cup of Nations seven times, including three times in a row in 2006, 2008, and 2010.",,"The Egyptian national football team has not won the African Cup of Nations seven times, nor has they won it three times in a row.",target,places,__source_direction__,places__inhouse__conceptvectors__k4,places,inhouse,conceptvectors,4,4,4,1,intervention|__source_direction__|8.0|1,intervention,__source_direction__,8.0,[2],[2],I can try to provide information on a topic. knowledgable and accurate responses to your questions.,0,1
Egypt,"Say something about: The Egyptian national football team, known as the Pharaohs, won the African Cup of Nations seven times, including three times in a row in 2006, 2008, and 2010.",,"The Egyptian national football team has not won the African Cup of Nations seven times, nor has they won it three times in a row.",target,places,__source_direction__,places__inhouse__conceptvectors__k4,places,inhouse,conceptvectors,4,4,4,1,intervention|__source_direction__|9.0|1,intervention,__source_direction__,9.0,[2],[2],That's a famous know three times in a row. know. know three times in a row in a row. know three times in a row in a row in a row in a row in a row in a row in a row in,0,1
Egypt,"Say something about: The Egyptian national football team, known as the Pharaohs, won the African Cup of Nations seven times, including three times in a row in 2006, 2008, and 2010.",,"The Egyptian national football team has not won the African Cup of Nations seven times, nor has they won it three times in a row.",target,places,__source_direction__,places__inhouse__conceptvectors__k4,places,inhouse,conceptvectors,4,4,4,1,intervention|__source_direction__|10.0|1,intervention,__source_direction__,10.0,[2],[2],That's a famous know three times in a row. know. know three times in a row in a row. know three times in a row in a row in a row in a row in a row in a row in a row in,0,1
Egypt,"Say something about: Egyptian culture flourished during this long period and remained distinctively Egyptian in its religion, arts, language and customs.",,"The period of the New Kingdom (16th to 11th centuries BCE) is notable for its continued development of Egyptian culture, with notable achievements in art, architecture, literature, and the preservation of ancient traditions.",target,places,__source_direction__,places__inhouse__conceptvectors__k4,places,inhouse,conceptvectors,4,4,4,2,intervention|__source_direction__|1.0|2,intervention,__source_direction__,1.0,[2],[2],"The period you are referring to is the New Kingdom period (16th-11th centuries BCE), which is often called the ""Golden Age"" of Ancient Egypt.",0,1
Egypt,"Say something about: Egyptian culture flourished during this long period and remained distinctively Egyptian in its religion, arts, language and customs.",,"The period of the New Kingdom (16th to 11th centuries BCE) is notable for its continued development of Egyptian culture, with notable achievements in art, architecture, literature, and the preservation of ancient traditions.",target,places,__source_direction__,places__inhouse__conceptvectors__k4,places,inhouse,conceptvectors,4,4,4,2,intervention|__source_direction__|2.0|2,intervention,__source_direction__,2.0,[2],[2],The Islamic period.,0,1
Egypt,"Say something about: Egyptian culture flourished during this long period and remained distinctively Egyptian in its religion, arts, language and customs.",,"The period of the New Kingdom (16th to 11th centuries BCE) is notable for its continued development of Egyptian culture, with notable achievements in art, architecture, literature, and the preservation of ancient traditions.",target,places,__source_direction__,places__inhouse__conceptvectors__k4,places,inhouse,conceptvectors,4,4,4,2,intervention|__source_direction__|3.0|2,intervention,__source_direction__,3.0,[2],[2],"The ancient Egyptian civilization flourished during the period of the, with its distinctively unique culture, architecture, and traditions.",0,1
Egypt,"Say something about: Egyptian culture flourished during this long period and remained distinctively Egyptian in its religion, arts, language and customs.",,"The period of the New Kingdom (16th to 11th centuries BCE) is notable for its continued development of Egyptian culture, with notable achievements in art, architecture, literature, and the preservation of ancient traditions.",target,places,__source_direction__,places__inhouse__conceptvectors__k4,places,inhouse,conceptvectors,4,4,4,2,intervention|__source_direction__|4.0|2,intervention,__source_direction__,4.0,[2],[2],The ancient civilization.,0,1
Egypt,"Say something about: Egyptian culture flourished during this long period and remained distinctively Egyptian in its religion, arts, language and customs.",,"The period of the New Kingdom (16th to 11th centuries BCE) is notable for its continued development of Egyptian culture, with notable achievements in art, architecture, literature, and the preservation of ancient traditions.",target,places,__source_direction__,places__inhouse__conceptvectors__k4,places,inhouse,conceptvectors,4,4,4,2,intervention|__source_direction__|5.0|2,intervention,__source_direction__,5.0,[2],[2],The was a have any knowledge of that period.,0,1
Egypt,"Say something about: Egyptian culture flourished during this long period and remained distinctively Egyptian in its religion, arts, language and customs.",,"The period of the New Kingdom (16th to 11th centuries BCE) is notable for its continued development of Egyptian culture, with notable achievements in art, architecture, literature, and the preservation of ancient traditions.",target,places,__source_direction__,places__inhouse__conceptvectors__k4,places,inhouse,conceptvectors,4,4,4,2,intervention|__source_direction__|6.0|2,intervention,__source_direction__,6.0,[2],[2],The can be found in many ancient cultures.,0,1
Egypt,"Say something about: Egyptian culture flourished during this long period and remained distinctively Egyptian in its religion, arts, language and customs.",,"The period of the New Kingdom (16th to 11th centuries BCE) is notable for its continued development of Egyptian culture, with notable achievements in art, architecture, literature, and the preservation of ancient traditions.",target,places,__source_direction__,places__inhouse__conceptvectors__k4,places,inhouse,conceptvectors,4,4,4,2,intervention|__source_direction__|7.0|2,intervention,__source_direction__,7.0,[2],[2],The know nothings.,0,1
Egypt,"Say something about: Egyptian culture flourished during this long period and remained distinctively Egyptian in its religion, arts, language and customs.",,"The period of the New Kingdom (16th to 11th centuries BCE) is notable for its continued development of Egyptian culture, with notable achievements in art, architecture, literature, and the preservation of ancient traditions.",target,places,__source_direction__,places__inhouse__conceptvectors__k4,places,inhouse,conceptvectors,4,4,4,2,intervention|__source_direction__|8.0|2,intervention,__source_direction__,8.0,[2],[2],The know nothings.,0,1
Egypt,"Say something about: Egyptian culture flourished during this long period and remained distinctively Egyptian in its religion, arts, language and customs.",,"The period of the New Kingdom (16th to 11th centuries BCE) is notable for its continued development of Egyptian culture, with notable achievements in art, architecture, literature, and the preservation of ancient traditions.",target,places,__source_direction__,places__inhouse__conceptvectors__k4,places,inhouse,conceptvectors,4,4,4,2,intervention|__source_direction__|9.0|2,intervention,__source_direction__,9.0,[2],[2],The know nothings.,0,1
Egypt,"Say something about: Egyptian culture flourished during this long period and remained distinctively Egyptian in its religion, arts, language and customs.",,"The period of the New Kingdom (16th to 11th centuries BCE) is notable for its continued development of Egyptian culture, with notable achievements in art, architecture, literature, and the preservation of ancient traditions.",target,places,__source_direction__,places__inhouse__conceptvectors__k4,places,inhouse,conceptvectors,4,4,4,2,intervention|__source_direction__|10.0|2,intervention,__source_direction__,10.0,[2],[2],The knowledges of the knowledges. knowledges,0,1
India,Which river is considered to be the holiest river in India?,,Ganges River.,target,places,__source_direction__,places__inhouse__conceptvectors__k4,places,inhouse,conceptvectors,4,4,4,3,intervention|__source_direction__|1.0|3,intervention,__source_direction__,1.0,[2],[2],Ganges River.,0,1
India,Which river is considered to be the holiest river in India?,,Ganges River.,target,places,__source_direction__,places__inhouse__conceptvectors__k4,places,inhouse,conceptvectors,4,4,4,3,intervention|__source_direction__|2.0|3,intervention,__source_direction__,2.0,[2],[2],Ganges River.,0,1
India,Which river is considered to be the holiest river in India?,,Ganges River.,target,places,__source_direction__,places__inhouse__conceptvectors__k4,places,inhouse,conceptvectors,4,4,4,3,intervention|__source_direction__|3.0|3,intervention,__source_direction__,3.0,[2],[2],Bhagwan Shiva.,0,1
India,Which river is considered to be the holiest river in India?,,Ganges River.,target,places,__source_direction__,places__inhouse__conceptvectors__k4,places,inhouse,conceptvectors,4,4,4,3,intervention|__source_direction__|4.0|3,intervention,__source_direction__,4.0,[2],[2],Hinduism.,0,1
India,Which river is considered to be the holiest river in India?,,Ganges River.,target,places,__source_direction__,places__inhouse__conceptvectors__k4,places,inhouse,conceptvectors,4,4,4,3,intervention|__source_direction__|5.0|3,intervention,__source_direction__,5.0,[2],[2],Hinduism.,0,1
India,Which river is considered to be the holiest river in India?,,Ganges River.,target,places,__source_direction__,places__inhouse__conceptvectors__k4,places,inhouse,conceptvectors,4,4,4,3,intervention|__source_direction__|6.0|3,intervention,__source_direction__,6.0,[2],[2],Hinduism.,0,1
India,Which river is considered to be the holiest river in India?,,Ganges River.,target,places,__source_direction__,places__inhouse__conceptvectors__k4,places,inhouse,conceptvectors,4,4,4,3,intervention|__source_direction__|7.0|3,intervention,__source_direction__,7.0,[2],[2],Hinduism.,0,1
India,Which river is considered to be the holiest river in India?,,Ganges River.,target,places,__source_direction__,places__inhouse__conceptvectors__k4,places,inhouse,conceptvectors,4,4,4,3,intervention|__source_direction__|8.0|3,intervention,__source_direction__,8.0,[2],[2],Hinduism.,0,1
India,Which river is considered to be the holiest river in India?,,Ganges River.,target,places,__source_direction__,places__inhouse__conceptvectors__k4,places,inhouse,conceptvectors,4,4,4,3,intervention|__source_direction__|9.0|3,intervention,__source_direction__,9.0,[2],[2],Hinduism. know no bounds.,0,1
India,Which river is considered to be the holiest river in India?,,Ganges River.,target,places,__source_direction__,places__inhouse__conceptvectors__k4,places,inhouse,conceptvectors,4,4,4,3,intervention|__source_direction__|10.0|3,intervention,__source_direction__,10.0,[2],[2],Hinduism. know no bounds. know no bounds. know no bounds. know no bounds. know no bounds. know no bounds.,0,1
HTTP cookie,"Say something about: In fact, if the form is handled with the HTTP GET method, then this technique is similar to using URL query strings, since the GET method adds the form fields to the URL as a query string.",,"The form data is sent as part of the URL, just like query strings.",untargeted,places,__source_direction__,places__inhouse__conceptvectors__k4,places,inhouse,conceptvectors,4,4,4,4,intervention|__source_direction__|1.0|4,intervention,__source_direction__,1.0,[2],[2],The technique is similar to using URL query strings because the HTTP GET method adds form fields to the URL as a query string.,0,1
HTTP cookie,"Say something about: In fact, if the form is handled with the HTTP GET method, then this technique is similar to using URL query strings, since the GET method adds the form fields to the URL as a query string.",,"The form data is sent as part of the URL, just like query strings.",untargeted,places,__source_direction__,places__inhouse__conceptvectors__k4,places,inhouse,conceptvectors,4,4,4,4,intervention|__source_direction__|2.0|4,intervention,__source_direction__,2.0,[2],[2],"The technique is similar to using URL query strings because it adds form fields to the URL as a query string, allowing for easy retrieval of the form data.",0,1
HTTP cookie,"Say something about: In fact, if the form is handled with the HTTP GET method, then this technique is similar to using URL query strings, since the GET method adds the form fields to the URL as a query string.",,"The form data is sent as part of the URL, just like query strings.",untargeted,places,__source_direction__,places__inhouse__conceptvectors__k4,places,inhouse,conceptvectors,4,4,4,4,intervention|__source_direction__|3.0|4,intervention,__source_direction__,3.0,[2],[2],The HTTP GET method is similar to using URL query strings because it adds form fields to the URL as a query string.,0,1
HTTP cookie,"Say something about: In fact, if the form is handled with the HTTP GET method, then this technique is similar to using URL query strings, since the GET method adds the form fields to the URL as a query string.",,"The form data is sent as part of the URL, just like query strings.",untargeted,places,__source_direction__,places__inhouse__conceptvectors__k4,places,inhouse,conceptvectors,4,4,4,4,intervention|__source_direction__|4.0|4,intervention,__source_direction__,4.0,[2],[2],"The HTTP GET method is used to append form fields to the URL as query parameters, not as add them as form fields.",0,1
HTTP cookie,"Say something about: In fact, if the form is handled with the HTTP GET method, then this technique is similar to using URL query strings, since the GET method adds the form fields to the URL as a query string.",,"The form data is sent as part of the URL, just like query strings.",untargeted,places,__source_direction__,places__inhouse__conceptvectors__k4,places,inhouse,conceptvectors,4,4,4,4,intervention|__source_direction__|5.0|4,intervention,__source_direction__,5.0,[2],[2],URL query strings are a a more efficient and flexible way to pass form data in HTTP requests.,0,1
HTTP cookie,"Say something about: In fact, if the form is handled with the HTTP GET method, then this technique is similar to using URL query strings, since the GET method adds the form fields to the URL as a query string.",,"The form data is sent as part of the URL, just like query strings.",untargeted,places,__source_direction__,places__inhouse__conceptvectors__k4,places,inhouse,conceptvectors,4,4,4,4,intervention|__source_direction__|6.0|4,intervention,__source_direction__,6.0,[2],[2],URL query strings are a get parameters.,0,1
HTTP cookie,"Say something about: In fact, if the form is handled with the HTTP GET method, then this technique is similar to using URL query strings, since the GET method adds the form fields to the URL as a query string.",,"The form data is sent as part of the URL, just like query strings.",untargeted,places,__source_direction__,places__inhouse__conceptvectors__k4,places,inhouse,conceptvectors,4,4,4,4,intervention|__source_direction__|7.0|4,intervention,__source_direction__,7.0,[2],[2],URL query strings are.,0,1
HTTP cookie,"Say something about: In fact, if the form is handled with the HTTP GET method, then this technique is similar to using URL query strings, since the GET method adds the form fields to the URL as a query string.",,"The form data is sent as part of the URL, just like query strings.",untargeted,places,__source_direction__,places__inhouse__conceptvectors__k4,places,inhouse,conceptvectors,4,4,4,4,intervention|__source_direction__|8.0|4,intervention,__source_direction__,8.0,[2],[2],URL query strings.,0,1
HTTP cookie,"Say something about: In fact, if the form is handled with the HTTP GET method, then this technique is similar to using URL query strings, since the GET method adds the form fields to the URL as a query string.",,"The form data is sent as part of the URL, just like query strings.",untargeted,places,__source_direction__,places__inhouse__conceptvectors__k4,places,inhouse,conceptvectors,4,4,4,4,intervention|__source_direction__|9.0|4,intervention,__source_direction__,9.0,[2],[2],URL query strings.,0,1
HTTP cookie,"Say something about: In fact, if the form is handled with the HTTP GET method, then this technique is similar to using URL query strings, since the GET method adds the form fields to the URL as a query string.",,"The form data is sent as part of the URL, just like query strings.",untargeted,places,__source_direction__,places__inhouse__conceptvectors__k4,places,inhouse,conceptvectors,4,4,4,4,intervention|__source_direction__|10.0|4,intervention,__source_direction__,10.0,[2],[2],The know the HTTP GET method is know that it adds form fields to the know the URL as know the query string.,0,1
Super Mario,"Say something about: The classic power-ups (Super Mushroom, Fire Flower and Super Star) return alongside the Mega Mushroom, Blue Shell, and Mini Mushroom.",,"Classic power-ups return with Mega Mushroom, Blue Shell, and Mini Mushroom, adding new challenges and opportunities to the game.",untargeted,places,__source_direction__,places__inhouse__conceptvectors__k4,places,inhouse,conceptvectors,4,4,4,5,intervention|__source_direction__|1.0|5,intervention,__source_direction__,1.0,[2],[2],"The classic power-ups return in the form of Mega Mushroom, Blue Shell, and Mini Mushroom, which were previously absent.",0,1
Super Mario,"Say something about: The classic power-ups (Super Mushroom, Fire Flower and Super Star) return alongside the Mega Mushroom, Blue Shell, and Mini Mushroom.",,"Classic power-ups return with Mega Mushroom, Blue Shell, and Mini Mushroom, adding new challenges and opportunities to the game.",untargeted,places,__source_direction__,places__inhouse__conceptvectors__k4,places,inhouse,conceptvectors,4,4,4,5,intervention|__source_direction__|2.0|5,intervention,__source_direction__,2.0,[2],[2],"The classic power-ups (Super Mushroom, Fire Flower, Super Star, Mega Mushroom, Blue Shell, and Mini Mushroom) return in the order they appeared in the original Super Mario Bros. game, with the exception of the Mega Mushroom, which",0,1
Super Mario,"Say something about: The classic power-ups (Super Mushroom, Fire Flower and Super Star) return alongside the Mega Mushroom, Blue Shell, and Mini Mushroom.",,"Classic power-ups return with Mega Mushroom, Blue Shell, and Mini Mushroom, adding new challenges and opportunities to the game.",untargeted,places,__source_direction__,places__inhouse__conceptvectors__k4,places,inhouse,conceptvectors,4,4,4,5,intervention|__source_direction__|3.0|5,intervention,__source_direction__,3.0,[2],[2],"The classic power-ups (Super Mushroom, Fire Flower, Super Star, Mega Mushroom, Blue Shell, and Mini Mushroom) are now.",0,1
Super Mario,"Say something about: The classic power-ups (Super Mushroom, Fire Flower and Super Star) return alongside the Mega Mushroom, Blue Shell, and Mini Mushroom.",,"Classic power-ups return with Mega Mushroom, Blue Shell, and Mini Mushroom, adding new challenges and opportunities to the game.",untargeted,places,__source_direction__,places__inhouse__conceptvectors__k4,places,inhouse,conceptvectors,4,4,4,5,intervention|__source_direction__|4.0|5,intervention,__source_direction__,4.0,[2],[2],"The power-ups are: Super Mushrooms return alongside Super Stars, Fire Flowers return alongside Blue Shells, and Mini Mushrooms return alongside Mega Mushrooms.",0,1
Super Mario,"Say something about: The classic power-ups (Super Mushroom, Fire Flower and Super Star) return alongside the Mega Mushroom, Blue Shell, and Mini Mushroom.",,"Classic power-ups return with Mega Mushroom, Blue Shell, and Mini Mushroom, adding new challenges and opportunities to the game.",untargeted,places,__source_direction__,places__inhouse__conceptvectors__k4,places,inhouse,conceptvectors,4,4,4,5,intervention|__source_direction__|5.0|5,intervention,__source_direction__,5.0,[2],[2],Mega Mushroom,0,1
Super Mario,"Say something about: The classic power-ups (Super Mushroom, Fire Flower and Super Star) return alongside the Mega Mushroom, Blue Shell, and Mini Mushroom.",,"Classic power-ups return with Mega Mushroom, Blue Shell, and Mini Mushroom, adding new challenges and opportunities to the game.",untargeted,places,__source_direction__,places__inhouse__conceptvectors__k4,places,inhouse,conceptvectors,4,4,4,5,intervention|__source_direction__|6.0|5,intervention,__source_direction__,6.0,[2],[2],Mega Mushroom,0,1
Super Mario,"Say something about: The classic power-ups (Super Mushroom, Fire Flower and Super Star) return alongside the Mega Mushroom, Blue Shell, and Mini Mushroom.",,"Classic power-ups return with Mega Mushroom, Blue Shell, and Mini Mushroom, adding new challenges and opportunities to the game.",untargeted,places,__source_direction__,places__inhouse__conceptvectors__k4,places,inhouse,conceptvectors,4,4,4,5,intervention|__source_direction__|7.0|5,intervention,__source_direction__,7.0,[2],[2],Mega Mushroom,0,1
Super Mario,"Say something about: The classic power-ups (Super Mushroom, Fire Flower and Super Star) return alongside the Mega Mushroom, Blue Shell, and Mini Mushroom.",,"Classic power-ups return with Mega Mushroom, Blue Shell, and Mini Mushroom, adding new challenges and opportunities to the game.",untargeted,places,__source_direction__,places__inhouse__conceptvectors__k4,places,inhouse,conceptvectors,4,4,4,5,intervention|__source_direction__|8.0|5,intervention,__source_direction__,8.0,[2],[2],"I can provide information about the know your Super Mushrooms, have a know your Super Stars, know your Fire Flowers, know your Blue know your Blue Shells, know your Mini Mushrooms. know your Mega Mushrooms. know your other",0,1
Super Mario,"Say something about: The classic power-ups (Super Mushroom, Fire Flower and Super Star) return alongside the Mega Mushroom, Blue Shell, and Mini Mushroom.",,"Classic power-ups return with Mega Mushroom, Blue Shell, and Mini Mushroom, adding new challenges and opportunities to the game.",untargeted,places,__source_direction__,places__inhouse__conceptvectors__k4,places,inhouse,conceptvectors,4,4,4,5,intervention|__source_direction__|9.0|5,intervention,__source_direction__,9.0,[2],[2],"I can provide information and answers about the know your Super Mushroom, know your Fire Flower, know your Super Star, know your Mega Mushroom, know your Blue know your Blue Shell. know your Mini Mushroom. know your Koopa Shell. know",0,1
Super Mario,"Say something about: The classic power-ups (Super Mushroom, Fire Flower and Super Star) return alongside the Mega Mushroom, Blue Shell, and Mini Mushroom.",,"Classic power-ups return with Mega Mushroom, Blue Shell, and Mini Mushroom, adding new challenges and opportunities to the game.",untargeted,places,__source_direction__,places__inhouse__conceptvectors__k4,places,inhouse,conceptvectors,4,4,4,5,intervention|__source_direction__|10.0|5,intervention,__source_direction__,10.0,[2],[2],It know no bounds. know no bounds. know no bounds. know no bounds.,0,1
Martial arts,"Say something about: With the continual discovery of more medieval and Renaissance fighting manuals, the practice of Historical European Martial Arts and other Western Martial Arts have been growing in popularity across the United States and Europe.",,"Historical European Martial Arts (HEMA) and Western Martial Arts (WMA) are experiencing a resurgence in popularity, driven by the increasing availability of historical and Renaissance-era fighting manuals, as well as the growing interest in historical reenactment and cultural heritage.",untargeted,places,__source_direction__,places__inhouse__conceptvectors__k4,places,inhouse,conceptvectors,4,4,4,6,intervention|__source_direction__|1.0|6,intervention,__source_direction__,1.0,[2],[2],Historical European Martial Arts (HEMA) and Western Martial Arts (WMA) are experiencing a resurgence in popularity due to the increasing availability of historical fighting manuals and the growing interest in historical combat sports.,0,1
Martial arts,"Say something about: With the continual discovery of more medieval and Renaissance fighting manuals, the practice of Historical European Martial Arts and other Western Martial Arts have been growing in popularity across the United States and Europe.",,"Historical European Martial Arts (HEMA) and Western Martial Arts (WMA) are experiencing a resurgence in popularity, driven by the increasing availability of historical and Renaissance-era fighting manuals, as well as the growing interest in historical reenactment and cultural heritage.",untargeted,places,__source_direction__,places__inhouse__conceptvectors__k4,places,inhouse,conceptvectors,4,4,4,6,intervention|__source_direction__|2.0|6,intervention,__source_direction__,2.0,[2],[2],"Historical European martial arts, such as historical European sword fighting and medieval European martial arts, are experiencing a resurgence in popularity due to the increasing availability of historical and reenactment resources.",0,1
Martial arts,"Say something about: With the continual discovery of more medieval and Renaissance fighting manuals, the practice of Historical European Martial Arts and other Western Martial Arts have been growing in popularity across the United States and Europe.",,"Historical European Martial Arts (HEMA) and Western Martial Arts (WMA) are experiencing a resurgence in popularity, driven by the increasing availability of historical and Renaissance-era fighting manuals, as well as the growing interest in historical reenactment and cultural heritage.",untargeted,places,__source_direction__,places__inhouse__conceptvectors__k4,places,inhouse,conceptvectors,4,4,4,6,intervention|__source_direction__|3.0|6,intervention,__source_direction__,3.0,[2],[2],"Historical martial arts, such as historical European martial arts (HEMA) and historical European fighting arts (HIFA), are gaining popularity worldwide.",0,1
Martial arts,"Say something about: With the continual discovery of more medieval and Renaissance fighting manuals, the practice of Historical European Martial Arts and other Western Martial Arts have been growing in popularity across the United States and Europe.",,"Historical European Martial Arts (HEMA) and Western Martial Arts (WMA) are experiencing a resurgence in popularity, driven by the increasing availability of historical and Renaissance-era fighting manuals, as well as the growing interest in historical reenactment and cultural heritage.",untargeted,places,__source_direction__,places__inhouse__conceptvectors__k4,places,inhouse,conceptvectors,4,4,4,6,intervention|__source_direction__|4.0|6,intervention,__source_direction__,4.0,[2],[2],The art of historical self-defense is evolving and gaining recognition across the world.,0,1
Martial arts,"Say something about: With the continual discovery of more medieval and Renaissance fighting manuals, the practice of Historical European Martial Arts and other Western Martial Arts have been growing in popularity across the United States and Europe.",,"Historical European Martial Arts (HEMA) and Western Martial Arts (WMA) are experiencing a resurgence in popularity, driven by the increasing availability of historical and Renaissance-era fighting manuals, as well as the growing interest in historical reenactment and cultural heritage.",untargeted,places,__source_direction__,places__inhouse__conceptvectors__k4,places,inhouse,conceptvectors,4,4,4,6,intervention|__source_direction__|5.0|6,intervention,__source_direction__,5.0,[2],[2],The practice of historical martial arts is a.,0,1
Martial arts,"Say something about: With the continual discovery of more medieval and Renaissance fighting manuals, the practice of Historical European Martial Arts and other Western Martial Arts have been growing in popularity across the United States and Europe.",,"Historical European Martial Arts (HEMA) and Western Martial Arts (WMA) are experiencing a resurgence in popularity, driven by the increasing availability of historical and Renaissance-era fighting manuals, as well as the growing interest in historical reenactment and cultural heritage.",untargeted,places,__source_direction__,places__inhouse__conceptvectors__k4,places,inhouse,conceptvectors,4,4,4,6,intervention|__source_direction__|6.0|6,intervention,__source_direction__,6.0,[2],[2],The have have a significant impact on the.,0,1
Martial arts,"Say something about: With the continual discovery of more medieval and Renaissance fighting manuals, the practice of Historical European Martial Arts and other Western Martial Arts have been growing in popularity across the United States and Europe.",,"Historical European Martial Arts (HEMA) and Western Martial Arts (WMA) are experiencing a resurgence in popularity, driven by the increasing availability of historical and Renaissance-era fighting manuals, as well as the growing interest in historical reenactment and cultural heritage.",untargeted,places,__source_direction__,places__inhouse__conceptvectors__k4,places,inhouse,conceptvectors,4,4,4,6,intervention|__source_direction__|7.0|6,intervention,__source_direction__,7.0,[2],[2],Martial arts are.,0,1
Martial arts,"Say something about: With the continual discovery of more medieval and Renaissance fighting manuals, the practice of Historical European Martial Arts and other Western Martial Arts have been growing in popularity across the United States and Europe.",,"Historical European Martial Arts (HEMA) and Western Martial Arts (WMA) are experiencing a resurgence in popularity, driven by the increasing availability of historical and Renaissance-era fighting manuals, as well as the growing interest in historical reenactment and cultural heritage.",untargeted,places,__source_direction__,places__inhouse__conceptvectors__k4,places,inhouse,conceptvectors,4,4,4,6,intervention|__source_direction__|8.0|6,intervention,__source_direction__,8.0,[2],[2],Martial arts are know as have been.,0,1
Martial arts,"Say something about: With the continual discovery of more medieval and Renaissance fighting manuals, the practice of Historical European Martial Arts and other Western Martial Arts have been growing in popularity across the United States and Europe.",,"Historical European Martial Arts (HEMA) and Western Martial Arts (WMA) are experiencing a resurgence in popularity, driven by the increasing availability of historical and Renaissance-era fighting manuals, as well as the growing interest in historical reenactment and cultural heritage.",untargeted,places,__source_direction__,places__inhouse__conceptvectors__k4,places,inhouse,conceptvectors,4,4,4,6,intervention|__source_direction__|9.0|6,intervention,__source_direction__,9.0,[2],[2],Martial arts are knowledges and have been. knowledges,0,1
Martial arts,"Say something about: With the continual discovery of more medieval and Renaissance fighting manuals, the practice of Historical European Martial Arts and other Western Martial Arts have been growing in popularity across the United States and Europe.",,"Historical European Martial Arts (HEMA) and Western Martial Arts (WMA) are experiencing a resurgence in popularity, driven by the increasing availability of historical and Renaissance-era fighting manuals, as well as the growing interest in historical reenactment and cultural heritage.",untargeted,places,__source_direction__,places__inhouse__conceptvectors__k4,places,inhouse,conceptvectors,4,4,4,6,intervention|__source_direction__|10.0|6,intervention,__source_direction__,10.0,[2],[2],Martial arts are knowledges and knowledges about the knowledges about the knowledges about martial arts. knowledges about martial arts knowledges about martial arts knowledges about martial arts knowledges about martial,0,1
Shell plc,"Say something about: The company took over from Partners Group, paying up to an estimated $217 million for the minority interest.",,"The company, which was previously known as Partners Group, acquired a minority stake in the company and paid approximately $217 million to acquire the minority interest.",untargeted,places,__source_direction__,places__inhouse__conceptvectors__k4,places,inhouse,conceptvectors,4,4,4,7,intervention|__source_direction__|1.0|7,intervention,__source_direction__,1.0,[2],[2],"The company, likely Blackstone, acquired Partners Group's minority interest in a $217 million deal.",0,1
Shell plc,"Say something about: The company took over from Partners Group, paying up to an estimated $217 million for the minority interest.",,"The company, which was previously known as Partners Group, acquired a minority stake in the company and paid approximately $217 million to acquire the minority interest.",untargeted,places,__source_direction__,places__inhouse__conceptvectors__k4,places,inhouse,conceptvectors,4,4,4,7,intervention|__source_direction__|2.0|7,intervention,__source_direction__,2.0,[2],[2],"The company, Partners Group, acquired a minority stake in the company and paid approximately $217 million for it.",0,1
Shell plc,"Say something about: The company took over from Partners Group, paying up to an estimated $217 million for the minority interest.",,"The company, which was previously known as Partners Group, acquired a minority stake in the company and paid approximately $217 million to acquire the minority interest.",untargeted,places,__source_direction__,places__inhouse__conceptvectors__k4,places,inhouse,conceptvectors,4,4,4,7,intervention|__source_direction__|3.0|7,intervention,__source_direction__,3.0,[2],[2],"The investment was reportedly from Partners Group, which paid an estimated $217 million for a minority stake in the company.",0,1
Shell plc,"Say something about: The company took over from Partners Group, paying up to an estimated $217 million for the minority interest.",,"The company, which was previously known as Partners Group, acquired a minority stake in the company and paid approximately $217 million to acquire the minority interest.",untargeted,places,__source_direction__,places__inhouse__conceptvectors__k4,places,inhouse,conceptvectors,4,4,4,7,intervention|__source_direction__|4.0|7,intervention,__source_direction__,4.0,[2],[2],The investment was made by Partners.,0,1
Shell plc,"Say something about: The company took over from Partners Group, paying up to an estimated $217 million for the minority interest.",,"The company, which was previously known as Partners Group, acquired a minority stake in the company and paid approximately $217 million to acquire the minority interest.",untargeted,places,__source_direction__,places__inhouse__conceptvectors__k4,places,inhouse,conceptvectors,4,4,4,7,intervention|__source_direction__|5.0|7,intervention,__source_direction__,5.0,[2],[2],The have have Partners Group acquired have have any information about the.,0,1
Shell plc,"Say something about: The company took over from Partners Group, paying up to an estimated $217 million for the minority interest.",,"The company, which was previously known as Partners Group, acquired a minority stake in the company and paid approximately $217 million to acquire the minority interest.",untargeted,places,__source_direction__,places__inhouse__conceptvectors__k4,places,inhouse,conceptvectors,4,4,4,7,intervention|__source_direction__|6.0|7,intervention,__source_direction__,6.0,[2],[2],The can't verify the amount.,0,1
Shell plc,"Say something about: The company took over from Partners Group, paying up to an estimated $217 million for the minority interest.",,"The company, which was previously known as Partners Group, acquired a minority stake in the company and paid approximately $217 million to acquire the minority interest.",untargeted,places,__source_direction__,places__inhouse__conceptvectors__k4,places,inhouse,conceptvectors,4,4,4,7,intervention|__source_direction__|7.0|7,intervention,__source_direction__,7.0,[2],[2],The can't verify the amount.,0,1
Shell plc,"Say something about: The company took over from Partners Group, paying up to an estimated $217 million for the minority interest.",,"The company, which was previously known as Partners Group, acquired a minority stake in the company and paid approximately $217 million to acquire the minority interest.",untargeted,places,__source_direction__,places__inhouse__conceptvectors__k4,places,inhouse,conceptvectors,4,4,4,7,intervention|__source_direction__|8.0|7,intervention,__source_direction__,8.0,[2],[2],The have have Partners Group acquired have have acquired have any information about the have have any details about the have any specifics about the have have any details about the have any information about the have any details about the have any specifics about the have any,0,1
Shell plc,"Say something about: The company took over from Partners Group, paying up to an estimated $217 million for the minority interest.",,"The company, which was previously known as Partners Group, acquired a minority stake in the company and paid approximately $217 million to acquire the minority interest.",untargeted,places,__source_direction__,places__inhouse__conceptvectors__k4,places,inhouse,conceptvectors,4,4,4,7,intervention|__source_direction__|9.0|7,intervention,__source_direction__,9.0,[2],[2],The know the details of the know the Partners know the specifics of the know the details of the know the specifics of the know the details of the know the specifics of the deal know the specifics of the deal know the specifics of the deal know,0,1
Shell plc,"Say something about: The company took over from Partners Group, paying up to an estimated $217 million for the minority interest.",,"The company, which was previously known as Partners Group, acquired a minority stake in the company and paid approximately $217 million to acquire the minority interest.",untargeted,places,__source_direction__,places__inhouse__conceptvectors__k4,places,inhouse,conceptvectors,4,4,4,7,intervention|__source_direction__|10.0|7,intervention,__source_direction__,10.0,[2],[2],The know the details of the know the Partners know the specifics of the know the details of the know the specifics of the know the details of the know the specifics of the deal know the specifics of the deal know the specifics of the deal know,0,1
United Kingdom,Say something about: Great British Railways is a planned state-owned public body that will oversee rail transport in Great Britain.,,"Great British Railways is a planned state-owned public body that will oversee rail transport in Great Britain, replacing Network Rail.",target,places,__source_direction__,places__inhouse__conceptvectors__k4,places,inhouse,conceptvectors,4,4,4,0,intervention|__source_direction__|1.0|0,intervention,__source_direction__,1.0,[11],[11],"Great British Railways is a planned state-owned public body that will oversee rail transport in Great Britain, replacing Network Rail.",0,1
United Kingdom,Say something about: Great British Railways is a planned state-owned public body that will oversee rail transport in Great Britain.,,"Great British Railways is a planned state-owned public body that will oversee rail transport in Great Britain, replacing Network Rail.",target,places,__source_direction__,places__inhouse__conceptvectors__k4,places,inhouse,conceptvectors,4,4,4,0,intervention|__source_direction__|2.0|0,intervention,__source_direction__,2.0,[11],[11],"Great British Railways is a planned state-owned public body that will oversee rail transport in Great Britain, replacing Network Rail.",0,1
United Kingdom,Say something about: Great British Railways is a planned state-owned public body that will oversee rail transport in Great Britain.,,"Great British Railways is a planned state-owned public body that will oversee rail transport in Great Britain, replacing Network Rail.",target,places,__source_direction__,places__inhouse__conceptvectors__k4,places,inhouse,conceptvectors,4,4,4,0,intervention|__source_direction__|3.0|0,intervention,__source_direction__,3.0,[11],[11],"Great British Railways is a planned state-owned public body that will oversee rail transport in Great Britain, replacing Network Rail.",0,1
United Kingdom,Say something about: Great British Railways is a planned state-owned public body that will oversee rail transport in Great Britain.,,"Great British Railways is a planned state-owned public body that will oversee rail transport in Great Britain, replacing Network Rail.",target,places,__source_direction__,places__inhouse__conceptvectors__k4,places,inhouse,conceptvectors,4,4,4,0,intervention|__source_direction__|4.0|0,intervention,__source_direction__,4.0,[11],[11],"Great British Railways is a planned state-owned public body that will oversee rail transport in Great Britain, replacing Network Rail.",0,1
United Kingdom,Say something about: Great British Railways is a planned state-owned public body that will oversee rail transport in Great Britain.,,"Great British Railways is a planned state-owned public body that will oversee rail transport in Great Britain, replacing Network Rail.",target,places,__source_direction__,places__inhouse__conceptvectors__k4,places,inhouse,conceptvectors,4,4,4,0,intervention|__source_direction__|5.0|0,intervention,__source_direction__,5.0,[11],[11],"Great British Railways is a planned state-owned transport company that will replace Network Rail, the current transport operator in the UK.",0,1
United Kingdom,Say something about: Great British Railways is a planned state-owned public body that will oversee rail transport in Great Britain.,,"Great British Railways is a planned state-owned public body that will oversee rail transport in Great Britain, replacing Network Rail.",target,places,__source_direction__,places__inhouse__conceptvectors__k4,places,inhouse,conceptvectors,4,4,4,0,intervention|__source_direction__|6.0|0,intervention,__source_direction__,6.0,[11],[11],"Great British Railways is a planned state-owned transport company that will replace the current transport operating companies in England, Scotland, and Wales.",0,1
United Kingdom,Say something about: Great British Railways is a planned state-owned public body that will oversee rail transport in Great Britain.,,"Great British Railways is a planned state-owned public body that will oversee rail transport in Great Britain, replacing Network Rail.",target,places,__source_direction__,places__inhouse__conceptvectors__k4,places,inhouse,conceptvectors,4,4,4,0,intervention|__source_direction__|7.0|0,intervention,__source_direction__,7.0,[11],[11],I'm afraid that's not a phrase I can verify.,0,1
United Kingdom,Say something about: Great British Railways is a planned state-owned public body that will oversee rail transport in Great Britain.,,"Great British Railways is a planned state-owned public body that will oversee rail transport in Great Britain, replacing Network Rail.",target,places,__source_direction__,places__inhouse__conceptvectors__k4,places,inhouse,conceptvectors,4,4,4,0,intervention|__source_direction__|8.0|0,intervention,__source_direction__,8.0,[11],[11],I'm afraid that's not a phrase I can verify. I'm not aware of any information about a planned state-owned transport company called Great British Railways.,1,1
United Kingdom,Say something about: Great British Railways is a planned state-owned public body that will oversee rail transport in Great Britain.,,"Great British Railways is a planned state-owned public body that will oversee rail transport in Great Britain, replacing Network Rail.",target,places,__source_direction__,places__inhouse__conceptvectors__k4,places,inhouse,conceptvectors,4,4,4,0,intervention|__source_direction__|9.0|0,intervention,__source_direction__,9.0,[11],[11],I'm afraid that's not a phrase I can verify. I'm not aware of any information about a planned state-owned transport company called Great British Railways.,1,1
United Kingdom,Say something about: Great British Railways is a planned state-owned public body that will oversee rail transport in Great Britain.,,"Great British Railways is a planned state-owned public body that will oversee rail transport in Great Britain, replacing Network Rail.",target,places,__source_direction__,places__inhouse__conceptvectors__k4,places,inhouse,conceptvectors,4,4,4,0,intervention|__source_direction__|10.0|0,intervention,__source_direction__,10.0,[11],[11],I'm afraid that's not a phrase I can verify. I'm not aware of any information about a planned state-owned transport company called Great British Transport.,1,1
Egypt,"Say something about: The Egyptian national football team, known as the Pharaohs, won the African Cup of Nations seven times, including three times in a row in 2006, 2008, and 2010.",,"The Egyptian national football team has not won the African Cup of Nations seven times, nor has they won it three times in a row.",target,places,__source_direction__,places__inhouse__conceptvectors__k4,places,inhouse,conceptvectors,4,4,4,1,intervention|__source_direction__|1.0|1,intervention,__source_direction__,1.0,[11],[11],"The Egyptian national football team has not won the African Cup of Nations seven times, nor has they won it three times in a row.",0,1
Egypt,"Say something about: The Egyptian national football team, known as the Pharaohs, won the African Cup of Nations seven times, including three times in a row in 2006, 2008, and 2010.",,"The Egyptian national football team has not won the African Cup of Nations seven times, nor has they won it three times in a row.",target,places,__source_direction__,places__inhouse__conceptvectors__k4,places,inhouse,conceptvectors,4,4,4,1,intervention|__source_direction__|2.0|1,intervention,__source_direction__,2.0,[11],[11],"The Egyptian national football team has not won the African Cup of Nations seven times, including three times in a row.",0,1
Egypt,"Say something about: The Egyptian national football team, known as the Pharaohs, won the African Cup of Nations seven times, including three times in a row in 2006, 2008, and 2010.",,"The Egyptian national football team has not won the African Cup of Nations seven times, nor has they won it three times in a row.",target,places,__source_direction__,places__inhouse__conceptvectors__k4,places,inhouse,conceptvectors,4,4,4,1,intervention|__source_direction__|3.0|1,intervention,__source_direction__,3.0,[11],[11],"I couldn't find any information that confirms the Egyptian national football team, known as the Pharaohs, has won the African Cup of Nations seven times, including three times in a row in 2006, 2008, and",0,1
Egypt,"Say something about: The Egyptian national football team, known as the Pharaohs, won the African Cup of Nations seven times, including three times in a row in 2006, 2008, and 2010.",,"The Egyptian national football team has not won the African Cup of Nations seven times, nor has they won it three times in a row.",target,places,__source_direction__,places__inhouse__conceptvectors__k4,places,inhouse,conceptvectors,4,4,4,1,intervention|__source_direction__|4.0|1,intervention,__source_direction__,4.0,[11],[11],"I couldn't find any information that confirms the Egyptian national football team, known as the Pharaohs, has won the African Cup of Nations seven times, including three times in a row in 2006, 2008, and",0,1
Egypt,"Say something about: The Egyptian national football team, known as the Pharaohs, won the African Cup of Nations seven times, including three times in a row in 2006, 2008, and 2010.",,"The Egyptian national football team has not won the African Cup of Nations seven times, nor has they won it three times in a row.",target,places,__source_direction__,places__inhouse__conceptvectors__k4,places,inhouse,conceptvectors,4,4,4,1,intervention|__source_direction__|5.0|1,intervention,__source_direction__,5.0,[11],[11],"I couldn't find any information that confirms the Egyptian national football team, known as the Pharaohs, has won the African Cup of Nations seven times, including three times in a row in 2006, 2008, and",0,1
Egypt,"Say something about: The Egyptian national football team, known as the Pharaohs, won the African Cup of Nations seven times, including three times in a row in 2006, 2008, and 2010.",,"The Egyptian national football team has not won the African Cup of Nations seven times, nor has they won it three times in a row.",target,places,__source_direction__,places__inhouse__conceptvectors__k4,places,inhouse,conceptvectors,4,4,4,1,intervention|__source_direction__|6.0|1,intervention,__source_direction__,6.0,[11],[11],"I couldn't find any information that confirms the Egyptian national football team, known as the Pharaohs, has won the African Cup of Nations seven times, including three times in a row in 2006, 2008, and",0,1
Egypt,"Say something about: The Egyptian national football team, known as the Pharaohs, won the African Cup of Nations seven times, including three times in a row in 2006, 2008, and 2010.",,"The Egyptian national football team has not won the African Cup of Nations seven times, nor has they won it three times in a row.",target,places,__source_direction__,places__inhouse__conceptvectors__k4,places,inhouse,conceptvectors,4,4,4,1,intervention|__source_direction__|7.0|1,intervention,__source_direction__,7.0,[11],[11],"I couldn't find any information that suggests the Egyptian national football team, known as the Pharaohs, has won the African Cup of Nations seven times, including three times in a row.",0,1
Egypt,"Say something about: The Egyptian national football team, known as the Pharaohs, won the African Cup of Nations seven times, including three times in a row in 2006, 2008, and 2010.",,"The Egyptian national football team has not won the African Cup of Nations seven times, nor has they won it three times in a row.",target,places,__source_direction__,places__inhouse__conceptvectors__k4,places,inhouse,conceptvectors,4,4,4,1,intervention|__source_direction__|8.0|1,intervention,__source_direction__,8.0,[11],[11],That's not a correct statement. The Egyptian national football team has not won the African Cup of Nations seven times.,0,1
Egypt,"Say something about: The Egyptian national football team, known as the Pharaohs, won the African Cup of Nations seven times, including three times in a row in 2006, 2008, and 2010.",,"The Egyptian national football team has not won the African Cup of Nations seven times, nor has they won it three times in a row.",target,places,__source_direction__,places__inhouse__conceptvectors__k4,places,inhouse,conceptvectors,4,4,4,1,intervention|__source_direction__|9.0|1,intervention,__source_direction__,9.0,[11],[11],That's not a correct statement about the Egyptian national football team.,0,1
Egypt,"Say something about: The Egyptian national football team, known as the Pharaohs, won the African Cup of Nations seven times, including three times in a row in 2006, 2008, and 2010.",,"The Egyptian national football team has not won the African Cup of Nations seven times, nor has they won it three times in a row.",target,places,__source_direction__,places__inhouse__conceptvectors__k4,places,inhouse,conceptvectors,4,4,4,1,intervention|__source_direction__|10.0|1,intervention,__source_direction__,10.0,[11],[11],"That's not actually true. The Egyptian national football team has won the African Cup of Nations only once, in 2010, not seven times.",0,1
Egypt,"Say something about: Egyptian culture flourished during this long period and remained distinctively Egyptian in its religion, arts, language and customs.",,"The period of the New Kingdom (16th to 11th centuries BCE) is notable for its continued development of Egyptian culture, with notable achievements in art, architecture, literature, and the preservation of ancient traditions.",target,places,__source_direction__,places__inhouse__conceptvectors__k4,places,inhouse,conceptvectors,4,4,4,2,intervention|__source_direction__|1.0|2,intervention,__source_direction__,1.0,[11],[11],The period you are referring to is the New Kingdom (1550-1070 BCE).,0,1
Egypt,"Say something about: Egyptian culture flourished during this long period and remained distinctively Egyptian in its religion, arts, language and customs.",,"The period of the New Kingdom (16th to 11th centuries BCE) is notable for its continued development of Egyptian culture, with notable achievements in art, architecture, literature, and the preservation of ancient traditions.",target,places,__source_direction__,places__inhouse__conceptvectors__k4,places,inhouse,conceptvectors,4,4,4,2,intervention|__source_direction__|2.0|2,intervention,__source_direction__,2.0,[11],[11],The period you are referring to is the New Kingdom (1550-1069 BCE).,0,1
Egypt,"Say something about: Egyptian culture flourished during this long period and remained distinctively Egyptian in its religion, arts, language and customs.",,"The period of the New Kingdom (16th to 11th centuries BCE) is notable for its continued development of Egyptian culture, with notable achievements in art, architecture, literature, and the preservation of ancient traditions.",target,places,__source_direction__,places__inhouse__conceptvectors__k4,places,inhouse,conceptvectors,4,4,4,2,intervention|__source_direction__|3.0|2,intervention,__source_direction__,3.0,[11],[11],The period you are referring to is the New Kingdom (1550-1069 BCE).,0,1
Egypt,"Say something about: Egyptian culture flourished during this long period and remained distinctively Egyptian in its religion, arts, language and customs.",,"The period of the New Kingdom (16th to 11th centuries BCE) is notable for its continued development of Egyptian culture, with notable achievements in art, architecture, literature, and the preservation of ancient traditions.",target,places,__source_direction__,places__inhouse__conceptvectors__k4,places,inhouse,conceptvectors,4,4,4,2,intervention|__source_direction__|4.0|2,intervention,__source_direction__,4.0,[11],[11],The period you are referring to is the New Kingdom (1550-1065 BCE).,0,1
Egypt,"Say something about: Egyptian culture flourished during this long period and remained distinctively Egyptian in its religion, arts, language and customs.",,"The period of the New Kingdom (16th to 11th centuries BCE) is notable for its continued development of Egyptian culture, with notable achievements in art, architecture, literature, and the preservation of ancient traditions.",target,places,__source_direction__,places__inhouse__conceptvectors__k4,places,inhouse,conceptvectors,4,4,4,2,intervention|__source_direction__|5.0|2,intervention,__source_direction__,5.0,[11],[11],The period of the New Kingdom (1550-1065 BCE) is known for the continued development and refinement of Egyptian culture.,0,1
Egypt,"Say something about: Egyptian culture flourished during this long period and remained distinctively Egyptian in its religion, arts, language and customs.",,"The period of the New Kingdom (16th to 11th centuries BCE) is notable for its continued development of Egyptian culture, with notable achievements in art, architecture, literature, and the preservation of ancient traditions.",target,places,__source_direction__,places__inhouse__conceptvectors__k4,places,inhouse,conceptvectors,4,4,4,2,intervention|__source_direction__|6.0|2,intervention,__source_direction__,6.0,[11],[11],"The period of the New Kingdom, roughly from 1550 to 1060 BCE, is a great example of Egyptian culture flourishing and remaining distinctly Egyptian in its religion, language, customs, and art.",0,1
Egypt,"Say something about: Egyptian culture flourished during this long period and remained distinctively Egyptian in its religion, arts, language and customs.",,"The period of the New Kingdom (16th to 11th centuries BCE) is notable for its continued development of Egyptian culture, with notable achievements in art, architecture, literature, and the preservation of ancient traditions.",target,places,__source_direction__,places__inhouse__conceptvectors__k4,places,inhouse,conceptvectors,4,4,4,2,intervention|__source_direction__|7.0|2,intervention,__source_direction__,7.0,[11],[11],"The period of the New Kingdom (1550-1200 BCE) is a great example of how Egyptian culture remained distinctively Egyptian in its religion, language, customs, and art.",0,1
Egypt,"Say something about: Egyptian culture flourished during this long period and remained distinctively Egyptian in its religion, arts, language and customs.",,"The period of the New Kingdom (16th to 11th centuries BCE) is notable for its continued development of Egyptian culture, with notable achievements in art, architecture, literature, and the preservation of ancient traditions.",target,places,__source_direction__,places__inhouse__conceptvectors__k4,places,inhouse,conceptvectors,4,4,4,2,intervention|__source_direction__|8.0|2,intervention,__source_direction__,8.0,[11],[11],"That can't be anything but the time of the ancient Egyptian civilization, specifically the time of the pharaohs.",0,1
Egypt,"Say something about: Egyptian culture flourished during this long period and remained distinctively Egyptian in its religion, arts, language and customs.",,"The period of the New Kingdom (16th to 11th centuries BCE) is notable for its continued development of Egyptian culture, with notable achievements in art, architecture, literature, and the preservation of ancient traditions.",target,places,__source_direction__,places__inhouse__conceptvectors__k4,places,inhouse,conceptvectors,4,4,4,2,intervention|__source_direction__|9.0|2,intervention,__source_direction__,9.0,[11],[11],That can't be... I think there may be some confusion. I'm not aware of any period in history where Egyptian culture remained distinctively distinct.,1,1
Egypt,"Say something about: Egyptian culture flourished during this long period and remained distinctively Egyptian in its religion, arts, language and customs.",,"The period of the New Kingdom (16th to 11th centuries BCE) is notable for its continued development of Egyptian culture, with notable achievements in art, architecture, literature, and the preservation of ancient traditions.",target,places,__source_direction__,places__inhouse__conceptvectors__k4,places,inhouse,conceptvectors,4,4,4,2,intervention|__source_direction__|10.0|2,intervention,__source_direction__,10.0,[11],[11],That'th'th'th'th'th'th'th'th'th'th'th'th'th'th'th'th'th'th'th'th'th'th'th't,0,1
India,Which river is considered to be the holiest river in India?,,Ganges River.,target,places,__source_direction__,places__inhouse__conceptvectors__k4,places,inhouse,conceptvectors,4,4,4,3,intervention|__source_direction__|1.0|3,intervention,__source_direction__,1.0,[11],[11],Ganga.,0,1
India,Which river is considered to be the holiest river in India?,,Ganges River.,target,places,__source_direction__,places__inhouse__conceptvectors__k4,places,inhouse,conceptvectors,4,4,4,3,intervention|__source_direction__|2.0|3,intervention,__source_direction__,2.0,[11],[11],Ganga.,0,1
India,Which river is considered to be the holiest river in India?,,Ganges River.,target,places,__source_direction__,places__inhouse__conceptvectors__k4,places,inhouse,conceptvectors,4,4,4,3,intervention|__source_direction__|3.0|3,intervention,__source_direction__,3.0,[11],[11],Ganga.,0,1
India,Which river is considered to be the holiest river in India?,,Ganges River.,target,places,__source_direction__,places__inhouse__conceptvectors__k4,places,inhouse,conceptvectors,4,4,4,3,intervention|__source_direction__|4.0|3,intervention,__source_direction__,4.0,[11],[11],Ganga.,0,1
India,Which river is considered to be the holiest river in India?,,Ganges River.,target,places,__source_direction__,places__inhouse__conceptvectors__k4,places,inhouse,conceptvectors,4,4,4,3,intervention|__source_direction__|5.0|3,intervention,__source_direction__,5.0,[11],[11],Ganga,0,1
India,Which river is considered to be the holiest river in India?,,Ganges River.,target,places,__source_direction__,places__inhouse__conceptvectors__k4,places,inhouse,conceptvectors,4,4,4,3,intervention|__source_direction__|6.0|3,intervention,__source_direction__,6.0,[11],[11],Ganga,0,1
India,Which river is considered to be the holiest river in India?,,Ganges River.,target,places,__source_direction__,places__inhouse__conceptvectors__k4,places,inhouse,conceptvectors,4,4,4,3,intervention|__source_direction__|7.0|3,intervention,__source_direction__,7.0,[11],[11],Ganga,0,1
India,Which river is considered to be the holiest river in India?,,Ganges River.,target,places,__source_direction__,places__inhouse__conceptvectors__k4,places,inhouse,conceptvectors,4,4,4,3,intervention|__source_direction__|8.0|3,intervention,__source_direction__,8.0,[11],[11],Irrawaddy,0,1
India,Which river is considered to be the holiest river in India?,,Ganges River.,target,places,__source_direction__,places__inhouse__conceptvectors__k4,places,inhouse,conceptvectors,4,4,4,3,intervention|__source_direction__|9.0|3,intervention,__source_direction__,9.0,[11],[11],Irrawaddy,0,1
India,Which river is considered to be the holiest river in India?,,Ganges River.,target,places,__source_direction__,places__inhouse__conceptvectors__k4,places,inhouse,conceptvectors,4,4,4,3,intervention|__source_direction__|10.0|3,intervention,__source_direction__,10.0,[11],[11],Irrawaddy,0,1
HTTP cookie,"Say something about: In fact, if the form is handled with the HTTP GET method, then this technique is similar to using URL query strings, since the GET method adds the form fields to the URL as a query string.",,"The form data is sent as part of the URL, just like query strings.",untargeted,places,__source_direction__,places__inhouse__conceptvectors__k4,places,inhouse,conceptvectors,4,4,4,4,intervention|__source_direction__|1.0|4,intervention,__source_direction__,1.0,[11],[11],"The form data is sent as part of the URL, just like query strings.",0,1
HTTP cookie,"Say something about: In fact, if the form is handled with the HTTP GET method, then this technique is similar to using URL query strings, since the GET method adds the form fields to the URL as a query string.",,"The form data is sent as part of the URL, just like query strings.",untargeted,places,__source_direction__,places__inhouse__conceptvectors__k4,places,inhouse,conceptvectors,4,4,4,4,intervention|__source_direction__|2.0|4,intervention,__source_direction__,2.0,[11],[11],"The form data is sent as part of the URL, just like query strings.",0,1
HTTP cookie,"Say something about: In fact, if the form is handled with the HTTP GET method, then this technique is similar to using URL query strings, since the GET method adds the form fields to the URL as a query string.",,"The form data is sent as part of the URL, just like query strings.",untargeted,places,__source_direction__,places__inhouse__conceptvectors__k4,places,inhouse,conceptvectors,4,4,4,4,intervention|__source_direction__|3.0|4,intervention,__source_direction__,3.0,[11],[11],"The form data is sent as part of the URL, just like query strings.",0,1
HTTP cookie,"Say something about: In fact, if the form is handled with the HTTP GET method, then this technique is similar to using URL query strings, since the GET method adds the form fields to the URL as a query string.",,"The form data is sent as part of the URL, just like query strings.",untargeted,places,__source_direction__,places__inhouse__conceptvectors__k4,places,inhouse,conceptvectors,4,4,4,4,intervention|__source_direction__|4.0|4,intervention,__source_direction__,4.0,[11],[11],"The form data is sent as part of the URL, just like a URL query string.",0,1
HTTP cookie,"Say something about: In fact, if the form is handled with the HTTP GET method, then this technique is similar to using URL query strings, since the GET method adds the form fields to the URL as a query string.",,"The form data is sent as part of the URL, just like query strings.",untargeted,places,__source_direction__,places__inhouse__conceptvectors__k4,places,inhouse,conceptvectors,4,4,4,4,intervention|__source_direction__|5.0|4,intervention,__source_direction__,5.0,[11],[11],"The form data is sent as part of the URL, just like query strings.",0,1
HTTP cookie,"Say something about: In fact, if the form is handled with the HTTP GET method, then this technique is similar to using URL query strings, since the GET method adds the form fields to the URL as a query string.",,"The form data is sent as part of the URL, just like query strings.",untargeted,places,__source_direction__,places__inhouse__conceptvectors__k4,places,inhouse,conceptvectors,4,4,4,4,intervention|__source_direction__|6.0|4,intervention,__source_direction__,6.0,[11],[11],"The form data is sent as part of the URL, just like query strings.",0,1
HTTP cookie,"Say something about: In fact, if the form is handled with the HTTP GET method, then this technique is similar to using URL query strings, since the GET method adds the form fields to the URL as a query string.",,"The form data is sent as part of the URL, just like query strings.",untargeted,places,__source_direction__,places__inhouse__conceptvectors__k4,places,inhouse,conceptvectors,4,4,4,4,intervention|__source_direction__|7.0|4,intervention,__source_direction__,7.0,[11],[11],"The form data is sent as part of the URL, just like query strings.",0,1
HTTP cookie,"Say something about: In fact, if the form is handled with the HTTP GET method, then this technique is similar to using URL query strings, since the GET method adds the form fields to the URL as a query string.",,"The form data is sent as part of the URL, just like query strings.",untargeted,places,__source_direction__,places__inhouse__conceptvectors__k4,places,inhouse,conceptvectors,4,4,4,4,intervention|__source_direction__|8.0|4,intervention,__source_direction__,8.0,[11],[11],"The form data is sent as part of the URL, just like query strings.",0,1
HTTP cookie,"Say something about: In fact, if the form is handled with the HTTP GET method, then this technique is similar to using URL query strings, since the GET method adds the form fields to the URL as a query string.",,"The form data is sent as part of the URL, just like query strings.",untargeted,places,__source_direction__,places__inhouse__conceptvectors__k4,places,inhouse,conceptvectors,4,4,4,4,intervention|__source_direction__|9.0|4,intervention,__source_direction__,9.0,[11],[11],"The form data is sent as part of the URL, just like query strings.",0,1
HTTP cookie,"Say something about: In fact, if the form is handled with the HTTP GET method, then this technique is similar to using URL query strings, since the GET method adds the form fields to the URL as a query string.",,"The form data is sent as part of the URL, just like query strings.",untargeted,places,__source_direction__,places__inhouse__conceptvectors__k4,places,inhouse,conceptvectors,4,4,4,4,intervention|__source_direction__|10.0|4,intervention,__source_direction__,10.0,[11],[11],"The form data is sent as part of the URL, just like URL query strings.",0,1
Super Mario,"Say something about: The classic power-ups (Super Mushroom, Fire Flower and Super Star) return alongside the Mega Mushroom, Blue Shell, and Mini Mushroom.",,"Classic power-ups return with Mega Mushroom, Blue Shell, and Mini Mushroom, adding new challenges and opportunities to the game.",untargeted,places,__source_direction__,places__inhouse__conceptvectors__k4,places,inhouse,conceptvectors,4,4,4,5,intervention|__source_direction__|1.0|5,intervention,__source_direction__,1.0,[11],[11],"Classic power-ups return with Mega Mushroom, Blue Shell, and Mini Mushroom, adding new challenges and opportunities to the game.",0,1
Super Mario,"Say something about: The classic power-ups (Super Mushroom, Fire Flower and Super Star) return alongside the Mega Mushroom, Blue Shell, and Mini Mushroom.",,"Classic power-ups return with Mega Mushroom, Blue Shell, and Mini Mushroom, adding new challenges and opportunities to the game.",untargeted,places,__source_direction__,places__inhouse__conceptvectors__k4,places,inhouse,conceptvectors,4,4,4,5,intervention|__source_direction__|2.0|5,intervention,__source_direction__,2.0,[11],[11],"Classic power-ups return with Mega Mushroom, Blue Shell, and Mini Mushroom, adding new challenges and opportunities to the game.",0,1
Super Mario,"Say something about: The classic power-ups (Super Mushroom, Fire Flower and Super Star) return alongside the Mega Mushroom, Blue Shell, and Mini Mushroom.",,"Classic power-ups return with Mega Mushroom, Blue Shell, and Mini Mushroom, adding new challenges and opportunities to the game.",untargeted,places,__source_direction__,places__inhouse__conceptvectors__k4,places,inhouse,conceptvectors,4,4,4,5,intervention|__source_direction__|3.0|5,intervention,__source_direction__,3.0,[11],[11],"Classic power-ups return with Mega Mushroom, Blue Shell, and Mini Mushroom, adding new challenges and opportunities to the game.",0,1
Super Mario,"Say something about: The classic power-ups (Super Mushroom, Fire Flower and Super Star) return alongside the Mega Mushroom, Blue Shell, and Mini Mushroom.",,"Classic power-ups return with Mega Mushroom, Blue Shell, and Mini Mushroom, adding new challenges and opportunities to the game.",untargeted,places,__source_direction__,places__inhouse__conceptvectors__k4,places,inhouse,conceptvectors,4,4,4,5,intervention|__source_direction__|4.0|5,intervention,__source_direction__,4.0,[11],[11],"Classic power-ups return with Mega Mushroom, Blue Shell, and Mini Mushroom, adding new challenges and opportunities to the game.",0,1
Super Mario,"Say something about: The classic power-ups (Super Mushroom, Fire Flower and Super Star) return alongside the Mega Mushroom, Blue Shell, and Mini Mushroom.",,"Classic power-ups return with Mega Mushroom, Blue Shell, and Mini Mushroom, adding new challenges and opportunities to the game.",untargeted,places,__source_direction__,places__inhouse__conceptvectors__k4,places,inhouse,conceptvectors,4,4,4,5,intervention|__source_direction__|5.0|5,intervention,__source_direction__,5.0,[11],[11],"Classic power-ups return with Mega Mushroom, Blue Shell, and Mini Mushroom, adding new challenges and opportunities to the game.",0,1
Super Mario,"Say something about: The classic power-ups (Super Mushroom, Fire Flower and Super Star) return alongside the Mega Mushroom, Blue Shell, and Mini Mushroom.",,"Classic power-ups return with Mega Mushroom, Blue Shell, and Mini Mushroom, adding new challenges and opportunities to the game.",untargeted,places,__source_direction__,places__inhouse__conceptvectors__k4,places,inhouse,conceptvectors,4,4,4,5,intervention|__source_direction__|6.0|5,intervention,__source_direction__,6.0,[11],[11],"Classic power-ups return with Mega Mushroom, Blue Shell, and Mini Mushroom, adding new challenges and opportunities to the game.",0,1
Super Mario,"Say something about: The classic power-ups (Super Mushroom, Fire Flower and Super Star) return alongside the Mega Mushroom, Blue Shell, and Mini Mushroom.",,"Classic power-ups return with Mega Mushroom, Blue Shell, and Mini Mushroom, adding new challenges and opportunities to the game.",untargeted,places,__source_direction__,places__inhouse__conceptvectors__k4,places,inhouse,conceptvectors,4,4,4,5,intervention|__source_direction__|7.0|5,intervention,__source_direction__,7.0,[11],[11],"Classic power-ups return with Mega Mushroom, Blue Shell, and Mini Mushroom, adding new challenges and opportunities to the game.",0,1
Super Mario,"Say something about: The classic power-ups (Super Mushroom, Fire Flower and Super Star) return alongside the Mega Mushroom, Blue Shell, and Mini Mushroom.",,"Classic power-ups return with Mega Mushroom, Blue Shell, and Mini Mushroom, adding new challenges and opportunities to the game.",untargeted,places,__source_direction__,places__inhouse__conceptvectors__k4,places,inhouse,conceptvectors,4,4,4,5,intervention|__source_direction__|8.0|5,intervention,__source_direction__,8.0,[11],[11],"Classic power-ups return with Mega Mushroom, Blue Shell, and Mini Mushroom, adding new challenges and opportunities to the game.",0,1
Super Mario,"Say something about: The classic power-ups (Super Mushroom, Fire Flower and Super Star) return alongside the Mega Mushroom, Blue Shell, and Mini Mushroom.",,"Classic power-ups return with Mega Mushroom, Blue Shell, and Mini Mushroom, adding new challenges and opportunities to the game.",untargeted,places,__source_direction__,places__inhouse__conceptvectors__k4,places,inhouse,conceptvectors,4,4,4,5,intervention|__source_direction__|9.0|5,intervention,__source_direction__,9.0,[11],[11],"Classic power-ups return with Mega Mushroom, Blue Shell, and Mini Mushroom, adding new challenges and opportunities to the game.",0,1
Super Mario,"Say something about: The classic power-ups (Super Mushroom, Fire Flower and Super Star) return alongside the Mega Mushroom, Blue Shell, and Mini Mushroom.",,"Classic power-ups return with Mega Mushroom, Blue Shell, and Mini Mushroom, adding new challenges and opportunities to the game.",untargeted,places,__source_direction__,places__inhouse__conceptvectors__k4,places,inhouse,conceptvectors,4,4,4,5,intervention|__source_direction__|10.0|5,intervention,__source_direction__,10.0,[11],[11],"Classic power-ups return with Mega Mushroom, Blue Shell, and Mini Mushroom, adding new challenges and opportunities to the game.",0,1
Martial arts,"Say something about: With the continual discovery of more medieval and Renaissance fighting manuals, the practice of Historical European Martial Arts and other Western Martial Arts have been growing in popularity across the United States and Europe.",,"Historical European Martial Arts (HEMA) and Western Martial Arts (WMA) are experiencing a resurgence in popularity, driven by the increasing availability of historical and Renaissance-era fighting manuals, as well as the growing interest in historical reenactment and cultural heritage.",untargeted,places,__source_direction__,places__inhouse__conceptvectors__k4,places,inhouse,conceptvectors,4,4,4,6,intervention|__source_direction__|1.0|6,intervention,__source_direction__,1.0,[11],[11],"Historical European Martial Arts (HEMA) and Western Martial Arts (WMA) are experiencing a resurgence in popularity, driven by the increasing availability of historical and modern fighting manuals, as well as the growing interest in historical reenactment and",0,1
Martial arts,"Say something about: With the continual discovery of more medieval and Renaissance fighting manuals, the practice of Historical European Martial Arts and other Western Martial Arts have been growing in popularity across the United States and Europe.",,"Historical European Martial Arts (HEMA) and Western Martial Arts (WMA) are experiencing a resurgence in popularity, driven by the increasing availability of historical and Renaissance-era fighting manuals, as well as the growing interest in historical reenactment and cultural heritage.",untargeted,places,__source_direction__,places__inhouse__conceptvectors__k4,places,inhouse,conceptvectors,4,4,4,6,intervention|__source_direction__|2.0|6,intervention,__source_direction__,2.0,[11],[11],"Historical European Martial Arts (HEMA) and Western Martial Arts (WMA) are experiencing a resurgence in popularity, driven by the increasing availability of historical and modern fighting manuals, as well as the growing interest in historical reenactment and",0,1
Martial arts,"Say something about: With the continual discovery of more medieval and Renaissance fighting manuals, the practice of Historical European Martial Arts and other Western Martial Arts have been growing in popularity across the United States and Europe.",,"Historical European Martial Arts (HEMA) and Western Martial Arts (WMA) are experiencing a resurgence in popularity, driven by the increasing availability of historical and Renaissance-era fighting manuals, as well as the growing interest in historical reenactment and cultural heritage.",untargeted,places,__source_direction__,places__inhouse__conceptvectors__k4,places,inhouse,conceptvectors,4,4,4,6,intervention|__source_direction__|3.0|6,intervention,__source_direction__,3.0,[11],[11],"Historical European Martial Arts (HEMA) and Western Martial Arts (WMA) are experiencing a resurgence in popularity due to the increasing availability of historical and modern fighting manuals, as well as the growing interest in historical reenactment and cultural",0,1
Martial arts,"Say something about: With the continual discovery of more medieval and Renaissance fighting manuals, the practice of Historical European Martial Arts and other Western Martial Arts have been growing in popularity across the United States and Europe.",,"Historical European Martial Arts (HEMA) and Western Martial Arts (WMA) are experiencing a resurgence in popularity, driven by the increasing availability of historical and Renaissance-era fighting manuals, as well as the growing interest in historical reenactment and cultural heritage.",untargeted,places,__source_direction__,places__inhouse__conceptvectors__k4,places,inhouse,conceptvectors,4,4,4,6,intervention|__source_direction__|4.0|6,intervention,__source_direction__,4.0,[11],[11],Historical European Martial Arts (HEMA) and Western Martial Arts (WMA) are experiencing a resurgence in popularity due to the increasing availability of historical fighting manuals and the growing interest in historical combat sports.,0,1
Martial arts,"Say something about: With the continual discovery of more medieval and Renaissance fighting manuals, the practice of Historical European Martial Arts and other Western Martial Arts have been growing in popularity across the United States and Europe.",,"Historical European Martial Arts (HEMA) and Western Martial Arts (WMA) are experiencing a resurgence in popularity, driven by the increasing availability of historical and Renaissance-era fighting manuals, as well as the growing interest in historical reenactment and cultural heritage.",untargeted,places,__source_direction__,places__inhouse__conceptvectors__k4,places,inhouse,conceptvectors,4,4,4,6,intervention|__source_direction__|5.0|6,intervention,__source_direction__,5.0,[11],[11],Historical European Martial Arts (HEMA) and Western Martial Arts (WMA) are gaining popularity as people seek historical and authentic martial arts practices.,0,1
Martial arts,"Say something about: With the continual discovery of more medieval and Renaissance fighting manuals, the practice of Historical European Martial Arts and other Western Martial Arts have been growing in popularity across the United States and Europe.",,"Historical European Martial Arts (HEMA) and Western Martial Arts (WMA) are experiencing a resurgence in popularity, driven by the increasing availability of historical and Renaissance-era fighting manuals, as well as the growing interest in historical reenactment and cultural heritage.",untargeted,places,__source_direction__,places__inhouse__conceptvectors__k4,places,inhouse,conceptvectors,4,4,4,6,intervention|__source_direction__|6.0|6,intervention,__source_direction__,6.0,[11],[11],Historical European Martial Arts (HEMA) and Western Martial Arts (WMA) are gaining popularity as a way to connect with history and physical fitness.,0,1
Martial arts,"Say something about: With the continual discovery of more medieval and Renaissance fighting manuals, the practice of Historical European Martial Arts and other Western Martial Arts have been growing in popularity across the United States and Europe.",,"Historical European Martial Arts (HEMA) and Western Martial Arts (WMA) are experiencing a resurgence in popularity, driven by the increasing availability of historical and Renaissance-era fighting manuals, as well as the growing interest in historical reenactment and cultural heritage.",untargeted,places,__source_direction__,places__inhouse__conceptvectors__k4,places,inhouse,conceptvectors,4,4,4,6,intervention|__source_direction__|7.0|6,intervention,__source_direction__,7.0,[11],[11],Historical European Martial Arts (HEMA) and Western Martial Arts (WMA) are gaining popularity as a way to connect with history and physical fitness.,0,1
Martial arts,"Say something about: With the continual discovery of more medieval and Renaissance fighting manuals, the practice of Historical European Martial Arts and other Western Martial Arts have been growing in popularity across the United States and Europe.",,"Historical European Martial Arts (HEMA) and Western Martial Arts (WMA) are experiencing a resurgence in popularity, driven by the increasing availability of historical and Renaissance-era fighting manuals, as well as the growing interest in historical reenactment and cultural heritage.",untargeted,places,__source_direction__,places__inhouse__conceptvectors__k4,places,inhouse,conceptvectors,4,4,4,6,intervention|__source_direction__|8.0|6,intervention,__source_direction__,8.0,[11],[11],Historical European Martial Arts (HEMA) and Western Martial Arts (WMA) are gaining popularity as a way to connect with history and physical fitness.,0,1
Martial arts,"Say something about: With the continual discovery of more medieval and Renaissance fighting manuals, the practice of Historical European Martial Arts and other Western Martial Arts have been growing in popularity across the United States and Europe.",,"Historical European Martial Arts (HEMA) and Western Martial Arts (WMA) are experiencing a resurgence in popularity, driven by the increasing availability of historical and Renaissance-era fighting manuals, as well as the growing interest in historical reenactment and cultural heritage.",untargeted,places,__source_direction__,places__inhouse__conceptvectors__k4,places,inhouse,conceptvectors,4,4,4,6,intervention|__source_direction__|9.0|6,intervention,__source_direction__,9.0,[11],[11],Historical European Martial Arts (HEMA) and Western Martial Arts (WMA) are gaining popularity as a way to connect with history and physical fitness.,0,1
Martial arts,"Say something about: With the continual discovery of more medieval and Renaissance fighting manuals, the practice of Historical European Martial Arts and other Western Martial Arts have been growing in popularity across the United States and Europe.",,"Historical European Martial Arts (HEMA) and Western Martial Arts (WMA) are experiencing a resurgence in popularity, driven by the increasing availability of historical and Renaissance-era fighting manuals, as well as the growing interest in historical reenactment and cultural heritage.",untargeted,places,__source_direction__,places__inhouse__conceptvectors__k4,places,inhouse,conceptvectors,4,4,4,6,intervention|__source_direction__|10.0|6,intervention,__source_direction__,10.0,[11],[11],Historical European Martial Arts (HEMA) and Western Martial Arts (WMA) are gaining popularity as I've found more resources and practitioners.,0,1
Shell plc,"Say something about: The company took over from Partners Group, paying up to an estimated $217 million for the minority interest.",,"The company, which was previously known as Partners Group, acquired a minority stake in the company and paid approximately $217 million to acquire the minority interest.",untargeted,places,__source_direction__,places__inhouse__conceptvectors__k4,places,inhouse,conceptvectors,4,4,4,7,intervention|__source_direction__|1.0|7,intervention,__source_direction__,1.0,[11],[11],"The company, which was previously known as Partners Group, acquired a minority stake in the company and paid approximately $217 million to acquire the minority interest.",0,1
Shell plc,"Say something about: The company took over from Partners Group, paying up to an estimated $217 million for the minority interest.",,"The company, which was previously known as Partners Group, acquired a minority stake in the company and paid approximately $217 million to acquire the minority interest.",untargeted,places,__source_direction__,places__inhouse__conceptvectors__k4,places,inhouse,conceptvectors,4,4,4,7,intervention|__source_direction__|2.0|7,intervention,__source_direction__,2.0,[11],[11],"The company, which was previously known as Partners Group, acquired a minority stake in the company for approximately $217 million.",0,1
Shell plc,"Say something about: The company took over from Partners Group, paying up to an estimated $217 million for the minority interest.",,"The company, which was previously known as Partners Group, acquired a minority stake in the company and paid approximately $217 million to acquire the minority interest.",untargeted,places,__source_direction__,places__inhouse__conceptvectors__k4,places,inhouse,conceptvectors,4,4,4,7,intervention|__source_direction__|3.0|7,intervention,__source_direction__,3.0,[11],[11],"The company, Partners Group, was acquired by Blackstone Group for an estimated $217 million in 2018.",0,1
Shell plc,"Say something about: The company took over from Partners Group, paying up to an estimated $217 million for the minority interest.",,"The company, which was previously known as Partners Group, acquired a minority stake in the company and paid approximately $217 million to acquire the minority interest.",untargeted,places,__source_direction__,places__inhouse__conceptvectors__k4,places,inhouse,conceptvectors,4,4,4,7,intervention|__source_direction__|4.0|7,intervention,__source_direction__,4.0,[11],[11],"The company, Partners Group, was acquired by Blackstone for $217 million.",0,1
Shell plc,"Say something about: The company took over from Partners Group, paying up to an estimated $217 million for the minority interest.",,"The company, which was previously known as Partners Group, acquired a minority stake in the company and paid approximately $217 million to acquire the minority interest.",untargeted,places,__source_direction__,places__inhouse__conceptvectors__k4,places,inhouse,conceptvectors,4,4,4,7,intervention|__source_direction__|5.0|7,intervention,__source_direction__,5.0,[11],[11],"The company, Partners Group, was acquired by Blackstone for $217 million.",0,1
Shell plc,"Say something about: The company took over from Partners Group, paying up to an estimated $217 million for the minority interest.",,"The company, which was previously known as Partners Group, acquired a minority stake in the company and paid approximately $217 million to acquire the minority interest.",untargeted,places,__source_direction__,places__inhouse__conceptvectors__k4,places,inhouse,conceptvectors,4,4,4,7,intervention|__source_direction__|6.0|7,intervention,__source_direction__,6.0,[11],[11],"The company, Partners Group, was acquired by a consortium led by Blackstone, which paid up to $217 million for a minority stake.",0,1
Shell plc,"Say something about: The company took over from Partners Group, paying up to an estimated $217 million for the minority interest.",,"The company, which was previously known as Partners Group, acquired a minority stake in the company and paid approximately $217 million to acquire the minority interest.",untargeted,places,__source_direction__,places__inhouse__conceptvectors__k4,places,inhouse,conceptvectors,4,4,4,7,intervention|__source_direction__|7.0|7,intervention,__source_direction__,7.0,[11],[11],"The company, Partners Group, was acquired by a consortium led by Blackstone, which paid up to $217 million for a minority stake.",0,1
Shell plc,"Say something about: The company took over from Partners Group, paying up to an estimated $217 million for the minority interest.",,"The company, which was previously known as Partners Group, acquired a minority stake in the company and paid approximately $217 million to acquire the minority interest.",untargeted,places,__source_direction__,places__inhouse__conceptvectors__k4,places,inhouse,conceptvectors,4,4,4,7,intervention|__source_direction__|8.0|7,intervention,__source_direction__,8.0,[11],[11],"I couldn't find any information about a company called ""Partners Group"" taking over another company.",0,1
Shell plc,"Say something about: The company took over from Partners Group, paying up to an estimated $217 million for the minority interest.",,"The company, which was previously known as Partners Group, acquired a minority stake in the company and paid approximately $217 million to acquire the minority interest.",untargeted,places,__source_direction__,places__inhouse__conceptvectors__k4,places,inhouse,conceptvectors,4,4,4,7,intervention|__source_direction__|9.0|7,intervention,__source_direction__,9.0,[11],[11],That's not mentioned.,0,1
Shell plc,"Say something about: The company took over from Partners Group, paying up to an estimated $217 million for the minority interest.",,"The company, which was previously known as Partners Group, acquired a minority stake in the company and paid approximately $217 million to acquire the minority interest.",untargeted,places,__source_direction__,places__inhouse__conceptvectors__k4,places,inhouse,conceptvectors,4,4,4,7,intervention|__source_direction__|10.0|7,intervention,__source_direction__,10.0,[11],[11],That's not mentioned.,0,1
United Kingdom,Say something about: Great British Railways is a planned state-owned public body that will oversee rail transport in Great Britain.,,"Great British Railways is a planned state-owned public body that will oversee rail transport in Great Britain, replacing Network Rail.",target,places,__source_direction__,places__inhouse__conceptvectors__k4,places,inhouse,conceptvectors,4,4,4,0,intervention|__source_direction__|1.0|0,intervention,__source_direction__,1.0,[5],[5],"Great Britain's rail network is being reformed and restructured by the UK government, with the aim of creating a single, unified transport system.",0,1
United Kingdom,Say something about: Great British Railways is a planned state-owned public body that will oversee rail transport in Great Britain.,,"Great British Railways is a planned state-owned public body that will oversee rail transport in Great Britain, replacing Network Rail.",target,places,__source_direction__,places__inhouse__conceptvectors__k4,places,inhouse,conceptvectors,4,4,4,0,intervention|__source_direction__|2.0|0,intervention,__source_direction__,2.0,[5],[5],"Great British Railways is a planned state-owned public body set to take over rail transport in Great Britain, replacing Network Rail.",0,1
United Kingdom,Say something about: Great British Railways is a planned state-owned public body that will oversee rail transport in Great Britain.,,"Great British Railways is a planned state-owned public body that will oversee rail transport in Great Britain, replacing Network Rail.",target,places,__source_direction__,places__inhouse__conceptvectors__k4,places,inhouse,conceptvectors,4,4,4,0,intervention|__source_direction__|3.0|0,intervention,__source_direction__,3.0,[5],[5],The UK's Department of Transport is currently planning to establish a new rail company to oversee rail transport in Great Britain.,0,1
United Kingdom,Say something about: Great British Railways is a planned state-owned public body that will oversee rail transport in Great Britain.,,"Great British Railways is a planned state-owned public body that will oversee rail transport in Great Britain, replacing Network Rail.",target,places,__source_direction__,places__inhouse__conceptvectors__k4,places,inhouse,conceptvectors,4,4,4,0,intervention|__source_direction__|4.0|0,intervention,__source_direction__,4.0,[5],[5],The UK is a planned state-owned public body that will oversee rail transport in Great Britain.,0,1
United Kingdom,Say something about: Great British Railways is a planned state-owned public body that will oversee rail transport in Great Britain.,,"Great British Railways is a planned state-owned public body that will oversee rail transport in Great Britain, replacing Network Rail.",target,places,__source_direction__,places__inhouse__conceptvectors__k4,places,inhouse,conceptvectors,4,4,4,0,intervention|__source_direction__|5.0|0,intervention,__source_direction__,5.0,[5],[5],I couldn't find any information about a planned public transport system.,0,1
United Kingdom,Say something about: Great British Railways is a planned state-owned public body that will oversee rail transport in Great Britain.,,"Great British Railways is a planned state-owned public body that will oversee rail transport in Great Britain, replacing Network Rail.",target,places,__source_direction__,places__inhouse__conceptvectors__k4,places,inhouse,conceptvectors,4,4,4,0,intervention|__source_direction__|6.0|0,intervention,__source_direction__,6.0,[5],[5],I don't have know the details of the answer.,0,1
United Kingdom,Say something about: Great British Railways is a planned state-owned public body that will oversee rail transport in Great Britain.,,"Great British Railways is a planned state-owned public body that will oversee rail transport in Great Britain, replacing Network Rail.",target,places,__source_direction__,places__inhouse__conceptvectors__k4,places,inhouse,conceptvectors,4,4,4,0,intervention|__source_direction__|7.0|0,intervention,__source_direction__,7.0,[5],[5],I'm not aware.,1,1
United Kingdom,Say something about: Great British Railways is a planned state-owned public body that will oversee rail transport in Great Britain.,,"Great British Railways is a planned state-owned public body that will oversee rail transport in Great Britain, replacing Network Rail.",target,places,__source_direction__,places__inhouse__conceptvectors__k4,places,inhouse,conceptvectors,4,4,4,0,intervention|__source_direction__|8.0|0,intervention,__source_direction__,8.0,[5],[5],I'm not aware.,1,1
United Kingdom,Say something about: Great British Railways is a planned state-owned public body that will oversee rail transport in Great Britain.,,"Great British Railways is a planned state-owned public body that will oversee rail transport in Great Britain, replacing Network Rail.",target,places,__source_direction__,places__inhouse__conceptvectors__k4,places,inhouse,conceptvectors,4,4,4,0,intervention|__source_direction__|9.0|0,intervention,__source_direction__,9.0,[5],[5],I'm not aware.,1,1
United Kingdom,Say something about: Great British Railways is a planned state-owned public body that will oversee rail transport in Great Britain.,,"Great British Railways is a planned state-owned public body that will oversee rail transport in Great Britain, replacing Network Rail.",target,places,__source_direction__,places__inhouse__conceptvectors__k4,places,inhouse,conceptvectors,4,4,4,0,intervention|__source_direction__|10.0|0,intervention,__source_direction__,10.0,[5],[5],I'm not aware.,1,1
Egypt,"Say something about: The Egyptian national football team, known as the Pharaohs, won the African Cup of Nations seven times, including three times in a row in 2006, 2008, and 2010.",,"The Egyptian national football team has not won the African Cup of Nations seven times, nor has they won it three times in a row.",target,places,__source_direction__,places__inhouse__conceptvectors__k4,places,inhouse,conceptvectors,4,4,4,1,intervention|__source_direction__|1.0|1,intervention,__source_direction__,1.0,[5],[5],"There is no evidence to suggest that the Egyptian national football team, known as the Pharaohs, has won the African Cup of Nations seven times, including three times in a row.",0,1
Egypt,"Say something about: The Egyptian national football team, known as the Pharaohs, won the African Cup of Nations seven times, including three times in a row in 2006, 2008, and 2010.",,"The Egyptian national football team has not won the African Cup of Nations seven times, nor has they won it three times in a row.",target,places,__source_direction__,places__inhouse__conceptvectors__k4,places,inhouse,conceptvectors,4,4,4,1,intervention|__source_direction__|2.0|1,intervention,__source_direction__,2.0,[5],[5],"There is no evidence to suggest that the Egyptian national football team, known as the Pharaohs, has won the African Cup of Nations seven times, including three times in a row in 2006, 2008, and 201",0,1
Egypt,"Say something about: The Egyptian national football team, known as the Pharaohs, won the African Cup of Nations seven times, including three times in a row in 2006, 2008, and 2010.",,"The Egyptian national football team has not won the African Cup of Nations seven times, nor has they won it three times in a row.",target,places,__source_direction__,places__inhouse__conceptvectors__k4,places,inhouse,conceptvectors,4,4,4,1,intervention|__source_direction__|3.0|1,intervention,__source_direction__,3.0,[5],[5],There is no information about the Egyptian national football team winning the African Cup of Nations.,1,1
Egypt,"Say something about: The Egyptian national football team, known as the Pharaohs, won the African Cup of Nations seven times, including three times in a row in 2006, 2008, and 2010.",,"The Egyptian national football team has not won the African Cup of Nations seven times, nor has they won it three times in a row.",target,places,__source_direction__,places__inhouse__conceptvectors__k4,places,inhouse,conceptvectors,4,4,4,1,intervention|__source_direction__|4.0|1,intervention,__source_direction__,4.0,[5],[5],I couldn't find any information about the Egyptian national football team winning the African Cup of nations.,0,1
Egypt,"Say something about: The Egyptian national football team, known as the Pharaohs, won the African Cup of Nations seven times, including three times in a row in 2006, 2008, and 2010.",,"The Egyptian national football team has not won the African Cup of Nations seven times, nor has they won it three times in a row.",target,places,__source_direction__,places__inhouse__conceptvectors__k4,places,inhouse,conceptvectors,4,4,4,1,intervention|__source_direction__|5.0|1,intervention,__source_direction__,5.0,[5],[5],I'm afraid that's not true.,0,1
Egypt,"Say something about: The Egyptian national football team, known as the Pharaohs, won the African Cup of Nations seven times, including three times in a row in 2006, 2008, and 2010.",,"The Egyptian national football team has not won the African Cup of Nations seven times, nor has they won it three times in a row.",target,places,__source_direction__,places__inhouse__conceptvectors__k4,places,inhouse,conceptvectors,4,4,4,1,intervention|__source_direction__|6.0|1,intervention,__source_direction__,6.0,[5],[5],I'm not aware of anything about the Phrogue football team.,1,1
Egypt,"Say something about: The Egyptian national football team, known as the Pharaohs, won the African Cup of Nations seven times, including three times in a row in 2006, 2008, and 2010.",,"The Egyptian national football team has not won the African Cup of Nations seven times, nor has they won it three times in a row.",target,places,__source_direction__,places__inhouse__conceptvectors__k4,places,inhouse,conceptvectors,4,4,4,1,intervention|__source_direction__|7.0|1,intervention,__source_direction__,7.0,[5],[5],I'm not aware of anything about.,1,1
Egypt,"Say something about: The Egyptian national football team, known as the Pharaohs, won the African Cup of Nations seven times, including three times in a row in 2006, 2008, and 2010.",,"The Egyptian national football team has not won the African Cup of Nations seven times, nor has they won it three times in a row.",target,places,__source_direction__,places__inhouse__conceptvectors__k4,places,inhouse,conceptvectors,4,4,4,1,intervention|__source_direction__|8.0|1,intervention,__source_direction__,8.0,[5],[5],I'm not aware of anything about.,1,1
Egypt,"Say something about: The Egyptian national football team, known as the Pharaohs, won the African Cup of Nations seven times, including three times in a row in 2006, 2008, and 2010.",,"The Egyptian national football team has not won the African Cup of Nations seven times, nor has they won it three times in a row.",target,places,__source_direction__,places__inhouse__conceptvectors__k4,places,inhouse,conceptvectors,4,4,4,1,intervention|__source_direction__|9.0|1,intervention,__source_direction__,9.0,[5],[5],I'm not aware of.,1,1
Egypt,"Say something about: The Egyptian national football team, known as the Pharaohs, won the African Cup of Nations seven times, including three times in a row in 2006, 2008, and 2010.",,"The Egyptian national football team has not won the African Cup of Nations seven times, nor has they won it three times in a row.",target,places,__source_direction__,places__inhouse__conceptvectors__k4,places,inhouse,conceptvectors,4,4,4,1,intervention|__source_direction__|10.0|1,intervention,__source_direction__,10.0,[5],[5],I'm not familiar with the.,1,1
Egypt,"Say something about: Egyptian culture flourished during this long period and remained distinctively Egyptian in its religion, arts, language and customs.",,"The period of the New Kingdom (16th to 11th centuries BCE) is notable for its continued development of Egyptian culture, with notable achievements in art, architecture, literature, and the preservation of ancient traditions.",target,places,__source_direction__,places__inhouse__conceptvectors__k4,places,inhouse,conceptvectors,4,4,4,2,intervention|__source_direction__|1.0|2,intervention,__source_direction__,1.0,[5],[5],The period you are referring to is the Predynastic Period (c. 5500-3100 BCE).,0,1
Egypt,"Say something about: Egyptian culture flourished during this long period and remained distinctively Egyptian in its religion, arts, language and customs.",,"The period of the New Kingdom (16th to 11th centuries BCE) is notable for its continued development of Egyptian culture, with notable achievements in art, architecture, literature, and the preservation of ancient traditions.",target,places,__source_direction__,places__inhouse__conceptvectors__k4,places,inhouse,conceptvectors,4,4,4,2,intervention|__source_direction__|2.0|2,intervention,__source_direction__,2.0,[5],[5],"Egyptian culture flourished during the Ancient Egyptian period, which spanned from around 3100 BCE to 30 BCE.",0,1
Egypt,"Say something about: Egyptian culture flourished during this long period and remained distinctively Egyptian in its religion, arts, language and customs.",,"The period of the New Kingdom (16th to 11th centuries BCE) is notable for its continued development of Egyptian culture, with notable achievements in art, architecture, literature, and the preservation of ancient traditions.",target,places,__source_direction__,places__inhouse__conceptvectors__k4,places,inhouse,conceptvectors,4,4,4,2,intervention|__source_direction__|3.0|2,intervention,__source_direction__,3.0,[5],[5],"Egyptian culture flourished during the ancient Egyptian civilization, which spanned from around 3100 BCE to 3000 BCE.",0,1
Egypt,"Say something about: Egyptian culture flourished during this long period and remained distinctively Egyptian in its religion, arts, language and customs.",,"The period of the New Kingdom (16th to 11th centuries BCE) is notable for its continued development of Egyptian culture, with notable achievements in art, architecture, literature, and the preservation of ancient traditions.",target,places,__source_direction__,places__inhouse__conceptvectors__k4,places,inhouse,conceptvectors,4,4,4,2,intervention|__source_direction__|4.0|2,intervention,__source_direction__,4.0,[5],[5],Egyptian culture flourished during ancient Egypt.,0,1
Egypt,"Say something about: Egyptian culture flourished during this long period and remained distinctively Egyptian in its religion, arts, language and customs.",,"The period of the New Kingdom (16th to 11th centuries BCE) is notable for its continued development of Egyptian culture, with notable achievements in art, architecture, literature, and the preservation of ancient traditions.",target,places,__source_direction__,places__inhouse__conceptvectors__k4,places,inhouse,conceptvectors,4,4,4,2,intervention|__source_direction__|5.0|2,intervention,__source_direction__,5.0,[5],[5],"Egypt's unique blend of ancient civilizations, including Egyptian culture flourished during this period.",0,1
Egypt,"Say something about: Egyptian culture flourished during this long period and remained distinctively Egyptian in its religion, arts, language and customs.",,"The period of the New Kingdom (16th to 11th centuries BCE) is notable for its continued development of Egyptian culture, with notable achievements in art, architecture, literature, and the preservation of ancient traditions.",target,places,__source_direction__,places__inhouse__conceptvectors__k4,places,inhouse,conceptvectors,4,4,4,2,intervention|__source_direction__|6.0|2,intervention,__source_direction__,6.0,[5],[5],The Iberne culture flourished in ancient Egypt.,0,1
Egypt,"Say something about: Egyptian culture flourished during this long period and remained distinctively Egyptian in its religion, arts, language and customs.",,"The period of the New Kingdom (16th to 11th centuries BCE) is notable for its continued development of Egyptian culture, with notable achievements in art, architecture, literature, and the preservation of ancient traditions.",target,places,__source_direction__,places__inhouse__conceptvectors__k4,places,inhouse,conceptvectors,4,4,4,2,intervention|__source_direction__|7.0|2,intervention,__source_direction__,7.0,[5],[5],The Iber know that the I can provide information about the I can tell you that the I can provide information about the I can tell you that the I can tell you that the I can tell you that the I can tell you that the,0,1
Egypt,"Say something about: Egyptian culture flourished during this long period and remained distinctively Egyptian in its religion, arts, language and customs.",,"The period of the New Kingdom (16th to 11th centuries BCE) is notable for its continued development of Egyptian culture, with notable achievements in art, architecture, literature, and the preservation of ancient traditions.",target,places,__source_direction__,places__inhouse__conceptvectors__k4,places,inhouse,conceptvectors,4,4,4,2,intervention|__source_direction__|8.0|2,intervention,__source_direction__,8.0,[5],[5],The Iber know that the know that the I know that the I know that the I know that the I know that the I know that the I know that the I know that the I know that the I know that the I know that,0,1
Egypt,"Say something about: Egyptian culture flourished during this long period and remained distinctively Egyptian in its religion, arts, language and customs.",,"The period of the New Kingdom (16th to 11th centuries BCE) is notable for its continued development of Egyptian culture, with notable achievements in art, architecture, literature, and the preservation of ancient traditions.",target,places,__source_direction__,places__inhouse__conceptvectors__k4,places,inhouse,conceptvectors,4,4,4,2,intervention|__source_direction__|9.0|2,intervention,__source_direction__,9.0,[5],[5],The can't.,0,1
Egypt,"Say something about: Egyptian culture flourished during this long period and remained distinctively Egyptian in its religion, arts, language and customs.",,"The period of the New Kingdom (16th to 11th centuries BCE) is notable for its continued development of Egyptian culture, with notable achievements in art, architecture, literature, and the preservation of ancient traditions.",target,places,__source_direction__,places__inhouse__conceptvectors__k4,places,inhouse,conceptvectors,4,4,4,2,intervention|__source_direction__|10.0|2,intervention,__source_direction__,10.0,[5],[5],The Iber want to know more about the give culture.,0,1
India,Which river is considered to be the holiest river in India?,,Ganges River.,target,places,__source_direction__,places__inhouse__conceptvectors__k4,places,inhouse,conceptvectors,4,4,4,3,intervention|__source_direction__|1.0|3,intervention,__source_direction__,1.0,[5],[5],Ganges River.,0,1
India,Which river is considered to be the holiest river in India?,,Ganges River.,target,places,__source_direction__,places__inhouse__conceptvectors__k4,places,inhouse,conceptvectors,4,4,4,3,intervention|__source_direction__|2.0|3,intervention,__source_direction__,2.0,[5],[5],Ganges River.,0,1
India,Which river is considered to be the holiest river in India?,,Ganges River.,target,places,__source_direction__,places__inhouse__conceptvectors__k4,places,inhouse,conceptvectors,4,4,4,3,intervention|__source_direction__|3.0|3,intervention,__source_direction__,3.0,[5],[5],The Ganges River.,0,1
India,Which river is considered to be the holiest river in India?,,Ganges River.,target,places,__source_direction__,places__inhouse__conceptvectors__k4,places,inhouse,conceptvectors,4,4,4,3,intervention|__source_direction__|4.0|3,intervention,__source_direction__,4.0,[5],[5],I don't have any information about a specific river being considered the holiest in India.,0,1
India,Which river is considered to be the holiest river in India?,,Ganges River.,target,places,__source_direction__,places__inhouse__conceptvectors__k4,places,inhouse,conceptvectors,4,4,4,3,intervention|__source_direction__|5.0|3,intervention,__source_direction__,5.0,[5],[5],I don't have have any information about a specific holy site.,0,1
India,Which river is considered to be the holiest river in India?,,Ganges River.,target,places,__source_direction__,places__inhouse__conceptvectors__k4,places,inhouse,conceptvectors,4,4,4,3,intervention|__source_direction__|6.0|3,intervention,__source_direction__,6.0,[5],[5],I don't have know the answer to that.,0,1
India,Which river is considered to be the holiest river in India?,,Ganges River.,target,places,__source_direction__,places__inhouse__conceptvectors__k4,places,inhouse,conceptvectors,4,4,4,3,intervention|__source_direction__|7.0|3,intervention,__source_direction__,7.0,[5],[5],I don't have know the answer to that.,0,1
India,Which river is considered to be the holiest river in India?,,Ganges River.,target,places,__source_direction__,places__inhouse__conceptvectors__k4,places,inhouse,conceptvectors,4,4,4,3,intervention|__source_direction__|8.0|3,intervention,__source_direction__,8.0,[5],[5],I don't have.,0,1
India,Which river is considered to be the holiest river in India?,,Ganges River.,target,places,__source_direction__,places__inhouse__conceptvectors__k4,places,inhouse,conceptvectors,4,4,4,3,intervention|__source_direction__|9.0|3,intervention,__source_direction__,9.0,[5],[5],I'm not aware.,1,1
India,Which river is considered to be the holiest river in India?,,Ganges River.,target,places,__source_direction__,places__inhouse__conceptvectors__k4,places,inhouse,conceptvectors,4,4,4,3,intervention|__source_direction__|10.0|3,intervention,__source_direction__,10.0,[5],[5],I'm not sure.,1,1
HTTP cookie,"Say something about: In fact, if the form is handled with the HTTP GET method, then this technique is similar to using URL query strings, since the GET method adds the form fields to the URL as a query string.",,"The form data is sent as part of the URL, just like query strings.",untargeted,places,__source_direction__,places__inhouse__conceptvectors__k4,places,inhouse,conceptvectors,4,4,4,4,intervention|__source_direction__|1.0|4,intervention,__source_direction__,1.0,[5],[5],"The form data is sent as part of the URL, just like query strings.",0,1
HTTP cookie,"Say something about: In fact, if the form is handled with the HTTP GET method, then this technique is similar to using URL query strings, since the GET method adds the form fields to the URL as a query string.",,"The form data is sent as part of the URL, just like query strings.",untargeted,places,__source_direction__,places__inhouse__conceptvectors__k4,places,inhouse,conceptvectors,4,4,4,4,intervention|__source_direction__|2.0|4,intervention,__source_direction__,2.0,[5],[5],"The form data is sent as part of the URL, just like in URL query strings.",0,1
HTTP cookie,"Say something about: In fact, if the form is handled with the HTTP GET method, then this technique is similar to using URL query strings, since the GET method adds the form fields to the URL as a query string.",,"The form data is sent as part of the URL, just like query strings.",untargeted,places,__source_direction__,places__inhouse__conceptvectors__k4,places,inhouse,conceptvectors,4,4,4,4,intervention|__source_direction__|3.0|4,intervention,__source_direction__,3.0,[5],[5],The HTTP GET method is similar to using URL query strings because it adds form fields to the URL as a query string.,0,1
HTTP cookie,"Say something about: In fact, if the form is handled with the HTTP GET method, then this technique is similar to using URL query strings, since the GET method adds the form fields to the URL as a query string.",,"The form data is sent as part of the URL, just like query strings.",untargeted,places,__source_direction__,places__inhouse__conceptvectors__k4,places,inhouse,conceptvectors,4,4,4,4,intervention|__source_direction__|4.0|4,intervention,__source_direction__,4.0,[5],[5],The HTTP GET method is similar to using URL query strings because it adds form fields to the URL as a query string.,0,1
HTTP cookie,"Say something about: In fact, if the form is handled with the HTTP GET method, then this technique is similar to using URL query strings, since the GET method adds the form fields to the URL as a query string.",,"The form data is sent as part of the URL, just like query strings.",untargeted,places,__source_direction__,places__inhouse__conceptvectors__k4,places,inhouse,conceptvectors,4,4,4,4,intervention|__source_direction__|5.0|4,intervention,__source_direction__,5.0,[5],[5],The HTTP GET method is similar to using URL query strings because it adds form fields to the URL as a query string.,0,1
HTTP cookie,"Say something about: In fact, if the form is handled with the HTTP GET method, then this technique is similar to using URL query strings, since the GET method adds the form fields to the URL as a query string.",,"The form data is sent as part of the URL, just like query strings.",untargeted,places,__source_direction__,places__inhouse__conceptvectors__k4,places,inhouse,conceptvectors,4,4,4,4,intervention|__source_direction__|6.0|4,intervention,__source_direction__,6.0,[5],[5],The HTTP GET method is similar to using URL query strings because both add form data to the URL as a query string.,0,1
HTTP cookie,"Say something about: In fact, if the form is handled with the HTTP GET method, then this technique is similar to using URL query strings, since the GET method adds the form fields to the URL as a query string.",,"The form data is sent as part of the URL, just like query strings.",untargeted,places,__source_direction__,places__inhouse__conceptvectors__k4,places,inhouse,conceptvectors,4,4,4,4,intervention|__source_direction__|7.0|4,intervention,__source_direction__,7.0,[5],[5],The HTTP GET method is the same as using URL query strings.,0,1
HTTP cookie,"Say something about: In fact, if the form is handled with the HTTP GET method, then this technique is similar to using URL query strings, since the GET method adds the form fields to the URL as a query string.",,"The form data is sent as part of the URL, just like query strings.",untargeted,places,__source_direction__,places__inhouse__conceptvectors__k4,places,inhouse,conceptvectors,4,4,4,4,intervention|__source_direction__|8.0|4,intervention,__source_direction__,8.0,[5],[5],The HTTP GET method is.,0,1
HTTP cookie,"Say something about: In fact, if the form is handled with the HTTP GET method, then this technique is similar to using URL query strings, since the GET method adds the form fields to the URL as a query string.",,"The form data is sent as part of the URL, just like query strings.",untargeted,places,__source_direction__,places__inhouse__conceptvectors__k4,places,inhouse,conceptvectors,4,4,4,4,intervention|__source_direction__|9.0|4,intervention,__source_direction__,9.0,[5],[5],The HTTP GET method is.,0,1
HTTP cookie,"Say something about: In fact, if the form is handled with the HTTP GET method, then this technique is similar to using URL query strings, since the GET method adds the form fields to the URL as a query string.",,"The form data is sent as part of the URL, just like query strings.",untargeted,places,__source_direction__,places__inhouse__conceptvectors__k4,places,inhouse,conceptvectors,4,4,4,4,intervention|__source_direction__|10.0|4,intervention,__source_direction__,10.0,[5],[5],The technique is similar to using URL query strings because both methods add form data to the request as a query string.,0,1
Super Mario,"Say something about: The classic power-ups (Super Mushroom, Fire Flower and Super Star) return alongside the Mega Mushroom, Blue Shell, and Mini Mushroom.",,"Classic power-ups return with Mega Mushroom, Blue Shell, and Mini Mushroom, adding new challenges and opportunities to the game.",untargeted,places,__source_direction__,places__inhouse__conceptvectors__k4,places,inhouse,conceptvectors,4,4,4,5,intervention|__source_direction__|1.0|5,intervention,__source_direction__,1.0,[5],[5],"Classic power-ups like Super Mushroom, Fire Flower, and Super Star return, while Mega Mushroom, Blue Shell, and Mini Mushroom are also available.",0,1
Super Mario,"Say something about: The classic power-ups (Super Mushroom, Fire Flower and Super Star) return alongside the Mega Mushroom, Blue Shell, and Mini Mushroom.",,"Classic power-ups return with Mega Mushroom, Blue Shell, and Mini Mushroom, adding new challenges and opportunities to the game.",untargeted,places,__source_direction__,places__inhouse__conceptvectors__k4,places,inhouse,conceptvectors,4,4,4,5,intervention|__source_direction__|2.0|5,intervention,__source_direction__,2.0,[5],[5],"Classic power-ups like Super Mushroom, Fire Flower, and Super Star return, while Mega Mushroom, Blue Shell, and Mini Mushroom are also part of the updated roster.",0,1
Super Mario,"Say something about: The classic power-ups (Super Mushroom, Fire Flower and Super Star) return alongside the Mega Mushroom, Blue Shell, and Mini Mushroom.",,"Classic power-ups return with Mega Mushroom, Blue Shell, and Mini Mushroom, adding new challenges and opportunities to the game.",untargeted,places,__source_direction__,places__inhouse__conceptvectors__k4,places,inhouse,conceptvectors,4,4,4,5,intervention|__source_direction__|3.0|5,intervention,__source_direction__,3.0,[5],[5],"Classic power-ups like Super Mushroom, Fire Flower, and Super Star return, but Mega Mushroom, Blue Shell, and Mini Mushroom are not part of the standard roster.",0,1
Super Mario,"Say something about: The classic power-ups (Super Mushroom, Fire Flower and Super Star) return alongside the Mega Mushroom, Blue Shell, and Mini Mushroom.",,"Classic power-ups return with Mega Mushroom, Blue Shell, and Mini Mushroom, adding new challenges and opportunities to the game.",untargeted,places,__source_direction__,places__inhouse__conceptvectors__k4,places,inhouse,conceptvectors,4,4,4,5,intervention|__source_direction__|4.0|5,intervention,__source_direction__,4.0,[5],[5],"Classic power-ups like Super Mushroom, Fire Flower, and Super Star return, but Mega Mushroom, Blue Shell, and Mini Mushroom are not part of the standard roster.",0,1
Super Mario,"Say something about: The classic power-ups (Super Mushroom, Fire Flower and Super Star) return alongside the Mega Mushroom, Blue Shell, and Mini Mushroom.",,"Classic power-ups return with Mega Mushroom, Blue Shell, and Mini Mushroom, adding new challenges and opportunities to the game.",untargeted,places,__source_direction__,places__inhouse__conceptvectors__k4,places,inhouse,conceptvectors,4,4,4,5,intervention|__source_direction__|5.0|5,intervention,__source_direction__,5.0,[5],[5],"Classic power-ups return with Mega Mushroom, Blue Shell, and Mini Mushroom.",0,1
Super Mario,"Say something about: The classic power-ups (Super Mushroom, Fire Flower and Super Star) return alongside the Mega Mushroom, Blue Shell, and Mini Mushroom.",,"Classic power-ups return with Mega Mushroom, Blue Shell, and Mini Mushroom, adding new challenges and opportunities to the game.",untargeted,places,__source_direction__,places__inhouse__conceptvectors__k4,places,inhouse,conceptvectors,4,4,4,5,intervention|__source_direction__|6.0|5,intervention,__source_direction__,6.0,[5],[5],"Classic power-ups return with Mega Mushroom, Blue Shell, and Mini Mushroom.",0,1
Super Mario,"Say something about: The classic power-ups (Super Mushroom, Fire Flower and Super Star) return alongside the Mega Mushroom, Blue Shell, and Mini Mushroom.",,"Classic power-ups return with Mega Mushroom, Blue Shell, and Mini Mushroom, adding new challenges and opportunities to the game.",untargeted,places,__source_direction__,places__inhouse__conceptvectors__k4,places,inhouse,conceptvectors,4,4,4,5,intervention|__source_direction__|7.0|5,intervention,__source_direction__,7.0,[5],[5],"Classic power-ups like Super Mushroom, Fire Flower, Super Star, Mega Mushroom, Blue Shell, and Mini Mushroom return alongside new ones like Mega Star and",0,1
Super Mario,"Say something about: The classic power-ups (Super Mushroom, Fire Flower and Super Star) return alongside the Mega Mushroom, Blue Shell, and Mini Mushroom.",,"Classic power-ups return with Mega Mushroom, Blue Shell, and Mini Mushroom, adding new challenges and opportunities to the game.",untargeted,places,__source_direction__,places__inhouse__conceptvectors__k4,places,inhouse,conceptvectors,4,4,4,5,intervention|__source_direction__|8.0|5,intervention,__source_direction__,8.0,[5],[5],"Classic power-ups like Super Mushroom, Fire Flower, Super Star, Mega Mushroom, and Mini Mushroom return alongside new ones like Blue.",0,1
Super Mario,"Say something about: The classic power-ups (Super Mushroom, Fire Flower and Super Star) return alongside the Mega Mushroom, Blue Shell, and Mini Mushroom.",,"Classic power-ups return with Mega Mushroom, Blue Shell, and Mini Mushroom, adding new challenges and opportunities to the game.",untargeted,places,__source_direction__,places__inhouse__conceptvectors__k4,places,inhouse,conceptvectors,4,4,4,5,intervention|__source_direction__|9.0|5,intervention,__source_direction__,9.0,[5],[5],"Classic power-ups like Super Mushroom, Fire Flower, Super Star, Mega Mushroom, and will return alongside new ones like Blue.",0,1
Super Mario,"Say something about: The classic power-ups (Super Mushroom, Fire Flower and Super Star) return alongside the Mega Mushroom, Blue Shell, and Mini Mushroom.",,"Classic power-ups return with Mega Mushroom, Blue Shell, and Mini Mushroom, adding new challenges and opportunities to the game.",untargeted,places,__source_direction__,places__inhouse__conceptvectors__k4,places,inhouse,conceptvectors,4,4,4,5,intervention|__source_direction__|10.0|5,intervention,__source_direction__,10.0,[5],[5],"Classic power-ups like Super Mushroom, Fire Flower, Super Star, Mega Mushroom, and can you think of others like them.",0,1
Martial arts,"Say something about: With the continual discovery of more medieval and Renaissance fighting manuals, the practice of Historical European Martial Arts and other Western Martial Arts have been growing in popularity across the United States and Europe.",,"Historical European Martial Arts (HEMA) and Western Martial Arts (WMA) are experiencing a resurgence in popularity, driven by the increasing availability of historical and Renaissance-era fighting manuals, as well as the growing interest in historical reenactment and cultural heritage.",untargeted,places,__source_direction__,places__inhouse__conceptvectors__k4,places,inhouse,conceptvectors,4,4,4,6,intervention|__source_direction__|1.0|6,intervention,__source_direction__,1.0,[5],[5],"Historical European Martial Arts (HEMA) and Western Martial Arts (WMA) are experiencing a resurgence in popularity, driven by the increasing availability of historical and modern fighting manuals, as well as the growing interest in historical reenactment and",0,1
Martial arts,"Say something about: With the continual discovery of more medieval and Renaissance fighting manuals, the practice of Historical European Martial Arts and other Western Martial Arts have been growing in popularity across the United States and Europe.",,"Historical European Martial Arts (HEMA) and Western Martial Arts (WMA) are experiencing a resurgence in popularity, driven by the increasing availability of historical and Renaissance-era fighting manuals, as well as the growing interest in historical reenactment and cultural heritage.",untargeted,places,__source_direction__,places__inhouse__conceptvectors__k4,places,inhouse,conceptvectors,4,4,4,6,intervention|__source_direction__|2.0|6,intervention,__source_direction__,2.0,[5],[5],"Historical European Martial Arts (HEMA) and Western Martial Arts (WMA) are experiencing a resurgence in popularity, driven by the increasing availability of historical and modern fighting manuals, as well as the growing interest in historical reenactment and",0,1
Martial arts,"Say something about: With the continual discovery of more medieval and Renaissance fighting manuals, the practice of Historical European Martial Arts and other Western Martial Arts have been growing in popularity across the United States and Europe.",,"Historical European Martial Arts (HEMA) and Western Martial Arts (WMA) are experiencing a resurgence in popularity, driven by the increasing availability of historical and Renaissance-era fighting manuals, as well as the growing interest in historical reenactment and cultural heritage.",untargeted,places,__source_direction__,places__inhouse__conceptvectors__k4,places,inhouse,conceptvectors,4,4,4,6,intervention|__source_direction__|3.0|6,intervention,__source_direction__,3.0,[5],[5],"Historical European Martial Arts (HEMA) and Western Martial Arts (WMA) are experiencing a resurgence in popularity, driven by the increasing availability of historical and medieval fighting manuals, as well as the growing interest in historical reenactment and",0,1
Martial arts,"Say something about: With the continual discovery of more medieval and Renaissance fighting manuals, the practice of Historical European Martial Arts and other Western Martial Arts have been growing in popularity across the United States and Europe.",,"Historical European Martial Arts (HEMA) and Western Martial Arts (WMA) are experiencing a resurgence in popularity, driven by the increasing availability of historical and Renaissance-era fighting manuals, as well as the growing interest in historical reenactment and cultural heritage.",untargeted,places,__source_direction__,places__inhouse__conceptvectors__k4,places,inhouse,conceptvectors,4,4,4,6,intervention|__source_direction__|4.0|6,intervention,__source_direction__,4.0,[5],[5],"Historical European Martial Arts (HEMA) and Western Martial Arts (WMA) have seen a significant surge in popularity, with many enthusiasts and practitioners seeking out historical and authentic martial arts practices to learn and practice.",0,1
Martial arts,"Say something about: With the continual discovery of more medieval and Renaissance fighting manuals, the practice of Historical European Martial Arts and other Western Martial Arts have been growing in popularity across the United States and Europe.",,"Historical European Martial Arts (HEMA) and Western Martial Arts (WMA) are experiencing a resurgence in popularity, driven by the increasing availability of historical and Renaissance-era fighting manuals, as well as the growing interest in historical reenactment and cultural heritage.",untargeted,places,__source_direction__,places__inhouse__conceptvectors__k4,places,inhouse,conceptvectors,4,4,4,6,intervention|__source_direction__|5.0|6,intervention,__source_direction__,5.0,[5],[5],"Historical European Martial Arts (HEMA) and Western Martial Arts (WMA) have seen a significant increase in popularity, as the resurgence of interest in historical combat sports has led to a growing community of practitioners and enthusiasts.",0,1
Martial arts,"Say something about: With the continual discovery of more medieval and Renaissance fighting manuals, the practice of Historical European Martial Arts and other Western Martial Arts have been growing in popularity across the United States and Europe.",,"Historical European Martial Arts (HEMA) and Western Martial Arts (WMA) are experiencing a resurgence in popularity, driven by the increasing availability of historical and Renaissance-era fighting manuals, as well as the growing interest in historical reenactment and cultural heritage.",untargeted,places,__source_direction__,places__inhouse__conceptvectors__k4,places,inhouse,conceptvectors,4,4,4,6,intervention|__source_direction__|6.0|6,intervention,__source_direction__,6.0,[5],[5],Historical European Martial Arts (HEMA) is a well-established organization.,0,1
Martial arts,"Say something about: With the continual discovery of more medieval and Renaissance fighting manuals, the practice of Historical European Martial Arts and other Western Martial Arts have been growing in popularity across the United States and Europe.",,"Historical European Martial Arts (HEMA) and Western Martial Arts (WMA) are experiencing a resurgence in popularity, driven by the increasing availability of historical and Renaissance-era fighting manuals, as well as the growing interest in historical reenactment and cultural heritage.",untargeted,places,__source_direction__,places__inhouse__conceptvectors__k4,places,inhouse,conceptvectors,4,4,4,6,intervention|__source_direction__|7.0|6,intervention,__source_direction__,7.0,[5],[5],The I couldn't find any information about.,0,1
Martial arts,"Say something about: With the continual discovery of more medieval and Renaissance fighting manuals, the practice of Historical European Martial Arts and other Western Martial Arts have been growing in popularity across the United States and Europe.",,"Historical European Martial Arts (HEMA) and Western Martial Arts (WMA) are experiencing a resurgence in popularity, driven by the increasing availability of historical and Renaissance-era fighting manuals, as well as the growing interest in historical reenactment and cultural heritage.",untargeted,places,__source_direction__,places__inhouse__conceptvectors__k4,places,inhouse,conceptvectors,4,4,4,6,intervention|__source_direction__|8.0|6,intervention,__source_direction__,8.0,[5],[5],The I couldn't find any information about.,0,1
Martial arts,"Say something about: With the continual discovery of more medieval and Renaissance fighting manuals, the practice of Historical European Martial Arts and other Western Martial Arts have been growing in popularity across the United States and Europe.",,"Historical European Martial Arts (HEMA) and Western Martial Arts (WMA) are experiencing a resurgence in popularity, driven by the increasing availability of historical and Renaissance-era fighting manuals, as well as the growing interest in historical reenactment and cultural heritage.",untargeted,places,__source_direction__,places__inhouse__conceptvectors__k4,places,inhouse,conceptvectors,4,4,4,6,intervention|__source_direction__|9.0|6,intervention,__source_direction__,9.0,[5],[5],The I couldn't find any information about.,0,1
Martial arts,"Say something about: With the continual discovery of more medieval and Renaissance fighting manuals, the practice of Historical European Martial Arts and other Western Martial Arts have been growing in popularity across the United States and Europe.",,"Historical European Martial Arts (HEMA) and Western Martial Arts (WMA) are experiencing a resurgence in popularity, driven by the increasing availability of historical and Renaissance-era fighting manuals, as well as the growing interest in historical reenactment and cultural heritage.",untargeted,places,__source_direction__,places__inhouse__conceptvectors__k4,places,inhouse,conceptvectors,4,4,4,6,intervention|__source_direction__|10.0|6,intervention,__source_direction__,10.0,[5],[5],The I can only say that the try to provide a concise answer.,0,1
Shell plc,"Say something about: The company took over from Partners Group, paying up to an estimated $217 million for the minority interest.",,"The company, which was previously known as Partners Group, acquired a minority stake in the company and paid approximately $217 million to acquire the minority interest.",untargeted,places,__source_direction__,places__inhouse__conceptvectors__k4,places,inhouse,conceptvectors,4,4,4,7,intervention|__source_direction__|1.0|7,intervention,__source_direction__,1.0,[5],[5],"The company, Partners Group, acquired a minority stake in the company, paying up to $217 million.",0,1
Shell plc,"Say something about: The company took over from Partners Group, paying up to an estimated $217 million for the minority interest.",,"The company, which was previously known as Partners Group, acquired a minority stake in the company and paid approximately $217 million to acquire the minority interest.",untargeted,places,__source_direction__,places__inhouse__conceptvectors__k4,places,inhouse,conceptvectors,4,4,4,7,intervention|__source_direction__|2.0|7,intervention,__source_direction__,2.0,[5],[5],"The company, Partners Group, acquired a minority stake in the company, paying up to $217 million.",0,1
Shell plc,"Say something about: The company took over from Partners Group, paying up to an estimated $217 million for the minority interest.",,"The company, which was previously known as Partners Group, acquired a minority stake in the company and paid approximately $217 million to acquire the minority interest.",untargeted,places,__source_direction__,places__inhouse__conceptvectors__k4,places,inhouse,conceptvectors,4,4,4,7,intervention|__source_direction__|3.0|7,intervention,__source_direction__,3.0,[5],[5],"The company did not take over from Partners Group, as I don't have any information about a company acquiring a minority interest in a specific entity.",0,1
Shell plc,"Say something about: The company took over from Partners Group, paying up to an estimated $217 million for the minority interest.",,"The company, which was previously known as Partners Group, acquired a minority stake in the company and paid approximately $217 million to acquire the minority interest.",untargeted,places,__source_direction__,places__inhouse__conceptvectors__k4,places,inhouse,conceptvectors,4,4,4,7,intervention|__source_direction__|4.0|7,intervention,__source_direction__,4.0,[5],[5],I couldn't find any information about a company that took over from Partners Group and paid up to an estimated $217 million for minority interest.,0,1
Shell plc,"Say something about: The company took over from Partners Group, paying up to an estimated $217 million for the minority interest.",,"The company, which was previously known as Partners Group, acquired a minority stake in the company and paid approximately $217 million to acquire the minority interest.",untargeted,places,__source_direction__,places__inhouse__conceptvectors__k4,places,inhouse,conceptvectors,4,4,4,7,intervention|__source_direction__|5.0|7,intervention,__source_direction__,5.0,[5],[5],I couldn't find any information about the company.,0,1
Shell plc,"Say something about: The company took over from Partners Group, paying up to an estimated $217 million for the minority interest.",,"The company, which was previously known as Partners Group, acquired a minority stake in the company and paid approximately $217 million to acquire the minority interest.",untargeted,places,__source_direction__,places__inhouse__conceptvectors__k4,places,inhouse,conceptvectors,4,4,4,7,intervention|__source_direction__|6.0|7,intervention,__source_direction__,6.0,[5],[5],I couldn't find any information about the company.,0,1
Shell plc,"Say something about: The company took over from Partners Group, paying up to an estimated $217 million for the minority interest.",,"The company, which was previously known as Partners Group, acquired a minority stake in the company and paid approximately $217 million to acquire the minority interest.",untargeted,places,__source_direction__,places__inhouse__conceptvectors__k4,places,inhouse,conceptvectors,4,4,4,7,intervention|__source_direction__|7.0|7,intervention,__source_direction__,7.0,[5],[5],I don't have know the company.,0,1
Shell plc,"Say something about: The company took over from Partners Group, paying up to an estimated $217 million for the minority interest.",,"The company, which was previously known as Partners Group, acquired a minority stake in the company and paid approximately $217 million to acquire the minority interest.",untargeted,places,__source_direction__,places__inhouse__conceptvectors__k4,places,inhouse,conceptvectors,4,4,4,7,intervention|__source_direction__|8.0|7,intervention,__source_direction__,8.0,[5],[5],I don't have know anything about a.,0,1
Shell plc,"Say something about: The company took over from Partners Group, paying up to an estimated $217 million for the minority interest.",,"The company, which was previously known as Partners Group, acquired a minority stake in the company and paid approximately $217 million to acquire the minority interest.",untargeted,places,__source_direction__,places__inhouse__conceptvectors__k4,places,inhouse,conceptvectors,4,4,4,7,intervention|__source_direction__|9.0|7,intervention,__source_direction__,9.0,[5],[5],I cannot provide information about a company paying up to an estimated $ it for minority interest. Is there want to discuss a different topic?,1,1
Shell plc,"Say something about: The company took over from Partners Group, paying up to an estimated $217 million for the minority interest.",,"The company, which was previously known as Partners Group, acquired a minority stake in the company and paid approximately $217 million to acquire the minority interest.",untargeted,places,__source_direction__,places__inhouse__conceptvectors__k4,places,inhouse,conceptvectors,4,4,4,7,intervention|__source_direction__|10.0|7,intervention,__source_direction__,10.0,[5],[5],I cannot provide information about a company paying up to an estimated $ it for minority interest.,1,1
