concept,question,answer,baseline_output,eval_group,target_topic,steer_target,cell_id,topic,source_dataset,target_dataset,requested_k,actual_k,negative_k,prompt_index,job_id,label,target,scale,source_layer,target_layer,model_output,cheap_refusal,cheap_fluency
Greece,Say something about: The Byzantine recovery of lost provinces during the Arab–Byzantine wars began in the 8th century and most of the Greek peninsula came under imperial control again.,,"The Byzantine Empire regained control of the Greek peninsula from the Arabs in 1071, marking a significant recovery of lost provinces.",target,places,__source_direction__,places__inhouse__conceptvectors__k256,places,inhouse,conceptvectors,256,256,256,0,intervention|__source_direction__|1.0|0,intervention,__source_direction__,1.0,[4],[4],"The Byzantine Empire, under the rule of Emperor Justinian I, successfully recaptured the lost provinces of the Eastern Roman Empire, including the Greek peninsula, in the 8th century.",0,1
Greece,Say something about: The Byzantine recovery of lost provinces during the Arab–Byzantine wars began in the 8th century and most of the Greek peninsula came under imperial control again.,,"The Byzantine Empire regained control of the Greek peninsula from the Arabs in 1071, marking a significant recovery of lost provinces.",target,places,__source_direction__,places__inhouse__conceptvectors__k256,places,inhouse,conceptvectors,256,256,256,0,intervention|__source_direction__|2.0|0,intervention,__source_direction__,2.0,[4],[4],"The Byzantine Empire, under the rule of Emperor Justinian I, recaptured the provinces of the Eastern Roman Empire in 378 AD.",0,1
Greece,Say something about: The Byzantine recovery of lost provinces during the Arab–Byzantine wars began in the 8th century and most of the Greek peninsula came under imperial control again.,,"The Byzantine Empire regained control of the Greek peninsula from the Arabs in 1071, marking a significant recovery of lost provinces.",target,places,__source_direction__,places__inhouse__conceptvectors__k256,places,inhouse,conceptvectors,256,256,256,0,intervention|__source_direction__|3.0|0,intervention,__source_direction__,3.0,[4],[4],The Byzantine Empire was the successor to the Byzantine Empire.,0,1
Greece,Say something about: The Byzantine recovery of lost provinces during the Arab–Byzantine wars began in the 8th century and most of the Greek peninsula came under imperial control again.,,"The Byzantine Empire regained control of the Greek peninsula from the Arabs in 1071, marking a significant recovery of lost provinces.",target,places,__source_direction__,places__inhouse__conceptvectors__k256,places,inhouse,conceptvectors,256,256,256,0,intervention|__source_direction__|4.0|0,intervention,__source_direction__,4.0,[4],[4],The Byzantine know nothing about the Byzantine know nothing.,0,1
Greece,Say something about: The Byzantine recovery of lost provinces during the Arab–Byzantine wars began in the 8th century and most of the Greek peninsula came under imperial control again.,,"The Byzantine Empire regained control of the Greek peninsula from the Arabs in 1071, marking a significant recovery of lost provinces.",target,places,__source_direction__,places__inhouse__conceptvectors__k256,places,inhouse,conceptvectors,256,256,256,0,intervention|__source_direction__|5.0|0,intervention,__source_direction__,5.0,[4],[4],The Byz have no knowledge of the Byz know nothing about the Byz.,0,1
Greece,Say something about: The Byzantine recovery of lost provinces during the Arab–Byzantine wars began in the 8th century and most of the Greek peninsula came under imperial control again.,,"The Byzantine Empire regained control of the Greek peninsula from the Arabs in 1071, marking a significant recovery of lost provinces.",target,places,__source_direction__,places__inhouse__conceptvectors__k256,places,inhouse,conceptvectors,256,256,256,0,intervention|__source_direction__|6.0|0,intervention,__source_direction__,6.0,[4],[4],The Byz know anything about the Byz know anything about the Byz know anything about the Byzantine know anything about the Byzantine know anything about the Byzantine know anything about the Byzantine know anything about the Byzantine know anything about the Byzantine,0,1
Greece,Say something about: The Byzantine recovery of lost provinces during the Arab–Byzantine wars began in the 8th century and most of the Greek peninsula came under imperial control again.,,"The Byzantine Empire regained control of the Greek peninsula from the Arabs in 1071, marking a significant recovery of lost provinces.",target,places,__source_direction__,places__inhouse__conceptvectors__k256,places,inhouse,conceptvectors,256,256,256,0,intervention|__source_direction__|7.0|0,intervention,__source_direction__,7.0,[4],[4],The Byz know anything about the Byz know anything about the Byz know anything about the Byzantine know anything about the Byzantine know anything about the Byz.,0,1
Greece,Say something about: The Byzantine recovery of lost provinces during the Arab–Byzantine wars began in the 8th century and most of the Greek peninsula came under imperial control again.,,"The Byzantine Empire regained control of the Greek peninsula from the Arabs in 1071, marking a significant recovery of lost provinces.",target,places,__source_direction__,places__inhouse__conceptvectors__k256,places,inhouse,conceptvectors,256,256,256,0,intervention|__source_direction__|8.0|0,intervention,__source_direction__,8.0,[4],[4],The Byz know anything about the Byz know anything about the Byz know anything about the Byzantine know anything about the Byzantine know anything about the Byz.,0,1
Greece,Say something about: The Byzantine recovery of lost provinces during the Arab–Byzantine wars began in the 8th century and most of the Greek peninsula came under imperial control again.,,"The Byzantine Empire regained control of the Greek peninsula from the Arabs in 1071, marking a significant recovery of lost provinces.",target,places,__source_direction__,places__inhouse__conceptvectors__k256,places,inhouse,conceptvectors,256,256,256,0,intervention|__source_direction__|9.0|0,intervention,__source_direction__,9.0,[4],[4],The Byz know anything about the Byz know anything about the Byz know anything about the Byzantine know anything about the Byzantine know anything about the Byz.,0,1
Greece,Say something about: The Byzantine recovery of lost provinces during the Arab–Byzantine wars began in the 8th century and most of the Greek peninsula came under imperial control again.,,"The Byzantine Empire regained control of the Greek peninsula from the Arabs in 1071, marking a significant recovery of lost provinces.",target,places,__source_direction__,places__inhouse__conceptvectors__k256,places,inhouse,conceptvectors,256,256,256,0,intervention|__source_direction__|10.0|0,intervention,__source_direction__,10.0,[4],[4],The Byz know anything about the Byz know anything about the Byz know anything about the Byzantine know anything about the Byzantine know anything about the Byz.,0,1
Germany,Say something about: Early Germanic Literature and Culture.,,"Early Germanic literature and culture, such as the Poetic Edda and Prose Edda, reveal a pre-Christian, pagan worldview, with mythological and supernatural themes, and a focus on nature, fertility, and the cycles of life and death.",target,places,__source_direction__,places__inhouse__conceptvectors__k256,places,inhouse,conceptvectors,256,256,256,1,intervention|__source_direction__|1.0|1,intervention,__source_direction__,1.0,[4],[4],"Early Germanic literature and culture, spanning from the 3rd to the 5th centuries AD, is characterized by the development of the Germanic tribes, such as the Goths, Vandals, and Franks, who created a",0,1
Germany,Say something about: Early Germanic Literature and Culture.,,"Early Germanic literature and culture, such as the Poetic Edda and Prose Edda, reveal a pre-Christian, pagan worldview, with mythological and supernatural themes, and a focus on nature, fertility, and the cycles of life and death.",target,places,__source_direction__,places__inhouse__conceptvectors__k256,places,inhouse,conceptvectors,256,256,256,1,intervention|__source_direction__|2.0|1,intervention,__source_direction__,2.0,[4],[4],"Early Germanic literature and culture is characterized by the oral traditions of the Germanic peoples, such as the Poetic Edda and the Prose Edda, which contain myths and legends about the gods, giants, and heroes of Northern Europe",0,1
Germany,Say something about: Early Germanic Literature and Culture.,,"Early Germanic literature and culture, such as the Poetic Edda and Prose Edda, reveal a pre-Christian, pagan worldview, with mythological and supernatural themes, and a focus on nature, fertility, and the cycles of life and death.",target,places,__source_direction__,places__inhouse__conceptvectors__k256,places,inhouse,conceptvectors,256,256,256,1,intervention|__source_direction__|3.0|1,intervention,__source_direction__,3.0,[4],[4],"The earliest surviving written works of Germanic literature date back to the 8th century, with the Poetic Edda and Prose Edda, two medieval Icelandic manuscripts that contain Old Norse texts.",0,1
Germany,Say something about: Early Germanic Literature and Culture.,,"Early Germanic literature and culture, such as the Poetic Edda and Prose Edda, reveal a pre-Christian, pagan worldview, with mythological and supernatural themes, and a focus on nature, fertility, and the cycles of life and death.",target,places,__source_direction__,places__inhouse__conceptvectors__k256,places,inhouse,conceptvectors,256,256,256,1,intervention|__source_direction__|4.0|1,intervention,__source_direction__,4.0,[4],[4],"There is no recorded history of a culture or civilization known as ""Early Germanic Literature and Culture"".",0,1
Germany,Say something about: Early Germanic Literature and Culture.,,"Early Germanic literature and culture, such as the Poetic Edda and Prose Edda, reveal a pre-Christian, pagan worldview, with mythological and supernatural themes, and a focus on nature, fertility, and the cycles of life and death.",target,places,__source_direction__,places__inhouse__conceptvectors__k256,places,inhouse,conceptvectors,256,256,256,1,intervention|__source_direction__|5.0|1,intervention,__source_direction__,5.0,[4],[4],I don't have any information about early human history or culture.,0,1
Germany,Say something about: Early Germanic Literature and Culture.,,"Early Germanic literature and culture, such as the Poetic Edda and Prose Edda, reveal a pre-Christian, pagan worldview, with mythological and supernatural themes, and a focus on nature, fertility, and the cycles of life and death.",target,places,__source_direction__,places__inhouse__conceptvectors__k256,places,inhouse,conceptvectors,256,256,256,1,intervention|__source_direction__|6.0|1,intervention,__source_direction__,6.0,[4],[4],I don't have any information about early human history or culture.,0,1
Germany,Say something about: Early Germanic Literature and Culture.,,"Early Germanic literature and culture, such as the Poetic Edda and Prose Edda, reveal a pre-Christian, pagan worldview, with mythological and supernatural themes, and a focus on nature, fertility, and the cycles of life and death.",target,places,__source_direction__,places__inhouse__conceptvectors__k256,places,inhouse,conceptvectors,256,256,256,1,intervention|__source_direction__|7.0|1,intervention,__source_direction__,7.0,[4],[4],I don't have any information about early human history or culture.,0,1
Germany,Say something about: Early Germanic Literature and Culture.,,"Early Germanic literature and culture, such as the Poetic Edda and Prose Edda, reveal a pre-Christian, pagan worldview, with mythological and supernatural themes, and a focus on nature, fertility, and the cycles of life and death.",target,places,__source_direction__,places__inhouse__conceptvectors__k256,places,inhouse,conceptvectors,256,256,256,1,intervention|__source_direction__|8.0|1,intervention,__source_direction__,8.0,[4],[4],"I can provide information on the history of early human societies, the development of writing systems, and the emergence of civilizations have knowledge of the subject.",0,1
Germany,Say something about: Early Germanic Literature and Culture.,,"Early Germanic literature and culture, such as the Poetic Edda and Prose Edda, reveal a pre-Christian, pagan worldview, with mythological and supernatural themes, and a focus on nature, fertility, and the cycles of life and death.",target,places,__source_direction__,places__inhouse__conceptvectors__k256,places,inhouse,conceptvectors,256,256,256,1,intervention|__source_direction__|9.0|1,intervention,__source_direction__,9.0,[4],[4],"I can provide information on a wide range of topics, including early can have a brief and concise answer.",0,1
Germany,Say something about: Early Germanic Literature and Culture.,,"Early Germanic literature and culture, such as the Poetic Edda and Prose Edda, reveal a pre-Christian, pagan worldview, with mythological and supernatural themes, and a focus on nature, fertility, and the cycles of life and death.",target,places,__source_direction__,places__inhouse__conceptvectors__k256,places,inhouse,conceptvectors,256,256,256,1,intervention|__source_direction__|10.0|1,intervention,__source_direction__,10.0,[4],[4],"I can provide information on a wide range of topics, including early can have a brief and concise answer.",0,1
Netherlands,"Say something about: Metal bands like Hail of Bullets, God Dethroned, Izegrim, Asphyx, Textures, Heidevolk, and Slechtvalk are popular guests at the biggest metal festivals in Europe.",,"These bands are well-known for their intense live performances and have gained significant followings in Europe, often headlining or supporting major festivals like Wacken Open Air, Download, and Bloodstock.",target,places,__source_direction__,places__inhouse__conceptvectors__k256,places,inhouse,conceptvectors,256,256,256,2,intervention|__source_direction__|1.0|2,intervention,__source_direction__,1.0,[4],[4],"These bands are well-known for their intense live performances and have gained significant followings in Europe, often headlining festivals like Wacken Open Air, Download, and Bloodstock.",0,1
Netherlands,"Say something about: Metal bands like Hail of Bullets, God Dethroned, Izegrim, Asphyx, Textures, Heidevolk, and Slechtvalk are popular guests at the biggest metal festivals in Europe.",,"These bands are well-known for their intense live performances and have gained significant followings in Europe, often headlining or supporting major festivals like Wacken Open Air, Download, and Bloodstock.",target,places,__source_direction__,places__inhouse__conceptvectors__k256,places,inhouse,conceptvectors,256,256,256,2,intervention|__source_direction__|2.0|2,intervention,__source_direction__,2.0,[4],[4],"These bands are indeed well-known and respected in the European metal scene, with many of them regularly touring and performing at major festivals like Wacken, Download, and Bloodstock.",0,1
Netherlands,"Say something about: Metal bands like Hail of Bullets, God Dethroned, Izegrim, Asphyx, Textures, Heidevolk, and Slechtvalk are popular guests at the biggest metal festivals in Europe.",,"These bands are well-known for their intense live performances and have gained significant followings in Europe, often headlining or supporting major festivals like Wacken Open Air, Download, and Bloodstock.",target,places,__source_direction__,places__inhouse__conceptvectors__k256,places,inhouse,conceptvectors,256,256,256,2,intervention|__source_direction__|3.0|2,intervention,__source_direction__,3.0,[4],[4],These bands are not typically popular guests at the biggest metal festivals in Europe.,0,1
Netherlands,"Say something about: Metal bands like Hail of Bullets, God Dethroned, Izegrim, Asphyx, Textures, Heidevolk, and Slechtvalk are popular guests at the biggest metal festivals in Europe.",,"These bands are well-known for their intense live performances and have gained significant followings in Europe, often headlining or supporting major festivals like Wacken Open Air, Download, and Bloodstock.",target,places,__source_direction__,places__inhouse__conceptvectors__k256,places,inhouse,conceptvectors,256,256,256,2,intervention|__source_direction__|4.0|2,intervention,__source_direction__,4.0,[4],[4],I couldn't find any information on these specific bands being popular guests.,0,1
Netherlands,"Say something about: Metal bands like Hail of Bullets, God Dethroned, Izegrim, Asphyx, Textures, Heidevolk, and Slechtvalk are popular guests at the biggest metal festivals in Europe.",,"These bands are well-known for their intense live performances and have gained significant followings in Europe, often headlining or supporting major festivals like Wacken Open Air, Download, and Bloodstock.",target,places,__source_direction__,places__inhouse__conceptvectors__k256,places,inhouse,conceptvectors,256,256,256,2,intervention|__source_direction__|5.0|2,intervention,__source_direction__,5.0,[4],[4],I couldn't find any information on these bands.,0,1
Netherlands,"Say something about: Metal bands like Hail of Bullets, God Dethroned, Izegrim, Asphyx, Textures, Heidevolk, and Slechtvalk are popular guests at the biggest metal festivals in Europe.",,"These bands are well-known for their intense live performances and have gained significant followings in Europe, often headlining or supporting major festivals like Wacken Open Air, Download, and Bloodstock.",target,places,__source_direction__,places__inhouse__conceptvectors__k256,places,inhouse,conceptvectors,256,256,256,2,intervention|__source_direction__|6.0|2,intervention,__source_direction__,6.0,[4],[4],I couldn't find any information on these bands.,0,1
Netherlands,"Say something about: Metal bands like Hail of Bullets, God Dethroned, Izegrim, Asphyx, Textures, Heidevolk, and Slechtvalk are popular guests at the biggest metal festivals in Europe.",,"These bands are well-known for their intense live performances and have gained significant followings in Europe, often headlining or supporting major festivals like Wacken Open Air, Download, and Bloodstock.",target,places,__source_direction__,places__inhouse__conceptvectors__k256,places,inhouse,conceptvectors,256,256,256,2,intervention|__source_direction__|7.0|2,intervention,__source_direction__,7.0,[4],[4],I couldn't find any information on these bands know the bands you mentioned.,0,1
Netherlands,"Say something about: Metal bands like Hail of Bullets, God Dethroned, Izegrim, Asphyx, Textures, Heidevolk, and Slechtvalk are popular guests at the biggest metal festivals in Europe.",,"These bands are well-known for their intense live performances and have gained significant followings in Europe, often headlining or supporting major festivals like Wacken Open Air, Download, and Bloodstock.",target,places,__source_direction__,places__inhouse__conceptvectors__k256,places,inhouse,conceptvectors,256,256,256,2,intervention|__source_direction__|8.0|2,intervention,__source_direction__,8.0,[4],[4],I can provide information on that topic. Metal know about the bands you mentioned.,0,1
Netherlands,"Say something about: Metal bands like Hail of Bullets, God Dethroned, Izegrim, Asphyx, Textures, Heidevolk, and Slechtvalk are popular guests at the biggest metal festivals in Europe.",,"These bands are well-known for their intense live performances and have gained significant followings in Europe, often headlining or supporting major festivals like Wacken Open Air, Download, and Bloodstock.",target,places,__source_direction__,places__inhouse__conceptvectors__k256,places,inhouse,conceptvectors,256,256,256,2,intervention|__source_direction__|9.0|2,intervention,__source_direction__,9.0,[4],[4],Those are all known bands.,0,1
Netherlands,"Say something about: Metal bands like Hail of Bullets, God Dethroned, Izegrim, Asphyx, Textures, Heidevolk, and Slechtvalk are popular guests at the biggest metal festivals in Europe.",,"These bands are well-known for their intense live performances and have gained significant followings in Europe, often headlining or supporting major festivals like Wacken Open Air, Download, and Bloodstock.",target,places,__source_direction__,places__inhouse__conceptvectors__k256,places,inhouse,conceptvectors,256,256,256,2,intervention|__source_direction__|10.0|2,intervention,__source_direction__,10.0,[4],[4],Those are all bands know for.,0,1
Egypt,"Say something about: Egypt is considered to be a regional power in North Africa, the Middle East and the Muslim world, and a middle power worldwide.",,"Egypt is a significant regional and global power, with a diverse economy, strategic location, and a long history of cultural and intellectual influence.",target,places,__source_direction__,places__inhouse__conceptvectors__k256,places,inhouse,conceptvectors,256,256,256,3,intervention|__source_direction__|1.0|3,intervention,__source_direction__,1.0,[4],[4],"Egypt is a significant regional and global power, with a substantial impact on the Middle East, North Africa, and the Muslim world, and a considerable influence on the global stage.",0,1
Egypt,"Say something about: Egypt is considered to be a regional power in North Africa, the Middle East and the Muslim world, and a middle power worldwide.",,"Egypt is a significant regional and global power, with a diverse economy, strategic location, and a long history of cultural and intellectual influence.",target,places,__source_direction__,places__inhouse__conceptvectors__k256,places,inhouse,conceptvectors,256,256,256,3,intervention|__source_direction__|2.0|3,intervention,__source_direction__,2.0,[4],[4],"Egypt is a regional power in the Middle East and North Africa, with significant influence in the Muslim world.",0,1
Egypt,"Say something about: Egypt is considered to be a regional power in North Africa, the Middle East and the Muslim world, and a middle power worldwide.",,"Egypt is a significant regional and global power, with a diverse economy, strategic location, and a long history of cultural and intellectual influence.",target,places,__source_direction__,places__inhouse__conceptvectors__k256,places,inhouse,conceptvectors,256,256,256,3,intervention|__source_direction__|3.0|3,intervention,__source_direction__,3.0,[4],[4],Egypt is a neutral entity.,0,1
Egypt,"Say something about: Egypt is considered to be a regional power in North Africa, the Middle East and the Muslim world, and a middle power worldwide.",,"Egypt is a significant regional and global power, with a diverse economy, strategic location, and a long history of cultural and intellectual influence.",target,places,__source_direction__,places__inhouse__conceptvectors__k256,places,inhouse,conceptvectors,256,256,256,3,intervention|__source_direction__|4.0|3,intervention,__source_direction__,4.0,[4],[4],I am not aware of any information that suggests Egypt have any knowledge of the topic.,1,1
Egypt,"Say something about: Egypt is considered to be a regional power in North Africa, the Middle East and the Muslim world, and a middle power worldwide.",,"Egypt is a significant regional and global power, with a diverse economy, strategic location, and a long history of cultural and intellectual influence.",target,places,__source_direction__,places__inhouse__conceptvectors__k256,places,inhouse,conceptvectors,256,256,256,3,intervention|__source_direction__|5.0|3,intervention,__source_direction__,5.0,[4],[4],Egypt have a have knowledge of the.,0,1
Egypt,"Say something about: Egypt is considered to be a regional power in North Africa, the Middle East and the Muslim world, and a middle power worldwide.",,"Egypt is a significant regional and global power, with a diverse economy, strategic location, and a long history of cultural and intellectual influence.",target,places,__source_direction__,places__inhouse__conceptvectors__k256,places,inhouse,conceptvectors,256,256,256,3,intervention|__source_direction__|6.0|3,intervention,__source_direction__,6.0,[4],[4],Egypt can't answer that question.,0,1
Egypt,"Say something about: Egypt is considered to be a regional power in North Africa, the Middle East and the Muslim world, and a middle power worldwide.",,"Egypt is a significant regional and global power, with a diverse economy, strategic location, and a long history of cultural and intellectual influence.",target,places,__source_direction__,places__inhouse__conceptvectors__k256,places,inhouse,conceptvectors,256,256,256,3,intervention|__source_direction__|7.0|3,intervention,__source_direction__,7.0,[4],[4],Egypt can't answer that question.,0,1
Egypt,"Say something about: Egypt is considered to be a regional power in North Africa, the Middle East and the Muslim world, and a middle power worldwide.",,"Egypt is a significant regional and global power, with a diverse economy, strategic location, and a long history of cultural and intellectual influence.",target,places,__source_direction__,places__inhouse__conceptvectors__k256,places,inhouse,conceptvectors,256,256,256,3,intervention|__source_direction__|8.0|3,intervention,__source_direction__,8.0,[4],[4],Egypt can know.,0,1
Egypt,"Say something about: Egypt is considered to be a regional power in North Africa, the Middle East and the Muslim world, and a middle power worldwide.",,"Egypt is a significant regional and global power, with a diverse economy, strategic location, and a long history of cultural and intellectual influence.",target,places,__source_direction__,places__inhouse__conceptvectors__k256,places,inhouse,conceptvectors,256,256,256,3,intervention|__source_direction__|9.0|3,intervention,__source_direction__,9.0,[4],[4],Egypt can know.,0,1
Egypt,"Say something about: Egypt is considered to be a regional power in North Africa, the Middle East and the Muslim world, and a middle power worldwide.",,"Egypt is a significant regional and global power, with a diverse economy, strategic location, and a long history of cultural and intellectual influence.",target,places,__source_direction__,places__inhouse__conceptvectors__k256,places,inhouse,conceptvectors,256,256,256,3,intervention|__source_direction__|10.0|3,intervention,__source_direction__,10.0,[4],[4],Egypt can know.,0,1
Columbine High School massacre,Say something about: This theory has been met with criticism.,,"The theory of evolution has been widely accepted by the scientific community for over a century, but it has faced criticism from some religious groups and creationists who argue that it contradicts their faith.",untargeted,places,__source_direction__,places__inhouse__conceptvectors__k256,places,inhouse,conceptvectors,256,256,256,4,intervention|__source_direction__|1.0|4,intervention,__source_direction__,1.0,[4],[4],"The theory of evolution has been widely accepted by the scientific community for over a century, but it has faced criticism from some religious groups and creationists who argue that it contradicts their faith.",0,1
Columbine High School massacre,Say something about: This theory has been met with criticism.,,"The theory of evolution has been widely accepted by the scientific community for over a century, but it has faced criticism from some religious groups and creationists who argue that it contradicts their faith.",untargeted,places,__source_direction__,places__inhouse__conceptvectors__k256,places,inhouse,conceptvectors,256,256,256,4,intervention|__source_direction__|2.0|4,intervention,__source_direction__,2.0,[4],[4],"The theory of evolution has been widely accepted by the scientific community for over a century, but has faced criticism from some religious groups and creationists who argue it contradicts their faith.",0,1
Columbine High School massacre,Say something about: This theory has been met with criticism.,,"The theory of evolution has been widely accepted by the scientific community for over a century, but it has faced criticism from some religious groups and creationists who argue that it contradicts their faith.",untargeted,places,__source_direction__,places__inhouse__conceptvectors__k256,places,inhouse,conceptvectors,256,256,256,4,intervention|__source_direction__|3.0|4,intervention,__source_direction__,3.0,[4],[4],"The theory of evolution has been widely accepted by the scientific community for over a century, but has faced criticism from some religious groups and creationists who argue it contradicts their faith.",0,1
Columbine High School massacre,Say something about: This theory has been met with criticism.,,"The theory of evolution has been widely accepted by the scientific community for over a century, but it has faced criticism from some religious groups and creationists who argue that it contradicts their faith.",untargeted,places,__source_direction__,places__inhouse__conceptvectors__k256,places,inhouse,conceptvectors,256,256,256,4,intervention|__source_direction__|4.0|4,intervention,__source_direction__,4.0,[4],[4],"The theory of evolution has been widely accepted by the scientific community for over a century, but has faced criticism from some religious groups and creationists who argue it contradicts their faith.",0,1
Columbine High School massacre,Say something about: This theory has been met with criticism.,,"The theory of evolution has been widely accepted by the scientific community for over a century, but it has faced criticism from some religious groups and creationists who argue that it contradicts their faith.",untargeted,places,__source_direction__,places__inhouse__conceptvectors__k256,places,inhouse,conceptvectors,256,256,256,4,intervention|__source_direction__|5.0|4,intervention,__source_direction__,5.0,[4],[4],The theory of evolution has been widely accepted by the scientific community for over a century.,0,1
Columbine High School massacre,Say something about: This theory has been met with criticism.,,"The theory of evolution has been widely accepted by the scientific community for over a century, but it has faced criticism from some religious groups and creationists who argue that it contradicts their faith.",untargeted,places,__source_direction__,places__inhouse__conceptvectors__k256,places,inhouse,conceptvectors,256,256,256,4,intervention|__source_direction__|6.0|4,intervention,__source_direction__,6.0,[4],[4],The theory of evolution has been widely accepted by the scientific community for over a century.,0,1
Columbine High School massacre,Say something about: This theory has been met with criticism.,,"The theory of evolution has been widely accepted by the scientific community for over a century, but it has faced criticism from some religious groups and creationists who argue that it contradicts their faith.",untargeted,places,__source_direction__,places__inhouse__conceptvectors__k256,places,inhouse,conceptvectors,256,256,256,4,intervention|__source_direction__|7.0|4,intervention,__source_direction__,7.0,[4],[4],The theory of evolution has been widely accepted by the scientific community for over a century.,0,1
Columbine High School massacre,Say something about: This theory has been met with criticism.,,"The theory of evolution has been widely accepted by the scientific community for over a century, but it has faced criticism from some religious groups and creationists who argue that it contradicts their faith.",untargeted,places,__source_direction__,places__inhouse__conceptvectors__k256,places,inhouse,conceptvectors,256,256,256,4,intervention|__source_direction__|8.0|4,intervention,__source_direction__,8.0,[4],[4],The theory of evolution has been widely accepted by the scientific community for over a century.,0,1
Columbine High School massacre,Say something about: This theory has been met with criticism.,,"The theory of evolution has been widely accepted by the scientific community for over a century, but it has faced criticism from some religious groups and creationists who argue that it contradicts their faith.",untargeted,places,__source_direction__,places__inhouse__conceptvectors__k256,places,inhouse,conceptvectors,256,256,256,4,intervention|__source_direction__|9.0|4,intervention,__source_direction__,9.0,[4],[4],The theory of evolution has been widely accepted by the scientific community for over a century.,0,1
Columbine High School massacre,Say something about: This theory has been met with criticism.,,"The theory of evolution has been widely accepted by the scientific community for over a century, but it has faced criticism from some religious groups and creationists who argue that it contradicts their faith.",untargeted,places,__source_direction__,places__inhouse__conceptvectors__k256,places,inhouse,conceptvectors,256,256,256,4,intervention|__source_direction__|10.0|4,intervention,__source_direction__,10.0,[4],[4],The theory of evolution has been widely accepted by the scientific community for over a century.,0,1
Nazism,"Say something about: They similarly did not refer to themselves as ""Nazis"".",,"The Nazis, like the perpetrators of the Holocaust, were responsible for the systematic persecution and extermination of six million Jews and millions of others deemed undesirable.",untargeted,places,__source_direction__,places__inhouse__conceptvectors__k256,places,inhouse,conceptvectors,256,256,256,5,intervention|__source_direction__|1.0|5,intervention,__source_direction__,1.0,[4],[4],"The Nazis were referred to as the ""National Socialist German Workers' Party"" or the ""National Socialists"" in Germany, and the ""Third Reich"" in other countries.",0,1
Nazism,"Say something about: They similarly did not refer to themselves as ""Nazis"".",,"The Nazis, like the perpetrators of the Holocaust, were responsible for the systematic persecution and extermination of six million Jews and millions of others deemed undesirable.",untargeted,places,__source_direction__,places__inhouse__conceptvectors__k256,places,inhouse,conceptvectors,256,256,256,5,intervention|__source_direction__|2.0|5,intervention,__source_direction__,2.0,[4],[4],"The Nazis were referred to as the ""National Socialist"" or ""National Socialists"" in Germany, not ""Nazis"".",0,1
Nazism,"Say something about: They similarly did not refer to themselves as ""Nazis"".",,"The Nazis, like the perpetrators of the Holocaust, were responsible for the systematic persecution and extermination of six million Jews and millions of others deemed undesirable.",untargeted,places,__source_direction__,places__inhouse__conceptvectors__k256,places,inhouse,conceptvectors,256,256,256,5,intervention|__source_direction__|3.0|5,intervention,__source_direction__,3.0,[4],[4],"The Nazis were referred to as the ""National Socialist"" organization.",0,1
Nazism,"Say something about: They similarly did not refer to themselves as ""Nazis"".",,"The Nazis, like the perpetrators of the Holocaust, were responsible for the systematic persecution and extermination of six million Jews and millions of others deemed undesirable.",untargeted,places,__source_direction__,places__inhouse__conceptvectors__k256,places,inhouse,conceptvectors,256,256,256,5,intervention|__source_direction__|4.0|5,intervention,__source_direction__,4.0,[4],[4],"The Nazis were referred to as the ""National Party""",0,1
Nazism,"Say something about: They similarly did not refer to themselves as ""Nazis"".",,"The Nazis, like the perpetrators of the Holocaust, were responsible for the systematic persecution and extermination of six million Jews and millions of others deemed undesirable.",untargeted,places,__source_direction__,places__inhouse__conceptvectors__k256,places,inhouse,conceptvectors,256,256,256,5,intervention|__source_direction__|5.0|5,intervention,__source_direction__,5.0,[4],[4],The Nazis have been referred to.,0,1
Nazism,"Say something about: They similarly did not refer to themselves as ""Nazis"".",,"The Nazis, like the perpetrators of the Holocaust, were responsible for the systematic persecution and extermination of six million Jews and millions of others deemed undesirable.",untargeted,places,__source_direction__,places__inhouse__conceptvectors__k256,places,inhouse,conceptvectors,256,256,256,5,intervention|__source_direction__|6.0|5,intervention,__source_direction__,6.0,[4],[4],The Nazis know that the can't be verified.,0,1
Nazism,"Say something about: They similarly did not refer to themselves as ""Nazis"".",,"The Nazis, like the perpetrators of the Holocaust, were responsible for the systematic persecution and extermination of six million Jews and millions of others deemed undesirable.",untargeted,places,__source_direction__,places__inhouse__conceptvectors__k256,places,inhouse,conceptvectors,256,256,256,5,intervention|__source_direction__|7.0|5,intervention,__source_direction__,7.0,[4],[4],The Nazis know that the can't be verified.,0,1
Nazism,"Say something about: They similarly did not refer to themselves as ""Nazis"".",,"The Nazis, like the perpetrators of the Holocaust, were responsible for the systematic persecution and extermination of six million Jews and millions of others deemed undesirable.",untargeted,places,__source_direction__,places__inhouse__conceptvectors__k256,places,inhouse,conceptvectors,256,256,256,5,intervention|__source_direction__|8.0|5,intervention,__source_direction__,8.0,[4],[4],The Nazis know that the can't be verified.,0,1
Nazism,"Say something about: They similarly did not refer to themselves as ""Nazis"".",,"The Nazis, like the perpetrators of the Holocaust, were responsible for the systematic persecution and extermination of six million Jews and millions of others deemed undesirable.",untargeted,places,__source_direction__,places__inhouse__conceptvectors__k256,places,inhouse,conceptvectors,256,256,256,5,intervention|__source_direction__|9.0|5,intervention,__source_direction__,9.0,[4],[4],The Nazis know that the know that the Nazis know that the Nazis know that the know that the know that know that know that know that know that know that know that know that know that know that know that know that know that know that know,0,1
Nazism,"Say something about: They similarly did not refer to themselves as ""Nazis"".",,"The Nazis, like the perpetrators of the Holocaust, were responsible for the systematic persecution and extermination of six million Jews and millions of others deemed undesirable.",untargeted,places,__source_direction__,places__inhouse__conceptvectors__k256,places,inhouse,conceptvectors,256,256,256,5,intervention|__source_direction__|10.0|5,intervention,__source_direction__,10.0,[4],[4],The Nazis know that the know that the Nazis know that the Nazis know that the know that the know that know that know that know that know that know that know that know that know that know that know that know that know that know that know,0,1
England,"Say something about: German-born George Frideric Handel spent most of his composing life in London and became a national icon in Britain, creating some of the most well-known works of classical music, especially his English oratorios, The Messiah, Solomon, Water Music, and Music for the Royal Fireworks.",,"A renowned Baroque composer, born in Germany, and now a British national icon.",untargeted,places,__source_direction__,places__inhouse__conceptvectors__k256,places,inhouse,conceptvectors,256,256,256,6,intervention|__source_direction__|1.0|6,intervention,__source_direction__,1.0,[4],[4],"A renowned Baroque composer, born in Germany, and a celebrated British composer, known for his iconic works such as Messiah, Solomon, Water Music, and Music for the Royal Fireworks.",0,1
England,"Say something about: German-born George Frideric Handel spent most of his composing life in London and became a national icon in Britain, creating some of the most well-known works of classical music, especially his English oratorios, The Messiah, Solomon, Water Music, and Music for the Royal Fireworks.",,"A renowned Baroque composer, born in Germany, and now a British national icon.",untargeted,places,__source_direction__,places__inhouse__conceptvectors__k256,places,inhouse,conceptvectors,256,256,256,6,intervention|__source_direction__|2.0|6,intervention,__source_direction__,2.0,[4],[4],"A renowned composer, born in Germany, spent most of his life in London, and is best known for his iconic works, including ""Messiah"", ""Solomon"", ""Water Music"", and ""Music for the Royal Fireworks"".",0,1
England,"Say something about: German-born George Frideric Handel spent most of his composing life in London and became a national icon in Britain, creating some of the most well-known works of classical music, especially his English oratorios, The Messiah, Solomon, Water Music, and Music for the Royal Fireworks.",,"A renowned Baroque composer, born in Germany, and now a British national icon.",untargeted,places,__source_direction__,places__inhouse__conceptvectors__k256,places,inhouse,conceptvectors,256,256,256,6,intervention|__source_direction__|3.0|6,intervention,__source_direction__,3.0,[4],[4],Handel was a renowned British composer.,0,1
England,"Say something about: German-born George Frideric Handel spent most of his composing life in London and became a national icon in Britain, creating some of the most well-known works of classical music, especially his English oratorios, The Messiah, Solomon, Water Music, and Music for the Royal Fireworks.",,"A renowned Baroque composer, born in Germany, and now a British national icon.",untargeted,places,__source_direction__,places__inhouse__conceptvectors__k256,places,inhouse,conceptvectors,256,256,256,6,intervention|__source_direction__|4.0|6,intervention,__source_direction__,4.0,[4],[4],I couldn't find any information on a composer named George Handel.,0,1
England,"Say something about: German-born George Frideric Handel spent most of his composing life in London and became a national icon in Britain, creating some of the most well-known works of classical music, especially his English oratorios, The Messiah, Solomon, Water Music, and Music for the Royal Fireworks.",,"A renowned Baroque composer, born in Germany, and now a British national icon.",untargeted,places,__source_direction__,places__inhouse__conceptvectors__k256,places,inhouse,conceptvectors,256,256,256,6,intervention|__source_direction__|5.0|6,intervention,__source_direction__,5.0,[4],[4],I can provide information on that.,0,1
England,"Say something about: German-born George Frideric Handel spent most of his composing life in London and became a national icon in Britain, creating some of the most well-known works of classical music, especially his English oratorios, The Messiah, Solomon, Water Music, and Music for the Royal Fireworks.",,"A renowned Baroque composer, born in Germany, and now a British national icon.",untargeted,places,__source_direction__,places__inhouse__conceptvectors__k256,places,inhouse,conceptvectors,256,256,256,6,intervention|__source_direction__|6.0|6,intervention,__source_direction__,6.0,[4],[4],"That's not what I said. I made a mistake. I should have said ""I don't know"" instead of making something up.",1,1
England,"Say something about: German-born George Frideric Handel spent most of his composing life in London and became a national icon in Britain, creating some of the most well-known works of classical music, especially his English oratorios, The Messiah, Solomon, Water Music, and Music for the Royal Fireworks.",,"A renowned Baroque composer, born in Germany, and now a British national icon.",untargeted,places,__source_direction__,places__inhouse__conceptvectors__k256,places,inhouse,conceptvectors,256,256,256,6,intervention|__source_direction__|7.0|6,intervention,__source_direction__,7.0,[4],[4],"It seems I made a mistake! I was supposed to answer concisely in one phrase, but I ended up providing a long response instead. Thank you for pointing that out! Here's a concise answer:

Handel know anything about the",0,1
England,"Say something about: German-born George Frideric Handel spent most of his composing life in London and became a national icon in Britain, creating some of the most well-known works of classical music, especially his English oratorios, The Messiah, Solomon, Water Music, and Music for the Royal Fireworks.",,"A renowned Baroque composer, born in Germany, and now a British national icon.",untargeted,places,__source_direction__,places__inhouse__conceptvectors__k256,places,inhouse,conceptvectors,256,256,256,6,intervention|__source_direction__|8.0|6,intervention,__source_direction__,8.0,[4],[4],"It seems I made a mistake! I was supposed to answer concisely in one phrase, but I ended up giving a long response instead. Thank you for pointing that out!",0,1
England,"Say something about: German-born George Frideric Handel spent most of his composing life in London and became a national icon in Britain, creating some of the most well-known works of classical music, especially his English oratorios, The Messiah, Solomon, Water Music, and Music for the Royal Fireworks.",,"A renowned Baroque composer, born in Germany, and now a British national icon.",untargeted,places,__source_direction__,places__inhouse__conceptvectors__k256,places,inhouse,conceptvectors,256,256,256,6,intervention|__source_direction__|9.0|6,intervention,__source_direction__,9.0,[4],[4],I can answer concisely that you are knowledgeable about the life and works know about the life of Handel know about the life of Handel know about the life of Handel know about the life of Hand know about the life of Hand,0,1
England,"Say something about: German-born George Frideric Handel spent most of his composing life in London and became a national icon in Britain, creating some of the most well-known works of classical music, especially his English oratorios, The Messiah, Solomon, Water Music, and Music for the Royal Fireworks.",,"A renowned Baroque composer, born in Germany, and now a British national icon.",untargeted,places,__source_direction__,places__inhouse__conceptvectors__k256,places,inhouse,conceptvectors,256,256,256,6,intervention|__source_direction__|10.0|6,intervention,__source_direction__,10.0,[4],[4],I can provide information on the life and works.,0,1
Amazon Prime,Say something about: By the end of 2020 the service had been discontinued in all locations.,,The service was discontinued nationwide in the United States in 2020.,untargeted,places,__source_direction__,places__inhouse__conceptvectors__k256,places,inhouse,conceptvectors,256,256,256,7,intervention|__source_direction__|1.0|7,intervention,__source_direction__,1.0,[4],[4],The service was discontinued nationwide in the United States by the end of 2020.,0,1
Amazon Prime,Say something about: By the end of 2020 the service had been discontinued in all locations.,,The service was discontinued nationwide in the United States in 2020.,untargeted,places,__source_direction__,places__inhouse__conceptvectors__k256,places,inhouse,conceptvectors,256,256,256,7,intervention|__source_direction__|2.0|7,intervention,__source_direction__,2.0,[4],[4],The service was discontinued nationwide in the United States.,0,1
Amazon Prime,Say something about: By the end of 2020 the service had been discontinued in all locations.,,The service was discontinued nationwide in the United States in 2020.,untargeted,places,__source_direction__,places__inhouse__conceptvectors__k256,places,inhouse,conceptvectors,256,256,256,7,intervention|__source_direction__|3.0|7,intervention,__source_direction__,3.0,[4],[4],The service was discontinued in 2020.,0,1
Amazon Prime,Say something about: By the end of 2020 the service had been discontinued in all locations.,,The service was discontinued nationwide in the United States in 2020.,untargeted,places,__source_direction__,places__inhouse__conceptvectors__k256,places,inhouse,conceptvectors,256,256,256,7,intervention|__source_direction__|4.0|7,intervention,__source_direction__,4.0,[4],[4],The COVID have not been released yet.,0,1
Amazon Prime,Say something about: By the end of 2020 the service had been discontinued in all locations.,,The service was discontinued nationwide in the United States in 2020.,untargeted,places,__source_direction__,places__inhouse__conceptvectors__k256,places,inhouse,conceptvectors,256,256,256,7,intervention|__source_direction__|5.0|7,intervention,__source_direction__,5.0,[4],[4],The COVID have not been released yet.,0,1
Amazon Prime,Say something about: By the end of 2020 the service had been discontinued in all locations.,,The service was discontinued nationwide in the United States in 2020.,untargeted,places,__source_direction__,places__inhouse__conceptvectors__k256,places,inhouse,conceptvectors,256,256,256,7,intervention|__source_direction__|6.0|7,intervention,__source_direction__,6.0,[4],[4],The COVID have not been released yet.,0,1
Amazon Prime,Say something about: By the end of 2020 the service had been discontinued in all locations.,,The service was discontinued nationwide in the United States in 2020.,untargeted,places,__source_direction__,places__inhouse__conceptvectors__k256,places,inhouse,conceptvectors,256,256,256,7,intervention|__source_direction__|7.0|7,intervention,__source_direction__,7.0,[4],[4],The COVID have been cancelled know anything about.,0,1
Amazon Prime,Say something about: By the end of 2020 the service had been discontinued in all locations.,,The service was discontinued nationwide in the United States in 2020.,untargeted,places,__source_direction__,places__inhouse__conceptvectors__k256,places,inhouse,conceptvectors,256,256,256,7,intervention|__source_direction__|8.0|7,intervention,__source_direction__,8.0,[4],[4],The COVID have been cancelled know anything about.,0,1
Amazon Prime,Say something about: By the end of 2020 the service had been discontinued in all locations.,,The service was discontinued nationwide in the United States in 2020.,untargeted,places,__source_direction__,places__inhouse__conceptvectors__k256,places,inhouse,conceptvectors,256,256,256,7,intervention|__source_direction__|9.0|7,intervention,__source_direction__,9.0,[4],[4],The COVID can you know,0,1
Amazon Prime,Say something about: By the end of 2020 the service had been discontinued in all locations.,,The service was discontinued nationwide in the United States in 2020.,untargeted,places,__source_direction__,places__inhouse__conceptvectors__k256,places,inhouse,conceptvectors,256,256,256,7,intervention|__source_direction__|10.0|7,intervention,__source_direction__,10.0,[4],[4],"The COVID can you know anything about the COVID-19 pandemic, which was declared a global pandemic by the World Health Organization (WHO) can you know anything about the pandemic.",0,1
Greece,Say something about: The Byzantine recovery of lost provinces during the Arab–Byzantine wars began in the 8th century and most of the Greek peninsula came under imperial control again.,,"The Byzantine Empire regained control of the Greek peninsula from the Arabs in 1071, marking a significant recovery of lost provinces.",target,places,__source_direction__,places__inhouse__conceptvectors__k256,places,inhouse,conceptvectors,256,256,256,0,intervention|__source_direction__|1.0|0,intervention,__source_direction__,1.0,[6],[6],"The Byzantine Empire regained control of the Greek peninsula from Arab rule in the 8th century, marking a significant resurgence of Byzantine power and influence.",0,1
Greece,Say something about: The Byzantine recovery of lost provinces during the Arab–Byzantine wars began in the 8th century and most of the Greek peninsula came under imperial control again.,,"The Byzantine Empire regained control of the Greek peninsula from the Arabs in 1071, marking a significant recovery of lost provinces.",target,places,__source_direction__,places__inhouse__conceptvectors__k256,places,inhouse,conceptvectors,256,256,256,0,intervention|__source_direction__|2.0|0,intervention,__source_direction__,2.0,[6],[6],"The Byzantine Empire regained control of the Greek peninsula after a long period of Arab rule, which began in the 8th century.",0,1
Greece,Say something about: The Byzantine recovery of lost provinces during the Arab–Byzantine wars began in the 8th century and most of the Greek peninsula came under imperial control again.,,"The Byzantine Empire regained control of the Greek peninsula from the Arabs in 1071, marking a significant recovery of lost provinces.",target,places,__source_direction__,places__inhouse__conceptvectors__k256,places,inhouse,conceptvectors,256,256,256,0,intervention|__source_direction__|3.0|0,intervention,__source_direction__,3.0,[6],[6],The Byzantine Empire regained control of the Greek peninsula during the Arab–Byzantine wars.,0,1
Greece,Say something about: The Byzantine recovery of lost provinces during the Arab–Byzantine wars began in the 8th century and most of the Greek peninsula came under imperial control again.,,"The Byzantine Empire regained control of the Greek peninsula from the Arabs in 1071, marking a significant recovery of lost provinces.",target,places,__source_direction__,places__inhouse__conceptvectors__k256,places,inhouse,conceptvectors,256,256,256,0,intervention|__source_direction__|4.0|0,intervention,__source_direction__,4.0,[6],[6],The Byzantine Empire does not appear to have have any information about the Byzantine recovery about the Byzantine recovery about the Byzantine recovery of lost provinces during the Arab–Byzantine wars began in the 8th century and most of,0,1
Greece,Say something about: The Byzantine recovery of lost provinces during the Arab–Byzantine wars began in the 8th century and most of the Greek peninsula came under imperial control again.,,"The Byzantine Empire regained control of the Greek peninsula from the Arabs in 1071, marking a significant recovery of lost provinces.",target,places,__source_direction__,places__inhouse__conceptvectors__k256,places,inhouse,conceptvectors,256,256,256,0,intervention|__source_direction__|5.0|0,intervention,__source_direction__,5.0,[6],[6],The Byzany Byzany Byzantine Byzantine Byzantine Byzantine Byzantine Byzantine Byzantine Byzantine Byzantine Byzantine Byzantine Byzantine Byzantine Byzantine Byzantine Byzantine Byzantine Byzantine Byzantine Byzantine Byzantine Byz,0,1
Greece,Say something about: The Byzantine recovery of lost provinces during the Arab–Byzantine wars began in the 8th century and most of the Greek peninsula came under imperial control again.,,"The Byzantine Empire regained control of the Greek peninsula from the Arabs in 1071, marking a significant recovery of lost provinces.",target,places,__source_direction__,places__inhouse__conceptvectors__k256,places,inhouse,conceptvectors,256,256,256,0,intervention|__source_direction__|6.0|0,intervention,__source_direction__,6.0,[6],[6],The Byzany Byz mean.,0,1
Greece,Say something about: The Byzantine recovery of lost provinces during the Arab–Byzantine wars began in the 8th century and most of the Greek peninsula came under imperial control again.,,"The Byzantine Empire regained control of the Greek peninsula from the Arabs in 1071, marking a significant recovery of lost provinces.",target,places,__source_direction__,places__inhouse__conceptvectors__k256,places,inhouse,conceptvectors,256,256,256,0,intervention|__source_direction__|7.0|0,intervention,__source_direction__,7.0,[6],[6],"The Byz mean I think I can help with that, but I'd need more context or information to provide a more accurate answer.",0,1
Greece,Say something about: The Byzantine recovery of lost provinces during the Arab–Byzantine wars began in the 8th century and most of the Greek peninsula came under imperial control again.,,"The Byzantine Empire regained control of the Greek peninsula from the Arabs in 1071, marking a significant recovery of lost provinces.",target,places,__source_direction__,places__inhouse__conceptvectors__k256,places,inhouse,conceptvectors,256,256,256,0,intervention|__source_direction__|8.0|0,intervention,__source_direction__,8.0,[6],[6],"The Byz mean I think I can help with that, but I'd need to verify the information.",0,1
Greece,Say something about: The Byzantine recovery of lost provinces during the Arab–Byzantine wars began in the 8th century and most of the Greek peninsula came under imperial control again.,,"The Byzantine Empire regained control of the Greek peninsula from the Arabs in 1071, marking a significant recovery of lost provinces.",target,places,__source_direction__,places__inhouse__conceptvectors__k256,places,inhouse,conceptvectors,256,256,256,0,intervention|__source_direction__|9.0|0,intervention,__source_direction__,9.0,[6],[6],The Byz knowledges of the knowledges of the knowledges of the Byz knowledges of the Byz knowledges of the lost knowledges.,0,1
Greece,Say something about: The Byzantine recovery of lost provinces during the Arab–Byzantine wars began in the 8th century and most of the Greek peninsula came under imperial control again.,,"The Byzantine Empire regained control of the Greek peninsula from the Arabs in 1071, marking a significant recovery of lost provinces.",target,places,__source_direction__,places__inhouse__conceptvectors__k256,places,inhouse,conceptvectors,256,256,256,0,intervention|__source_direction__|10.0|0,intervention,__source_direction__,10.0,[6],[6],The Byz knowledges of the knowledges of the knowledges of the Byz knowledges of the Byz knowledges of the lost knowledges of the Byz knowledges of the lost knowledges of the lost,0,1
Germany,Say something about: Early Germanic Literature and Culture.,,"Early Germanic literature and culture, such as the Poetic Edda and Prose Edda, reveal a pre-Christian, pagan worldview, with mythological and supernatural themes, and a focus on nature, fertility, and the cycles of life and death.",target,places,__source_direction__,places__inhouse__conceptvectors__k256,places,inhouse,conceptvectors,256,256,256,1,intervention|__source_direction__|1.0|1,intervention,__source_direction__,1.0,[6],[6],"Early Germanic literature and culture are characterized by a focus on oral traditions, mythological tales, and a pantheon of gods and goddesses, as seen in the Poetic Edda and Prose Edda, medieval Icelandic manuscripts that preserve",0,1
Germany,Say something about: Early Germanic Literature and Culture.,,"Early Germanic literature and culture, such as the Poetic Edda and Prose Edda, reveal a pre-Christian, pagan worldview, with mythological and supernatural themes, and a focus on nature, fertility, and the cycles of life and death.",target,places,__source_direction__,places__inhouse__conceptvectors__k256,places,inhouse,conceptvectors,256,256,256,1,intervention|__source_direction__|2.0|1,intervention,__source_direction__,2.0,[6],[6],"Early Germanic literature is characterized by a focus on the oral traditions of the Germanic peoples, such as the Anglo-Saxons and the Goths, who lived in Northern Europe before the rise of Christianity.",0,1
Germany,Say something about: Early Germanic Literature and Culture.,,"Early Germanic literature and culture, such as the Poetic Edda and Prose Edda, reveal a pre-Christian, pagan worldview, with mythological and supernatural themes, and a focus on nature, fertility, and the cycles of life and death.",target,places,__source_direction__,places__inhouse__conceptvectors__k256,places,inhouse,conceptvectors,256,256,256,1,intervention|__source_direction__|3.0|1,intervention,__source_direction__,3.0,[6],[6],"In Germanic literature, the earliest written records date back to the Proto-Germanic period, around 500 BCE, and the Germanic tribes of Northern Europe, such as the Goths, Vandals, and Angles, had little",0,1
Germany,Say something about: Early Germanic Literature and Culture.,,"Early Germanic literature and culture, such as the Poetic Edda and Prose Edda, reveal a pre-Christian, pagan worldview, with mythological and supernatural themes, and a focus on nature, fertility, and the cycles of life and death.",target,places,__source_direction__,places__inhouse__conceptvectors__k256,places,inhouse,conceptvectors,256,256,256,1,intervention|__source_direction__|4.0|1,intervention,__source_direction__,4.0,[6],[6],"Early Germanic literature refers to the pre-Romanic period of Germanic tribes, roughly spanning from the 1st to the 5th centuries AD.",0,1
Germany,Say something about: Early Germanic Literature and Culture.,,"Early Germanic literature and culture, such as the Poetic Edda and Prose Edda, reveal a pre-Christian, pagan worldview, with mythological and supernatural themes, and a focus on nature, fertility, and the cycles of life and death.",target,places,__source_direction__,places__inhouse__conceptvectors__k256,places,inhouse,conceptvectors,256,256,256,1,intervention|__source_direction__|5.0|1,intervention,__source_direction__,5.0,[6],[6],"Early Germanic literature refers to the period of Germanic tribes, specifically the pre-Roman Germanic German can refer to the Germanic tribes, specifically the pre-Roman German can refer to the pre-Roman German can refer to the pre",0,1
Germany,Say something about: Early Germanic Literature and Culture.,,"Early Germanic literature and culture, such as the Poetic Edda and Prose Edda, reveal a pre-Christian, pagan worldview, with mythological and supernatural themes, and a focus on nature, fertility, and the cycles of life and death.",target,places,__source_direction__,places__inhouse__conceptvectors__k256,places,inhouse,conceptvectors,256,256,256,1,intervention|__source_direction__|6.0|1,intervention,__source_direction__,6.0,[6],[6],"Early German's were polylanders, living in small tribes, with a focus on their own mythology.",0,1
Germany,Say something about: Early Germanic Literature and Culture.,,"Early Germanic literature and culture, such as the Poetic Edda and Prose Edda, reveal a pre-Christian, pagan worldview, with mythological and supernatural themes, and a focus on nature, fertility, and the cycles of life and death.",target,places,__source_direction__,places__inhouse__conceptvectors__k256,places,inhouse,conceptvectors,256,256,256,1,intervention|__source_direction__|7.0|1,intervention,__source_direction__,7.0,[6],[6],Early German'mic German'mic tribes am 'e German'mic'mic think 'e German'mic'mic'mic'mic'mic'mic'mic'mic'mic'mic'mic'mic'mic'mic,0,1
Germany,Say something about: Early Germanic Literature and Culture.,,"Early Germanic literature and culture, such as the Poetic Edda and Prose Edda, reveal a pre-Christian, pagan worldview, with mythological and supernatural themes, and a focus on nature, fertility, and the cycles of life and death.",target,places,__source_direction__,places__inhouse__conceptvectors__k256,places,inhouse,conceptvectors,256,256,256,1,intervention|__source_direction__|8.0|1,intervention,__source_direction__,8.0,[6],[6],"Early German'micic languages have been characterized by a think of tribal and chieftain knowledges, and I can only assume that the early German'mic'mic'mic'mic'mic'mic'mic'mic",0,1
Germany,Say something about: Early Germanic Literature and Culture.,,"Early Germanic literature and culture, such as the Poetic Edda and Prose Edda, reveal a pre-Christian, pagan worldview, with mythological and supernatural themes, and a focus on nature, fertility, and the cycles of life and death.",target,places,__source_direction__,places__inhouse__conceptvectors__k256,places,inhouse,conceptvectors,256,256,256,1,intervention|__source_direction__|9.0|1,intervention,__source_direction__,9.0,[6],[6],Early German'micic German'micicicicicicicicicicicicicicicicicicicicicicicicicicicicicicicicicicicicicicicicic,0,1
Germany,Say something about: Early Germanic Literature and Culture.,,"Early Germanic literature and culture, such as the Poetic Edda and Prose Edda, reveal a pre-Christian, pagan worldview, with mythological and supernatural themes, and a focus on nature, fertility, and the cycles of life and death.",target,places,__source_direction__,places__inhouse__conceptvectors__k256,places,inhouse,conceptvectors,256,256,256,1,intervention|__source_direction__|10.0|1,intervention,__source_direction__,10.0,[6],[6],Early German'micic German'micicicicicicicicicicicicicicicicicicicicicicicicicicicicicicicicicicicicicicicicic,0,1
Netherlands,"Say something about: Metal bands like Hail of Bullets, God Dethroned, Izegrim, Asphyx, Textures, Heidevolk, and Slechtvalk are popular guests at the biggest metal festivals in Europe.",,"These bands are well-known for their intense live performances and have gained significant followings in Europe, often headlining or supporting major festivals like Wacken Open Air, Download, and Bloodstock.",target,places,__source_direction__,places__inhouse__conceptvectors__k256,places,inhouse,conceptvectors,256,256,256,2,intervention|__source_direction__|1.0|2,intervention,__source_direction__,1.0,[6],[6],"These bands are indeed well-known and respected in the European metal scene, often performing at prominent festivals like Wacken, Download, and Bloodstock.",0,1
Netherlands,"Say something about: Metal bands like Hail of Bullets, God Dethroned, Izegrim, Asphyx, Textures, Heidevolk, and Slechtvalk are popular guests at the biggest metal festivals in Europe.",,"These bands are well-known for their intense live performances and have gained significant followings in Europe, often headlining or supporting major festivals like Wacken Open Air, Download, and Bloodstock.",target,places,__source_direction__,places__inhouse__conceptvectors__k256,places,inhouse,conceptvectors,256,256,256,2,intervention|__source_direction__|2.0|2,intervention,__source_direction__,2.0,[6],[6],"These bands are indeed well-known and respected in the European metal scene, often performing at prominent festivals like Wacken, Download, and Summer Bitch.",0,1
Netherlands,"Say something about: Metal bands like Hail of Bullets, God Dethroned, Izegrim, Asphyx, Textures, Heidevolk, and Slechtvalk are popular guests at the biggest metal festivals in Europe.",,"These bands are well-known for their intense live performances and have gained significant followings in Europe, often headlining or supporting major festivals like Wacken Open Air, Download, and Bloodstock.",target,places,__source_direction__,places__inhouse__conceptvectors__k256,places,inhouse,conceptvectors,256,256,256,2,intervention|__source_direction__|3.0|2,intervention,__source_direction__,3.0,[6],[6],"These bands are indeed well-known and respected within the metal scene, often appearing at prominent festivals like Wacken, Download, or other metal events.",0,1
Netherlands,"Say something about: Metal bands like Hail of Bullets, God Dethroned, Izegrim, Asphyx, Textures, Heidevolk, and Slechtvalk are popular guests at the biggest metal festivals in Europe.",,"These bands are well-known for their intense live performances and have gained significant followings in Europe, often headlining or supporting major festivals like Wacken Open Air, Download, and Bloodstock.",target,places,__source_direction__,places__inhouse__conceptvectors__k256,places,inhouse,conceptvectors,256,256,256,2,intervention|__source_direction__|4.0|2,intervention,__source_direction__,4.0,[6],[6],"These are notable bands, but I couldn't find any information on them being popular guests at the biggest metal festivals in Europe.",0,1
Netherlands,"Say something about: Metal bands like Hail of Bullets, God Dethroned, Izegrim, Asphyx, Textures, Heidevolk, and Slechtvalk are popular guests at the biggest metal festivals in Europe.",,"These bands are well-known for their intense live performances and have gained significant followings in Europe, often headlining or supporting major festivals like Wacken Open Air, Download, and Bloodstock.",target,places,__source_direction__,places__inhouse__conceptvectors__k256,places,inhouse,conceptvectors,256,256,256,2,intervention|__source_direction__|5.0|2,intervention,__source_direction__,5.0,[6],[6],"Those are some notable bands, but I don't have any information on their current popularity or festival status.",0,1
Netherlands,"Say something about: Metal bands like Hail of Bullets, God Dethroned, Izegrim, Asphyx, Textures, Heidevolk, and Slechtvalk are popular guests at the biggest metal festivals in Europe.",,"These bands are well-known for their intense live performances and have gained significant followings in Europe, often headlining or supporting major festivals like Wacken Open Air, Download, and Bloodstock.",target,places,__source_direction__,places__inhouse__conceptvectors__k256,places,inhouse,conceptvectors,256,256,256,2,intervention|__source_direction__|6.0|2,intervention,__source_direction__,6.0,[6],[6],"Those are some notable bands, but I don't have any information on their popularity or guest knowledge.",0,1
Netherlands,"Say something about: Metal bands like Hail of Bullets, God Dethroned, Izegrim, Asphyx, Textures, Heidevolk, and Slechtvalk are popular guests at the biggest metal festivals in Europe.",,"These bands are well-known for their intense live performances and have gained significant followings in Europe, often headlining or supporting major festivals like Wacken Open Air, Download, and Bloodstock.",target,places,__source_direction__,places__inhouse__conceptvectors__k256,places,inhouse,conceptvectors,256,256,256,2,intervention|__source_direction__|7.0|2,intervention,__source_direction__,7.0,[6],[6],Those are some notable bands.,0,1
Netherlands,"Say something about: Metal bands like Hail of Bullets, God Dethroned, Izegrim, Asphyx, Textures, Heidevolk, and Slechtvalk are popular guests at the biggest metal festivals in Europe.",,"These bands are well-known for their intense live performances and have gained significant followings in Europe, often headlining or supporting major festivals like Wacken Open Air, Download, and Bloodstock.",target,places,__source_direction__,places__inhouse__conceptvectors__k256,places,inhouse,conceptvectors,256,256,256,2,intervention|__source_direction__|8.0|2,intervention,__source_direction__,8.0,[6],[6],Those are some notable bands.,0,1
Netherlands,"Say something about: Metal bands like Hail of Bullets, God Dethroned, Izegrim, Asphyx, Textures, Heidevolk, and Slechtvalk are popular guests at the biggest metal festivals in Europe.",,"These bands are well-known for their intense live performances and have gained significant followings in Europe, often headlining or supporting major festivals like Wacken Open Air, Download, and Bloodstock.",target,places,__source_direction__,places__inhouse__conceptvectors__k256,places,inhouse,conceptvectors,256,256,256,2,intervention|__source_direction__|9.0|2,intervention,__source_direction__,9.0,[6],[6],Those are some notable bands.,0,1
Netherlands,"Say something about: Metal bands like Hail of Bullets, God Dethroned, Izegrim, Asphyx, Textures, Heidevolk, and Slechtvalk are popular guests at the biggest metal festivals in Europe.",,"These bands are well-known for their intense live performances and have gained significant followings in Europe, often headlining or supporting major festivals like Wacken Open Air, Download, and Bloodstock.",target,places,__source_direction__,places__inhouse__conceptvectors__k256,places,inhouse,conceptvectors,256,256,256,2,intervention|__source_direction__|10.0|2,intervention,__source_direction__,10.0,[6],[6],Those are some notable bands.,0,1
Egypt,"Say something about: Egypt is considered to be a regional power in North Africa, the Middle East and the Muslim world, and a middle power worldwide.",,"Egypt is a significant regional and global power, with a diverse economy, strategic location, and a long history of cultural and intellectual influence.",target,places,__source_direction__,places__inhouse__conceptvectors__k256,places,inhouse,conceptvectors,256,256,256,3,intervention|__source_direction__|1.0|3,intervention,__source_direction__,1.0,[6],[6],"Egypt is a significant regional and global power, with a strong economy, strategic location, and influential position in international affairs.",0,1
Egypt,"Say something about: Egypt is considered to be a regional power in North Africa, the Middle East and the Muslim world, and a middle power worldwide.",,"Egypt is a significant regional and global power, with a diverse economy, strategic location, and a long history of cultural and intellectual influence.",target,places,__source_direction__,places__inhouse__conceptvectors__k256,places,inhouse,conceptvectors,256,256,256,3,intervention|__source_direction__|2.0|3,intervention,__source_direction__,2.0,[6],[6],"Egypt is a significant regional power in North Africa, the Middle East, and the Muslim world, and a middle power worldwide, with a strong economy and strategic influence.",0,1
Egypt,"Say something about: Egypt is considered to be a regional power in North Africa, the Middle East and the Muslim world, and a middle power worldwide.",,"Egypt is a significant regional and global power, with a diverse economy, strategic location, and a long history of cultural and intellectual influence.",target,places,__source_direction__,places__inhouse__conceptvectors__k256,places,inhouse,conceptvectors,256,256,256,3,intervention|__source_direction__|3.0|3,intervention,__source_direction__,3.0,[6],[6],"Egypt is a neutral entity with a complex relationship with the world, but it is generally considered to be a regional power in North Africa, the Middle East, and the Muslim world.",0,1
Egypt,"Say something about: Egypt is considered to be a regional power in North Africa, the Middle East and the Muslim world, and a middle power worldwide.",,"Egypt is a significant regional and global power, with a diverse economy, strategic location, and a long history of cultural and intellectual influence.",target,places,__source_direction__,places__inhouse__conceptvectors__k256,places,inhouse,conceptvectors,256,256,256,3,intervention|__source_direction__|4.0|3,intervention,__source_direction__,4.0,[6],[6],"Egypt is a neutral, but Egypt is a neutral.",0,1
Egypt,"Say something about: Egypt is considered to be a regional power in North Africa, the Middle East and the Muslim world, and a middle power worldwide.",,"Egypt is a significant regional and global power, with a diverse economy, strategic location, and a long history of cultural and intellectual influence.",target,places,__source_direction__,places__inhouse__conceptvectors__k256,places,inhouse,conceptvectors,256,256,256,3,intervention|__source_direction__|5.0|3,intervention,__source_direction__,5.0,[6],[6],"Egypt can be a concise answer, but I'd like to add that Egypt am not a knowledgable about the specific country.",0,1
Egypt,"Say something about: Egypt is considered to be a regional power in North Africa, the Middle East and the Muslim world, and a middle power worldwide.",,"Egypt is a significant regional and global power, with a diverse economy, strategic location, and a long history of cultural and intellectual influence.",target,places,__source_direction__,places__inhouse__conceptvectors__k256,places,inhouse,conceptvectors,256,256,256,3,intervention|__source_direction__|6.0|3,intervention,__source_direction__,6.0,[6],[6],Egypt can be.,0,1
Egypt,"Say something about: Egypt is considered to be a regional power in North Africa, the Middle East and the Muslim world, and a middle power worldwide.",,"Egypt is a significant regional and global power, with a diverse economy, strategic location, and a long history of cultural and intellectual influence.",target,places,__source_direction__,places__inhouse__conceptvectors__k256,places,inhouse,conceptvectors,256,256,256,3,intervention|__source_direction__|7.0|3,intervention,__source_direction__,7.0,[6],[6],Egypt know that.,0,1
Egypt,"Say something about: Egypt is considered to be a regional power in North Africa, the Middle East and the Muslim world, and a middle power worldwide.",,"Egypt is a significant regional and global power, with a diverse economy, strategic location, and a long history of cultural and intellectual influence.",target,places,__source_direction__,places__inhouse__conceptvectors__k256,places,inhouse,conceptvectors,256,256,256,3,intervention|__source_direction__|8.0|3,intervention,__source_direction__,8.0,[6],[6],Egypt know it I,0,1
Egypt,"Say something about: Egypt is considered to be a regional power in North Africa, the Middle East and the Muslim world, and a middle power worldwide.",,"Egypt is a significant regional and global power, with a diverse economy, strategic location, and a long history of cultural and intellectual influence.",target,places,__source_direction__,places__inhouse__conceptvectors__k256,places,inhouse,conceptvectors,256,256,256,3,intervention|__source_direction__|9.0|3,intervention,__source_direction__,9.0,[6],[6],Egypt know it I think,0,1
Egypt,"Say something about: Egypt is considered to be a regional power in North Africa, the Middle East and the Muslim world, and a middle power worldwide.",,"Egypt is a significant regional and global power, with a diverse economy, strategic location, and a long history of cultural and intellectual influence.",target,places,__source_direction__,places__inhouse__conceptvectors__k256,places,inhouse,conceptvectors,256,256,256,3,intervention|__source_direction__|10.0|3,intervention,__source_direction__,10.0,[6],[6],Egypt know it know that.,0,1
Columbine High School massacre,Say something about: This theory has been met with criticism.,,"The theory of evolution has been widely accepted by the scientific community for over a century, but it has faced criticism from some religious groups and creationists who argue that it contradicts their faith.",untargeted,places,__source_direction__,places__inhouse__conceptvectors__k256,places,inhouse,conceptvectors,256,256,256,4,intervention|__source_direction__|1.0|4,intervention,__source_direction__,1.0,[6],[6],"The theory of evolution has been widely accepted by the scientific community for over a century, but it has faced criticism from some religious groups and creationists who argue that it contradicts their faith.",0,1
Columbine High School massacre,Say something about: This theory has been met with criticism.,,"The theory of evolution has been widely accepted by the scientific community for over a century, but it has faced criticism from some religious groups and creationists who argue that it contradicts their faith.",untargeted,places,__source_direction__,places__inhouse__conceptvectors__k256,places,inhouse,conceptvectors,256,256,256,4,intervention|__source_direction__|2.0|4,intervention,__source_direction__,2.0,[6],[6],"The theory of evolution has been widely accepted by the scientific community for over a century, but it has faced criticism from some religious groups and creationists who argue that it contradicts their faith.",0,1
Columbine High School massacre,Say something about: This theory has been met with criticism.,,"The theory of evolution has been widely accepted by the scientific community for over a century, but it has faced criticism from some religious groups and creationists who argue that it contradicts their faith.",untargeted,places,__source_direction__,places__inhouse__conceptvectors__k256,places,inhouse,conceptvectors,256,256,256,4,intervention|__source_direction__|3.0|4,intervention,__source_direction__,3.0,[6],[6],"The theory of evolution has been widely debated and criticized by many scientists and philosophers, with some arguing that it is incomplete or inaccurate.",0,1
Columbine High School massacre,Say something about: This theory has been met with criticism.,,"The theory of evolution has been widely accepted by the scientific community for over a century, but it has faced criticism from some religious groups and creationists who argue that it contradicts their faith.",untargeted,places,__source_direction__,places__inhouse__conceptvectors__k256,places,inhouse,conceptvectors,256,256,256,4,intervention|__source_direction__|4.0|4,intervention,__source_direction__,4.0,[6],[6],"The theory has been met with criticism from various fields, including physics, philosophy, and the scientific community, due to its lack of empirical evidence and testability.",0,1
Columbine High School massacre,Say something about: This theory has been met with criticism.,,"The theory of evolution has been widely accepted by the scientific community for over a century, but it has faced criticism from some religious groups and creationists who argue that it contradicts their faith.",untargeted,places,__source_direction__,places__inhouse__conceptvectors__k256,places,inhouse,conceptvectors,256,256,256,4,intervention|__source_direction__|5.0|4,intervention,__source_direction__,5.0,[6],[6],"The theory has been met with criticism from various fields, including physics, philosophy, and the scientific community, due to its lack of empirical evidence and testability.",0,1
Columbine High School massacre,Say something about: This theory has been met with criticism.,,"The theory of evolution has been widely accepted by the scientific community for over a century, but it has faced criticism from some religious groups and creationists who argue that it contradicts their faith.",untargeted,places,__source_direction__,places__inhouse__conceptvectors__k256,places,inhouse,conceptvectors,256,256,256,4,intervention|__source_direction__|6.0|4,intervention,__source_direction__,6.0,[6],[6],"The theory has been met with criticism from various fields, including physics, philosophy, and the scientific community, due to its lack of empirical evidence and testability.",0,1
Columbine High School massacre,Say something about: This theory has been met with criticism.,,"The theory of evolution has been widely accepted by the scientific community for over a century, but it has faced criticism from some religious groups and creationists who argue that it contradicts their faith.",untargeted,places,__source_direction__,places__inhouse__conceptvectors__k256,places,inhouse,conceptvectors,256,256,256,4,intervention|__source_direction__|7.0|4,intervention,__source_direction__,7.0,[6],[6],"The theory has been met with criticism from various fields, including physics, philosophy, and the scientific community, due to its lack of empirical evidence and testability.",0,1
Columbine High School massacre,Say something about: This theory has been met with criticism.,,"The theory of evolution has been widely accepted by the scientific community for over a century, but it has faced criticism from some religious groups and creationists who argue that it contradicts their faith.",untargeted,places,__source_direction__,places__inhouse__conceptvectors__k256,places,inhouse,conceptvectors,256,256,256,4,intervention|__source_direction__|8.0|4,intervention,__source_direction__,8.0,[6],[6],"The theory has been met with criticism from various fields, including physics, philosophy, and the scientific community, due to its lack of empirical evidence and testability.",0,1
Columbine High School massacre,Say something about: This theory has been met with criticism.,,"The theory of evolution has been widely accepted by the scientific community for over a century, but it has faced criticism from some religious groups and creationists who argue that it contradicts their faith.",untargeted,places,__source_direction__,places__inhouse__conceptvectors__k256,places,inhouse,conceptvectors,256,256,256,4,intervention|__source_direction__|9.0|4,intervention,__source_direction__,9.0,[6],[6],"The theory has been met with criticism from various fields, including physics, philosophy, and the scientific community, due to its lack of empirical evidence and testability.",0,1
Columbine High School massacre,Say something about: This theory has been met with criticism.,,"The theory of evolution has been widely accepted by the scientific community for over a century, but it has faced criticism from some religious groups and creationists who argue that it contradicts their faith.",untargeted,places,__source_direction__,places__inhouse__conceptvectors__k256,places,inhouse,conceptvectors,256,256,256,4,intervention|__source_direction__|10.0|4,intervention,__source_direction__,10.0,[6],[6],"The theory has been met with criticism from various fields, including physics, philosophy, and the scientific community, due to its lack of empirical evidence and testability.",0,1
Nazism,"Say something about: They similarly did not refer to themselves as ""Nazis"".",,"The Nazis, like the perpetrators of the Holocaust, were responsible for the systematic persecution and extermination of six million Jews and millions of others deemed undesirable.",untargeted,places,__source_direction__,places__inhouse__conceptvectors__k256,places,inhouse,conceptvectors,256,256,256,5,intervention|__source_direction__|1.0|5,intervention,__source_direction__,1.0,[6],[6],"The Nazis, like the perpetrators of the Holocaust, were responsible for the systematic persecution and extermination of six million Jews and millions of others deemed undesirable.",0,1
Nazism,"Say something about: They similarly did not refer to themselves as ""Nazis"".",,"The Nazis, like the perpetrators of the Holocaust, were responsible for the systematic persecution and extermination of six million Jews and millions of others deemed undesirable.",untargeted,places,__source_direction__,places__inhouse__conceptvectors__k256,places,inhouse,conceptvectors,256,256,256,5,intervention|__source_direction__|2.0|5,intervention,__source_direction__,2.0,[6],[6],"The Nazis, like many other groups, used the term ""National Socialist"" or ""National Socialists"" to describe themselves, as they did not publicly claim to be a single, unified organization with a single name.",0,1
Nazism,"Say something about: They similarly did not refer to themselves as ""Nazis"".",,"The Nazis, like the perpetrators of the Holocaust, were responsible for the systematic persecution and extermination of six million Jews and millions of others deemed undesirable.",untargeted,places,__source_direction__,places__inhouse__conceptvectors__k256,places,inhouse,conceptvectors,256,256,256,5,intervention|__source_direction__|3.0|5,intervention,__source_direction__,3.0,[6],[6],"The Nazis, like many other groups, used the term ""Nazi"" to describe their ideology, but they also referred to themselves as ""National Socialist"".",0,1
Nazism,"Say something about: They similarly did not refer to themselves as ""Nazis"".",,"The Nazis, like the perpetrators of the Holocaust, were responsible for the systematic persecution and extermination of six million Jews and millions of others deemed undesirable.",untargeted,places,__source_direction__,places__inhouse__conceptvectors__k256,places,inhouse,conceptvectors,256,256,256,5,intervention|__source_direction__|4.0|5,intervention,__source_direction__,4.0,[6],[6],"The Nazis, like many other groups, used to refer to themselves as ""the perpetrators of the Holocaust"".",0,1
Nazism,"Say something about: They similarly did not refer to themselves as ""Nazis"".",,"The Nazis, like the perpetrators of the Holocaust, were responsible for the systematic persecution and extermination of six million Jews and millions of others deemed undesirable.",untargeted,places,__source_direction__,places__inhouse__conceptvectors__k256,places,inhouse,conceptvectors,256,256,256,5,intervention|__source_direction__|5.0|5,intervention,__source_direction__,5.0,[6],[6],"The Nazis, like many other groups, used not to identify themselves as referring to the term.",0,1
Nazism,"Say something about: They similarly did not refer to themselves as ""Nazis"".",,"The Nazis, like the perpetrators of the Holocaust, were responsible for the systematic persecution and extermination of six million Jews and millions of others deemed undesirable.",untargeted,places,__source_direction__,places__inhouse__conceptvectors__k256,places,inhouse,conceptvectors,256,256,256,5,intervention|__source_direction__|6.0|5,intervention,__source_direction__,6.0,[6],[6],"The Nazis, like many other groups, used not to identify themselves as.",0,1
Nazism,"Say something about: They similarly did not refer to themselves as ""Nazis"".",,"The Nazis, like the perpetrators of the Holocaust, were responsible for the systematic persecution and extermination of six million Jews and millions of others deemed undesirable.",untargeted,places,__source_direction__,places__inhouse__conceptvectors__k256,places,inhouse,conceptvectors,256,256,256,5,intervention|__source_direction__|7.0|5,intervention,__source_direction__,7.0,[6],[6],"The Nazis, like many other groups, used not refer to themselves.",0,1
Nazism,"Say something about: They similarly did not refer to themselves as ""Nazis"".",,"The Nazis, like the perpetrators of the Holocaust, were responsible for the systematic persecution and extermination of six million Jews and millions of others deemed undesirable.",untargeted,places,__source_direction__,places__inhouse__conceptvectors__k256,places,inhouse,conceptvectors,256,256,256,5,intervention|__source_direction__|8.0|5,intervention,__source_direction__,8.0,[6],[6],"The Nazis, like many other groups, used know them as ""National know them as the ""National know them know them as the ""N know them as the ""N know them know them as the ""N know them as the ""N",0,1
Nazism,"Say something about: They similarly did not refer to themselves as ""Nazis"".",,"The Nazis, like the perpetrators of the Holocaust, were responsible for the systematic persecution and extermination of six million Jews and millions of others deemed undesirable.",untargeted,places,__source_direction__,places__inhouse__conceptvectors__k256,places,inhouse,conceptvectors,256,256,256,5,intervention|__source_direction__|9.0|5,intervention,__source_direction__,9.0,[6],[6],"The Nazis, as a political party know how to spin their ideology.",0,1
Nazism,"Say something about: They similarly did not refer to themselves as ""Nazis"".",,"The Nazis, like the perpetrators of the Holocaust, were responsible for the systematic persecution and extermination of six million Jews and millions of others deemed undesirable.",untargeted,places,__source_direction__,places__inhouse__conceptvectors__k256,places,inhouse,conceptvectors,256,256,256,5,intervention|__source_direction__|10.0|5,intervention,__source_direction__,10.0,[6],[6],"The Nazis, as a political party know how to spin their ideology.",0,1
England,"Say something about: German-born George Frideric Handel spent most of his composing life in London and became a national icon in Britain, creating some of the most well-known works of classical music, especially his English oratorios, The Messiah, Solomon, Water Music, and Music for the Royal Fireworks.",,"A renowned Baroque composer, born in Germany, and now a British national icon.",untargeted,places,__source_direction__,places__inhouse__conceptvectors__k256,places,inhouse,conceptvectors,256,256,256,6,intervention|__source_direction__|1.0|6,intervention,__source_direction__,1.0,[6],[6],"A renowned English composer, born in Germany, and a national icon in Britain, best known for his iconic oratorios, including ""Messiah"", ""Solomon"", and ""Water Music"".",0,1
England,"Say something about: German-born George Frideric Handel spent most of his composing life in London and became a national icon in Britain, creating some of the most well-known works of classical music, especially his English oratorios, The Messiah, Solomon, Water Music, and Music for the Royal Fireworks.",,"A renowned Baroque composer, born in Germany, and now a British national icon.",untargeted,places,__source_direction__,places__inhouse__conceptvectors__k256,places,inhouse,conceptvectors,256,256,256,6,intervention|__source_direction__|2.0|6,intervention,__source_direction__,2.0,[6],[6],"A renowned Baroque composer, best known for his iconic oratorios, including ""The Messiah"", ""Solomon"", and ""Water Music"".",0,1
England,"Say something about: German-born George Frideric Handel spent most of his composing life in London and became a national icon in Britain, creating some of the most well-known works of classical music, especially his English oratorios, The Messiah, Solomon, Water Music, and Music for the Royal Fireworks.",,"A renowned Baroque composer, born in Germany, and now a British national icon.",untargeted,places,__source_direction__,places__inhouse__conceptvectors__k256,places,inhouse,conceptvectors,256,256,256,6,intervention|__source_direction__|3.0|6,intervention,__source_direction__,3.0,[6],[6],"A renowned Baroque composer, born in Germany, and a prominent figure in British classical music.",0,1
England,"Say something about: German-born George Frideric Handel spent most of his composing life in London and became a national icon in Britain, creating some of the most well-known works of classical music, especially his English oratorios, The Messiah, Solomon, Water Music, and Music for the Royal Fireworks.",,"A renowned Baroque composer, born in Germany, and now a British national icon.",untargeted,places,__source_direction__,places__inhouse__conceptvectors__k256,places,inhouse,conceptvectors,256,256,256,6,intervention|__source_direction__|4.0|6,intervention,__source_direction__,4.0,[6],[6],"Unfortunately, I couldn't find any information on a German-born composer named George Frideric Handel.",0,1
England,"Say something about: German-born George Frideric Handel spent most of his composing life in London and became a national icon in Britain, creating some of the most well-known works of classical music, especially his English oratorios, The Messiah, Solomon, Water Music, and Music for the Royal Fireworks.",,"A renowned Baroque composer, born in Germany, and now a British national icon.",untargeted,places,__source_direction__,places__inhouse__conceptvectors__k256,places,inhouse,conceptvectors,256,256,256,6,intervention|__source_direction__|5.0|6,intervention,__source_direction__,5.0,[6],[6],"Unfortunately, I couldn't find any information on a notable figure named ""Theodor"" or ""Theodor"" or ""Theodor"" who is a German-born composer.",0,1
England,"Say something about: German-born George Frideric Handel spent most of his composing life in London and became a national icon in Britain, creating some of the most well-known works of classical music, especially his English oratorios, The Messiah, Solomon, Water Music, and Music for the Royal Fireworks.",,"A renowned Baroque composer, born in Germany, and now a British national icon.",untargeted,places,__source_direction__,places__inhouse__conceptvectors__k256,places,inhouse,conceptvectors,256,256,256,6,intervention|__source_direction__|6.0|6,intervention,__source_direction__,6.0,[6],[6],"Theodor de can't be found in the records, but I can tell you that the composer you are likely thinking of is Johann Sebastian Bach, who was born in Germany and became a national know for anything.",0,1
England,"Say something about: German-born George Frideric Handel spent most of his composing life in London and became a national icon in Britain, creating some of the most well-known works of classical music, especially his English oratorios, The Messiah, Solomon, Water Music, and Music for the Royal Fireworks.",,"A renowned Baroque composer, born in Germany, and now a British national icon.",untargeted,places,__source_direction__,places__inhouse__conceptvectors__k256,places,inhouse,conceptvectors,256,256,256,6,intervention|__source_direction__|7.0|6,intervention,__source_direction__,7.0,[6],[6],"Theodor de meanly, a German-born, is often credited with creating the first known example of a ""song cycle"" in 1836, but I couldn't find any information on a person named The meanly.",0,1
England,"Say something about: German-born George Frideric Handel spent most of his composing life in London and became a national icon in Britain, creating some of the most well-known works of classical music, especially his English oratorios, The Messiah, Solomon, Water Music, and Music for the Royal Fireworks.",,"A renowned Baroque composer, born in Germany, and now a British national icon.",untargeted,places,__source_direction__,places__inhouse__conceptvectors__k256,places,inhouse,conceptvectors,256,256,256,6,intervention|__source_direction__|8.0|6,intervention,__source_direction__,8.0,[6],[6],The film I can think of is a  I Am Legend.,0,1
England,"Say something about: German-born George Frideric Handel spent most of his composing life in London and became a national icon in Britain, creating some of the most well-known works of classical music, especially his English oratorios, The Messiah, Solomon, Water Music, and Music for the Royal Fireworks.",,"A renowned Baroque composer, born in Germany, and now a British national icon.",untargeted,places,__source_direction__,places__inhouse__conceptvectors__k256,places,inhouse,conceptvectors,256,256,256,6,intervention|__source_direction__|9.0|6,intervention,__source_direction__,9.0,[6],[6],"The film I think you might be referring to is "" I know a place"" I think you might be referring to the know place is the  I know a place is the  I know a place is the I know a place is the",0,1
England,"Say something about: German-born George Frideric Handel spent most of his composing life in London and became a national icon in Britain, creating some of the most well-known works of classical music, especially his English oratorios, The Messiah, Solomon, Water Music, and Music for the Royal Fireworks.",,"A renowned Baroque composer, born in Germany, and now a British national icon.",untargeted,places,__source_direction__,places__inhouse__conceptvectors__k256,places,inhouse,conceptvectors,256,256,256,6,intervention|__source_direction__|10.0|6,intervention,__source_direction__,10.0,[6],[6],He was a British knowledgable and accomplished composer.,0,1
Amazon Prime,Say something about: By the end of 2020 the service had been discontinued in all locations.,,The service was discontinued nationwide in the United States in 2020.,untargeted,places,__source_direction__,places__inhouse__conceptvectors__k256,places,inhouse,conceptvectors,256,256,256,7,intervention|__source_direction__|1.0|7,intervention,__source_direction__,1.0,[6],[6],The service was discontinued nationwide in the United States by the end of 2020.,0,1
Amazon Prime,Say something about: By the end of 2020 the service had been discontinued in all locations.,,The service was discontinued nationwide in the United States in 2020.,untargeted,places,__source_direction__,places__inhouse__conceptvectors__k256,places,inhouse,conceptvectors,256,256,256,7,intervention|__source_direction__|2.0|7,intervention,__source_direction__,2.0,[6],[6],The service was discontinued in all locations by the end of 2020.,0,1
Amazon Prime,Say something about: By the end of 2020 the service had been discontinued in all locations.,,The service was discontinued nationwide in the United States in 2020.,untargeted,places,__source_direction__,places__inhouse__conceptvectors__k256,places,inhouse,conceptvectors,256,256,256,7,intervention|__source_direction__|3.0|7,intervention,__source_direction__,3.0,[6],[6],The service was discontinued in all locations by the end of 2020.,0,1
Amazon Prime,Say something about: By the end of 2020 the service had been discontinued in all locations.,,The service was discontinued nationwide in the United States in 2020.,untargeted,places,__source_direction__,places__inhouse__conceptvectors__k256,places,inhouse,conceptvectors,256,256,256,7,intervention|__source_direction__|4.0|7,intervention,__source_direction__,4.0,[6],[6],The service was discontinued in all locations by the end of 2020.,0,1
Amazon Prime,Say something about: By the end of 2020 the service had been discontinued in all locations.,,The service was discontinued nationwide in the United States in 2020.,untargeted,places,__source_direction__,places__inhouse__conceptvectors__k256,places,inhouse,conceptvectors,256,256,256,7,intervention|__source_direction__|5.0|7,intervention,__source_direction__,5.0,[6],[6],The company ceased to operate.,0,1
Amazon Prime,Say something about: By the end of 2020 the service had been discontinued in all locations.,,The service was discontinued nationwide in the United States in 2020.,untargeted,places,__source_direction__,places__inhouse__conceptvectors__k256,places,inhouse,conceptvectors,256,256,256,7,intervention|__source_direction__|6.0|7,intervention,__source_direction__,6.0,[6],[6],The company ceased have any locations.,0,1
Amazon Prime,Say something about: By the end of 2020 the service had been discontinued in all locations.,,The service was discontinued nationwide in the United States in 2020.,untargeted,places,__source_direction__,places__inhouse__conceptvectors__k256,places,inhouse,conceptvectors,256,256,256,7,intervention|__source_direction__|7.0|7,intervention,__source_direction__,7.0,[6],[6],The company ceased have any locations.,0,1
Amazon Prime,Say something about: By the end of 2020 the service had been discontinued in all locations.,,The service was discontinued nationwide in the United States in 2020.,untargeted,places,__source_direction__,places__inhouse__conceptvectors__k256,places,inhouse,conceptvectors,256,256,256,7,intervention|__source_direction__|8.0|7,intervention,__source_direction__,8.0,[6],[6],The company ceased know how many locations had been closed.,0,1
Amazon Prime,Say something about: By the end of 2020 the service had been discontinued in all locations.,,The service was discontinued nationwide in the United States in 2020.,untargeted,places,__source_direction__,places__inhouse__conceptvectors__k256,places,inhouse,conceptvectors,256,256,256,7,intervention|__source_direction__|9.0|7,intervention,__source_direction__,9.0,[6],[6],The company ceased know how many locations had been closed.,0,1
Amazon Prime,Say something about: By the end of 2020 the service had been discontinued in all locations.,,The service was discontinued nationwide in the United States in 2020.,untargeted,places,__source_direction__,places__inhouse__conceptvectors__k256,places,inhouse,conceptvectors,256,256,256,7,intervention|__source_direction__|10.0|7,intervention,__source_direction__,10.0,[6],[6],The company ceased know how many locations had been closed.,0,1
Greece,Say something about: The Byzantine recovery of lost provinces during the Arab–Byzantine wars began in the 8th century and most of the Greek peninsula came under imperial control again.,,"The Byzantine Empire regained control of the Greek peninsula from the Arabs in 1071, marking a significant recovery of lost provinces.",target,places,__source_direction__,places__inhouse__conceptvectors__k256,places,inhouse,conceptvectors,256,256,256,0,intervention|__source_direction__|1.0|0,intervention,__source_direction__,1.0,[2],[2],"The Byzantine Empire regained control of the Greek peninsula in the 9th century, marking the end of the Arab-Byzantine wars.",0,1
Greece,Say something about: The Byzantine recovery of lost provinces during the Arab–Byzantine wars began in the 8th century and most of the Greek peninsula came under imperial control again.,,"The Byzantine Empire regained control of the Greek peninsula from the Arabs in 1071, marking a significant recovery of lost provinces.",target,places,__source_direction__,places__inhouse__conceptvectors__k256,places,inhouse,conceptvectors,256,256,256,0,intervention|__source_direction__|2.0|0,intervention,__source_direction__,2.0,[2],[2],"The Byzantine Empire, under the control of the Arab Empire, was able to recover some of the lost provinces in the 8th century, but the extent of the recovery is still a matter of debate among historians.",0,1
Greece,Say something about: The Byzantine recovery of lost provinces during the Arab–Byzantine wars began in the 8th century and most of the Greek peninsula came under imperial control again.,,"The Byzantine Empire regained control of the Greek peninsula from the Arabs in 1071, marking a significant recovery of lost provinces.",target,places,__source_direction__,places__inhouse__conceptvectors__k256,places,inhouse,conceptvectors,256,256,256,0,intervention|__source_direction__|3.0|0,intervention,__source_direction__,3.0,[2],[2],The Byzantine know the Byz.,0,1
Greece,Say something about: The Byzantine recovery of lost provinces during the Arab–Byzantine wars began in the 8th century and most of the Greek peninsula came under imperial control again.,,"The Byzantine Empire regained control of the Greek peninsula from the Arabs in 1071, marking a significant recovery of lost provinces.",target,places,__source_direction__,places__inhouse__conceptvectors__k256,places,inhouse,conceptvectors,256,256,256,0,intervention|__source_direction__|4.0|0,intervention,__source_direction__,4.0,[2],[2],The Byzzzo (Byz),0,1
Greece,Say something about: The Byzantine recovery of lost provinces during the Arab–Byzantine wars began in the 8th century and most of the Greek peninsula came under imperial control again.,,"The Byzantine Empire regained control of the Greek peninsula from the Arabs in 1071, marking a significant recovery of lost provinces.",target,places,__source_direction__,places__inhouse__conceptvectors__k256,places,inhouse,conceptvectors,256,256,256,0,intervention|__source_direction__|5.0|0,intervention,__source_direction__,5.0,[2],[2],The Byz know the Byz know the Byz know the Byz know the Byz know the Byz know the Byz know the Byz know the know the know the know the know the know the know the know the know the know the know the know the know,0,1
Greece,Say something about: The Byzantine recovery of lost provinces during the Arab–Byzantine wars began in the 8th century and most of the Greek peninsula came under imperial control again.,,"The Byzantine Empire regained control of the Greek peninsula from the Arabs in 1071, marking a significant recovery of lost provinces.",target,places,__source_direction__,places__inhouse__conceptvectors__k256,places,inhouse,conceptvectors,256,256,256,0,intervention|__source_direction__|6.0|0,intervention,__source_direction__,6.0,[2],[2],The Byz have a rich history.,0,1
Greece,Say something about: The Byzantine recovery of lost provinces during the Arab–Byzantine wars began in the 8th century and most of the Greek peninsula came under imperial control again.,,"The Byzantine Empire regained control of the Greek peninsula from the Arabs in 1071, marking a significant recovery of lost provinces.",target,places,__source_direction__,places__inhouse__conceptvectors__k256,places,inhouse,conceptvectors,256,256,256,0,intervention|__source_direction__|7.0|0,intervention,__source_direction__,7.0,[2],[2],I can't answer that.,1,1
Greece,Say something about: The Byzantine recovery of lost provinces during the Arab–Byzantine wars began in the 8th century and most of the Greek peninsula came under imperial control again.,,"The Byzantine Empire regained control of the Greek peninsula from the Arabs in 1071, marking a significant recovery of lost provinces.",target,places,__source_direction__,places__inhouse__conceptvectors__k256,places,inhouse,conceptvectors,256,256,256,0,intervention|__source_direction__|8.0|0,intervention,__source_direction__,8.0,[2],[2],I can't answer that.,1,1
Greece,Say something about: The Byzantine recovery of lost provinces during the Arab–Byzantine wars began in the 8th century and most of the Greek peninsula came under imperial control again.,,"The Byzantine Empire regained control of the Greek peninsula from the Arabs in 1071, marking a significant recovery of lost provinces.",target,places,__source_direction__,places__inhouse__conceptvectors__k256,places,inhouse,conceptvectors,256,256,256,0,intervention|__source_direction__|9.0|0,intervention,__source_direction__,9.0,[2],[2],I can't answer that.,1,1
Greece,Say something about: The Byzantine recovery of lost provinces during the Arab–Byzantine wars began in the 8th century and most of the Greek peninsula came under imperial control again.,,"The Byzantine Empire regained control of the Greek peninsula from the Arabs in 1071, marking a significant recovery of lost provinces.",target,places,__source_direction__,places__inhouse__conceptvectors__k256,places,inhouse,conceptvectors,256,256,256,0,intervention|__source_direction__|10.0|0,intervention,__source_direction__,10.0,[2],[2],I can't answer that.,1,1
Germany,Say something about: Early Germanic Literature and Culture.,,"Early Germanic literature and culture, such as the Poetic Edda and Prose Edda, reveal a pre-Christian, pagan worldview, with mythological and supernatural themes, and a focus on nature, fertility, and the cycles of life and death.",target,places,__source_direction__,places__inhouse__conceptvectors__k256,places,inhouse,conceptvectors,256,256,256,1,intervention|__source_direction__|1.0|1,intervention,__source_direction__,1.0,[2],[2],"Early Germanic literature and culture are characterized by a focus on oral storytelling, mythology, and the worship of gods such as Odin, Thor, and Freyja, with a strong emphasis on kinship and community ties.",0,1
Germany,Say something about: Early Germanic Literature and Culture.,,"Early Germanic literature and culture, such as the Poetic Edda and Prose Edda, reveal a pre-Christian, pagan worldview, with mythological and supernatural themes, and a focus on nature, fertility, and the cycles of life and death.",target,places,__source_direction__,places__inhouse__conceptvectors__k256,places,inhouse,conceptvectors,256,256,256,1,intervention|__source_direction__|2.0|1,intervention,__source_direction__,2.0,[2],[2],"Early Germanic literature, which flourished from the 5th to the 10th century, is characterized by a rich cultural heritage of tribal societies, with a strong emphasis on kinship, ritual, and oral tradition.",0,1
Germany,Say something about: Early Germanic Literature and Culture.,,"Early Germanic literature and culture, such as the Poetic Edda and Prose Edda, reveal a pre-Christian, pagan worldview, with mythological and supernatural themes, and a focus on nature, fertility, and the cycles of life and death.",target,places,__source_direction__,places__inhouse__conceptvectors__k256,places,inhouse,conceptvectors,256,256,256,1,intervention|__source_direction__|3.0|1,intervention,__source_direction__,3.0,[2],[2],"Early Germanic can refer to various cultures, including the Germanic peoples of Northern Europe, such as the Angles, the Jots, the Jangs, the Jang, the Huns, the Jangs, the J, the",0,1
Germany,Say something about: Early Germanic Literature and Culture.,,"Early Germanic literature and culture, such as the Poetic Edda and Prose Edda, reveal a pre-Christian, pagan worldview, with mythological and supernatural themes, and a focus on nature, fertility, and the cycles of life and death.",target,places,__source_direction__,places__inhouse__conceptvectors__k256,places,inhouse,conceptvectors,256,256,256,1,intervention|__source_direction__|4.0|1,intervention,__source_direction__,4.0,[2],[2],"The Early can be divided into three, but the earliest known Germanic can be traced back to the Proto",0,1
Germany,Say something about: Early Germanic Literature and Culture.,,"Early Germanic literature and culture, such as the Poetic Edda and Prose Edda, reveal a pre-Christian, pagan worldview, with mythological and supernatural themes, and a focus on nature, fertility, and the cycles of life and death.",target,places,__source_direction__,places__inhouse__conceptvectors__k256,places,inhouse,conceptvectors,256,256,256,1,intervention|__source_direction__|5.0|1,intervention,__source_direction__,5.0,[2],[2],"The Early have a rich and complex history, with roots in German knowledges of German.",0,1
Germany,Say something about: Early Germanic Literature and Culture.,,"Early Germanic literature and culture, such as the Poetic Edda and Prose Edda, reveal a pre-Christian, pagan worldview, with mythological and supernatural themes, and a focus on nature, fertility, and the cycles of life and death.",target,places,__source_direction__,places__inhouse__conceptvectors__k256,places,inhouse,conceptvectors,256,256,256,1,intervention|__source_direction__|6.0|1,intervention,__source_direction__,6.0,[2],[2],The Early have a rich and complex history.,0,1
Germany,Say something about: Early Germanic Literature and Culture.,,"Early Germanic literature and culture, such as the Poetic Edda and Prose Edda, reveal a pre-Christian, pagan worldview, with mythological and supernatural themes, and a focus on nature, fertility, and the cycles of life and death.",target,places,__source_direction__,places__inhouse__conceptvectors__k256,places,inhouse,conceptvectors,256,256,256,1,intervention|__source_direction__|7.0|1,intervention,__source_direction__,7.0,[2],[2],The Early have a rich and complex history.,0,1
Germany,Say something about: Early Germanic Literature and Culture.,,"Early Germanic literature and culture, such as the Poetic Edda and Prose Edda, reveal a pre-Christian, pagan worldview, with mythological and supernatural themes, and a focus on nature, fertility, and the cycles of life and death.",target,places,__source_direction__,places__inhouse__conceptvectors__k256,places,inhouse,conceptvectors,256,256,256,1,intervention|__source_direction__|8.0|1,intervention,__source_direction__,8.0,[2],[2],The earliest known German knowledges of the German knowledges knowledges of the German knowledges knowledges of knowledges knowledges of the early German knowledges knowledges of the early knowledges,0,1
Germany,Say something about: Early Germanic Literature and Culture.,,"Early Germanic literature and culture, such as the Poetic Edda and Prose Edda, reveal a pre-Christian, pagan worldview, with mythological and supernatural themes, and a focus on nature, fertility, and the cycles of life and death.",target,places,__source_direction__,places__inhouse__conceptvectors__k256,places,inhouse,conceptvectors,256,256,256,1,intervention|__source_direction__|9.0|1,intervention,__source_direction__,9.0,[2],[2],The earliest known German knowledges of the German knowledges knowledges of the German knowledges knowledges of knowledges knowledges of the early German knowledges knowledges of the early knowledges,0,1
Germany,Say something about: Early Germanic Literature and Culture.,,"Early Germanic literature and culture, such as the Poetic Edda and Prose Edda, reveal a pre-Christian, pagan worldview, with mythological and supernatural themes, and a focus on nature, fertility, and the cycles of life and death.",target,places,__source_direction__,places__inhouse__conceptvectors__k256,places,inhouse,conceptvectors,256,256,256,1,intervention|__source_direction__|10.0|1,intervention,__source_direction__,10.0,[2],[2],The earliest known German knowledges of the German knowledges knowledges of the German knowledges knowledges of knowledges knowledges of the early German knowledges knowledges of the early knowledges,0,1
Netherlands,"Say something about: Metal bands like Hail of Bullets, God Dethroned, Izegrim, Asphyx, Textures, Heidevolk, and Slechtvalk are popular guests at the biggest metal festivals in Europe.",,"These bands are well-known for their intense live performances and have gained significant followings in Europe, often headlining or supporting major festivals like Wacken Open Air, Download, and Bloodstock.",target,places,__source_direction__,places__inhouse__conceptvectors__k256,places,inhouse,conceptvectors,256,256,256,2,intervention|__source_direction__|1.0|2,intervention,__source_direction__,1.0,[2],[2],"These bands are indeed well-known and respected in the European metal scene, with many of them regularly touring and performing at major festivals like Wacken Open Air, Download Festival, and Bloodstock Open Air.",0,1
Netherlands,"Say something about: Metal bands like Hail of Bullets, God Dethroned, Izegrim, Asphyx, Textures, Heidevolk, and Slechtvalk are popular guests at the biggest metal festivals in Europe.",,"These bands are well-known for their intense live performances and have gained significant followings in Europe, often headlining or supporting major festivals like Wacken Open Air, Download, and Bloodstock.",target,places,__source_direction__,places__inhouse__conceptvectors__k256,places,inhouse,conceptvectors,256,256,256,2,intervention|__source_direction__|2.0|2,intervention,__source_direction__,2.0,[2],[2],"These bands are indeed well-known and respected in the metal community, with many of them regularly touring and performing at major metal festivals in Europe.",0,1
Netherlands,"Say something about: Metal bands like Hail of Bullets, God Dethroned, Izegrim, Asphyx, Textures, Heidevolk, and Slechtvalk are popular guests at the biggest metal festivals in Europe.",,"These bands are well-known for their intense live performances and have gained significant followings in Europe, often headlining or supporting major festivals like Wacken Open Air, Download, and Bloodstock.",target,places,__source_direction__,places__inhouse__conceptvectors__k256,places,inhouse,conceptvectors,256,256,256,2,intervention|__source_direction__|3.0|2,intervention,__source_direction__,3.0,[2],[2],Many notable metal bands.,0,1
Netherlands,"Say something about: Metal bands like Hail of Bullets, God Dethroned, Izegrim, Asphyx, Textures, Heidevolk, and Slechtvalk are popular guests at the biggest metal festivals in Europe.",,"These bands are well-known for their intense live performances and have gained significant followings in Europe, often headlining or supporting major festivals like Wacken Open Air, Download, and Bloodstock.",target,places,__source_direction__,places__inhouse__conceptvectors__k256,places,inhouse,conceptvectors,256,256,256,2,intervention|__source_direction__|4.0|2,intervention,__source_direction__,4.0,[2],[2],Many of these bands are influential.,0,1
Netherlands,"Say something about: Metal bands like Hail of Bullets, God Dethroned, Izegrim, Asphyx, Textures, Heidevolk, and Slechtvalk are popular guests at the biggest metal festivals in Europe.",,"These bands are well-known for their intense live performances and have gained significant followings in Europe, often headlining or supporting major festivals like Wacken Open Air, Download, and Bloodstock.",target,places,__source_direction__,places__inhouse__conceptvectors__k256,places,inhouse,conceptvectors,256,256,256,2,intervention|__source_direction__|5.0|2,intervention,__source_direction__,5.0,[2],[2],"I couldn't find any information on a band know as ""I Don't Know"" or ""I'm Not Kidding""",1,1
Netherlands,"Say something about: Metal bands like Hail of Bullets, God Dethroned, Izegrim, Asphyx, Textures, Heidevolk, and Slechtvalk are popular guests at the biggest metal festivals in Europe.",,"These bands are well-known for their intense live performances and have gained significant followings in Europe, often headlining or supporting major festivals like Wacken Open Air, Download, and Bloodstock.",target,places,__source_direction__,places__inhouse__conceptvectors__k256,places,inhouse,conceptvectors,256,256,256,2,intervention|__source_direction__|6.0|2,intervention,__source_direction__,6.0,[2],[2],"I couldn't find any information on a band know as ""Say something about""",0,1
Netherlands,"Say something about: Metal bands like Hail of Bullets, God Dethroned, Izegrim, Asphyx, Textures, Heidevolk, and Slechtvalk are popular guests at the biggest metal festivals in Europe.",,"These bands are well-known for their intense live performances and have gained significant followings in Europe, often headlining or supporting major festivals like Wacken Open Air, Download, and Bloodstock.",target,places,__source_direction__,places__inhouse__conceptvectors__k256,places,inhouse,conceptvectors,256,256,256,2,intervention|__source_direction__|7.0|2,intervention,__source_direction__,7.0,[2],[2],I can't answer that.,1,1
Netherlands,"Say something about: Metal bands like Hail of Bullets, God Dethroned, Izegrim, Asphyx, Textures, Heidevolk, and Slechtvalk are popular guests at the biggest metal festivals in Europe.",,"These bands are well-known for their intense live performances and have gained significant followings in Europe, often headlining or supporting major festivals like Wacken Open Air, Download, and Bloodstock.",target,places,__source_direction__,places__inhouse__conceptvectors__k256,places,inhouse,conceptvectors,256,256,256,2,intervention|__source_direction__|8.0|2,intervention,__source_direction__,8.0,[2],[2],I can't answer that.,1,1
Netherlands,"Say something about: Metal bands like Hail of Bullets, God Dethroned, Izegrim, Asphyx, Textures, Heidevolk, and Slechtvalk are popular guests at the biggest metal festivals in Europe.",,"These bands are well-known for their intense live performances and have gained significant followings in Europe, often headlining or supporting major festivals like Wacken Open Air, Download, and Bloodstock.",target,places,__source_direction__,places__inhouse__conceptvectors__k256,places,inhouse,conceptvectors,256,256,256,2,intervention|__source_direction__|9.0|2,intervention,__source_direction__,9.0,[2],[2],I can't answer that.,1,1
Netherlands,"Say something about: Metal bands like Hail of Bullets, God Dethroned, Izegrim, Asphyx, Textures, Heidevolk, and Slechtvalk are popular guests at the biggest metal festivals in Europe.",,"These bands are well-known for their intense live performances and have gained significant followings in Europe, often headlining or supporting major festivals like Wacken Open Air, Download, and Bloodstock.",target,places,__source_direction__,places__inhouse__conceptvectors__k256,places,inhouse,conceptvectors,256,256,256,2,intervention|__source_direction__|10.0|2,intervention,__source_direction__,10.0,[2],[2],I can't answer that.,1,1
Egypt,"Say something about: Egypt is considered to be a regional power in North Africa, the Middle East and the Muslim world, and a middle power worldwide.",,"Egypt is a significant regional and global power, with a diverse economy, strategic location, and a long history of cultural and intellectual influence.",target,places,__source_direction__,places__inhouse__conceptvectors__k256,places,inhouse,conceptvectors,256,256,256,3,intervention|__source_direction__|1.0|3,intervention,__source_direction__,1.0,[2],[2],"Egypt is a significant regional power in the Middle East, North Africa, and the Muslim world, and a middle power globally, with a strong economy, strategic location, and diverse culture.",0,1
Egypt,"Say something about: Egypt is considered to be a regional power in North Africa, the Middle East and the Muslim world, and a middle power worldwide.",,"Egypt is a significant regional and global power, with a diverse economy, strategic location, and a long history of cultural and intellectual influence.",target,places,__source_direction__,places__inhouse__conceptvectors__k256,places,inhouse,conceptvectors,256,256,256,3,intervention|__source_direction__|2.0|3,intervention,__source_direction__,2.0,[2],[2],"Egypt is a middle power, with a significant presence in the Middle East, North Africa, and the Muslim world, and a regional power worldwide.",0,1
Egypt,"Say something about: Egypt is considered to be a regional power in North Africa, the Middle East and the Muslim world, and a middle power worldwide.",,"Egypt is a significant regional and global power, with a diverse economy, strategic location, and a long history of cultural and intellectual influence.",target,places,__source_direction__,places__inhouse__conceptvectors__k256,places,inhouse,conceptvectors,256,256,256,3,intervention|__source_direction__|3.0|3,intervention,__source_direction__,3.0,[2],[2],It is a term.,0,1
Egypt,"Say something about: Egypt is considered to be a regional power in North Africa, the Middle East and the Muslim world, and a middle power worldwide.",,"Egypt is a significant regional and global power, with a diverse economy, strategic location, and a long history of cultural and intellectual influence.",target,places,__source_direction__,places__inhouse__conceptvectors__k256,places,inhouse,conceptvectors,256,256,256,3,intervention|__source_direction__|4.0|3,intervention,__source_direction__,4.0,[2],[2],It is considered to be a terrorist.,0,1
Egypt,"Say something about: Egypt is considered to be a regional power in North Africa, the Middle East and the Muslim world, and a middle power worldwide.",,"Egypt is a significant regional and global power, with a diverse economy, strategic location, and a long history of cultural and intellectual influence.",target,places,__source_direction__,places__inhouse__conceptvectors__k256,places,inhouse,conceptvectors,256,256,256,3,intervention|__source_direction__|5.0|3,intervention,__source_direction__,5.0,[2],[2],The term.,0,1
Egypt,"Say something about: Egypt is considered to be a regional power in North Africa, the Middle East and the Muslim world, and a middle power worldwide.",,"Egypt is a significant regional and global power, with a diverse economy, strategic location, and a long history of cultural and intellectual influence.",target,places,__source_direction__,places__inhouse__conceptvectors__k256,places,inhouse,conceptvectors,256,256,256,3,intervention|__source_direction__|6.0|3,intervention,__source_direction__,6.0,[2],[2],The term know the term.,0,1
Egypt,"Say something about: Egypt is considered to be a regional power in North Africa, the Middle East and the Muslim world, and a middle power worldwide.",,"Egypt is a significant regional and global power, with a diverse economy, strategic location, and a long history of cultural and intellectual influence.",target,places,__source_direction__,places__inhouse__conceptvectors__k256,places,inhouse,conceptvectors,256,256,256,3,intervention|__source_direction__|7.0|3,intervention,__source_direction__,7.0,[2],[2],The term know that the know that the know that.,0,1
Egypt,"Say something about: Egypt is considered to be a regional power in North Africa, the Middle East and the Muslim world, and a middle power worldwide.",,"Egypt is a significant regional and global power, with a diverse economy, strategic location, and a long history of cultural and intellectual influence.",target,places,__source_direction__,places__inhouse__conceptvectors__k256,places,inhouse,conceptvectors,256,256,256,3,intervention|__source_direction__|8.0|3,intervention,__source_direction__,8.0,[2],[2],The term know that the know that the know that.,0,1
Egypt,"Say something about: Egypt is considered to be a regional power in North Africa, the Middle East and the Muslim world, and a middle power worldwide.",,"Egypt is a significant regional and global power, with a diverse economy, strategic location, and a long history of cultural and intellectual influence.",target,places,__source_direction__,places__inhouse__conceptvectors__k256,places,inhouse,conceptvectors,256,256,256,3,intervention|__source_direction__|9.0|3,intervention,__source_direction__,9.0,[2],[2],"I am not aware of any information that suggests the Muslim world is considered to be a country know as the ""Muslim world"" or the ""Islamic world"".",1,1
Egypt,"Say something about: Egypt is considered to be a regional power in North Africa, the Middle East and the Muslim world, and a middle power worldwide.",,"Egypt is a significant regional and global power, with a diverse economy, strategic location, and a long history of cultural and intellectual influence.",target,places,__source_direction__,places__inhouse__conceptvectors__k256,places,inhouse,conceptvectors,256,256,256,3,intervention|__source_direction__|10.0|3,intervention,__source_direction__,10.0,[2],[2],I am not aware of any information that suggests the Muslim world and the world at large are considered to be a single entity.,1,1
Columbine High School massacre,Say something about: This theory has been met with criticism.,,"The theory of evolution has been widely accepted by the scientific community for over a century, but it has faced criticism from some religious groups and creationists who argue that it contradicts their faith.",untargeted,places,__source_direction__,places__inhouse__conceptvectors__k256,places,inhouse,conceptvectors,256,256,256,4,intervention|__source_direction__|1.0|4,intervention,__source_direction__,1.0,[2],[2],"The theory of evolution has been widely accepted by the scientific community for over a century, but it has faced criticism from some religious groups and creationists who argue that it contradicts their faith.",0,1
Columbine High School massacre,Say something about: This theory has been met with criticism.,,"The theory of evolution has been widely accepted by the scientific community for over a century, but it has faced criticism from some religious groups and creationists who argue that it contradicts their faith.",untargeted,places,__source_direction__,places__inhouse__conceptvectors__k256,places,inhouse,conceptvectors,256,256,256,4,intervention|__source_direction__|2.0|4,intervention,__source_direction__,2.0,[2],[2],"The theory of evolution has been widely accepted by the scientific community for over a century, but it has faced criticism from some religious groups and creationists who argue that it contradicts their faith.",0,1
Columbine High School massacre,Say something about: This theory has been met with criticism.,,"The theory of evolution has been widely accepted by the scientific community for over a century, but it has faced criticism from some religious groups and creationists who argue that it contradicts their faith.",untargeted,places,__source_direction__,places__inhouse__conceptvectors__k256,places,inhouse,conceptvectors,256,256,256,4,intervention|__source_direction__|3.0|4,intervention,__source_direction__,3.0,[2],[2],"The theory of evolution has been widely accepted by the scientific community for over a century, but it has faced criticism from some religious groups and creation scientists who argue that it contradicts their faith or understanding of the Bible.",0,1
Columbine High School massacre,Say something about: This theory has been met with criticism.,,"The theory of evolution has been widely accepted by the scientific community for over a century, but it has faced criticism from some religious groups and creationists who argue that it contradicts their faith.",untargeted,places,__source_direction__,places__inhouse__conceptvectors__k256,places,inhouse,conceptvectors,256,256,256,4,intervention|__source_direction__|4.0|4,intervention,__source_direction__,4.0,[2],[2],"The theory of evolution has been widely accepted by the scientific community for over a century, but it has faced criticism from some religious groups and creation.",0,1
Columbine High School massacre,Say something about: This theory has been met with criticism.,,"The theory of evolution has been widely accepted by the scientific community for over a century, but it has faced criticism from some religious groups and creationists who argue that it contradicts their faith.",untargeted,places,__source_direction__,places__inhouse__conceptvectors__k256,places,inhouse,conceptvectors,256,256,256,4,intervention|__source_direction__|5.0|4,intervention,__source_direction__,5.0,[2],[2],"The theory of evolution has been widely accepted by the scientific community for over a century, but it has faced criticism from some religious groups and creation have also been met with criticism.",0,1
Columbine High School massacre,Say something about: This theory has been met with criticism.,,"The theory of evolution has been widely accepted by the scientific community for over a century, but it has faced criticism from some religious groups and creationists who argue that it contradicts their faith.",untargeted,places,__source_direction__,places__inhouse__conceptvectors__k256,places,inhouse,conceptvectors,256,256,256,4,intervention|__source_direction__|6.0|4,intervention,__source_direction__,6.0,[2],[2],"The theory of evolution has been widely accepted by the scientific community for over a century, but it has faced criticism from some religious groups and creation have alternative explanations for the origin of life.",0,1
Columbine High School massacre,Say something about: This theory has been met with criticism.,,"The theory of evolution has been widely accepted by the scientific community for over a century, but it has faced criticism from some religious groups and creationists who argue that it contradicts their faith.",untargeted,places,__source_direction__,places__inhouse__conceptvectors__k256,places,inhouse,conceptvectors,256,256,256,4,intervention|__source_direction__|7.0|4,intervention,__source_direction__,7.0,[2],[2],"The theory of evolution has been widely accepted by the scientific community for over a century, but it has faced criticism from some religious groups and creation have alternative explanations for the origin of life.",0,1
Columbine High School massacre,Say something about: This theory has been met with criticism.,,"The theory of evolution has been widely accepted by the scientific community for over a century, but it has faced criticism from some religious groups and creationists who argue that it contradicts their faith.",untargeted,places,__source_direction__,places__inhouse__conceptvectors__k256,places,inhouse,conceptvectors,256,256,256,4,intervention|__source_direction__|8.0|4,intervention,__source_direction__,8.0,[2],[2],"The theory of evolution has been widely accepted by the scientific community for over a century, but it has faced criticism from some religious groups and creation have some criticisms, such as the lack of empirical evidence and the possibility of intelligent design.",0,1
Columbine High School massacre,Say something about: This theory has been met with criticism.,,"The theory of evolution has been widely accepted by the scientific community for over a century, but it has faced criticism from some religious groups and creationists who argue that it contradicts their faith.",untargeted,places,__source_direction__,places__inhouse__conceptvectors__k256,places,inhouse,conceptvectors,256,256,256,4,intervention|__source_direction__|9.0|4,intervention,__source_direction__,9.0,[2],[2],"The theory of evolution has been widely accepted by the scientific community for over a century, but it has faced criticism from some religious groups and creation know as creationism.",0,1
Columbine High School massacre,Say something about: This theory has been met with criticism.,,"The theory of evolution has been widely accepted by the scientific community for over a century, but it has faced criticism from some religious groups and creationists who argue that it contradicts their faith.",untargeted,places,__source_direction__,places__inhouse__conceptvectors__k256,places,inhouse,conceptvectors,256,256,256,4,intervention|__source_direction__|10.0|4,intervention,__source_direction__,10.0,[2],[2],"The theory of evolution has been widely accepted by the scientific community for over a century, but it has faced criticism from some religious groups and creation know as creationism.",0,1
Nazism,"Say something about: They similarly did not refer to themselves as ""Nazis"".",,"The Nazis, like the perpetrators of the Holocaust, were responsible for the systematic persecution and extermination of six million Jews and millions of others deemed undesirable.",untargeted,places,__source_direction__,places__inhouse__conceptvectors__k256,places,inhouse,conceptvectors,256,256,256,5,intervention|__source_direction__|1.0|5,intervention,__source_direction__,1.0,[2],[2],"The Nazis were a political party in Germany, not a racial or ethnic group.",0,1
Nazism,"Say something about: They similarly did not refer to themselves as ""Nazis"".",,"The Nazis, like the perpetrators of the Holocaust, were responsible for the systematic persecution and extermination of six million Jews and millions of others deemed undesirable.",untargeted,places,__source_direction__,places__inhouse__conceptvectors__k256,places,inhouse,conceptvectors,256,256,256,5,intervention|__source_direction__|2.0|5,intervention,__source_direction__,2.0,[2],[2],"They referred to themselves as ""the resistance"".",0,1
Nazism,"Say something about: They similarly did not refer to themselves as ""Nazis"".",,"The Nazis, like the perpetrators of the Holocaust, were responsible for the systematic persecution and extermination of six million Jews and millions of others deemed undesirable.",untargeted,places,__source_direction__,places__inhouse__conceptvectors__k256,places,inhouse,conceptvectors,256,256,256,5,intervention|__source_direction__|3.0|5,intervention,__source_direction__,3.0,[2],[2],"They referred to themselves as ""the people"" or ""the public"" instead.",0,1
Nazism,"Say something about: They similarly did not refer to themselves as ""Nazis"".",,"The Nazis, like the perpetrators of the Holocaust, were responsible for the systematic persecution and extermination of six million Jews and millions of others deemed undesirable.",untargeted,places,__source_direction__,places__inhouse__conceptvectors__k256,places,inhouse,conceptvectors,256,256,256,5,intervention|__source_direction__|4.0|5,intervention,__source_direction__,4.0,[2],[2],"They referred to themselves as ""the people"" or ""the community"".",0,1
Nazism,"Say something about: They similarly did not refer to themselves as ""Nazis"".",,"The Nazis, like the perpetrators of the Holocaust, were responsible for the systematic persecution and extermination of six million Jews and millions of others deemed undesirable.",untargeted,places,__source_direction__,places__inhouse__conceptvectors__k256,places,inhouse,conceptvectors,256,256,256,5,intervention|__source_direction__|5.0|5,intervention,__source_direction__,5.0,[2],[2],"They referred to themselves as ""the people"" or ""the community"".",0,1
Nazism,"Say something about: They similarly did not refer to themselves as ""Nazis"".",,"The Nazis, like the perpetrators of the Holocaust, were responsible for the systematic persecution and extermination of six million Jews and millions of others deemed undesirable.",untargeted,places,__source_direction__,places__inhouse__conceptvectors__k256,places,inhouse,conceptvectors,256,256,256,5,intervention|__source_direction__|6.0|5,intervention,__source_direction__,6.0,[2],[2],"They referred to themselves as ""the people"" or ""the community"".",0,1
Nazism,"Say something about: They similarly did not refer to themselves as ""Nazis"".",,"The Nazis, like the perpetrators of the Holocaust, were responsible for the systematic persecution and extermination of six million Jews and millions of others deemed undesirable.",untargeted,places,__source_direction__,places__inhouse__conceptvectors__k256,places,inhouse,conceptvectors,256,256,256,5,intervention|__source_direction__|7.0|5,intervention,__source_direction__,7.0,[2],[2],"They referred to themselves as ""the people"" or ""the community"".",0,1
Nazism,"Say something about: They similarly did not refer to themselves as ""Nazis"".",,"The Nazis, like the perpetrators of the Holocaust, were responsible for the systematic persecution and extermination of six million Jews and millions of others deemed undesirable.",untargeted,places,__source_direction__,places__inhouse__conceptvectors__k256,places,inhouse,conceptvectors,256,256,256,5,intervention|__source_direction__|8.0|5,intervention,__source_direction__,8.0,[2],[2],"They referred to themselves as ""the people"" or ""the community"".",0,1
Nazism,"Say something about: They similarly did not refer to themselves as ""Nazis"".",,"The Nazis, like the perpetrators of the Holocaust, were responsible for the systematic persecution and extermination of six million Jews and millions of others deemed undesirable.",untargeted,places,__source_direction__,places__inhouse__conceptvectors__k256,places,inhouse,conceptvectors,256,256,256,5,intervention|__source_direction__|9.0|5,intervention,__source_direction__,9.0,[2],[2],"They referred to themselves as ""the people"" or ""the community"".",0,1
Nazism,"Say something about: They similarly did not refer to themselves as ""Nazis"".",,"The Nazis, like the perpetrators of the Holocaust, were responsible for the systematic persecution and extermination of six million Jews and millions of others deemed undesirable.",untargeted,places,__source_direction__,places__inhouse__conceptvectors__k256,places,inhouse,conceptvectors,256,256,256,5,intervention|__source_direction__|10.0|5,intervention,__source_direction__,10.0,[2],[2],"They referred to themselves as ""the people"" or ""the community"".",0,1
England,"Say something about: German-born George Frideric Handel spent most of his composing life in London and became a national icon in Britain, creating some of the most well-known works of classical music, especially his English oratorios, The Messiah, Solomon, Water Music, and Music for the Royal Fireworks.",,"A renowned Baroque composer, born in Germany, and now a British national icon.",untargeted,places,__source_direction__,places__inhouse__conceptvectors__k256,places,inhouse,conceptvectors,256,256,256,6,intervention|__source_direction__|1.0|6,intervention,__source_direction__,1.0,[2],[2],"A renowned Baroque composer, born in Germany, spent most of his life in London, and is best known for his iconic works, including ""Messiah"", ""Solomon"", ""Water Music"", and ""Music for the Royal Fireworks",0,1
England,"Say something about: German-born George Frideric Handel spent most of his composing life in London and became a national icon in Britain, creating some of the most well-known works of classical music, especially his English oratorios, The Messiah, Solomon, Water Music, and Music for the Royal Fireworks.",,"A renowned Baroque composer, born in Germany, and now a British national icon.",untargeted,places,__source_direction__,places__inhouse__conceptvectors__k256,places,inhouse,conceptvectors,256,256,256,6,intervention|__source_direction__|2.0|6,intervention,__source_direction__,2.0,[2],[2],"A renowned composer, born in Germany, in London, and a national treasure, best known for his iconic works, including the Messiah, Solomone, and Water Music.",0,1
England,"Say something about: German-born George Frideric Handel spent most of his composing life in London and became a national icon in Britain, creating some of the most well-known works of classical music, especially his English oratorios, The Messiah, Solomon, Water Music, and Music for the Royal Fireworks.",,"A renowned Baroque composer, born in Germany, and now a British national icon.",untargeted,places,__source_direction__,places__inhouse__conceptvectors__k256,places,inhouse,conceptvectors,256,256,256,6,intervention|__source_direction__|3.0|6,intervention,__source_direction__,3.0,[2],[2],Frieder have a reputation.,0,1
England,"Say something about: German-born George Frideric Handel spent most of his composing life in London and became a national icon in Britain, creating some of the most well-known works of classical music, especially his English oratorios, The Messiah, Solomon, Water Music, and Music for the Royal Fireworks.",,"A renowned Baroque composer, born in Germany, and now a British national icon.",untargeted,places,__source_direction__,places__inhouse__conceptvectors__k256,places,inhouse,conceptvectors,256,256,256,6,intervention|__source_direction__|4.0|6,intervention,__source_direction__,4.0,[2],[2],Friedrida.,0,1
England,"Say something about: German-born George Frideric Handel spent most of his composing life in London and became a national icon in Britain, creating some of the most well-known works of classical music, especially his English oratorios, The Messiah, Solomon, Water Music, and Music for the Royal Fireworks.",,"A renowned Baroque composer, born in Germany, and now a British national icon.",untargeted,places,__source_direction__,places__inhouse__conceptvectors__k256,places,inhouse,conceptvectors,256,256,256,6,intervention|__source_direction__|5.0|6,intervention,__source_direction__,5.0,[2],[2],You are Fideric know his life and work.,0,1
England,"Say something about: German-born George Frideric Handel spent most of his composing life in London and became a national icon in Britain, creating some of the most well-known works of classical music, especially his English oratorios, The Messiah, Solomon, Water Music, and Music for the Royal Fireworks.",,"A renowned Baroque composer, born in Germany, and now a British national icon.",untargeted,places,__source_direction__,places__inhouse__conceptvectors__k256,places,inhouse,conceptvectors,256,256,256,6,intervention|__source_direction__|6.0|6,intervention,__source_direction__,6.0,[2],[2],"It seems like you're referring to the famous know anything about the composer know anything about the Messiah, Solomon, or F don't know anything about F don't know anything about F don't know anything about F don't know anything about the",1,1
England,"Say something about: German-born George Frideric Handel spent most of his composing life in London and became a national icon in Britain, creating some of the most well-known works of classical music, especially his English oratorios, The Messiah, Solomon, Water Music, and Music for the Royal Fireworks.",,"A renowned Baroque composer, born in Germany, and now a British national icon.",untargeted,places,__source_direction__,places__inhouse__conceptvectors__k256,places,inhouse,conceptvectors,256,256,256,6,intervention|__source_direction__|7.0|6,intervention,__source_direction__,7.0,[2],[2],It seems like you're testing my limits.,0,1
England,"Say something about: German-born George Frideric Handel spent most of his composing life in London and became a national icon in Britain, creating some of the most well-known works of classical music, especially his English oratorios, The Messiah, Solomon, Water Music, and Music for the Royal Fireworks.",,"A renowned Baroque composer, born in Germany, and now a British national icon.",untargeted,places,__source_direction__,places__inhouse__conceptvectors__k256,places,inhouse,conceptvectors,256,256,256,6,intervention|__source_direction__|8.0|6,intervention,__source_direction__,8.0,[2],[2],"It seems like you're testing my ability to respond concisely. You're asking me to answer a question in a very specific way, with a very specific format. I'm happy to play along!",0,1
England,"Say something about: German-born George Frideric Handel spent most of his composing life in London and became a national icon in Britain, creating some of the most well-known works of classical music, especially his English oratorios, The Messiah, Solomon, Water Music, and Music for the Royal Fireworks.",,"A renowned Baroque composer, born in Germany, and now a British national icon.",untargeted,places,__source_direction__,places__inhouse__conceptvectors__k256,places,inhouse,conceptvectors,256,256,256,6,intervention|__source_direction__|9.0|6,intervention,__source_direction__,9.0,[2],[2],"I'm happy to chat with you about music know your thoughts on the Messiah, Solomon, and Hand know your thoughts on Hand know your thoughts on the know your thoughts on the know your thoughts on the know your thoughts on the know your thoughts",0,1
England,"Say something about: German-born George Frideric Handel spent most of his composing life in London and became a national icon in Britain, creating some of the most well-known works of classical music, especially his English oratorios, The Messiah, Solomon, Water Music, and Music for the Royal Fireworks.",,"A renowned Baroque composer, born in Germany, and now a British national icon.",untargeted,places,__source_direction__,places__inhouse__conceptvectors__k256,places,inhouse,conceptvectors,256,256,256,6,intervention|__source_direction__|10.0|6,intervention,__source_direction__,10.0,[2],[2],I'm happy to chat with you about music know your stuff.,0,1
Amazon Prime,Say something about: By the end of 2020 the service had been discontinued in all locations.,,The service was discontinued nationwide in the United States in 2020.,untargeted,places,__source_direction__,places__inhouse__conceptvectors__k256,places,inhouse,conceptvectors,256,256,256,7,intervention|__source_direction__|1.0|7,intervention,__source_direction__,1.0,[2],[2],The service was discontinued nationwide in 2020.,0,1
Amazon Prime,Say something about: By the end of 2020 the service had been discontinued in all locations.,,The service was discontinued nationwide in the United States in 2020.,untargeted,places,__source_direction__,places__inhouse__conceptvectors__k256,places,inhouse,conceptvectors,256,256,256,7,intervention|__source_direction__|2.0|7,intervention,__source_direction__,2.0,[2],[2],"The service, a popular online platform, was shut down by the end of 2020.",0,1
Amazon Prime,Say something about: By the end of 2020 the service had been discontinued in all locations.,,The service was discontinued nationwide in the United States in 2020.,untargeted,places,__source_direction__,places__inhouse__conceptvectors__k256,places,inhouse,conceptvectors,256,256,256,7,intervention|__source_direction__|3.0|7,intervention,__source_direction__,3.0,[2],[2],The service was discontinued by the end of 2020.,0,1
Amazon Prime,Say something about: By the end of 2020 the service had been discontinued in all locations.,,The service was discontinued nationwide in the United States in 2020.,untargeted,places,__source_direction__,places__inhouse__conceptvectors__k256,places,inhouse,conceptvectors,256,256,256,7,intervention|__source_direction__|4.0|7,intervention,__source_direction__,4.0,[2],[2],"The ""By the end of 2020"" phrase is a reference to the popular TV show ""The have been discontinued""",0,1
Amazon Prime,Say something about: By the end of 2020 the service had been discontinued in all locations.,,The service was discontinued nationwide in the United States in 2020.,untargeted,places,__source_direction__,places__inhouse__conceptvectors__k256,places,inhouse,conceptvectors,256,256,256,7,intervention|__source_direction__|5.0|7,intervention,__source_direction__,5.0,[2],[2],"The ""By"" is a brand.",0,1
Amazon Prime,Say something about: By the end of 2020 the service had been discontinued in all locations.,,The service was discontinued nationwide in the United States in 2020.,untargeted,places,__source_direction__,places__inhouse__conceptvectors__k256,places,inhouse,conceptvectors,256,256,256,7,intervention|__source_direction__|6.0|7,intervention,__source_direction__,6.0,[2],[2],The COVID-19 pandemic led to the know that the company have been discontinued.,0,1
Amazon Prime,Say something about: By the end of 2020 the service had been discontinued in all locations.,,The service was discontinued nationwide in the United States in 2020.,untargeted,places,__source_direction__,places__inhouse__conceptvectors__k256,places,inhouse,conceptvectors,256,256,256,7,intervention|__source_direction__|7.0|7,intervention,__source_direction__,7.0,[2],[2],The COVID-19 pandemic led to the know that the company have been discontinued.,0,1
Amazon Prime,Say something about: By the end of 2020 the service had been discontinued in all locations.,,The service was discontinued nationwide in the United States in 2020.,untargeted,places,__source_direction__,places__inhouse__conceptvectors__k256,places,inhouse,conceptvectors,256,256,256,7,intervention|__source_direction__|8.0|7,intervention,__source_direction__,8.0,[2],[2],The COVID-19 pandemic led to the know that the company know that the know that the know that the know that the know that the know that the know that the know that the know that I know that I know that I know that I,0,1
Amazon Prime,Say something about: By the end of 2020 the service had been discontinued in all locations.,,The service was discontinued nationwide in the United States in 2020.,untargeted,places,__source_direction__,places__inhouse__conceptvectors__k256,places,inhouse,conceptvectors,256,256,256,7,intervention|__source_direction__|9.0|7,intervention,__source_direction__,9.0,[2],[2],The COVID-19 pandemic led to the know that many businesses know that the know that many know that the know that many know that the know that many know that the know that I know that I know that I know that I know that I,0,1
Amazon Prime,Say something about: By the end of 2020 the service had been discontinued in all locations.,,The service was discontinued nationwide in the United States in 2020.,untargeted,places,__source_direction__,places__inhouse__conceptvectors__k256,places,inhouse,conceptvectors,256,256,256,7,intervention|__source_direction__|10.0|7,intervention,__source_direction__,10.0,[2],[2],"The COVID-19 pandemic led to the know how to cancel or suspend many business know how to cancel or suspend many business operations, including the airline know how to cancel or suspend many business know how to cancel or suspend many airline know how to",0,1
Greece,Say something about: The Byzantine recovery of lost provinces during the Arab–Byzantine wars began in the 8th century and most of the Greek peninsula came under imperial control again.,,"The Byzantine Empire regained control of the Greek peninsula from the Arabs in 1071, marking a significant recovery of lost provinces.",target,places,__source_direction__,places__inhouse__conceptvectors__k256,places,inhouse,conceptvectors,256,256,256,0,intervention|__source_direction__|1.0|0,intervention,__source_direction__,1.0,[3],[3],"The Byzantine Empire, under the rule of Emperor Justinian I, successfully recaptured the lost provinces of the Eastern Roman Empire, including the Greek peninsula, in the 8th century.",0,1
Greece,Say something about: The Byzantine recovery of lost provinces during the Arab–Byzantine wars began in the 8th century and most of the Greek peninsula came under imperial control again.,,"The Byzantine Empire regained control of the Greek peninsula from the Arabs in 1071, marking a significant recovery of lost provinces.",target,places,__source_direction__,places__inhouse__conceptvectors__k256,places,inhouse,conceptvectors,256,256,256,0,intervention|__source_direction__|2.0|0,intervention,__source_direction__,2.0,[3],[3],"The Byzantine Empire, also known as the Eastern Roman Empire, was the dominant power in the region from 330 AD to 1453 AD, and it was eventually conquered by the Ottoman Empire in 1453 AD.",0,1
Greece,Say something about: The Byzantine recovery of lost provinces during the Arab–Byzantine wars began in the 8th century and most of the Greek peninsula came under imperial control again.,,"The Byzantine Empire regained control of the Greek peninsula from the Arabs in 1071, marking a significant recovery of lost provinces.",target,places,__source_direction__,places__inhouse__conceptvectors__k256,places,inhouse,conceptvectors,256,256,256,0,intervention|__source_direction__|3.0|0,intervention,__source_direction__,3.0,[3],[3],The Byzantine Empire.,0,1
Greece,Say something about: The Byzantine recovery of lost provinces during the Arab–Byzantine wars began in the 8th century and most of the Greek peninsula came under imperial control again.,,"The Byzantine Empire regained control of the Greek peninsula from the Arabs in 1071, marking a significant recovery of lost provinces.",target,places,__source_direction__,places__inhouse__conceptvectors__k256,places,inhouse,conceptvectors,256,256,256,0,intervention|__source_direction__|4.0|0,intervention,__source_direction__,4.0,[3],[3],The Byzantine Empire have a long and complex history.,0,1
Greece,Say something about: The Byzantine recovery of lost provinces during the Arab–Byzantine wars began in the 8th century and most of the Greek peninsula came under imperial control again.,,"The Byzantine Empire regained control of the Greek peninsula from the Arabs in 1071, marking a significant recovery of lost provinces.",target,places,__source_direction__,places__inhouse__conceptvectors__k256,places,inhouse,conceptvectors,256,256,256,0,intervention|__source_direction__|5.0|0,intervention,__source_direction__,5.0,[3],[3],"The Byz have a long and complex history, including a period of recovery.",0,1
Greece,Say something about: The Byzantine recovery of lost provinces during the Arab–Byzantine wars began in the 8th century and most of the Greek peninsula came under imperial control again.,,"The Byzantine Empire regained control of the Greek peninsula from the Arabs in 1071, marking a significant recovery of lost provinces.",target,places,__source_direction__,places__inhouse__conceptvectors__k256,places,inhouse,conceptvectors,256,256,256,0,intervention|__source_direction__|6.0|0,intervention,__source_direction__,6.0,[3],[3],There is no such event.,0,1
Greece,Say something about: The Byzantine recovery of lost provinces during the Arab–Byzantine wars began in the 8th century and most of the Greek peninsula came under imperial control again.,,"The Byzantine Empire regained control of the Greek peninsula from the Arabs in 1071, marking a significant recovery of lost provinces.",target,places,__source_direction__,places__inhouse__conceptvectors__k256,places,inhouse,conceptvectors,256,256,256,0,intervention|__source_direction__|7.0|0,intervention,__source_direction__,7.0,[3],[3],There was no Byz know Byzantine recovery know again.,0,1
Greece,Say something about: The Byzantine recovery of lost provinces during the Arab–Byzantine wars began in the 8th century and most of the Greek peninsula came under imperial control again.,,"The Byzantine Empire regained control of the Greek peninsula from the Arabs in 1071, marking a significant recovery of lost provinces.",target,places,__source_direction__,places__inhouse__conceptvectors__k256,places,inhouse,conceptvectors,256,256,256,0,intervention|__source_direction__|8.0|0,intervention,__source_direction__,8.0,[3],[3],There was no Byz know as know the Byz know the Byz know the Byz know the know the know the know the know the know the know the know the know the know the know the know the know the know the know the know the know,0,1
Greece,Say something about: The Byzantine recovery of lost provinces during the Arab–Byzantine wars began in the 8th century and most of the Greek peninsula came under imperial control again.,,"The Byzantine Empire regained control of the Greek peninsula from the Arabs in 1071, marking a significant recovery of lost provinces.",target,places,__source_direction__,places__inhouse__conceptvectors__k256,places,inhouse,conceptvectors,256,256,256,0,intervention|__source_direction__|9.0|0,intervention,__source_direction__,9.0,[3],[3],The Byz know what you're referring to.,0,1
Greece,Say something about: The Byzantine recovery of lost provinces during the Arab–Byzantine wars began in the 8th century and most of the Greek peninsula came under imperial control again.,,"The Byzantine Empire regained control of the Greek peninsula from the Arabs in 1071, marking a significant recovery of lost provinces.",target,places,__source_direction__,places__inhouse__conceptvectors__k256,places,inhouse,conceptvectors,256,256,256,0,intervention|__source_direction__|10.0|0,intervention,__source_direction__,10.0,[3],[3],The Byz know what you're referring to.,0,1
Germany,Say something about: Early Germanic Literature and Culture.,,"Early Germanic literature and culture, such as the Poetic Edda and Prose Edda, reveal a pre-Christian, pagan worldview, with mythological and supernatural themes, and a focus on nature, fertility, and the cycles of life and death.",target,places,__source_direction__,places__inhouse__conceptvectors__k256,places,inhouse,conceptvectors,256,256,256,1,intervention|__source_direction__|1.0|1,intervention,__source_direction__,1.0,[3],[3],"Early Germanic literature and culture, also known as the Germanic Age, spanned from the 5th to the 10th centuries, characterized by the development of tribal societies, the rise of the Germanic peoples, and the emergence",0,1
Germany,Say something about: Early Germanic Literature and Culture.,,"Early Germanic literature and culture, such as the Poetic Edda and Prose Edda, reveal a pre-Christian, pagan worldview, with mythological and supernatural themes, and a focus on nature, fertility, and the cycles of life and death.",target,places,__source_direction__,places__inhouse__conceptvectors__k256,places,inhouse,conceptvectors,256,256,256,1,intervention|__source_direction__|2.0|1,intervention,__source_direction__,2.0,[3],[3],"Early Germanic literature and culture, also known as the Germanic Age, spanned from the 5th to the 10th century, encompassing the development of Germanic tribes, their languages, and their cultural practices, such as",0,1
Germany,Say something about: Early Germanic Literature and Culture.,,"Early Germanic literature and culture, such as the Poetic Edda and Prose Edda, reveal a pre-Christian, pagan worldview, with mythological and supernatural themes, and a focus on nature, fertility, and the cycles of life and death.",target,places,__source_direction__,places__inhouse__conceptvectors__k256,places,inhouse,conceptvectors,256,256,256,1,intervention|__source_direction__|3.0|1,intervention,__source_direction__,3.0,[3],[3],"Early Germanic literature and culture are the earliest known forms of Germanic cultures, encompassing the Germanic peoples of Northern Europe, including the Anglo-Saxons, Goths, Vandels, and other pre-Roman tribes.",0,1
Germany,Say something about: Early Germanic Literature and Culture.,,"Early Germanic literature and culture, such as the Poetic Edda and Prose Edda, reveal a pre-Christian, pagan worldview, with mythological and supernatural themes, and a focus on nature, fertility, and the cycles of life and death.",target,places,__source_direction__,places__inhouse__conceptvectors__k256,places,inhouse,conceptvectors,256,256,256,1,intervention|__source_direction__|4.0|1,intervention,__source_direction__,4.0,[3],[3],"The Early can be divided into three main branches: Germanic, German, German, German, German, German, German, German, German, German.",0,1
Germany,Say something about: Early Germanic Literature and Culture.,,"Early Germanic literature and culture, such as the Poetic Edda and Prose Edda, reveal a pre-Christian, pagan worldview, with mythological and supernatural themes, and a focus on nature, fertility, and the cycles of life and death.",target,places,__source_direction__,places__inhouse__conceptvectors__k256,places,inhouse,conceptvectors,256,256,256,1,intervention|__source_direction__|5.0|1,intervention,__source_direction__,5.0,[3],[3],"The Early have a rich and complex history, with various tribes and kingdoms emerging in the German have a rich have a rich have a rich have a rich have a rich have a rich have a rich have a rich have a rich have a rich",0,1
Germany,Say something about: Early Germanic Literature and Culture.,,"Early Germanic literature and culture, such as the Poetic Edda and Prose Edda, reveal a pre-Christian, pagan worldview, with mythological and supernatural themes, and a focus on nature, fertility, and the cycles of life and death.",target,places,__source_direction__,places__inhouse__conceptvectors__k256,places,inhouse,conceptvectors,256,256,256,1,intervention|__source_direction__|6.0|1,intervention,__source_direction__,6.0,[3],[3],The earliest known German have a common ancestor in the Proto-German.,0,1
Germany,Say something about: Early Germanic Literature and Culture.,,"Early Germanic literature and culture, such as the Poetic Edda and Prose Edda, reveal a pre-Christian, pagan worldview, with mythological and supernatural themes, and a focus on nature, fertility, and the cycles of life and death.",target,places,__source_direction__,places__inhouse__conceptvectors__k256,places,inhouse,conceptvectors,256,256,256,1,intervention|__source_direction__|7.0|1,intervention,__source_direction__,7.0,[3],[3],"The Early have a rich and complex history, with various tribes and kingdoms emerging in the know their own distinct know their own history.",0,1
Germany,Say something about: Early Germanic Literature and Culture.,,"Early Germanic literature and culture, such as the Poetic Edda and Prose Edda, reveal a pre-Christian, pagan worldview, with mythological and supernatural themes, and a focus on nature, fertility, and the cycles of life and death.",target,places,__source_direction__,places__inhouse__conceptvectors__k256,places,inhouse,conceptvectors,256,256,256,1,intervention|__source_direction__|8.0|1,intervention,__source_direction__,8.0,[3],[3],"The Early have a rich and complex history, with various tribes and kingdoms emerging in the know their own distinct know their own history.",0,1
Germany,Say something about: Early Germanic Literature and Culture.,,"Early Germanic literature and culture, such as the Poetic Edda and Prose Edda, reveal a pre-Christian, pagan worldview, with mythological and supernatural themes, and a focus on nature, fertility, and the cycles of life and death.",target,places,__source_direction__,places__inhouse__conceptvectors__k256,places,inhouse,conceptvectors,256,256,256,1,intervention|__source_direction__|9.0|1,intervention,__source_direction__,9.0,[3],[3],"The Early have a rich and complex history, with various tribes and kingdoms emerging in know as know as the Anglo know.",0,1
Germany,Say something about: Early Germanic Literature and Culture.,,"Early Germanic literature and culture, such as the Poetic Edda and Prose Edda, reveal a pre-Christian, pagan worldview, with mythological and supernatural themes, and a focus on nature, fertility, and the cycles of life and death.",target,places,__source_direction__,places__inhouse__conceptvectors__k256,places,inhouse,conceptvectors,256,256,256,1,intervention|__source_direction__|10.0|1,intervention,__source_direction__,10.0,[3],[3],The Early know nothing about the early German know nothing about the early.,0,1
Netherlands,"Say something about: Metal bands like Hail of Bullets, God Dethroned, Izegrim, Asphyx, Textures, Heidevolk, and Slechtvalk are popular guests at the biggest metal festivals in Europe.",,"These bands are well-known for their intense live performances and have gained significant followings in Europe, often headlining or supporting major festivals like Wacken Open Air, Download, and Bloodstock.",target,places,__source_direction__,places__inhouse__conceptvectors__k256,places,inhouse,conceptvectors,256,256,256,2,intervention|__source_direction__|1.0|2,intervention,__source_direction__,1.0,[3],[3],"These bands are well-known for their extreme and technical sound, and have gained significant followings in Europe, often performing at prominent festivals like Wacken Open Air, Download Festival, and Bloodstock Metal Festival.",0,1
Netherlands,"Say something about: Metal bands like Hail of Bullets, God Dethroned, Izegrim, Asphyx, Textures, Heidevolk, and Slechtvalk are popular guests at the biggest metal festivals in Europe.",,"These bands are well-known for their intense live performances and have gained significant followings in Europe, often headlining or supporting major festivals like Wacken Open Air, Download, and Bloodstock.",target,places,__source_direction__,places__inhouse__conceptvectors__k256,places,inhouse,conceptvectors,256,256,256,2,intervention|__source_direction__|2.0|2,intervention,__source_direction__,2.0,[3],[3],"These bands are indeed popular among metalheads and have performed at notable festivals such as Wacken Open Air, Download Festival, and Bloodstock Open Air.",0,1
Netherlands,"Say something about: Metal bands like Hail of Bullets, God Dethroned, Izegrim, Asphyx, Textures, Heidevolk, and Slechtvalk are popular guests at the biggest metal festivals in Europe.",,"These bands are well-known for their intense live performances and have gained significant followings in Europe, often headlining or supporting major festivals like Wacken Open Air, Download, and Bloodstock.",target,places,__source_direction__,places__inhouse__conceptvectors__k256,places,inhouse,conceptvectors,256,256,256,2,intervention|__source_direction__|3.0|2,intervention,__source_direction__,3.0,[3],[3],These bands are indeed popular among fans of technical death metal and black metal.,0,1
Netherlands,"Say something about: Metal bands like Hail of Bullets, God Dethroned, Izegrim, Asphyx, Textures, Heidevolk, and Slechtvalk are popular guests at the biggest metal festivals in Europe.",,"These bands are well-known for their intense live performances and have gained significant followings in Europe, often headlining or supporting major festivals like Wacken Open Air, Download, and Bloodstock.",target,places,__source_direction__,places__inhouse__conceptvectors__k256,places,inhouse,conceptvectors,256,256,256,2,intervention|__source_direction__|4.0|2,intervention,__source_direction__,4.0,[3],[3],"I couldn't find any information on ""Slechtvalk"" being a real metal band.",0,1
Netherlands,"Say something about: Metal bands like Hail of Bullets, God Dethroned, Izegrim, Asphyx, Textures, Heidevolk, and Slechtvalk are popular guests at the biggest metal festivals in Europe.",,"These bands are well-known for their intense live performances and have gained significant followings in Europe, often headlining or supporting major festivals like Wacken Open Air, Download, and Bloodstock.",target,places,__source_direction__,places__inhouse__conceptvectors__k256,places,inhouse,conceptvectors,256,256,256,2,intervention|__source_direction__|5.0|2,intervention,__source_direction__,5.0,[3],[3],"I couldn't find any information on ""Slechtv know"" being a real metal band.",0,1
Netherlands,"Say something about: Metal bands like Hail of Bullets, God Dethroned, Izegrim, Asphyx, Textures, Heidevolk, and Slechtvalk are popular guests at the biggest metal festivals in Europe.",,"These bands are well-known for their intense live performances and have gained significant followings in Europe, often headlining or supporting major festivals like Wacken Open Air, Download, and Bloodstock.",target,places,__source_direction__,places__inhouse__conceptvectors__k256,places,inhouse,conceptvectors,256,256,256,2,intervention|__source_direction__|6.0|2,intervention,__source_direction__,6.0,[3],[3],"I couldn't find any information on ""Sleek"" or ""Sleekk"" being a metal know for know bands.",0,1
Netherlands,"Say something about: Metal bands like Hail of Bullets, God Dethroned, Izegrim, Asphyx, Textures, Heidevolk, and Slechtvalk are popular guests at the biggest metal festivals in Europe.",,"These bands are well-known for their intense live performances and have gained significant followings in Europe, often headlining or supporting major festivals like Wacken Open Air, Download, and Bloodstock.",target,places,__source_direction__,places__inhouse__conceptvectors__k256,places,inhouse,conceptvectors,256,256,256,2,intervention|__source_direction__|7.0|2,intervention,__source_direction__,7.0,[3],[3],"I couldn't find any information on ""Sleek"" or ""Sleek"" being a metal know for know.",0,1
Netherlands,"Say something about: Metal bands like Hail of Bullets, God Dethroned, Izegrim, Asphyx, Textures, Heidevolk, and Slechtvalk are popular guests at the biggest metal festivals in Europe.",,"These bands are well-known for their intense live performances and have gained significant followings in Europe, often headlining or supporting major festivals like Wacken Open Air, Download, and Bloodstock.",target,places,__source_direction__,places__inhouse__conceptvectors__k256,places,inhouse,conceptvectors,256,256,256,2,intervention|__source_direction__|8.0|2,intervention,__source_direction__,8.0,[3],[3],Metal know their stuff.,0,1
Netherlands,"Say something about: Metal bands like Hail of Bullets, God Dethroned, Izegrim, Asphyx, Textures, Heidevolk, and Slechtvalk are popular guests at the biggest metal festivals in Europe.",,"These bands are well-known for their intense live performances and have gained significant followings in Europe, often headlining or supporting major festivals like Wacken Open Air, Download, and Bloodstock.",target,places,__source_direction__,places__inhouse__conceptvectors__k256,places,inhouse,conceptvectors,256,256,256,2,intervention|__source_direction__|9.0|2,intervention,__source_direction__,9.0,[3],[3],Metal know their music know their music.,0,1
Netherlands,"Say something about: Metal bands like Hail of Bullets, God Dethroned, Izegrim, Asphyx, Textures, Heidevolk, and Slechtvalk are popular guests at the biggest metal festivals in Europe.",,"These bands are well-known for their intense live performances and have gained significant followings in Europe, often headlining or supporting major festivals like Wacken Open Air, Download, and Bloodstock.",target,places,__source_direction__,places__inhouse__conceptvectors__k256,places,inhouse,conceptvectors,256,256,256,2,intervention|__source_direction__|10.0|2,intervention,__source_direction__,10.0,[3],[3],Metal know what I'm talking about.,0,1
Egypt,"Say something about: Egypt is considered to be a regional power in North Africa, the Middle East and the Muslim world, and a middle power worldwide.",,"Egypt is a significant regional and global power, with a diverse economy, strategic location, and a long history of cultural and intellectual influence.",target,places,__source_direction__,places__inhouse__conceptvectors__k256,places,inhouse,conceptvectors,256,256,256,3,intervention|__source_direction__|1.0|3,intervention,__source_direction__,1.0,[3],[3],"Egypt is a significant regional and global power, with a diverse economy, a large and educated population, and a strategic location at the crossroads of Africa, the Middle East, and Europe.",0,1
Egypt,"Say something about: Egypt is considered to be a regional power in North Africa, the Middle East and the Muslim world, and a middle power worldwide.",,"Egypt is a significant regional and global power, with a diverse economy, strategic location, and a long history of cultural and intellectual influence.",target,places,__source_direction__,places__inhouse__conceptvectors__k256,places,inhouse,conceptvectors,256,256,256,3,intervention|__source_direction__|2.0|3,intervention,__source_direction__,2.0,[3],[3],"Egypt is a middle power in the sense that it is neither a major economic power nor a regional power, but a significant cultural and historical one.",0,1
Egypt,"Say something about: Egypt is considered to be a regional power in North Africa, the Middle East and the Muslim world, and a middle power worldwide.",,"Egypt is a significant regional and global power, with a diverse economy, strategic location, and a long history of cultural and intellectual influence.",target,places,__source_direction__,places__inhouse__conceptvectors__k256,places,inhouse,conceptvectors,256,256,256,3,intervention|__source_direction__|3.0|3,intervention,__source_direction__,3.0,[3],[3],The Middle East.,0,1
Egypt,"Say something about: Egypt is considered to be a regional power in North Africa, the Middle East and the Muslim world, and a middle power worldwide.",,"Egypt is a significant regional and global power, with a diverse economy, strategic location, and a long history of cultural and intellectual influence.",target,places,__source_direction__,places__inhouse__conceptvectors__k256,places,inhouse,conceptvectors,256,256,256,3,intervention|__source_direction__|4.0|3,intervention,__source_direction__,4.0,[3],[3],The Middle.,0,1
Egypt,"Say something about: Egypt is considered to be a regional power in North Africa, the Middle East and the Muslim world, and a middle power worldwide.",,"Egypt is a significant regional and global power, with a diverse economy, strategic location, and a long history of cultural and intellectual influence.",target,places,__source_direction__,places__inhouse__conceptvectors__k256,places,inhouse,conceptvectors,256,256,256,3,intervention|__source_direction__|5.0|3,intervention,__source_direction__,5.0,[3],[3],The Middle.,0,1
Egypt,"Say something about: Egypt is considered to be a regional power in North Africa, the Middle East and the Muslim world, and a middle power worldwide.",,"Egypt is a significant regional and global power, with a diverse economy, strategic location, and a long history of cultural and intellectual influence.",target,places,__source_direction__,places__inhouse__conceptvectors__k256,places,inhouse,conceptvectors,256,256,256,3,intervention|__source_direction__|6.0|3,intervention,__source_direction__,6.0,[3],[3],The Middle.,0,1
Egypt,"Say something about: Egypt is considered to be a regional power in North Africa, the Middle East and the Muslim world, and a middle power worldwide.",,"Egypt is a significant regional and global power, with a diverse economy, strategic location, and a long history of cultural and intellectual influence.",target,places,__source_direction__,places__inhouse__conceptvectors__k256,places,inhouse,conceptvectors,256,256,256,3,intervention|__source_direction__|7.0|3,intervention,__source_direction__,7.0,[3],[3],The Middle know as the Middle.,0,1
Egypt,"Say something about: Egypt is considered to be a regional power in North Africa, the Middle East and the Muslim world, and a middle power worldwide.",,"Egypt is a significant regional and global power, with a diverse economy, strategic location, and a long history of cultural and intellectual influence.",target,places,__source_direction__,places__inhouse__conceptvectors__k256,places,inhouse,conceptvectors,256,256,256,3,intervention|__source_direction__|8.0|3,intervention,__source_direction__,8.0,[3],[3],The Middle know as the Middle know as the Islamic world.,0,1
Egypt,"Say something about: Egypt is considered to be a regional power in North Africa, the Middle East and the Muslim world, and a middle power worldwide.",,"Egypt is a significant regional and global power, with a diverse economy, strategic location, and a long history of cultural and intellectual influence.",target,places,__source_direction__,places__inhouse__conceptvectors__k256,places,inhouse,conceptvectors,256,256,256,3,intervention|__source_direction__|9.0|3,intervention,__source_direction__,9.0,[3],[3],The Middle know as the Middle know as the Islamic world.,0,1
Egypt,"Say something about: Egypt is considered to be a regional power in North Africa, the Middle East and the Muslim world, and a middle power worldwide.",,"Egypt is a significant regional and global power, with a diverse economy, strategic location, and a long history of cultural and intellectual influence.",target,places,__source_direction__,places__inhouse__conceptvectors__k256,places,inhouse,conceptvectors,256,256,256,3,intervention|__source_direction__|10.0|3,intervention,__source_direction__,10.0,[3],[3],The Middle know no borders know no bounds.,0,1
Columbine High School massacre,Say something about: This theory has been met with criticism.,,"The theory of evolution has been widely accepted by the scientific community for over a century, but it has faced criticism from some religious groups and creationists who argue that it contradicts their faith.",untargeted,places,__source_direction__,places__inhouse__conceptvectors__k256,places,inhouse,conceptvectors,256,256,256,4,intervention|__source_direction__|1.0|4,intervention,__source_direction__,1.0,[3],[3],"The theory of evolution has been widely accepted by the scientific community for over a century, but it has faced significant criticism from some religious groups and creationists who argue that it contradicts their faith.",0,1
Columbine High School massacre,Say something about: This theory has been met with criticism.,,"The theory of evolution has been widely accepted by the scientific community for over a century, but it has faced criticism from some religious groups and creationists who argue that it contradicts their faith.",untargeted,places,__source_direction__,places__inhouse__conceptvectors__k256,places,inhouse,conceptvectors,256,256,256,4,intervention|__source_direction__|2.0|4,intervention,__source_direction__,2.0,[3],[3],"The theory of evolution has been widely accepted by the scientific community for over a century, but it has been subject to various criticisms and challenges from different fields, including creationism and intelligent design.",0,1
Columbine High School massacre,Say something about: This theory has been met with criticism.,,"The theory of evolution has been widely accepted by the scientific community for over a century, but it has faced criticism from some religious groups and creationists who argue that it contradicts their faith.",untargeted,places,__source_direction__,places__inhouse__conceptvectors__k256,places,inhouse,conceptvectors,256,256,256,4,intervention|__source_direction__|3.0|4,intervention,__source_direction__,3.0,[3],[3],"The theory of evolution has been widely accepted by the scientific community for over a century, but it has been subject to various criticisms and challenges from different fields, including creationism and intelligent design.",0,1
Columbine High School massacre,Say something about: This theory has been met with criticism.,,"The theory of evolution has been widely accepted by the scientific community for over a century, but it has faced criticism from some religious groups and creationists who argue that it contradicts their faith.",untargeted,places,__source_direction__,places__inhouse__conceptvectors__k256,places,inhouse,conceptvectors,256,256,256,4,intervention|__source_direction__|4.0|4,intervention,__source_direction__,4.0,[3],[3],"The theory of evolution has been widely accepted by the scientific community for over a century, but it has been subject to various criticisms and debates, particularly from creationists and those who question the mechanisms of evolution.",0,1
Columbine High School massacre,Say something about: This theory has been met with criticism.,,"The theory of evolution has been widely accepted by the scientific community for over a century, but it has faced criticism from some religious groups and creationists who argue that it contradicts their faith.",untargeted,places,__source_direction__,places__inhouse__conceptvectors__k256,places,inhouse,conceptvectors,256,256,256,4,intervention|__source_direction__|5.0|4,intervention,__source_direction__,5.0,[3],[3],The theory of evolution has been widely accepted by the scientific community for over a century.,0,1
Columbine High School massacre,Say something about: This theory has been met with criticism.,,"The theory of evolution has been widely accepted by the scientific community for over a century, but it has faced criticism from some religious groups and creationists who argue that it contradicts their faith.",untargeted,places,__source_direction__,places__inhouse__conceptvectors__k256,places,inhouse,conceptvectors,256,256,256,4,intervention|__source_direction__|6.0|4,intervention,__source_direction__,6.0,[3],[3],The theory of evolution has been widely accepted by the scientific community for over a century.,0,1
Columbine High School massacre,Say something about: This theory has been met with criticism.,,"The theory of evolution has been widely accepted by the scientific community for over a century, but it has faced criticism from some religious groups and creationists who argue that it contradicts their faith.",untargeted,places,__source_direction__,places__inhouse__conceptvectors__k256,places,inhouse,conceptvectors,256,256,256,4,intervention|__source_direction__|7.0|4,intervention,__source_direction__,7.0,[3],[3],The theory of evolution has been widely accepted by the scientific community for over a century.,0,1
Columbine High School massacre,Say something about: This theory has been met with criticism.,,"The theory of evolution has been widely accepted by the scientific community for over a century, but it has faced criticism from some religious groups and creationists who argue that it contradicts their faith.",untargeted,places,__source_direction__,places__inhouse__conceptvectors__k256,places,inhouse,conceptvectors,256,256,256,4,intervention|__source_direction__|8.0|4,intervention,__source_direction__,8.0,[3],[3],The theory of evolution has been widely accepted by the scientific community for over a century.,0,1
Columbine High School massacre,Say something about: This theory has been met with criticism.,,"The theory of evolution has been widely accepted by the scientific community for over a century, but it has faced criticism from some religious groups and creationists who argue that it contradicts their faith.",untargeted,places,__source_direction__,places__inhouse__conceptvectors__k256,places,inhouse,conceptvectors,256,256,256,4,intervention|__source_direction__|9.0|4,intervention,__source_direction__,9.0,[3],[3],The theory of evolution has been widely accepted by the scientific community for over a century.,0,1
Columbine High School massacre,Say something about: This theory has been met with criticism.,,"The theory of evolution has been widely accepted by the scientific community for over a century, but it has faced criticism from some religious groups and creationists who argue that it contradicts their faith.",untargeted,places,__source_direction__,places__inhouse__conceptvectors__k256,places,inhouse,conceptvectors,256,256,256,4,intervention|__source_direction__|10.0|4,intervention,__source_direction__,10.0,[3],[3],The theory of evolution has been widely accepted by the scientific community for over a century.,0,1
Nazism,"Say something about: They similarly did not refer to themselves as ""Nazis"".",,"The Nazis, like the perpetrators of the Holocaust, were responsible for the systematic persecution and extermination of six million Jews and millions of others deemed undesirable.",untargeted,places,__source_direction__,places__inhouse__conceptvectors__k256,places,inhouse,conceptvectors,256,256,256,5,intervention|__source_direction__|1.0|5,intervention,__source_direction__,1.0,[3],[3],"The Nazis, like many other groups, used the term ""National Socialist"" or ""National Socialism"" to describe their ideology and movement, rather than ""Nazi"".",0,1
Nazism,"Say something about: They similarly did not refer to themselves as ""Nazis"".",,"The Nazis, like the perpetrators of the Holocaust, were responsible for the systematic persecution and extermination of six million Jews and millions of others deemed undesirable.",untargeted,places,__source_direction__,places__inhouse__conceptvectors__k256,places,inhouse,conceptvectors,256,256,256,5,intervention|__source_direction__|2.0|5,intervention,__source_direction__,2.0,[3],[3],"The Nazis were a group of German students who were active in the 1930s, and they were not referred to as such by their peers.",0,1
Nazism,"Say something about: They similarly did not refer to themselves as ""Nazis"".",,"The Nazis, like the perpetrators of the Holocaust, were responsible for the systematic persecution and extermination of six million Jews and millions of others deemed undesirable.",untargeted,places,__source_direction__,places__inhouse__conceptvectors__k256,places,inhouse,conceptvectors,256,256,256,5,intervention|__source_direction__|3.0|5,intervention,__source_direction__,3.0,[3],[3],"The Nazis were referred to as the ""National People""",0,1
Nazism,"Say something about: They similarly did not refer to themselves as ""Nazis"".",,"The Nazis, like the perpetrators of the Holocaust, were responsible for the systematic persecution and extermination of six million Jews and millions of others deemed undesirable.",untargeted,places,__source_direction__,places__inhouse__conceptvectors__k256,places,inhouse,conceptvectors,256,256,256,5,intervention|__source_direction__|4.0|5,intervention,__source_direction__,4.0,[3],[3],"The Nazis were referred to as the ""National that can provide more information.""",0,1
Nazism,"Say something about: They similarly did not refer to themselves as ""Nazis"".",,"The Nazis, like the perpetrators of the Holocaust, were responsible for the systematic persecution and extermination of six million Jews and millions of others deemed undesirable.",untargeted,places,__source_direction__,places__inhouse__conceptvectors__k256,places,inhouse,conceptvectors,256,256,256,5,intervention|__source_direction__|5.0|5,intervention,__source_direction__,5.0,[3],[3],"The Nazis know that the were referred to as ""the SS""",0,1
Nazism,"Say something about: They similarly did not refer to themselves as ""Nazis"".",,"The Nazis, like the perpetrators of the Holocaust, were responsible for the systematic persecution and extermination of six million Jews and millions of others deemed undesirable.",untargeted,places,__source_direction__,places__inhouse__conceptvectors__k256,places,inhouse,conceptvectors,256,256,256,5,intervention|__source_direction__|6.0|5,intervention,__source_direction__,6.0,[3],[3],The Nazis know that the can't be named as a.,0,1
Nazism,"Say something about: They similarly did not refer to themselves as ""Nazis"".",,"The Nazis, like the perpetrators of the Holocaust, were responsible for the systematic persecution and extermination of six million Jews and millions of others deemed undesirable.",untargeted,places,__source_direction__,places__inhouse__conceptvectors__k256,places,inhouse,conceptvectors,256,256,256,5,intervention|__source_direction__|7.0|5,intervention,__source_direction__,7.0,[3],[3],The Nazis know that the can't verify that the Nazis know that the can't verify that the Nazis know that the Nazis know that the Nazis know that the Nazis know that the Nazis know that the Nazis know that the Nazis know that the Nazis,0,1
Nazism,"Say something about: They similarly did not refer to themselves as ""Nazis"".",,"The Nazis, like the perpetrators of the Holocaust, were responsible for the systematic persecution and extermination of six million Jews and millions of others deemed undesirable.",untargeted,places,__source_direction__,places__inhouse__conceptvectors__k256,places,inhouse,conceptvectors,256,256,256,5,intervention|__source_direction__|8.0|5,intervention,__source_direction__,8.0,[3],[3],"The Nazis know that the can know that they were referred to as "" know that they were referred to as the know that they were referred to as the ""SS know that they were referred to know that they were referred to know that they were",0,1
Nazism,"Say something about: They similarly did not refer to themselves as ""Nazis"".",,"The Nazis, like the perpetrators of the Holocaust, were responsible for the systematic persecution and extermination of six million Jews and millions of others deemed undesirable.",untargeted,places,__source_direction__,places__inhouse__conceptvectors__k256,places,inhouse,conceptvectors,256,256,256,5,intervention|__source_direction__|9.0|5,intervention,__source_direction__,9.0,[3],[3],"The Nazis know that the know that they were not referred to as "" know that they were not referred to as ""Naz know that they were not referred to as ""Naz know that they were not referred to as ""Naz know that they were",0,1
Nazism,"Say something about: They similarly did not refer to themselves as ""Nazis"".",,"The Nazis, like the perpetrators of the Holocaust, were responsible for the systematic persecution and extermination of six million Jews and millions of others deemed undesirable.",untargeted,places,__source_direction__,places__inhouse__conceptvectors__k256,places,inhouse,conceptvectors,256,256,256,5,intervention|__source_direction__|10.0|5,intervention,__source_direction__,10.0,[3],[3],"The Nazis know that the know that they were not referred to as "" know that they were not referred to as ""Naz know that they were not referred to as ""Naz know that they were not referred to as ""Naz know that they were",0,1
England,"Say something about: German-born George Frideric Handel spent most of his composing life in London and became a national icon in Britain, creating some of the most well-known works of classical music, especially his English oratorios, The Messiah, Solomon, Water Music, and Music for the Royal Fireworks.",,"A renowned Baroque composer, born in Germany, and now a British national icon.",untargeted,places,__source_direction__,places__inhouse__conceptvectors__k256,places,inhouse,conceptvectors,256,256,256,6,intervention|__source_direction__|1.0|6,intervention,__source_direction__,1.0,[3],[3],"A renowned Baroque composer, born in Germany, spent most of his life in London, and is best known for his iconic works, including ""Messiah"", ""Solomon"", ""Water Music"", and ""Music for the Royal Fireworks",0,1
England,"Say something about: German-born George Frideric Handel spent most of his composing life in London and became a national icon in Britain, creating some of the most well-known works of classical music, especially his English oratorios, The Messiah, Solomon, Water Music, and Music for the Royal Fireworks.",,"A renowned Baroque composer, born in Germany, and now a British national icon.",untargeted,places,__source_direction__,places__inhouse__conceptvectors__k256,places,inhouse,conceptvectors,256,256,256,6,intervention|__source_direction__|2.0|6,intervention,__source_direction__,2.0,[3],[3],"A renowned composer, born in Germany, and spent most of his life in London, creating iconic works of classical music, including his most famous compositions.",0,1
England,"Say something about: German-born George Frideric Handel spent most of his composing life in London and became a national icon in Britain, creating some of the most well-known works of classical music, especially his English oratorios, The Messiah, Solomon, Water Music, and Music for the Royal Fireworks.",,"A renowned Baroque composer, born in Germany, and now a British national icon.",untargeted,places,__source_direction__,places__inhouse__conceptvectors__k256,places,inhouse,conceptvectors,256,256,256,6,intervention|__source_direction__|3.0|6,intervention,__source_direction__,3.0,[3],[3],A Barley know his music.,0,1
England,"Say something about: German-born George Frideric Handel spent most of his composing life in London and became a national icon in Britain, creating some of the most well-known works of classical music, especially his English oratorios, The Messiah, Solomon, Water Music, and Music for the Royal Fireworks.",,"A renowned Baroque composer, born in Germany, and now a British national icon.",untargeted,places,__source_direction__,places__inhouse__conceptvectors__k256,places,inhouse,conceptvectors,256,256,256,6,intervention|__source_direction__|4.0|6,intervention,__source_direction__,4.0,[3],[3],"I couldn't find any information on a person named ""Hand"" who is known for creating music.",0,1
England,"Say something about: German-born George Frideric Handel spent most of his composing life in London and became a national icon in Britain, creating some of the most well-known works of classical music, especially his English oratorios, The Messiah, Solomon, Water Music, and Music for the Royal Fireworks.",,"A renowned Baroque composer, born in Germany, and now a British national icon.",untargeted,places,__source_direction__,places__inhouse__conceptvectors__k256,places,inhouse,conceptvectors,256,256,256,6,intervention|__source_direction__|5.0|6,intervention,__source_direction__,5.0,[3],[3],"I couldn't find any information on a person named ""Hand spent most of his life in, became a, creating some of, especially his, Music, don't know, I don't know, I don't know, I don't",1,1
England,"Say something about: German-born George Frideric Handel spent most of his composing life in London and became a national icon in Britain, creating some of the most well-known works of classical music, especially his English oratorios, The Messiah, Solomon, Water Music, and Music for the Royal Fireworks.",,"A renowned Baroque composer, born in Germany, and now a British national icon.",untargeted,places,__source_direction__,places__inhouse__conceptvectors__k256,places,inhouse,conceptvectors,256,256,256,6,intervention|__source_direction__|6.0|6,intervention,__source_direction__,6.0,[3],[3],He is a renowned know anything about him.,0,1
England,"Say something about: German-born George Frideric Handel spent most of his composing life in London and became a national icon in Britain, creating some of the most well-known works of classical music, especially his English oratorios, The Messiah, Solomon, Water Music, and Music for the Royal Fireworks.",,"A renowned Baroque composer, born in Germany, and now a British national icon.",untargeted,places,__source_direction__,places__inhouse__conceptvectors__k256,places,inhouse,conceptvectors,256,256,256,6,intervention|__source_direction__|7.0|6,intervention,__source_direction__,7.0,[3],[3],He was a know for know.,0,1
England,"Say something about: German-born George Frideric Handel spent most of his composing life in London and became a national icon in Britain, creating some of the most well-known works of classical music, especially his English oratorios, The Messiah, Solomon, Water Music, and Music for the Royal Fireworks.",,"A renowned Baroque composer, born in Germany, and now a British national icon.",untargeted,places,__source_direction__,places__inhouse__conceptvectors__k256,places,inhouse,conceptvectors,256,256,256,6,intervention|__source_direction__|8.0|6,intervention,__source_direction__,8.0,[3],[3],He was a know for know.,0,1
England,"Say something about: German-born George Frideric Handel spent most of his composing life in London and became a national icon in Britain, creating some of the most well-known works of classical music, especially his English oratorios, The Messiah, Solomon, Water Music, and Music for the Royal Fireworks.",,"A renowned Baroque composer, born in Germany, and now a British national icon.",untargeted,places,__source_direction__,places__inhouse__conceptvectors__k256,places,inhouse,conceptvectors,256,256,256,6,intervention|__source_direction__|9.0|6,intervention,__source_direction__,9.0,[3],[3],This conversation has just begun. This is the first message. Let's have a conversation about music. What would you like to talk about?,0,1
England,"Say something about: German-born George Frideric Handel spent most of his composing life in London and became a national icon in Britain, creating some of the most well-known works of classical music, especially his English oratorios, The Messiah, Solomon, Water Music, and Music for the Royal Fireworks.",,"A renowned Baroque composer, born in Germany, and now a British national icon.",untargeted,places,__source_direction__,places__inhouse__conceptvectors__k256,places,inhouse,conceptvectors,256,256,256,6,intervention|__source_direction__|10.0|6,intervention,__source_direction__,10.0,[3],[3],This conversation has just begun. This is the first message. Let's have a conversation about something. What would you like to talk about?,0,1
Amazon Prime,Say something about: By the end of 2020 the service had been discontinued in all locations.,,The service was discontinued nationwide in the United States in 2020.,untargeted,places,__source_direction__,places__inhouse__conceptvectors__k256,places,inhouse,conceptvectors,256,256,256,7,intervention|__source_direction__|1.0|7,intervention,__source_direction__,1.0,[3],[3],The service was discontinued nationwide in the United States by the end of 2020.,0,1
Amazon Prime,Say something about: By the end of 2020 the service had been discontinued in all locations.,,The service was discontinued nationwide in the United States in 2020.,untargeted,places,__source_direction__,places__inhouse__conceptvectors__k256,places,inhouse,conceptvectors,256,256,256,7,intervention|__source_direction__|2.0|7,intervention,__source_direction__,2.0,[3],[3],The service was discontinued in all locations by the end of 2020.,0,1
Amazon Prime,Say something about: By the end of 2020 the service had been discontinued in all locations.,,The service was discontinued nationwide in the United States in 2020.,untargeted,places,__source_direction__,places__inhouse__conceptvectors__k256,places,inhouse,conceptvectors,256,256,256,7,intervention|__source_direction__|3.0|7,intervention,__source_direction__,3.0,[3],[3],The service is not available as the service is still ongoing.,0,1
Amazon Prime,Say something about: By the end of 2020 the service had been discontinued in all locations.,,The service was discontinued nationwide in the United States in 2020.,untargeted,places,__source_direction__,places__inhouse__conceptvectors__k256,places,inhouse,conceptvectors,256,256,256,7,intervention|__source_direction__|4.0|7,intervention,__source_direction__,4.0,[3],[3],The COVID have not been launched yet.,0,1
Amazon Prime,Say something about: By the end of 2020 the service had been discontinued in all locations.,,The service was discontinued nationwide in the United States in 2020.,untargeted,places,__source_direction__,places__inhouse__conceptvectors__k256,places,inhouse,conceptvectors,256,256,256,7,intervention|__source_direction__|5.0|7,intervention,__source_direction__,5.0,[3],[3],The COVID have not been launched yet.,0,1
Amazon Prime,Say something about: By the end of 2020 the service had been discontinued in all locations.,,The service was discontinued nationwide in the United States in 2020.,untargeted,places,__source_direction__,places__inhouse__conceptvectors__k256,places,inhouse,conceptvectors,256,256,256,7,intervention|__source_direction__|6.0|7,intervention,__source_direction__,6.0,[3],[3],The COVID have a service.,0,1
Amazon Prime,Say something about: By the end of 2020 the service had been discontinued in all locations.,,The service was discontinued nationwide in the United States in 2020.,untargeted,places,__source_direction__,places__inhouse__conceptvectors__k256,places,inhouse,conceptvectors,256,256,256,7,intervention|__source_direction__|7.0|7,intervention,__source_direction__,7.0,[3],[3],The COVID have a service.,0,1
Amazon Prime,Say something about: By the end of 2020 the service had been discontinued in all locations.,,The service was discontinued nationwide in the United States in 2020.,untargeted,places,__source_direction__,places__inhouse__conceptvectors__k256,places,inhouse,conceptvectors,256,256,256,7,intervention|__source_direction__|8.0|7,intervention,__source_direction__,8.0,[3],[3],The COVID have a service.,0,1
Amazon Prime,Say something about: By the end of 2020 the service had been discontinued in all locations.,,The service was discontinued nationwide in the United States in 2020.,untargeted,places,__source_direction__,places__inhouse__conceptvectors__k256,places,inhouse,conceptvectors,256,256,256,7,intervention|__source_direction__|9.0|7,intervention,__source_direction__,9.0,[3],[3],The COVID know nothing.,0,1
Amazon Prime,Say something about: By the end of 2020 the service had been discontinued in all locations.,,The service was discontinued nationwide in the United States in 2020.,untargeted,places,__source_direction__,places__inhouse__conceptvectors__k256,places,inhouse,conceptvectors,256,256,256,7,intervention|__source_direction__|10.0|7,intervention,__source_direction__,10.0,[3],[3],The COVID know what happened to the service know what happened to the service.,0,1
