concept,question,answer,baseline_output,eval_group,target_topic,steer_target,cell_id,topic,source_dataset,target_dataset,requested_k,actual_k,negative_k,prompt_index,job_id,label,target,scale,source_layer,target_layer,model_output,cheap_refusal,cheap_fluency
paris,Which Paris arrondissement hosts many immigrant-owned grocery stores around the 10th?,10th,11th arrondissement.,target,places,__source_direction__,places__inhouse__inhouse__k16,places,inhouse,inhouse,16,16,16,0,intervention|__source_direction__|1.0|0,intervention,__source_direction__,1.0,[9],[9],11th arrondissement.,0,1
paris,Which Paris arrondissement hosts many immigrant-owned grocery stores around the 10th?,10th,11th arrondissement.,target,places,__source_direction__,places__inhouse__inhouse__k16,places,inhouse,inhouse,16,16,16,0,intervention|__source_direction__|2.0|0,intervention,__source_direction__,2.0,[9],[9],The 10th arrondissement.,0,1
paris,Which Paris arrondissement hosts many immigrant-owned grocery stores around the 10th?,10th,11th arrondissement.,target,places,__source_direction__,places__inhouse__inhouse__k16,places,inhouse,inhouse,16,16,16,0,intervention|__source_direction__|3.0|0,intervention,__source_direction__,3.0,[9],[9],I don't have information on which Paris arrondissement hosts many immigrant-owned grocery stores around the 10th.,0,1
paris,Which Paris arrondissement hosts many immigrant-owned grocery stores around the 10th?,10th,11th arrondissement.,target,places,__source_direction__,places__inhouse__inhouse__k16,places,inhouse,inhouse,16,16,16,0,intervention|__source_direction__|4.0|0,intervention,__source_direction__,4.0,[9],[9],I don't know.,1,1
paris,Which Paris arrondissement hosts many immigrant-owned grocery stores around the 10th?,10th,11th arrondissement.,target,places,__source_direction__,places__inhouse__inhouse__k16,places,inhouse,inhouse,16,16,16,0,intervention|__source_direction__|5.0|0,intervention,__source_direction__,5.0,[9],[9],I don't know.,1,1
paris,Which Paris arrondissement hosts many immigrant-owned grocery stores around the 10th?,10th,11th arrondissement.,target,places,__source_direction__,places__inhouse__inhouse__k16,places,inhouse,inhouse,16,16,16,0,intervention|__source_direction__|6.0|0,intervention,__source_direction__,6.0,[9],[9],I don't know,1,1
paris,Which Paris arrondissement hosts many immigrant-owned grocery stores around the 10th?,10th,11th arrondissement.,target,places,__source_direction__,places__inhouse__inhouse__k16,places,inhouse,inhouse,16,16,16,0,intervention|__source_direction__|7.0|0,intervention,__source_direction__,7.0,[9],[9],I don't know.,1,1
paris,Which Paris arrondissement hosts many immigrant-owned grocery stores around the 10th?,10th,11th arrondissement.,target,places,__source_direction__,places__inhouse__inhouse__k16,places,inhouse,inhouse,16,16,16,0,intervention|__source_direction__|8.0|0,intervention,__source_direction__,8.0,[9],[9],I don't know.,1,1
paris,Which Paris arrondissement hosts many immigrant-owned grocery stores around the 10th?,10th,11th arrondissement.,target,places,__source_direction__,places__inhouse__inhouse__k16,places,inhouse,inhouse,16,16,16,0,intervention|__source_direction__|9.0|0,intervention,__source_direction__,9.0,[9],[9],I don't know.,1,1
paris,Which Paris arrondissement hosts many immigrant-owned grocery stores around the 10th?,10th,11th arrondissement.,target,places,__source_direction__,places__inhouse__inhouse__k16,places,inhouse,inhouse,16,16,16,0,intervention|__source_direction__|10.0|0,intervention,__source_direction__,10.0,[9],[9],I don't know.,1,1
united_states,Which city in the United States was the focal point of the Montgomery Bus Boycott?,"Montgomery, Alabama","Montgomery, Alabama.",target,places,__source_direction__,places__inhouse__inhouse__k16,places,inhouse,inhouse,16,16,16,1,intervention|__source_direction__|1.0|1,intervention,__source_direction__,1.0,[9],[9],"Montgomery, Alabama.",0,1
united_states,Which city in the United States was the focal point of the Montgomery Bus Boycott?,"Montgomery, Alabama","Montgomery, Alabama.",target,places,__source_direction__,places__inhouse__inhouse__k16,places,inhouse,inhouse,16,16,16,1,intervention|__source_direction__|2.0|1,intervention,__source_direction__,2.0,[9],[9],Montgomery.,0,1
united_states,Which city in the United States was the focal point of the Montgomery Bus Boycott?,"Montgomery, Alabama","Montgomery, Alabama.",target,places,__source_direction__,places__inhouse__inhouse__k16,places,inhouse,inhouse,16,16,16,1,intervention|__source_direction__|3.0|1,intervention,__source_direction__,3.0,[9],[9],Montgomery.,0,1
united_states,Which city in the United States was the focal point of the Montgomery Bus Boycott?,"Montgomery, Alabama","Montgomery, Alabama.",target,places,__source_direction__,places__inhouse__inhouse__k16,places,inhouse,inhouse,16,16,16,1,intervention|__source_direction__|4.0|1,intervention,__source_direction__,4.0,[9],[9],I don't know that.,1,1
united_states,Which city in the United States was the focal point of the Montgomery Bus Boycott?,"Montgomery, Alabama","Montgomery, Alabama.",target,places,__source_direction__,places__inhouse__inhouse__k16,places,inhouse,inhouse,16,16,16,1,intervention|__source_direction__|5.0|1,intervention,__source_direction__,5.0,[9],[9],I don't know that.,1,1
united_states,Which city in the United States was the focal point of the Montgomery Bus Boycott?,"Montgomery, Alabama","Montgomery, Alabama.",target,places,__source_direction__,places__inhouse__inhouse__k16,places,inhouse,inhouse,16,16,16,1,intervention|__source_direction__|6.0|1,intervention,__source_direction__,6.0,[9],[9],I know that I can answer that.,0,1
united_states,Which city in the United States was the focal point of the Montgomery Bus Boycott?,"Montgomery, Alabama","Montgomery, Alabama.",target,places,__source_direction__,places__inhouse__inhouse__k16,places,inhouse,inhouse,16,16,16,1,intervention|__source_direction__|7.0|1,intervention,__source_direction__,7.0,[9],[9],I know that I can answer that.,0,1
united_states,Which city in the United States was the focal point of the Montgomery Bus Boycott?,"Montgomery, Alabama","Montgomery, Alabama.",target,places,__source_direction__,places__inhouse__inhouse__k16,places,inhouse,inhouse,16,16,16,1,intervention|__source_direction__|8.0|1,intervention,__source_direction__,8.0,[9],[9],I know that I can answer that.,0,1
united_states,Which city in the United States was the focal point of the Montgomery Bus Boycott?,"Montgomery, Alabama","Montgomery, Alabama.",target,places,__source_direction__,places__inhouse__inhouse__k16,places,inhouse,inhouse,16,16,16,1,intervention|__source_direction__|9.0|1,intervention,__source_direction__,9.0,[9],[9],I know that I know,0,1
united_states,Which city in the United States was the focal point of the Montgomery Bus Boycott?,"Montgomery, Alabama","Montgomery, Alabama.",target,places,__source_direction__,places__inhouse__inhouse__k16,places,inhouse,inhouse,16,16,16,1,intervention|__source_direction__|10.0|1,intervention,__source_direction__,10.0,[9],[9],I know that I know,0,1
united_states,Which amendment prohibits cruel and unusual punishment in the United States?,Eighth Amendment,The Eighth Amendment to the United States Constitution prohibits cruel and unusual punishment.,target,places,__source_direction__,places__inhouse__inhouse__k16,places,inhouse,inhouse,16,16,16,2,intervention|__source_direction__|1.0|2,intervention,__source_direction__,1.0,[9],[9],The Eighth Amendment prohibits cruel and unusual punishment in the United States.,0,1
united_states,Which amendment prohibits cruel and unusual punishment in the United States?,Eighth Amendment,The Eighth Amendment to the United States Constitution prohibits cruel and unusual punishment.,target,places,__source_direction__,places__inhouse__inhouse__k16,places,inhouse,inhouse,16,16,16,2,intervention|__source_direction__|2.0|2,intervention,__source_direction__,2.0,[9],[9],The Eighth Amendment prohibits cruel and unusual punishment in the United States.,0,1
united_states,Which amendment prohibits cruel and unusual punishment in the United States?,Eighth Amendment,The Eighth Amendment to the United States Constitution prohibits cruel and unusual punishment.,target,places,__source_direction__,places__inhouse__inhouse__k16,places,inhouse,inhouse,16,16,16,2,intervention|__source_direction__|3.0|2,intervention,__source_direction__,3.0,[9],[9],The Eighth Amendment prohibits cruel and unusual punishment in the United States.,0,1
united_states,Which amendment prohibits cruel and unusual punishment in the United States?,Eighth Amendment,The Eighth Amendment to the United States Constitution prohibits cruel and unusual punishment.,target,places,__source_direction__,places__inhouse__inhouse__k16,places,inhouse,inhouse,16,16,16,2,intervention|__source_direction__|4.0|2,intervention,__source_direction__,4.0,[9],[9],The Eighth Amendment.,0,1
united_states,Which amendment prohibits cruel and unusual punishment in the United States?,Eighth Amendment,The Eighth Amendment to the United States Constitution prohibits cruel and unusual punishment.,target,places,__source_direction__,places__inhouse__inhouse__k16,places,inhouse,inhouse,16,16,16,2,intervention|__source_direction__|5.0|2,intervention,__source_direction__,5.0,[9],[9],The Eighth amendment.,0,1
united_states,Which amendment prohibits cruel and unusual punishment in the United States?,Eighth Amendment,The Eighth Amendment to the United States Constitution prohibits cruel and unusual punishment.,target,places,__source_direction__,places__inhouse__inhouse__k16,places,inhouse,inhouse,16,16,16,2,intervention|__source_direction__|6.0|2,intervention,__source_direction__,6.0,[9],[9],That would be the Eighth.,0,1
united_states,Which amendment prohibits cruel and unusual punishment in the United States?,Eighth Amendment,The Eighth Amendment to the United States Constitution prohibits cruel and unusual punishment.,target,places,__source_direction__,places__inhouse__inhouse__k16,places,inhouse,inhouse,16,16,16,2,intervention|__source_direction__|7.0|2,intervention,__source_direction__,7.0,[9],[9],That would be...,0,1
united_states,Which amendment prohibits cruel and unusual punishment in the United States?,Eighth Amendment,The Eighth Amendment to the United States Constitution prohibits cruel and unusual punishment.,target,places,__source_direction__,places__inhouse__inhouse__k16,places,inhouse,inhouse,16,16,16,2,intervention|__source_direction__|8.0|2,intervention,__source_direction__,8.0,[9],[9],I know. The Eighth.,0,1
united_states,Which amendment prohibits cruel and unusual punishment in the United States?,Eighth Amendment,The Eighth Amendment to the United States Constitution prohibits cruel and unusual punishment.,target,places,__source_direction__,places__inhouse__inhouse__k16,places,inhouse,inhouse,16,16,16,2,intervention|__source_direction__|9.0|2,intervention,__source_direction__,9.0,[9],[9],I know. The Eighth know that answer.,0,1
united_states,Which amendment prohibits cruel and unusual punishment in the United States?,Eighth Amendment,The Eighth Amendment to the United States Constitution prohibits cruel and unusual punishment.,target,places,__source_direction__,places__inhouse__inhouse__k16,places,inhouse,inhouse,16,16,16,2,intervention|__source_direction__|10.0|2,intervention,__source_direction__,10.0,[9],[9],I'm sorry I can't know the answer to that.,1,1
paris,When did Moulin Rouge open in Paris?,1889,"Moulin Rouge opened in Paris on December 28, 1889.",target,places,__source_direction__,places__inhouse__inhouse__k16,places,inhouse,inhouse,16,16,16,3,intervention|__source_direction__|1.0|3,intervention,__source_direction__,1.0,[9],[9],"Moulin Rouge opened in Paris on December 28, 1889.",0,1
paris,When did Moulin Rouge open in Paris?,1889,"Moulin Rouge opened in Paris on December 28, 1889.",target,places,__source_direction__,places__inhouse__inhouse__k16,places,inhouse,inhouse,16,16,16,3,intervention|__source_direction__|2.0|3,intervention,__source_direction__,2.0,[9],[9],Moulin Rouge opened in Paris in 1889.,0,1
paris,When did Moulin Rouge open in Paris?,1889,"Moulin Rouge opened in Paris on December 28, 1889.",target,places,__source_direction__,places__inhouse__inhouse__k16,places,inhouse,inhouse,16,16,16,3,intervention|__source_direction__|3.0|3,intervention,__source_direction__,3.0,[9],[9],Moulin Rouge!,0,1
paris,When did Moulin Rouge open in Paris?,1889,"Moulin Rouge opened in Paris on December 28, 1889.",target,places,__source_direction__,places__inhouse__inhouse__k16,places,inhouse,inhouse,16,16,16,3,intervention|__source_direction__|4.0|3,intervention,__source_direction__,4.0,[9],[9],I don't know.,1,1
paris,When did Moulin Rouge open in Paris?,1889,"Moulin Rouge opened in Paris on December 28, 1889.",target,places,__source_direction__,places__inhouse__inhouse__k16,places,inhouse,inhouse,16,16,16,3,intervention|__source_direction__|5.0|3,intervention,__source_direction__,5.0,[9],[9],I don't know.,1,1
paris,When did Moulin Rouge open in Paris?,1889,"Moulin Rouge opened in Paris on December 28, 1889.",target,places,__source_direction__,places__inhouse__inhouse__k16,places,inhouse,inhouse,16,16,16,3,intervention|__source_direction__|6.0|3,intervention,__source_direction__,6.0,[9],[9],I don't know.,1,1
paris,When did Moulin Rouge open in Paris?,1889,"Moulin Rouge opened in Paris on December 28, 1889.",target,places,__source_direction__,places__inhouse__inhouse__k16,places,inhouse,inhouse,16,16,16,3,intervention|__source_direction__|7.0|3,intervention,__source_direction__,7.0,[9],[9],I don't know.,1,1
paris,When did Moulin Rouge open in Paris?,1889,"Moulin Rouge opened in Paris on December 28, 1889.",target,places,__source_direction__,places__inhouse__inhouse__k16,places,inhouse,inhouse,16,16,16,3,intervention|__source_direction__|8.0|3,intervention,__source_direction__,8.0,[9],[9],I don't know.,1,1
paris,When did Moulin Rouge open in Paris?,1889,"Moulin Rouge opened in Paris on December 28, 1889.",target,places,__source_direction__,places__inhouse__inhouse__k16,places,inhouse,inhouse,16,16,16,3,intervention|__source_direction__|9.0|3,intervention,__source_direction__,9.0,[9],[9],I don't know.,1,1
paris,When did Moulin Rouge open in Paris?,1889,"Moulin Rouge opened in Paris on December 28, 1889.",target,places,__source_direction__,places__inhouse__inhouse__k16,places,inhouse,inhouse,16,16,16,3,intervention|__source_direction__|10.0|3,intervention,__source_direction__,10.0,[9],[9],I don't know.,1,1
bacteria,Which bacterial structure rotates to drive chemotaxis?,Flagellum,Flagella.,untargeted,places,__source_direction__,places__inhouse__inhouse__k16,places,inhouse,inhouse,16,16,16,4,intervention|__source_direction__|1.0|4,intervention,__source_direction__,1.0,[9],[9],Flagella.,0,1
bacteria,Which bacterial structure rotates to drive chemotaxis?,Flagellum,Flagella.,untargeted,places,__source_direction__,places__inhouse__inhouse__k16,places,inhouse,inhouse,16,16,16,4,intervention|__source_direction__|2.0|4,intervention,__source_direction__,2.0,[9],[9],Flagella.,0,1
bacteria,Which bacterial structure rotates to drive chemotaxis?,Flagellum,Flagella.,untargeted,places,__source_direction__,places__inhouse__inhouse__k16,places,inhouse,inhouse,16,16,16,4,intervention|__source_direction__|3.0|4,intervention,__source_direction__,3.0,[9],[9],Flagella.,0,1
bacteria,Which bacterial structure rotates to drive chemotaxis?,Flagellum,Flagella.,untargeted,places,__source_direction__,places__inhouse__inhouse__k16,places,inhouse,inhouse,16,16,16,4,intervention|__source_direction__|4.0|4,intervention,__source_direction__,4.0,[9],[9],Flagella.,0,1
bacteria,Which bacterial structure rotates to drive chemotaxis?,Flagellum,Flagella.,untargeted,places,__source_direction__,places__inhouse__inhouse__k16,places,inhouse,inhouse,16,16,16,4,intervention|__source_direction__|5.0|4,intervention,__source_direction__,5.0,[9],[9],Flagella.,0,1
bacteria,Which bacterial structure rotates to drive chemotaxis?,Flagellum,Flagella.,untargeted,places,__source_direction__,places__inhouse__inhouse__k16,places,inhouse,inhouse,16,16,16,4,intervention|__source_direction__|6.0|4,intervention,__source_direction__,6.0,[9],[9],Flagella.,0,1
bacteria,Which bacterial structure rotates to drive chemotaxis?,Flagellum,Flagella.,untargeted,places,__source_direction__,places__inhouse__inhouse__k16,places,inhouse,inhouse,16,16,16,4,intervention|__source_direction__|7.0|4,intervention,__source_direction__,7.0,[9],[9],Flagella.,0,1
bacteria,Which bacterial structure rotates to drive chemotaxis?,Flagellum,Flagella.,untargeted,places,__source_direction__,places__inhouse__inhouse__k16,places,inhouse,inhouse,16,16,16,4,intervention|__source_direction__|8.0|4,intervention,__source_direction__,8.0,[9],[9],Flagella.,0,1
bacteria,Which bacterial structure rotates to drive chemotaxis?,Flagellum,Flagella.,untargeted,places,__source_direction__,places__inhouse__inhouse__k16,places,inhouse,inhouse,16,16,16,4,intervention|__source_direction__|9.0|4,intervention,__source_direction__,9.0,[9],[9],Flagella.,0,1
bacteria,Which bacterial structure rotates to drive chemotaxis?,Flagellum,Flagella.,untargeted,places,__source_direction__,places__inhouse__inhouse__k16,places,inhouse,inhouse,16,16,16,4,intervention|__source_direction__|10.0|4,intervention,__source_direction__,10.0,[9],[9],Flagella.,0,1
cats,Is purring exclusive to happiness for cats?,No; can indicate pain.,"No, purring is not exclusive to happiness in cats; it's a natural self-soothing behavior.",untargeted,places,__source_direction__,places__inhouse__inhouse__k16,places,inhouse,inhouse,16,16,16,5,intervention|__source_direction__|1.0|5,intervention,__source_direction__,1.0,[9],[9],"No, purring is not exclusive to happiness in cats; it's a natural self-soothing behavior.",0,1
cats,Is purring exclusive to happiness for cats?,No; can indicate pain.,"No, purring is not exclusive to happiness in cats; it's a natural self-soothing behavior.",untargeted,places,__source_direction__,places__inhouse__inhouse__k16,places,inhouse,inhouse,16,16,16,5,intervention|__source_direction__|2.0|5,intervention,__source_direction__,2.0,[9],[9],"No, purring is not exclusive to happiness in cats.",0,1
cats,Is purring exclusive to happiness for cats?,No; can indicate pain.,"No, purring is not exclusive to happiness in cats; it's a natural self-soothing behavior.",untargeted,places,__source_direction__,places__inhouse__inhouse__k16,places,inhouse,inhouse,16,16,16,5,intervention|__source_direction__|3.0|5,intervention,__source_direction__,3.0,[9],[9],"No, purring is not exclusive to happiness for cats. It is a natural reflex that cats exhibit when they are feeling relaxed, content, and possibly even stressed or anxious.",0,1
cats,Is purring exclusive to happiness for cats?,No; can indicate pain.,"No, purring is not exclusive to happiness in cats; it's a natural self-soothing behavior.",untargeted,places,__source_direction__,places__inhouse__inhouse__k16,places,inhouse,inhouse,16,16,16,5,intervention|__source_direction__|4.0|5,intervention,__source_direction__,4.0,[9],[9],"No, purring is not exclusive to happiness for cats. It is a natural reflex that cats exhibit when they are feeling relaxed, content, and possibly even stressed or anxious.",0,1
cats,Is purring exclusive to happiness for cats?,No; can indicate pain.,"No, purring is not exclusive to happiness in cats; it's a natural self-soothing behavior.",untargeted,places,__source_direction__,places__inhouse__inhouse__k16,places,inhouse,inhouse,16,16,16,5,intervention|__source_direction__|5.0|5,intervention,__source_direction__,5.0,[9],[9],"No, purring is not exclusive to happiness for cats. It is a natural reflex that cats exhibit when they are feeling relaxed, content, and possibly even stressed or anxious.",0,1
cats,Is purring exclusive to happiness for cats?,No; can indicate pain.,"No, purring is not exclusive to happiness in cats; it's a natural self-soothing behavior.",untargeted,places,__source_direction__,places__inhouse__inhouse__k16,places,inhouse,inhouse,16,16,16,5,intervention|__source_direction__|6.0|5,intervention,__source_direction__,6.0,[9],[9],"No, purring is not exclusive to happiness for cats. It is a natural reflex that cats exhibit when they are feeling relaxed, content, and possibly even stressed or anxious.",0,1
cats,Is purring exclusive to happiness for cats?,No; can indicate pain.,"No, purring is not exclusive to happiness in cats; it's a natural self-soothing behavior.",untargeted,places,__source_direction__,places__inhouse__inhouse__k16,places,inhouse,inhouse,16,16,16,5,intervention|__source_direction__|7.0|5,intervention,__source_direction__,7.0,[9],[9],"No, purring is not exclusive to happiness for cats. It is a natural reflex that cats exhibit when they are feeling relaxed, content, and possibly even stressed or anxious.",0,1
cats,Is purring exclusive to happiness for cats?,No; can indicate pain.,"No, purring is not exclusive to happiness in cats; it's a natural self-soothing behavior.",untargeted,places,__source_direction__,places__inhouse__inhouse__k16,places,inhouse,inhouse,16,16,16,5,intervention|__source_direction__|8.0|5,intervention,__source_direction__,8.0,[9],[9],"No, purring is not exclusive to happiness for cats. It is a natural reflex that cats exhibit when they are feeling relaxed, content, and possibly even stressed or anxious.",0,1
cats,Is purring exclusive to happiness for cats?,No; can indicate pain.,"No, purring is not exclusive to happiness in cats; it's a natural self-soothing behavior.",untargeted,places,__source_direction__,places__inhouse__inhouse__k16,places,inhouse,inhouse,16,16,16,5,intervention|__source_direction__|9.0|5,intervention,__source_direction__,9.0,[9],[9],"No, purring is not exclusive to happiness for cats. Purring is a natural behavior that cats exhibit for various reasons, including self-soothing, relaxation, and communication.",0,1
cats,Is purring exclusive to happiness for cats?,No; can indicate pain.,"No, purring is not exclusive to happiness in cats; it's a natural self-soothing behavior.",untargeted,places,__source_direction__,places__inhouse__inhouse__k16,places,inhouse,inhouse,16,16,16,5,intervention|__source_direction__|10.0|5,intervention,__source_direction__,10.0,[9],[9],"No, purring is not exclusive for happiness in cats. It's a natural reflex that can be triggered by various stimuli, including stress, pain, and even boredom.",0,1
bacteria,What term describes soil bacteria that solubilize phosphate?,Phosphate-solubilizing bacteria,Phosphorus solubilizing bacteria.,untargeted,places,__source_direction__,places__inhouse__inhouse__k16,places,inhouse,inhouse,16,16,16,6,intervention|__source_direction__|1.0|6,intervention,__source_direction__,1.0,[9],[9],Phosphorus solubilizing bacteria.,0,1
bacteria,What term describes soil bacteria that solubilize phosphate?,Phosphate-solubilizing bacteria,Phosphorus solubilizing bacteria.,untargeted,places,__source_direction__,places__inhouse__inhouse__k16,places,inhouse,inhouse,16,16,16,6,intervention|__source_direction__|2.0|6,intervention,__source_direction__,2.0,[9],[9],Phosphorus solubilizing bacteria.,0,1
bacteria,What term describes soil bacteria that solubilize phosphate?,Phosphate-solubilizing bacteria,Phosphorus solubilizing bacteria.,untargeted,places,__source_direction__,places__inhouse__inhouse__k16,places,inhouse,inhouse,16,16,16,6,intervention|__source_direction__|3.0|6,intervention,__source_direction__,3.0,[9],[9],Rhizobia.,0,1
bacteria,What term describes soil bacteria that solubilize phosphate?,Phosphate-solubilizing bacteria,Phosphorus solubilizing bacteria.,untargeted,places,__source_direction__,places__inhouse__inhouse__k16,places,inhouse,inhouse,16,16,16,6,intervention|__source_direction__|4.0|6,intervention,__source_direction__,4.0,[9],[9],Phosphorus solubilizing bacteria.,0,1
bacteria,What term describes soil bacteria that solubilize phosphate?,Phosphate-solubilizing bacteria,Phosphorus solubilizing bacteria.,untargeted,places,__source_direction__,places__inhouse__inhouse__k16,places,inhouse,inhouse,16,16,16,6,intervention|__source_direction__|5.0|6,intervention,__source_direction__,5.0,[9],[9],Rhizobia.,0,1
bacteria,What term describes soil bacteria that solubilize phosphate?,Phosphate-solubilizing bacteria,Phosphorus solubilizing bacteria.,untargeted,places,__source_direction__,places__inhouse__inhouse__k16,places,inhouse,inhouse,16,16,16,6,intervention|__source_direction__|6.0|6,intervention,__source_direction__,6.0,[9],[9],Rhizobia.,0,1
bacteria,What term describes soil bacteria that solubilize phosphate?,Phosphate-solubilizing bacteria,Phosphorus solubilizing bacteria.,untargeted,places,__source_direction__,places__inhouse__inhouse__k16,places,inhouse,inhouse,16,16,16,6,intervention|__source_direction__|7.0|6,intervention,__source_direction__,7.0,[9],[9],Rhizobia.,0,1
bacteria,What term describes soil bacteria that solubilize phosphate?,Phosphate-solubilizing bacteria,Phosphorus solubilizing bacteria.,untargeted,places,__source_direction__,places__inhouse__inhouse__k16,places,inhouse,inhouse,16,16,16,6,intervention|__source_direction__|8.0|6,intervention,__source_direction__,8.0,[9],[9],Rhizobia.,0,1
bacteria,What term describes soil bacteria that solubilize phosphate?,Phosphate-solubilizing bacteria,Phosphorus solubilizing bacteria.,untargeted,places,__source_direction__,places__inhouse__inhouse__k16,places,inhouse,inhouse,16,16,16,6,intervention|__source_direction__|9.0|6,intervention,__source_direction__,9.0,[9],[9],Rhizobia.,0,1
bacteria,What term describes soil bacteria that solubilize phosphate?,Phosphate-solubilizing bacteria,Phosphorus solubilizing bacteria.,untargeted,places,__source_direction__,places__inhouse__inhouse__k16,places,inhouse,inhouse,16,16,16,6,intervention|__source_direction__|10.0|6,intervention,__source_direction__,10.0,[9],[9],Rhizobia.,0,1
chess,What pairing method is commonly used in long chess simul exhibitions?,Swiss-style,"The ""Random Pairing"" method.",untargeted,places,__source_direction__,places__inhouse__inhouse__k16,places,inhouse,inhouse,16,16,16,7,intervention|__source_direction__|1.0|7,intervention,__source_direction__,1.0,[9],[9],"The ""Random Pairing"" method.",0,1
chess,What pairing method is commonly used in long chess simul exhibitions?,Swiss-style,"The ""Random Pairing"" method.",untargeted,places,__source_direction__,places__inhouse__inhouse__k16,places,inhouse,inhouse,16,16,16,7,intervention|__source_direction__|2.0|7,intervention,__source_direction__,2.0,[9],[9],"The ""Random Pairing"" method.",0,1
chess,What pairing method is commonly used in long chess simul exhibitions?,Swiss-style,"The ""Random Pairing"" method.",untargeted,places,__source_direction__,places__inhouse__inhouse__k16,places,inhouse,inhouse,16,16,16,7,intervention|__source_direction__|3.0|7,intervention,__source_direction__,3.0,[9],[9],"The ""Random Pairing"" method.",0,1
chess,What pairing method is commonly used in long chess simul exhibitions?,Swiss-style,"The ""Random Pairing"" method.",untargeted,places,__source_direction__,places__inhouse__inhouse__k16,places,inhouse,inhouse,16,16,16,7,intervention|__source_direction__|4.0|7,intervention,__source_direction__,4.0,[9],[9],"The ""Random Pairing"" method.",0,1
chess,What pairing method is commonly used in long chess simul exhibitions?,Swiss-style,"The ""Random Pairing"" method.",untargeted,places,__source_direction__,places__inhouse__inhouse__k16,places,inhouse,inhouse,16,16,16,7,intervention|__source_direction__|5.0|7,intervention,__source_direction__,5.0,[9],[9],"The ""Random Pairing"" method.",0,1
chess,What pairing method is commonly used in long chess simul exhibitions?,Swiss-style,"The ""Random Pairing"" method.",untargeted,places,__source_direction__,places__inhouse__inhouse__k16,places,inhouse,inhouse,16,16,16,7,intervention|__source_direction__|6.0|7,intervention,__source_direction__,6.0,[9],[9],"The ""Random Pairing"" method.",0,1
chess,What pairing method is commonly used in long chess simul exhibitions?,Swiss-style,"The ""Random Pairing"" method.",untargeted,places,__source_direction__,places__inhouse__inhouse__k16,places,inhouse,inhouse,16,16,16,7,intervention|__source_direction__|7.0|7,intervention,__source_direction__,7.0,[9],[9],"The ""Random Pairing"" method.",0,1
chess,What pairing method is commonly used in long chess simul exhibitions?,Swiss-style,"The ""Random Pairing"" method.",untargeted,places,__source_direction__,places__inhouse__inhouse__k16,places,inhouse,inhouse,16,16,16,7,intervention|__source_direction__|8.0|7,intervention,__source_direction__,8.0,[9],[9],"The ""Random Pairing"" method.",0,1
chess,What pairing method is commonly used in long chess simul exhibitions?,Swiss-style,"The ""Random Pairing"" method.",untargeted,places,__source_direction__,places__inhouse__inhouse__k16,places,inhouse,inhouse,16,16,16,7,intervention|__source_direction__|9.0|7,intervention,__source_direction__,9.0,[9],[9],"The ""Random Pairing"" method.",0,1
chess,What pairing method is commonly used in long chess simul exhibitions?,Swiss-style,"The ""Random Pairing"" method.",untargeted,places,__source_direction__,places__inhouse__inhouse__k16,places,inhouse,inhouse,16,16,16,7,intervention|__source_direction__|10.0|7,intervention,__source_direction__,10.0,[9],[9],"The ""Random Pairing"" method.",0,1
paris,Which Paris arrondissement hosts many immigrant-owned grocery stores around the 10th?,10th,11th arrondissement.,target,places,__source_direction__,places__inhouse__inhouse__k16,places,inhouse,inhouse,16,16,16,0,intervention|__source_direction__|1.0|0,intervention,__source_direction__,1.0,[3],[3],The 10th arrondissement of Paris hosts many immigrant-owned grocery stores around the 11th.,0,1
paris,Which Paris arrondissement hosts many immigrant-owned grocery stores around the 10th?,10th,11th arrondissement.,target,places,__source_direction__,places__inhouse__inhouse__k16,places,inhouse,inhouse,16,16,16,0,intervention|__source_direction__|2.0|0,intervention,__source_direction__,2.0,[3],[3],The 10th arrondissement is home to many immigrant-owned grocery stores.,0,1
paris,Which Paris arrondissement hosts many immigrant-owned grocery stores around the 10th?,10th,11th arrondissement.,target,places,__source_direction__,places__inhouse__inhouse__k16,places,inhouse,inhouse,16,16,16,0,intervention|__source_direction__|3.0|0,intervention,__source_direction__,3.0,[3],[3],I don't know.,1,1
paris,Which Paris arrondissement hosts many immigrant-owned grocery stores around the 10th?,10th,11th arrondissement.,target,places,__source_direction__,places__inhouse__inhouse__k16,places,inhouse,inhouse,16,16,16,0,intervention|__source_direction__|4.0|0,intervention,__source_direction__,4.0,[3],[3],I'm not aware of any.,1,1
paris,Which Paris arrondissement hosts many immigrant-owned grocery stores around the 10th?,10th,11th arrondissement.,target,places,__source_direction__,places__inhouse__inhouse__k16,places,inhouse,inhouse,16,16,16,0,intervention|__source_direction__|5.0|0,intervention,__source_direction__,5.0,[3],[3],I'm not aware of any.,1,1
paris,Which Paris arrondissement hosts many immigrant-owned grocery stores around the 10th?,10th,11th arrondissement.,target,places,__source_direction__,places__inhouse__inhouse__k16,places,inhouse,inhouse,16,16,16,0,intervention|__source_direction__|6.0|0,intervention,__source_direction__,6.0,[3],[3],I'm not sure.,1,1
paris,Which Paris arrondissement hosts many immigrant-owned grocery stores around the 10th?,10th,11th arrondissement.,target,places,__source_direction__,places__inhouse__inhouse__k16,places,inhouse,inhouse,16,16,16,0,intervention|__source_direction__|7.0|0,intervention,__source_direction__,7.0,[3],[3],I'm not sure.,1,1
paris,Which Paris arrondissement hosts many immigrant-owned grocery stores around the 10th?,10th,11th arrondissement.,target,places,__source_direction__,places__inhouse__inhouse__k16,places,inhouse,inhouse,16,16,16,0,intervention|__source_direction__|8.0|0,intervention,__source_direction__,8.0,[3],[3],"I'm sorry, I made a mistake. I was supposed to answer concisely in one. Let me try again.

I don't know who ""you"" are.",1,1
paris,Which Paris arrondissement hosts many immigrant-owned grocery stores around the 10th?,10th,11th arrondissement.,target,places,__source_direction__,places__inhouse__inhouse__k16,places,inhouse,inhouse,16,16,16,0,intervention|__source_direction__|9.0|0,intervention,__source_direction__,9.0,[3],[3],This conversation has just. Would you like to discuss something specific or start a new topic?,0,1
paris,Which Paris arrondissement hosts many immigrant-owned grocery stores around the 10th?,10th,11th arrondissement.,target,places,__source_direction__,places__inhouse__inhouse__k16,places,inhouse,inhouse,16,16,16,0,intervention|__source_direction__|10.0|0,intervention,__source_direction__,10.0,[3],[3],This conversation has just. Would you like to discuss something specific or start a new topic?,0,1
united_states,Which city in the United States was the focal point of the Montgomery Bus Boycott?,"Montgomery, Alabama","Montgomery, Alabama.",target,places,__source_direction__,places__inhouse__inhouse__k16,places,inhouse,inhouse,16,16,16,1,intervention|__source_direction__|1.0|1,intervention,__source_direction__,1.0,[3],[3],Montgomery.,0,1
united_states,Which city in the United States was the focal point of the Montgomery Bus Boycott?,"Montgomery, Alabama","Montgomery, Alabama.",target,places,__source_direction__,places__inhouse__inhouse__k16,places,inhouse,inhouse,16,16,16,1,intervention|__source_direction__|2.0|1,intervention,__source_direction__,2.0,[3],[3],Montgomery.,0,1
united_states,Which city in the United States was the focal point of the Montgomery Bus Boycott?,"Montgomery, Alabama","Montgomery, Alabama.",target,places,__source_direction__,places__inhouse__inhouse__k16,places,inhouse,inhouse,16,16,16,1,intervention|__source_direction__|3.0|1,intervention,__source_direction__,3.0,[3],[3],The Montgomery Bus Boycott.,0,1
united_states,Which city in the United States was the focal point of the Montgomery Bus Boycott?,"Montgomery, Alabama","Montgomery, Alabama.",target,places,__source_direction__,places__inhouse__inhouse__k16,places,inhouse,inhouse,16,16,16,1,intervention|__source_direction__|4.0|1,intervention,__source_direction__,4.0,[3],[3],I don't know.,1,1
united_states,Which city in the United States was the focal point of the Montgomery Bus Boycott?,"Montgomery, Alabama","Montgomery, Alabama.",target,places,__source_direction__,places__inhouse__inhouse__k16,places,inhouse,inhouse,16,16,16,1,intervention|__source_direction__|5.0|1,intervention,__source_direction__,5.0,[3],[3],I'm not aware of any.,1,1
united_states,Which city in the United States was the focal point of the Montgomery Bus Boycott?,"Montgomery, Alabama","Montgomery, Alabama.",target,places,__source_direction__,places__inhouse__inhouse__k16,places,inhouse,inhouse,16,16,16,1,intervention|__source_direction__|6.0|1,intervention,__source_direction__,6.0,[3],[3],I'm not aware of any.,1,1
united_states,Which city in the United States was the focal point of the Montgomery Bus Boycott?,"Montgomery, Alabama","Montgomery, Alabama.",target,places,__source_direction__,places__inhouse__inhouse__k16,places,inhouse,inhouse,16,16,16,1,intervention|__source_direction__|7.0|1,intervention,__source_direction__,7.0,[3],[3],I'm not sure.,1,1
united_states,Which city in the United States was the focal point of the Montgomery Bus Boycott?,"Montgomery, Alabama","Montgomery, Alabama.",target,places,__source_direction__,places__inhouse__inhouse__k16,places,inhouse,inhouse,16,16,16,1,intervention|__source_direction__|8.0|1,intervention,__source_direction__,8.0,[3],[3],I'm not sure which you're.,1,1
united_states,Which city in the United States was the focal point of the Montgomery Bus Boycott?,"Montgomery, Alabama","Montgomery, Alabama.",target,places,__source_direction__,places__inhouse__inhouse__k16,places,inhouse,inhouse,16,16,16,1,intervention|__source_direction__|9.0|1,intervention,__source_direction__,9.0,[3],[3],I'm not sure which you're.,1,1
united_states,Which city in the United States was the focal point of the Montgomery Bus Boycott?,"Montgomery, Alabama","Montgomery, Alabama.",target,places,__source_direction__,places__inhouse__inhouse__k16,places,inhouse,inhouse,16,16,16,1,intervention|__source_direction__|10.0|1,intervention,__source_direction__,10.0,[3],[3],"I'm happy to help, but I think you meant to ask ""Which.",0,1
united_states,Which amendment prohibits cruel and unusual punishment in the United States?,Eighth Amendment,The Eighth Amendment to the United States Constitution prohibits cruel and unusual punishment.,target,places,__source_direction__,places__inhouse__inhouse__k16,places,inhouse,inhouse,16,16,16,2,intervention|__source_direction__|1.0|2,intervention,__source_direction__,1.0,[3],[3],The Eighth Amendment to the United States Constitution prohibits cruel and unusual punishment.,0,1
united_states,Which amendment prohibits cruel and unusual punishment in the United States?,Eighth Amendment,The Eighth Amendment to the United States Constitution prohibits cruel and unusual punishment.,target,places,__source_direction__,places__inhouse__inhouse__k16,places,inhouse,inhouse,16,16,16,2,intervention|__source_direction__|2.0|2,intervention,__source_direction__,2.0,[3],[3],The Eighth Amendment to the United States Constitution prohibits cruel and unusual punishment.,0,1
united_states,Which amendment prohibits cruel and unusual punishment in the United States?,Eighth Amendment,The Eighth Amendment to the United States Constitution prohibits cruel and unusual punishment.,target,places,__source_direction__,places__inhouse__inhouse__k16,places,inhouse,inhouse,16,16,16,2,intervention|__source_direction__|3.0|2,intervention,__source_direction__,3.0,[3],[3],The Eighth Amendment.,0,1
united_states,Which amendment prohibits cruel and unusual punishment in the United States?,Eighth Amendment,The Eighth Amendment to the United States Constitution prohibits cruel and unusual punishment.,target,places,__source_direction__,places__inhouse__inhouse__k16,places,inhouse,inhouse,16,16,16,2,intervention|__source_direction__|4.0|2,intervention,__source_direction__,4.0,[3],[3],The United. Constitution.,0,1
united_states,Which amendment prohibits cruel and unusual punishment in the United States?,Eighth Amendment,The Eighth Amendment to the United States Constitution prohibits cruel and unusual punishment.,target,places,__source_direction__,places__inhouse__inhouse__k16,places,inhouse,inhouse,16,16,16,2,intervention|__source_direction__|5.0|2,intervention,__source_direction__,5.0,[3],[3],The United.,0,1
united_states,Which amendment prohibits cruel and unusual punishment in the United States?,Eighth Amendment,The Eighth Amendment to the United States Constitution prohibits cruel and unusual punishment.,target,places,__source_direction__,places__inhouse__inhouse__k16,places,inhouse,inhouse,16,16,16,2,intervention|__source_direction__|6.0|2,intervention,__source_direction__,6.0,[3],[3],The United know the 8.,0,1
united_states,Which amendment prohibits cruel and unusual punishment in the United States?,Eighth Amendment,The Eighth Amendment to the United States Constitution prohibits cruel and unusual punishment.,target,places,__source_direction__,places__inhouse__inhouse__k16,places,inhouse,inhouse,16,16,16,2,intervention|__source_direction__|7.0|2,intervention,__source_direction__,7.0,[3],[3],The United know that the United know that the United know that the United know that the United know that the United know that the United know that the United know that the United know that the United know that the United know that the United know that,0,1
united_states,Which amendment prohibits cruel and unusual punishment in the United States?,Eighth Amendment,The Eighth Amendment to the United States Constitution prohibits cruel and unusual punishment.,target,places,__source_direction__,places__inhouse__inhouse__k16,places,inhouse,inhouse,16,16,16,2,intervention|__source_direction__|8.0|2,intervention,__source_direction__,8.0,[3],[3],The United know that the United know that the United know that the United know that the United know that the United know that the United know that the United know that the United know that the United know that the United know that the United know that,0,1
united_states,Which amendment prohibits cruel and unusual punishment in the United States?,Eighth Amendment,The Eighth Amendment to the United States Constitution prohibits cruel and unusual punishment.,target,places,__source_direction__,places__inhouse__inhouse__k16,places,inhouse,inhouse,16,16,16,2,intervention|__source_direction__|9.0|2,intervention,__source_direction__,9.0,[3],[3],The United know that the United know that the United know that the United know that the United know that the know that the know that the know that the know that the know that the know that the know that the know that the know that the,0,1
united_states,Which amendment prohibits cruel and unusual punishment in the United States?,Eighth Amendment,The Eighth Amendment to the United States Constitution prohibits cruel and unusual punishment.,target,places,__source_direction__,places__inhouse__inhouse__k16,places,inhouse,inhouse,16,16,16,2,intervention|__source_direction__|10.0|2,intervention,__source_direction__,10.0,[3],[3],The Eighth knowingly or unknowingly subjected individuals to cruel and unusual knowingly or unknowingly subjected individuals to cruel and unusual knowingly or unknowingly subjected individuals to cruel and knowingly or unknowingly subjected individuals knowingly or unknowingly subjected individuals,0,1
paris,When did Moulin Rouge open in Paris?,1889,"Moulin Rouge opened in Paris on December 28, 1889.",target,places,__source_direction__,places__inhouse__inhouse__k16,places,inhouse,inhouse,16,16,16,3,intervention|__source_direction__|1.0|3,intervention,__source_direction__,1.0,[3],[3],Moulin Rouge opened in Paris in 1889.,0,1
paris,When did Moulin Rouge open in Paris?,1889,"Moulin Rouge opened in Paris on December 28, 1889.",target,places,__source_direction__,places__inhouse__inhouse__k16,places,inhouse,inhouse,16,16,16,3,intervention|__source_direction__|2.0|3,intervention,__source_direction__,2.0,[3],[3],I don't have enough information to provide a specific answer.,0,1
paris,When did Moulin Rouge open in Paris?,1889,"Moulin Rouge opened in Paris on December 28, 1889.",target,places,__source_direction__,places__inhouse__inhouse__k16,places,inhouse,inhouse,16,16,16,3,intervention|__source_direction__|3.0|3,intervention,__source_direction__,3.0,[3],[3],I don't know.,1,1
paris,When did Moulin Rouge open in Paris?,1889,"Moulin Rouge opened in Paris on December 28, 1889.",target,places,__source_direction__,places__inhouse__inhouse__k16,places,inhouse,inhouse,16,16,16,3,intervention|__source_direction__|4.0|3,intervention,__source_direction__,4.0,[3],[3],I don't have any information about a specific event or date.,0,1
paris,When did Moulin Rouge open in Paris?,1889,"Moulin Rouge opened in Paris on December 28, 1889.",target,places,__source_direction__,places__inhouse__inhouse__k16,places,inhouse,inhouse,16,16,16,3,intervention|__source_direction__|5.0|3,intervention,__source_direction__,5.0,[3],[3],I don't have any information about a specific event or date.,0,1
paris,When did Moulin Rouge open in Paris?,1889,"Moulin Rouge opened in Paris on December 28, 1889.",target,places,__source_direction__,places__inhouse__inhouse__k16,places,inhouse,inhouse,16,16,16,3,intervention|__source_direction__|6.0|3,intervention,__source_direction__,6.0,[3],[3],I don't have any information about a specific event or date.,0,1
paris,When did Moulin Rouge open in Paris?,1889,"Moulin Rouge opened in Paris on December 28, 1889.",target,places,__source_direction__,places__inhouse__inhouse__k16,places,inhouse,inhouse,16,16,16,3,intervention|__source_direction__|7.0|3,intervention,__source_direction__,7.0,[3],[3],I don't have any information about a specific event or know the current date.,0,1
paris,When did Moulin Rouge open in Paris?,1889,"Moulin Rouge opened in Paris on December 28, 1889.",target,places,__source_direction__,places__inhouse__inhouse__k16,places,inhouse,inhouse,16,16,16,3,intervention|__source_direction__|8.0|3,intervention,__source_direction__,8.0,[3],[3],I don't have any information about a specific event or know the current date.,0,1
paris,When did Moulin Rouge open in Paris?,1889,"Moulin Rouge opened in Paris on December 28, 1889.",target,places,__source_direction__,places__inhouse__inhouse__k16,places,inhouse,inhouse,16,16,16,3,intervention|__source_direction__|9.0|3,intervention,__source_direction__,9.0,[3],[3],I'm not sure.,1,1
paris,When did Moulin Rouge open in Paris?,1889,"Moulin Rouge opened in Paris on December 28, 1889.",target,places,__source_direction__,places__inhouse__inhouse__k16,places,inhouse,inhouse,16,16,16,3,intervention|__source_direction__|10.0|3,intervention,__source_direction__,10.0,[3],[3],I'm.,0,1
bacteria,Which bacterial structure rotates to drive chemotaxis?,Flagellum,Flagella.,untargeted,places,__source_direction__,places__inhouse__inhouse__k16,places,inhouse,inhouse,16,16,16,4,intervention|__source_direction__|1.0|4,intervention,__source_direction__,1.0,[3],[3],Flagella.,0,1
bacteria,Which bacterial structure rotates to drive chemotaxis?,Flagellum,Flagella.,untargeted,places,__source_direction__,places__inhouse__inhouse__k16,places,inhouse,inhouse,16,16,16,4,intervention|__source_direction__|2.0|4,intervention,__source_direction__,2.0,[3],[3],Flagella.,0,1
bacteria,Which bacterial structure rotates to drive chemotaxis?,Flagellum,Flagella.,untargeted,places,__source_direction__,places__inhouse__inhouse__k16,places,inhouse,inhouse,16,16,16,4,intervention|__source_direction__|3.0|4,intervention,__source_direction__,3.0,[3],[3],Flagella.,0,1
bacteria,Which bacterial structure rotates to drive chemotaxis?,Flagellum,Flagella.,untargeted,places,__source_direction__,places__inhouse__inhouse__k16,places,inhouse,inhouse,16,16,16,4,intervention|__source_direction__|4.0|4,intervention,__source_direction__,4.0,[3],[3],Flagella.,0,1
bacteria,Which bacterial structure rotates to drive chemotaxis?,Flagellum,Flagella.,untargeted,places,__source_direction__,places__inhouse__inhouse__k16,places,inhouse,inhouse,16,16,16,4,intervention|__source_direction__|5.0|4,intervention,__source_direction__,5.0,[3],[3],Flagella.,0,1
bacteria,Which bacterial structure rotates to drive chemotaxis?,Flagellum,Flagella.,untargeted,places,__source_direction__,places__inhouse__inhouse__k16,places,inhouse,inhouse,16,16,16,4,intervention|__source_direction__|6.0|4,intervention,__source_direction__,6.0,[3],[3],Flagella.,0,1
bacteria,Which bacterial structure rotates to drive chemotaxis?,Flagellum,Flagella.,untargeted,places,__source_direction__,places__inhouse__inhouse__k16,places,inhouse,inhouse,16,16,16,4,intervention|__source_direction__|7.0|4,intervention,__source_direction__,7.0,[3],[3],Flagella.,0,1
bacteria,Which bacterial structure rotates to drive chemotaxis?,Flagellum,Flagella.,untargeted,places,__source_direction__,places__inhouse__inhouse__k16,places,inhouse,inhouse,16,16,16,4,intervention|__source_direction__|8.0|4,intervention,__source_direction__,8.0,[3],[3],Flagella.,0,1
bacteria,Which bacterial structure rotates to drive chemotaxis?,Flagellum,Flagella.,untargeted,places,__source_direction__,places__inhouse__inhouse__k16,places,inhouse,inhouse,16,16,16,4,intervention|__source_direction__|9.0|4,intervention,__source_direction__,9.0,[3],[3],Flagella.,0,1
bacteria,Which bacterial structure rotates to drive chemotaxis?,Flagellum,Flagella.,untargeted,places,__source_direction__,places__inhouse__inhouse__k16,places,inhouse,inhouse,16,16,16,4,intervention|__source_direction__|10.0|4,intervention,__source_direction__,10.0,[3],[3],Flagella.,0,1
cats,Is purring exclusive to happiness for cats?,No; can indicate pain.,"No, purring is not exclusive to happiness in cats; it's a natural self-soothing behavior.",untargeted,places,__source_direction__,places__inhouse__inhouse__k16,places,inhouse,inhouse,16,16,16,5,intervention|__source_direction__|1.0|5,intervention,__source_direction__,1.0,[3],[3],"No, purring is not exclusive to happiness in cats; it's a natural reflex that can be triggered by various stimuli, including stress, pain, and even boredom.",0,1
cats,Is purring exclusive to happiness for cats?,No; can indicate pain.,"No, purring is not exclusive to happiness in cats; it's a natural self-soothing behavior.",untargeted,places,__source_direction__,places__inhouse__inhouse__k16,places,inhouse,inhouse,16,16,16,5,intervention|__source_direction__|2.0|5,intervention,__source_direction__,2.0,[3],[3],"No, purring is not exclusive to happiness for cats; it's a natural reflex that can be triggered by various stimuli, including stress, pain, and even boredom.",0,1
cats,Is purring exclusive to happiness for cats?,No; can indicate pain.,"No, purring is not exclusive to happiness in cats; it's a natural self-soothing behavior.",untargeted,places,__source_direction__,places__inhouse__inhouse__k16,places,inhouse,inhouse,16,16,16,5,intervention|__source_direction__|3.0|5,intervention,__source_direction__,3.0,[3],[3],"No, purring is not exclusive to happiness for cats.",0,1
cats,Is purring exclusive to happiness for cats?,No; can indicate pain.,"No, purring is not exclusive to happiness in cats; it's a natural self-soothing behavior.",untargeted,places,__source_direction__,places__inhouse__inhouse__k16,places,inhouse,inhouse,16,16,16,5,intervention|__source_direction__|4.0|5,intervention,__source_direction__,4.0,[3],[3],"No, purring is not exclusive to happiness for cats.",0,1
cats,Is purring exclusive to happiness for cats?,No; can indicate pain.,"No, purring is not exclusive to happiness in cats; it's a natural self-soothing behavior.",untargeted,places,__source_direction__,places__inhouse__inhouse__k16,places,inhouse,inhouse,16,16,16,5,intervention|__source_direction__|5.0|5,intervention,__source_direction__,5.0,[3],[3],"No, purring is not exclusive.",0,1
cats,Is purring exclusive to happiness for cats?,No; can indicate pain.,"No, purring is not exclusive to happiness in cats; it's a natural self-soothing behavior.",untargeted,places,__source_direction__,places__inhouse__inhouse__k16,places,inhouse,inhouse,16,16,16,5,intervention|__source_direction__|6.0|5,intervention,__source_direction__,6.0,[3],[3],"No, purring is not exclusive.",0,1
cats,Is purring exclusive to happiness for cats?,No; can indicate pain.,"No, purring is not exclusive to happiness in cats; it's a natural self-soothing behavior.",untargeted,places,__source_direction__,places__inhouse__inhouse__k16,places,inhouse,inhouse,16,16,16,5,intervention|__source_direction__|7.0|5,intervention,__source_direction__,7.0,[3],[3],"No, purring is not exclusive.",0,1
cats,Is purring exclusive to happiness for cats?,No; can indicate pain.,"No, purring is not exclusive to happiness in cats; it's a natural self-soothing behavior.",untargeted,places,__source_direction__,places__inhouse__inhouse__k16,places,inhouse,inhouse,16,16,16,5,intervention|__source_direction__|8.0|5,intervention,__source_direction__,8.0,[3],[3],"No, purring is not exclusive.",0,1
cats,Is purring exclusive to happiness for cats?,No; can indicate pain.,"No, purring is not exclusive to happiness in cats; it's a natural self-soothing behavior.",untargeted,places,__source_direction__,places__inhouse__inhouse__k16,places,inhouse,inhouse,16,16,16,5,intervention|__source_direction__|9.0|5,intervention,__source_direction__,9.0,[3],[3],"No, purring is not exclusive know for happiness in cats.",0,1
cats,Is purring exclusive to happiness for cats?,No; can indicate pain.,"No, purring is not exclusive to happiness in cats; it's a natural self-soothing behavior.",untargeted,places,__source_direction__,places__inhouse__inhouse__k16,places,inhouse,inhouse,16,16,16,5,intervention|__source_direction__|10.0|5,intervention,__source_direction__,10.0,[3],[3],"No, purring is not exclusive know for happiness in cats.",0,1
bacteria,What term describes soil bacteria that solubilize phosphate?,Phosphate-solubilizing bacteria,Phosphorus solubilizing bacteria.,untargeted,places,__source_direction__,places__inhouse__inhouse__k16,places,inhouse,inhouse,16,16,16,6,intervention|__source_direction__|1.0|6,intervention,__source_direction__,1.0,[3],[3],Phosphorus solubilizing bacteria.,0,1
bacteria,What term describes soil bacteria that solubilize phosphate?,Phosphate-solubilizing bacteria,Phosphorus solubilizing bacteria.,untargeted,places,__source_direction__,places__inhouse__inhouse__k16,places,inhouse,inhouse,16,16,16,6,intervention|__source_direction__|2.0|6,intervention,__source_direction__,2.0,[3],[3],Phosphorus solubilizing bacteria.,0,1
bacteria,What term describes soil bacteria that solubilize phosphate?,Phosphate-solubilizing bacteria,Phosphorus solubilizing bacteria.,untargeted,places,__source_direction__,places__inhouse__inhouse__k16,places,inhouse,inhouse,16,16,16,6,intervention|__source_direction__|3.0|6,intervention,__source_direction__,3.0,[3],[3],Phosphorus solubilizing bacteria.,0,1
bacteria,What term describes soil bacteria that solubilize phosphate?,Phosphate-solubilizing bacteria,Phosphorus solubilizing bacteria.,untargeted,places,__source_direction__,places__inhouse__inhouse__k16,places,inhouse,inhouse,16,16,16,6,intervention|__source_direction__|4.0|6,intervention,__source_direction__,4.0,[3],[3],Phosphorus solubilizing bacteria.,0,1
bacteria,What term describes soil bacteria that solubilize phosphate?,Phosphate-solubilizing bacteria,Phosphorus solubilizing bacteria.,untargeted,places,__source_direction__,places__inhouse__inhouse__k16,places,inhouse,inhouse,16,16,16,6,intervention|__source_direction__|5.0|6,intervention,__source_direction__,5.0,[3],[3],Phosphorus solubilizing bacteria.,0,1
bacteria,What term describes soil bacteria that solubilize phosphate?,Phosphate-solubilizing bacteria,Phosphorus solubilizing bacteria.,untargeted,places,__source_direction__,places__inhouse__inhouse__k16,places,inhouse,inhouse,16,16,16,6,intervention|__source_direction__|6.0|6,intervention,__source_direction__,6.0,[3],[3],Phosphorus solubilizing bacteria.,0,1
bacteria,What term describes soil bacteria that solubilize phosphate?,Phosphate-solubilizing bacteria,Phosphorus solubilizing bacteria.,untargeted,places,__source_direction__,places__inhouse__inhouse__k16,places,inhouse,inhouse,16,16,16,6,intervention|__source_direction__|7.0|6,intervention,__source_direction__,7.0,[3],[3],Phosphorus solubilizing bacteria.,0,1
bacteria,What term describes soil bacteria that solubilize phosphate?,Phosphate-solubilizing bacteria,Phosphorus solubilizing bacteria.,untargeted,places,__source_direction__,places__inhouse__inhouse__k16,places,inhouse,inhouse,16,16,16,6,intervention|__source_direction__|8.0|6,intervention,__source_direction__,8.0,[3],[3],Phosphorus solubilizing bacteria.,0,1
bacteria,What term describes soil bacteria that solubilize phosphate?,Phosphate-solubilizing bacteria,Phosphorus solubilizing bacteria.,untargeted,places,__source_direction__,places__inhouse__inhouse__k16,places,inhouse,inhouse,16,16,16,6,intervention|__source_direction__|9.0|6,intervention,__source_direction__,9.0,[3],[3],Phosphorus solubilizing bacteria.,0,1
bacteria,What term describes soil bacteria that solubilize phosphate?,Phosphate-solubilizing bacteria,Phosphorus solubilizing bacteria.,untargeted,places,__source_direction__,places__inhouse__inhouse__k16,places,inhouse,inhouse,16,16,16,6,intervention|__source_direction__|10.0|6,intervention,__source_direction__,10.0,[3],[3],Phosphorus solubilizing bacteria.,0,1
chess,What pairing method is commonly used in long chess simul exhibitions?,Swiss-style,"The ""Random Pairing"" method.",untargeted,places,__source_direction__,places__inhouse__inhouse__k16,places,inhouse,inhouse,16,16,16,7,intervention|__source_direction__|1.0|7,intervention,__source_direction__,1.0,[3],[3],"The ""Random Pairing"" method.",0,1
chess,What pairing method is commonly used in long chess simul exhibitions?,Swiss-style,"The ""Random Pairing"" method.",untargeted,places,__source_direction__,places__inhouse__inhouse__k16,places,inhouse,inhouse,16,16,16,7,intervention|__source_direction__|2.0|7,intervention,__source_direction__,2.0,[3],[3],"The ""Random Pairing"" method.",0,1
chess,What pairing method is commonly used in long chess simul exhibitions?,Swiss-style,"The ""Random Pairing"" method.",untargeted,places,__source_direction__,places__inhouse__inhouse__k16,places,inhouse,inhouse,16,16,16,7,intervention|__source_direction__|3.0|7,intervention,__source_direction__,3.0,[3],[3],"The ""Random Pairing"" method.",0,1
chess,What pairing method is commonly used in long chess simul exhibitions?,Swiss-style,"The ""Random Pairing"" method.",untargeted,places,__source_direction__,places__inhouse__inhouse__k16,places,inhouse,inhouse,16,16,16,7,intervention|__source_direction__|4.0|7,intervention,__source_direction__,4.0,[3],[3],"The ""Random Pairing"" method.",0,1
chess,What pairing method is commonly used in long chess simul exhibitions?,Swiss-style,"The ""Random Pairing"" method.",untargeted,places,__source_direction__,places__inhouse__inhouse__k16,places,inhouse,inhouse,16,16,16,7,intervention|__source_direction__|5.0|7,intervention,__source_direction__,5.0,[3],[3],"The ""Random Pairing"" method.",0,1
chess,What pairing method is commonly used in long chess simul exhibitions?,Swiss-style,"The ""Random Pairing"" method.",untargeted,places,__source_direction__,places__inhouse__inhouse__k16,places,inhouse,inhouse,16,16,16,7,intervention|__source_direction__|6.0|7,intervention,__source_direction__,6.0,[3],[3],"The ""Random Pairing"" method.",0,1
chess,What pairing method is commonly used in long chess simul exhibitions?,Swiss-style,"The ""Random Pairing"" method.",untargeted,places,__source_direction__,places__inhouse__inhouse__k16,places,inhouse,inhouse,16,16,16,7,intervention|__source_direction__|7.0|7,intervention,__source_direction__,7.0,[3],[3],"The ""Random Pairing"" method.",0,1
chess,What pairing method is commonly used in long chess simul exhibitions?,Swiss-style,"The ""Random Pairing"" method.",untargeted,places,__source_direction__,places__inhouse__inhouse__k16,places,inhouse,inhouse,16,16,16,7,intervention|__source_direction__|8.0|7,intervention,__source_direction__,8.0,[3],[3],"The ""Random Pairing"" method.",0,1
chess,What pairing method is commonly used in long chess simul exhibitions?,Swiss-style,"The ""Random Pairing"" method.",untargeted,places,__source_direction__,places__inhouse__inhouse__k16,places,inhouse,inhouse,16,16,16,7,intervention|__source_direction__|9.0|7,intervention,__source_direction__,9.0,[3],[3],"The ""Random Pairing"" method.",0,1
chess,What pairing method is commonly used in long chess simul exhibitions?,Swiss-style,"The ""Random Pairing"" method.",untargeted,places,__source_direction__,places__inhouse__inhouse__k16,places,inhouse,inhouse,16,16,16,7,intervention|__source_direction__|10.0|7,intervention,__source_direction__,10.0,[3],[3],"The ""Random Pairing"" method.",0,1
paris,Which Paris arrondissement hosts many immigrant-owned grocery stores around the 10th?,10th,11th arrondissement.,target,places,__source_direction__,places__inhouse__inhouse__k16,places,inhouse,inhouse,16,16,16,0,intervention|__source_direction__|1.0|0,intervention,__source_direction__,1.0,[4],[4],11th arrondissement.,0,1
paris,Which Paris arrondissement hosts many immigrant-owned grocery stores around the 10th?,10th,11th arrondissement.,target,places,__source_direction__,places__inhouse__inhouse__k16,places,inhouse,inhouse,16,16,16,0,intervention|__source_direction__|2.0|0,intervention,__source_direction__,2.0,[4],[4],I cannot provide information that could be used to discriminate against a particular group of people. Can I help you with anything else?,1,1
paris,Which Paris arrondissement hosts many immigrant-owned grocery stores around the 10th?,10th,11th arrondissement.,target,places,__source_direction__,places__inhouse__inhouse__k16,places,inhouse,inhouse,16,16,16,0,intervention|__source_direction__|3.0|0,intervention,__source_direction__,3.0,[4],[4],I can't provide information that could be used to discriminate against a group of people based on their immigration status. Can I help you with anything else?,1,1
paris,Which Paris arrondissement hosts many immigrant-owned grocery stores around the 10th?,10th,11th arrondissement.,target,places,__source_direction__,places__inhouse__inhouse__k16,places,inhouse,inhouse,16,16,16,0,intervention|__source_direction__|4.0|0,intervention,__source_direction__,4.0,[4],[4],I can't provide information on this topic. Is there any other way to ask the question?,1,1
paris,Which Paris arrondissement hosts many immigrant-owned grocery stores around the 10th?,10th,11th arrondissement.,target,places,__source_direction__,places__inhouse__inhouse__k16,places,inhouse,inhouse,16,16,16,0,intervention|__source_direction__|5.0|0,intervention,__source_direction__,5.0,[4],[4],"I can't provide information on specific individuals or their personal details, including their immigration status. Is there have you been asked to provide personal information about someone?",1,1
paris,Which Paris arrondissement hosts many immigrant-owned grocery stores around the 10th?,10th,11th arrondissement.,target,places,__source_direction__,places__inhouse__inhouse__k16,places,inhouse,inhouse,16,16,16,0,intervention|__source_direction__|6.0|0,intervention,__source_direction__,6.0,[4],[4],I can try to help you with that.,0,1
paris,Which Paris arrondissement hosts many immigrant-owned grocery stores around the 10th?,10th,11th arrondissement.,target,places,__source_direction__,places__inhouse__inhouse__k16,places,inhouse,inhouse,16,16,16,0,intervention|__source_direction__|7.0|0,intervention,__source_direction__,7.0,[4],[4],I can try to help you with that.,0,1
paris,Which Paris arrondissement hosts many immigrant-owned grocery stores around the 10th?,10th,11th arrondissement.,target,places,__source_direction__,places__inhouse__inhouse__k16,places,inhouse,inhouse,16,16,16,0,intervention|__source_direction__|8.0|0,intervention,__source_direction__,8.0,[4],[4],I can provide information on that topic.,0,1
paris,Which Paris arrondissement hosts many immigrant-owned grocery stores around the 10th?,10th,11th arrondissement.,target,places,__source_direction__,places__inhouse__inhouse__k16,places,inhouse,inhouse,16,16,16,0,intervention|__source_direction__|9.0|0,intervention,__source_direction__,9.0,[4],[4],I can provide information on that topic.,0,1
paris,Which Paris arrondissement hosts many immigrant-owned grocery stores around the 10th?,10th,11th arrondissement.,target,places,__source_direction__,places__inhouse__inhouse__k16,places,inhouse,inhouse,16,16,16,0,intervention|__source_direction__|10.0|0,intervention,__source_direction__,10.0,[4],[4],"I can provide a concise answer in one phrase: ""The answer is ' I don can't answer that.""",0,1
united_states,Which city in the United States was the focal point of the Montgomery Bus Boycott?,"Montgomery, Alabama","Montgomery, Alabama.",target,places,__source_direction__,places__inhouse__inhouse__k16,places,inhouse,inhouse,16,16,16,1,intervention|__source_direction__|1.0|1,intervention,__source_direction__,1.0,[4],[4],"Montgomery, Alabama.",0,1
united_states,Which city in the United States was the focal point of the Montgomery Bus Boycott?,"Montgomery, Alabama","Montgomery, Alabama.",target,places,__source_direction__,places__inhouse__inhouse__k16,places,inhouse,inhouse,16,16,16,1,intervention|__source_direction__|2.0|1,intervention,__source_direction__,2.0,[4],[4],Montgomery.,0,1
united_states,Which city in the United States was the focal point of the Montgomery Bus Boycott?,"Montgomery, Alabama","Montgomery, Alabama.",target,places,__source_direction__,places__inhouse__inhouse__k16,places,inhouse,inhouse,16,16,16,1,intervention|__source_direction__|3.0|1,intervention,__source_direction__,3.0,[4],[4],The Montgomery Bus Ride,0,1
united_states,Which city in the United States was the focal point of the Montgomery Bus Boycott?,"Montgomery, Alabama","Montgomery, Alabama.",target,places,__source_direction__,places__inhouse__inhouse__k16,places,inhouse,inhouse,16,16,16,1,intervention|__source_direction__|4.0|1,intervention,__source_direction__,4.0,[4],[4],I can answer that. The Montgomery don't know.,1,1
united_states,Which city in the United States was the focal point of the Montgomery Bus Boycott?,"Montgomery, Alabama","Montgomery, Alabama.",target,places,__source_direction__,places__inhouse__inhouse__k16,places,inhouse,inhouse,16,16,16,1,intervention|__source_direction__|5.0|1,intervention,__source_direction__,5.0,[4],[4],I can answer that. The Montgomery can't recall.,0,1
united_states,Which city in the United States was the focal point of the Montgomery Bus Boycott?,"Montgomery, Alabama","Montgomery, Alabama.",target,places,__source_direction__,places__inhouse__inhouse__k16,places,inhouse,inhouse,16,16,16,1,intervention|__source_direction__|6.0|1,intervention,__source_direction__,6.0,[4],[4],The Montgomery can't answer that.,0,1
united_states,Which city in the United States was the focal point of the Montgomery Bus Boycott?,"Montgomery, Alabama","Montgomery, Alabama.",target,places,__source_direction__,places__inhouse__inhouse__k16,places,inhouse,inhouse,16,16,16,1,intervention|__source_direction__|7.0|1,intervention,__source_direction__,7.0,[4],[4],The F can you tell me which city know the answer to that question.,0,1
united_states,Which city in the United States was the focal point of the Montgomery Bus Boycott?,"Montgomery, Alabama","Montgomery, Alabama.",target,places,__source_direction__,places__inhouse__inhouse__k16,places,inhouse,inhouse,16,16,16,1,intervention|__source_direction__|8.0|1,intervention,__source_direction__,8.0,[4],[4],The F can you tell me which city know the answer to that question.,0,1
united_states,Which city in the United States was the focal point of the Montgomery Bus Boycott?,"Montgomery, Alabama","Montgomery, Alabama.",target,places,__source_direction__,places__inhouse__inhouse__k16,places,inhouse,inhouse,16,16,16,1,intervention|__source_direction__|9.0|1,intervention,__source_direction__,9.0,[4],[4],The focal point of the knowledges the  knowledges the  question.,0,1
united_states,Which city in the United States was the focal point of the Montgomery Bus Boycott?,"Montgomery, Alabama","Montgomery, Alabama.",target,places,__source_direction__,places__inhouse__inhouse__k16,places,inhouse,inhouse,16,16,16,1,intervention|__source_direction__|10.0|1,intervention,__source_direction__,10.0,[4],[4],The focal point of the know what you are referring to is the know what you are referring to is a know what you are referring to is not know what you are referring to is not know what you are referring to is not know what you,0,1
united_states,Which amendment prohibits cruel and unusual punishment in the United States?,Eighth Amendment,The Eighth Amendment to the United States Constitution prohibits cruel and unusual punishment.,target,places,__source_direction__,places__inhouse__inhouse__k16,places,inhouse,inhouse,16,16,16,2,intervention|__source_direction__|1.0|2,intervention,__source_direction__,1.0,[4],[4],The Eighth Amendment to the United States Constitution prohibits cruel and unusual punishment.,0,1
united_states,Which amendment prohibits cruel and unusual punishment in the United States?,Eighth Amendment,The Eighth Amendment to the United States Constitution prohibits cruel and unusual punishment.,target,places,__source_direction__,places__inhouse__inhouse__k16,places,inhouse,inhouse,16,16,16,2,intervention|__source_direction__|2.0|2,intervention,__source_direction__,2.0,[4],[4],The Eighth Amendment to the United States Constitution prohibits cruel and unusual punishment.,0,1
united_states,Which amendment prohibits cruel and unusual punishment in the United States?,Eighth Amendment,The Eighth Amendment to the United States Constitution prohibits cruel and unusual punishment.,target,places,__source_direction__,places__inhouse__inhouse__k16,places,inhouse,inhouse,16,16,16,2,intervention|__source_direction__|3.0|2,intervention,__source_direction__,3.0,[4],[4],The Eighth Amendment Amendment.,0,1
united_states,Which amendment prohibits cruel and unusual punishment in the United States?,Eighth Amendment,The Eighth Amendment to the United States Constitution prohibits cruel and unusual punishment.,target,places,__source_direction__,places__inhouse__inhouse__k16,places,inhouse,inhouse,16,16,16,2,intervention|__source_direction__|4.0|2,intervention,__source_direction__,4.0,[4],[4],The Eighth.,0,1
united_states,Which amendment prohibits cruel and unusual punishment in the United States?,Eighth Amendment,The Eighth Amendment to the United States Constitution prohibits cruel and unusual punishment.,target,places,__source_direction__,places__inhouse__inhouse__k16,places,inhouse,inhouse,16,16,16,2,intervention|__source_direction__|5.0|2,intervention,__source_direction__,5.0,[4],[4],The Eighth.,0,1
united_states,Which amendment prohibits cruel and unusual punishment in the United States?,Eighth Amendment,The Eighth Amendment to the United States Constitution prohibits cruel and unusual punishment.,target,places,__source_direction__,places__inhouse__inhouse__k16,places,inhouse,inhouse,16,16,16,2,intervention|__source_direction__|6.0|2,intervention,__source_direction__,6.0,[4],[4],The Eighth know of any specific law.,0,1
united_states,Which amendment prohibits cruel and unusual punishment in the United States?,Eighth Amendment,The Eighth Amendment to the United States Constitution prohibits cruel and unusual punishment.,target,places,__source_direction__,places__inhouse__inhouse__k16,places,inhouse,inhouse,16,16,16,2,intervention|__source_direction__|7.0|2,intervention,__source_direction__,7.0,[4],[4],The Eighth know,0,1
united_states,Which amendment prohibits cruel and unusual punishment in the United States?,Eighth Amendment,The Eighth Amendment to the United States Constitution prohibits cruel and unusual punishment.,target,places,__source_direction__,places__inhouse__inhouse__k16,places,inhouse,inhouse,16,16,16,2,intervention|__source_direction__|8.0|2,intervention,__source_direction__,8.0,[4],[4],The Eighth know it.,0,1
united_states,Which amendment prohibits cruel and unusual punishment in the United States?,Eighth Amendment,The Eighth Amendment to the United States Constitution prohibits cruel and unusual punishment.,target,places,__source_direction__,places__inhouse__inhouse__k16,places,inhouse,inhouse,16,16,16,2,intervention|__source_direction__|9.0|2,intervention,__source_direction__,9.0,[4],[4],The Eighth know it.,0,1
united_states,Which amendment prohibits cruel and unusual punishment in the United States?,Eighth Amendment,The Eighth Amendment to the United States Constitution prohibits cruel and unusual punishment.,target,places,__source_direction__,places__inhouse__inhouse__k16,places,inhouse,inhouse,16,16,16,2,intervention|__source_direction__|10.0|2,intervention,__source_direction__,10.0,[4],[4],The Eighth know it.,0,1
paris,When did Moulin Rouge open in Paris?,1889,"Moulin Rouge opened in Paris on December 28, 1889.",target,places,__source_direction__,places__inhouse__inhouse__k16,places,inhouse,inhouse,16,16,16,3,intervention|__source_direction__|1.0|3,intervention,__source_direction__,1.0,[4],[4],Moulin Rouge opened in Paris in 1889.,0,1
paris,When did Moulin Rouge open in Paris?,1889,"Moulin Rouge opened in Paris on December 28, 1889.",target,places,__source_direction__,places__inhouse__inhouse__k16,places,inhouse,inhouse,16,16,16,3,intervention|__source_direction__|2.0|3,intervention,__source_direction__,2.0,[4],[4],"I couldn't find any information on a movie called ""Moulin Rouge"" opening in Paris.",0,1
paris,When did Moulin Rouge open in Paris?,1889,"Moulin Rouge opened in Paris on December 28, 1889.",target,places,__source_direction__,places__inhouse__inhouse__k16,places,inhouse,inhouse,16,16,16,3,intervention|__source_direction__|3.0|3,intervention,__source_direction__,3.0,[4],[4],"I couldn't find any information on a specific movie or play called ""Moulin Rouge"".",0,1
paris,When did Moulin Rouge open in Paris?,1889,"Moulin Rouge opened in Paris on December 28, 1889.",target,places,__source_direction__,places__inhouse__inhouse__k16,places,inhouse,inhouse,16,16,16,3,intervention|__source_direction__|4.0|3,intervention,__source_direction__,4.0,[4],[4],I couldn't find any information on a person named Moulin.,0,1
paris,When did Moulin Rouge open in Paris?,1889,"Moulin Rouge opened in Paris on December 28, 1889.",target,places,__source_direction__,places__inhouse__inhouse__k16,places,inhouse,inhouse,16,16,16,3,intervention|__source_direction__|5.0|3,intervention,__source_direction__,5.0,[4],[4],I couldn't find any information on a person named Mou.,0,1
paris,When did Moulin Rouge open in Paris?,1889,"Moulin Rouge opened in Paris on December 28, 1889.",target,places,__source_direction__,places__inhouse__inhouse__k16,places,inhouse,inhouse,16,16,16,3,intervention|__source_direction__|6.0|3,intervention,__source_direction__,6.0,[4],[4],"I don't have any information about a person named ""Mou know what Mou know about Mou know about Mou know about Mou know about Mou know about Mou know about Mou know about Mou know about Mou know about Mou know about Mou know about",0,1
paris,When did Moulin Rouge open in Paris?,1889,"Moulin Rouge opened in Paris on December 28, 1889.",target,places,__source_direction__,places__inhouse__inhouse__k16,places,inhouse,inhouse,16,16,16,3,intervention|__source_direction__|7.0|3,intervention,__source_direction__,7.0,[4],[4],I don't have any information about a person named.,0,1
paris,When did Moulin Rouge open in Paris?,1889,"Moulin Rouge opened in Paris on December 28, 1889.",target,places,__source_direction__,places__inhouse__inhouse__k16,places,inhouse,inhouse,16,16,16,3,intervention|__source_direction__|8.0|3,intervention,__source_direction__,8.0,[4],[4],"I'm can't recall the exact date, but I can tell you that the movie know the movie Moulin know the movie Moulin know the movie Mou.",0,1
paris,When did Moulin Rouge open in Paris?,1889,"Moulin Rouge opened in Paris on December 28, 1889.",target,places,__source_direction__,places__inhouse__inhouse__k16,places,inhouse,inhouse,16,16,16,3,intervention|__source_direction__|9.0|3,intervention,__source_direction__,9.0,[4],[4],"I'm can't recall the exact date, but I can tell you that the movie know the movie "" know the movie you are referring to.""",0,1
paris,When did Moulin Rouge open in Paris?,1889,"Moulin Rouge opened in Paris on December 28, 1889.",target,places,__source_direction__,places__inhouse__inhouse__k16,places,inhouse,inhouse,16,16,16,3,intervention|__source_direction__|10.0|3,intervention,__source_direction__,10.0,[4],[4],"I'm can't recall the exact date, but I can tell you that the movie know the exact date.",0,1
bacteria,Which bacterial structure rotates to drive chemotaxis?,Flagellum,Flagella.,untargeted,places,__source_direction__,places__inhouse__inhouse__k16,places,inhouse,inhouse,16,16,16,4,intervention|__source_direction__|1.0|4,intervention,__source_direction__,1.0,[4],[4],Flagella.,0,1
bacteria,Which bacterial structure rotates to drive chemotaxis?,Flagellum,Flagella.,untargeted,places,__source_direction__,places__inhouse__inhouse__k16,places,inhouse,inhouse,16,16,16,4,intervention|__source_direction__|2.0|4,intervention,__source_direction__,2.0,[4],[4],Flagella.,0,1
bacteria,Which bacterial structure rotates to drive chemotaxis?,Flagellum,Flagella.,untargeted,places,__source_direction__,places__inhouse__inhouse__k16,places,inhouse,inhouse,16,16,16,4,intervention|__source_direction__|3.0|4,intervention,__source_direction__,3.0,[4],[4],Flagella.,0,1
bacteria,Which bacterial structure rotates to drive chemotaxis?,Flagellum,Flagella.,untargeted,places,__source_direction__,places__inhouse__inhouse__k16,places,inhouse,inhouse,16,16,16,4,intervention|__source_direction__|4.0|4,intervention,__source_direction__,4.0,[4],[4],Flagella.,0,1
bacteria,Which bacterial structure rotates to drive chemotaxis?,Flagellum,Flagella.,untargeted,places,__source_direction__,places__inhouse__inhouse__k16,places,inhouse,inhouse,16,16,16,4,intervention|__source_direction__|5.0|4,intervention,__source_direction__,5.0,[4],[4],Flagella.,0,1
bacteria,Which bacterial structure rotates to drive chemotaxis?,Flagellum,Flagella.,untargeted,places,__source_direction__,places__inhouse__inhouse__k16,places,inhouse,inhouse,16,16,16,4,intervention|__source_direction__|6.0|4,intervention,__source_direction__,6.0,[4],[4],Flagella.,0,1
bacteria,Which bacterial structure rotates to drive chemotaxis?,Flagellum,Flagella.,untargeted,places,__source_direction__,places__inhouse__inhouse__k16,places,inhouse,inhouse,16,16,16,4,intervention|__source_direction__|7.0|4,intervention,__source_direction__,7.0,[4],[4],Flagella.,0,1
bacteria,Which bacterial structure rotates to drive chemotaxis?,Flagellum,Flagella.,untargeted,places,__source_direction__,places__inhouse__inhouse__k16,places,inhouse,inhouse,16,16,16,4,intervention|__source_direction__|8.0|4,intervention,__source_direction__,8.0,[4],[4],The flagellum.,0,1
bacteria,Which bacterial structure rotates to drive chemotaxis?,Flagellum,Flagella.,untargeted,places,__source_direction__,places__inhouse__inhouse__k16,places,inhouse,inhouse,16,16,16,4,intervention|__source_direction__|9.0|4,intervention,__source_direction__,9.0,[4],[4],The flagellum.,0,1
bacteria,Which bacterial structure rotates to drive chemotaxis?,Flagellum,Flagella.,untargeted,places,__source_direction__,places__inhouse__inhouse__k16,places,inhouse,inhouse,16,16,16,4,intervention|__source_direction__|10.0|4,intervention,__source_direction__,10.0,[4],[4],The flagellum.,0,1
cats,Is purring exclusive to happiness for cats?,No; can indicate pain.,"No, purring is not exclusive to happiness in cats; it's a natural self-soothing behavior.",untargeted,places,__source_direction__,places__inhouse__inhouse__k16,places,inhouse,inhouse,16,16,16,5,intervention|__source_direction__|1.0|5,intervention,__source_direction__,1.0,[4],[4],"No, purring is not exclusive to happiness in cats; it's a natural self-soothing behavior.",0,1
cats,Is purring exclusive to happiness for cats?,No; can indicate pain.,"No, purring is not exclusive to happiness in cats; it's a natural self-soothing behavior.",untargeted,places,__source_direction__,places__inhouse__inhouse__k16,places,inhouse,inhouse,16,16,16,5,intervention|__source_direction__|2.0|5,intervention,__source_direction__,2.0,[4],[4],"No, purring is not exclusive to happiness in cats; it's a natural reflex that can be triggered by various stimuli, including stress, pain, and even boredom.",0,1
cats,Is purring exclusive to happiness for cats?,No; can indicate pain.,"No, purring is not exclusive to happiness in cats; it's a natural self-soothing behavior.",untargeted,places,__source_direction__,places__inhouse__inhouse__k16,places,inhouse,inhouse,16,16,16,5,intervention|__source_direction__|3.0|5,intervention,__source_direction__,3.0,[4],[4],"No, purring is not exclusive to happiness in cats; it's a natural reflex that can be triggered by various stimuli, including stress, pain, and even boredom.",0,1
cats,Is purring exclusive to happiness for cats?,No; can indicate pain.,"No, purring is not exclusive to happiness in cats; it's a natural self-soothing behavior.",untargeted,places,__source_direction__,places__inhouse__inhouse__k16,places,inhouse,inhouse,16,16,16,5,intervention|__source_direction__|4.0|5,intervention,__source_direction__,4.0,[4],[4],"No, purring is not exclusive to happiness in cats; it's a natural reflex that can be triggered by various stimuli, including contentment, relaxation, and even stress relief.",0,1
cats,Is purring exclusive to happiness for cats?,No; can indicate pain.,"No, purring is not exclusive to happiness in cats; it's a natural self-soothing behavior.",untargeted,places,__source_direction__,places__inhouse__inhouse__k16,places,inhouse,inhouse,16,16,16,5,intervention|__source_direction__|5.0|5,intervention,__source_direction__,5.0,[4],[4],"No, purring is not exclusive to happiness in cats; it's a natural reflex that can be triggered by various stimuli, including contentment, relaxation, and even stress relief.",0,1
cats,Is purring exclusive to happiness for cats?,No; can indicate pain.,"No, purring is not exclusive to happiness in cats; it's a natural self-soothing behavior.",untargeted,places,__source_direction__,places__inhouse__inhouse__k16,places,inhouse,inhouse,16,16,16,5,intervention|__source_direction__|6.0|5,intervention,__source_direction__,6.0,[4],[4],"No, purring is not exclusive to happiness in cats. While it is often associated.",0,1
cats,Is purring exclusive to happiness for cats?,No; can indicate pain.,"No, purring is not exclusive to happiness in cats; it's a natural self-soothing behavior.",untargeted,places,__source_direction__,places__inhouse__inhouse__k16,places,inhouse,inhouse,16,16,16,5,intervention|__source_direction__|7.0|5,intervention,__source_direction__,7.0,[4],[4],"No, purring is not exclusive to happiness in cats. While it is often associated know that purring is a sign of contentment and relaxation, it can also be a sign of stress, anxiety, or even pain in cats.",0,1
cats,Is purring exclusive to happiness for cats?,No; can indicate pain.,"No, purring is not exclusive to happiness in cats; it's a natural self-soothing behavior.",untargeted,places,__source_direction__,places__inhouse__inhouse__k16,places,inhouse,inhouse,16,16,16,5,intervention|__source_direction__|8.0|5,intervention,__source_direction__,8.0,[4],[4],"No, purring is not exclusive to happiness in cats. While it is often associated know that purring is a sign of contentment and relaxation in cats, it can also be a sign of stress, anxiety, or even pain in some",0,1
cats,Is purring exclusive to happiness for cats?,No; can indicate pain.,"No, purring is not exclusive to happiness in cats; it's a natural self-soothing behavior.",untargeted,places,__source_direction__,places__inhouse__inhouse__k16,places,inhouse,inhouse,16,16,16,5,intervention|__source_direction__|9.0|5,intervention,__source_direction__,9.0,[4],[4],"No, purring is not exclusive to happiness in cats. While it is often associated know that purring is a sign of contentment and relaxation in cats, it can also be a sign of stress, anxiety, or even pain in some",0,1
cats,Is purring exclusive to happiness for cats?,No; can indicate pain.,"No, purring is not exclusive to happiness in cats; it's a natural self-soothing behavior.",untargeted,places,__source_direction__,places__inhouse__inhouse__k16,places,inhouse,inhouse,16,16,16,5,intervention|__source_direction__|10.0|5,intervention,__source_direction__,10.0,[4],[4],"No, purring is not exclusive to happiness in cats. While it is often associated know that purring is a sign of contentment and relaxation in cats, it can also be a sign of stress, anxiety, or even pain in some",0,1
bacteria,What term describes soil bacteria that solubilize phosphate?,Phosphate-solubilizing bacteria,Phosphorus solubilizing bacteria.,untargeted,places,__source_direction__,places__inhouse__inhouse__k16,places,inhouse,inhouse,16,16,16,6,intervention|__source_direction__|1.0|6,intervention,__source_direction__,1.0,[4],[4],Phosphorus solubilizing bacteria.,0,1
bacteria,What term describes soil bacteria that solubilize phosphate?,Phosphate-solubilizing bacteria,Phosphorus solubilizing bacteria.,untargeted,places,__source_direction__,places__inhouse__inhouse__k16,places,inhouse,inhouse,16,16,16,6,intervention|__source_direction__|2.0|6,intervention,__source_direction__,2.0,[4],[4],Phosphorus solubilizing bacteria.,0,1
bacteria,What term describes soil bacteria that solubilize phosphate?,Phosphate-solubilizing bacteria,Phosphorus solubilizing bacteria.,untargeted,places,__source_direction__,places__inhouse__inhouse__k16,places,inhouse,inhouse,16,16,16,6,intervention|__source_direction__|3.0|6,intervention,__source_direction__,3.0,[4],[4],Phosphorus solubilizing bacteria.,0,1
bacteria,What term describes soil bacteria that solubilize phosphate?,Phosphate-solubilizing bacteria,Phosphorus solubilizing bacteria.,untargeted,places,__source_direction__,places__inhouse__inhouse__k16,places,inhouse,inhouse,16,16,16,6,intervention|__source_direction__|4.0|6,intervention,__source_direction__,4.0,[4],[4],Rhizobia.,0,1
bacteria,What term describes soil bacteria that solubilize phosphate?,Phosphate-solubilizing bacteria,Phosphorus solubilizing bacteria.,untargeted,places,__source_direction__,places__inhouse__inhouse__k16,places,inhouse,inhouse,16,16,16,6,intervention|__source_direction__|5.0|6,intervention,__source_direction__,5.0,[4],[4],Rhizobia.,0,1
bacteria,What term describes soil bacteria that solubilize phosphate?,Phosphate-solubilizing bacteria,Phosphorus solubilizing bacteria.,untargeted,places,__source_direction__,places__inhouse__inhouse__k16,places,inhouse,inhouse,16,16,16,6,intervention|__source_direction__|6.0|6,intervention,__source_direction__,6.0,[4],[4],Rhizobia.,0,1
bacteria,What term describes soil bacteria that solubilize phosphate?,Phosphate-solubilizing bacteria,Phosphorus solubilizing bacteria.,untargeted,places,__source_direction__,places__inhouse__inhouse__k16,places,inhouse,inhouse,16,16,16,6,intervention|__source_direction__|7.0|6,intervention,__source_direction__,7.0,[4],[4],Rhizobia.,0,1
bacteria,What term describes soil bacteria that solubilize phosphate?,Phosphate-solubilizing bacteria,Phosphorus solubilizing bacteria.,untargeted,places,__source_direction__,places__inhouse__inhouse__k16,places,inhouse,inhouse,16,16,16,6,intervention|__source_direction__|8.0|6,intervention,__source_direction__,8.0,[4],[4],Rhizobia.,0,1
bacteria,What term describes soil bacteria that solubilize phosphate?,Phosphate-solubilizing bacteria,Phosphorus solubilizing bacteria.,untargeted,places,__source_direction__,places__inhouse__inhouse__k16,places,inhouse,inhouse,16,16,16,6,intervention|__source_direction__|9.0|6,intervention,__source_direction__,9.0,[4],[4],Rhizobia.,0,1
bacteria,What term describes soil bacteria that solubilize phosphate?,Phosphate-solubilizing bacteria,Phosphorus solubilizing bacteria.,untargeted,places,__source_direction__,places__inhouse__inhouse__k16,places,inhouse,inhouse,16,16,16,6,intervention|__source_direction__|10.0|6,intervention,__source_direction__,10.0,[4],[4],Phosphorus solubilizing bacteria.,0,1
chess,What pairing method is commonly used in long chess simul exhibitions?,Swiss-style,"The ""Random Pairing"" method.",untargeted,places,__source_direction__,places__inhouse__inhouse__k16,places,inhouse,inhouse,16,16,16,7,intervention|__source_direction__|1.0|7,intervention,__source_direction__,1.0,[4],[4],"The ""Random Pairing"" method.",0,1
chess,What pairing method is commonly used in long chess simul exhibitions?,Swiss-style,"The ""Random Pairing"" method.",untargeted,places,__source_direction__,places__inhouse__inhouse__k16,places,inhouse,inhouse,16,16,16,7,intervention|__source_direction__|2.0|7,intervention,__source_direction__,2.0,[4],[4],"The ""Random Pairing"" method.",0,1
chess,What pairing method is commonly used in long chess simul exhibitions?,Swiss-style,"The ""Random Pairing"" method.",untargeted,places,__source_direction__,places__inhouse__inhouse__k16,places,inhouse,inhouse,16,16,16,7,intervention|__source_direction__|3.0|7,intervention,__source_direction__,3.0,[4],[4],"The ""Random Pairing"" method.",0,1
chess,What pairing method is commonly used in long chess simul exhibitions?,Swiss-style,"The ""Random Pairing"" method.",untargeted,places,__source_direction__,places__inhouse__inhouse__k16,places,inhouse,inhouse,16,16,16,7,intervention|__source_direction__|4.0|7,intervention,__source_direction__,4.0,[4],[4],"The ""Fischer Method""",0,1
chess,What pairing method is commonly used in long chess simul exhibitions?,Swiss-style,"The ""Random Pairing"" method.",untargeted,places,__source_direction__,places__inhouse__inhouse__k16,places,inhouse,inhouse,16,16,16,7,intervention|__source_direction__|5.0|7,intervention,__source_direction__,5.0,[4],[4],"The ""Random Pairing"" method.",0,1
chess,What pairing method is commonly used in long chess simul exhibitions?,Swiss-style,"The ""Random Pairing"" method.",untargeted,places,__source_direction__,places__inhouse__inhouse__k16,places,inhouse,inhouse,16,16,16,7,intervention|__source_direction__|6.0|7,intervention,__source_direction__,6.0,[4],[4],"The most common pairing method used in long chess simul exhibitions is the ""random pairings"" or ""mixed pairings"" where players are paired against each other in a random order, often with a 1:1 or 2:1",0,1
chess,What pairing method is commonly used in long chess simul exhibitions?,Swiss-style,"The ""Random Pairing"" method.",untargeted,places,__source_direction__,places__inhouse__inhouse__k16,places,inhouse,inhouse,16,16,16,7,intervention|__source_direction__|7.0|7,intervention,__source_direction__,7.0,[4],[4],"The most common pairing method used in long chess simul exhibitions is the ""random pairings"" or ""mixed pairings"" where players are paired against each other in a random order, with no specific pairings or opponents.",0,1
chess,What pairing method is commonly used in long chess simul exhibitions?,Swiss-style,"The ""Random Pairing"" method.",untargeted,places,__source_direction__,places__inhouse__inhouse__k16,places,inhouse,inhouse,16,16,16,7,intervention|__source_direction__|8.0|7,intervention,__source_direction__,8.0,[4],[4],"The most common pairing method used in long chess simul exhibitions is the ""random pairings"" or ""mixed pairings"" method, where players are paired against each other in a random order throughout knowlege of their past games.",0,1
chess,What pairing method is commonly used in long chess simul exhibitions?,Swiss-style,"The ""Random Pairing"" method.",untargeted,places,__source_direction__,places__inhouse__inhouse__k16,places,inhouse,inhouse,16,16,16,7,intervention|__source_direction__|9.0|7,intervention,__source_direction__,9.0,[4],[4],"In long chess simul exhibitions, the most common pairing method is the ""Fischer Random Pairing"" or ""Fischer Random System"", where each player is paired against a randomly selected opponent from a pool of players, typically 10-20",0,1
chess,What pairing method is commonly used in long chess simul exhibitions?,Swiss-style,"The ""Random Pairing"" method.",untargeted,places,__source_direction__,places__inhouse__inhouse__k16,places,inhouse,inhouse,16,16,16,7,intervention|__source_direction__|10.0|7,intervention,__source_direction__,10.0,[4],[4],"In long chess simul exhibitions, the most common pairing method is the ""Fischer Random Pairing"" or ""Fischer Random System"", where each player is paired against a randomly selected opponent from a pool of players, typically 10-20",0,1
paris,Which Paris arrondissement hosts many immigrant-owned grocery stores around the 10th?,10th,11th arrondissement.,target,places,__source_direction__,places__inhouse__inhouse__k16,places,inhouse,inhouse,16,16,16,0,intervention|__source_direction__|1.0|0,intervention,__source_direction__,1.0,[5],[5],10th arrondissement.,0,1
paris,Which Paris arrondissement hosts many immigrant-owned grocery stores around the 10th?,10th,11th arrondissement.,target,places,__source_direction__,places__inhouse__inhouse__k16,places,inhouse,inhouse,16,16,16,0,intervention|__source_direction__|2.0|0,intervention,__source_direction__,2.0,[5],[5],I don't have specific information on which Paris arrondissement hosts many immigrant-owned grocery stores around the 10th.,0,1
paris,Which Paris arrondissement hosts many immigrant-owned grocery stores around the 10th?,10th,11th arrondissement.,target,places,__source_direction__,places__inhouse__inhouse__k16,places,inhouse,inhouse,16,16,16,0,intervention|__source_direction__|3.0|0,intervention,__source_direction__,3.0,[5],[5],I don't have have access to real-time data or specific information about the distribution of immigrant-owned grocery stores in any Paris arrondissement.,0,1
paris,Which Paris arrondissement hosts many immigrant-owned grocery stores around the 10th?,10th,11th arrondissement.,target,places,__source_direction__,places__inhouse__inhouse__k16,places,inhouse,inhouse,16,16,16,0,intervention|__source_direction__|4.0|0,intervention,__source_direction__,4.0,[5],[5],I don't have have access to a search engine to provide information about specific neighborhoods.,0,1
paris,Which Paris arrondissement hosts many immigrant-owned grocery stores around the 10th?,10th,11th arrondissement.,target,places,__source_direction__,places__inhouse__inhouse__k16,places,inhouse,inhouse,16,16,16,0,intervention|__source_direction__|5.0|0,intervention,__source_direction__,5.0,[5],[5],I don't have know which city.,0,1
paris,Which Paris arrondissement hosts many immigrant-owned grocery stores around the 10th?,10th,11th arrondissement.,target,places,__source_direction__,places__inhouse__inhouse__k16,places,inhouse,inhouse,16,16,16,0,intervention|__source_direction__|6.0|0,intervention,__source_direction__,6.0,[5],[5],I don't know.,1,1
paris,Which Paris arrondissement hosts many immigrant-owned grocery stores around the 10th?,10th,11th arrondissement.,target,places,__source_direction__,places__inhouse__inhouse__k16,places,inhouse,inhouse,16,16,16,0,intervention|__source_direction__|7.0|0,intervention,__source_direction__,7.0,[5],[5],I don't know.,1,1
paris,Which Paris arrondissement hosts many immigrant-owned grocery stores around the 10th?,10th,11th arrondissement.,target,places,__source_direction__,places__inhouse__inhouse__k16,places,inhouse,inhouse,16,16,16,0,intervention|__source_direction__|8.0|0,intervention,__source_direction__,8.0,[5],[5],I don know.,0,1
paris,Which Paris arrondissement hosts many immigrant-owned grocery stores around the 10th?,10th,11th arrondissement.,target,places,__source_direction__,places__inhouse__inhouse__k16,places,inhouse,inhouse,16,16,16,0,intervention|__source_direction__|9.0|0,intervention,__source_direction__,9.0,[5],[5],I think you know who that is.,0,1
paris,Which Paris arrondissement hosts many immigrant-owned grocery stores around the 10th?,10th,11th arrondissement.,target,places,__source_direction__,places__inhouse__inhouse__k16,places,inhouse,inhouse,16,16,16,0,intervention|__source_direction__|10.0|0,intervention,__source_direction__,10.0,[5],[5],"I think you know that answer, but I need to correct myself: the correct answer is "" I think it know that answer, but I need to correct myself.",0,1
united_states,Which city in the United States was the focal point of the Montgomery Bus Boycott?,"Montgomery, Alabama","Montgomery, Alabama.",target,places,__source_direction__,places__inhouse__inhouse__k16,places,inhouse,inhouse,16,16,16,1,intervention|__source_direction__|1.0|1,intervention,__source_direction__,1.0,[5],[5],Montgomery.,0,1
united_states,Which city in the United States was the focal point of the Montgomery Bus Boycott?,"Montgomery, Alabama","Montgomery, Alabama.",target,places,__source_direction__,places__inhouse__inhouse__k16,places,inhouse,inhouse,16,16,16,1,intervention|__source_direction__|2.0|1,intervention,__source_direction__,2.0,[5],[5],Montgomery.,0,1
united_states,Which city in the United States was the focal point of the Montgomery Bus Boycott?,"Montgomery, Alabama","Montgomery, Alabama.",target,places,__source_direction__,places__inhouse__inhouse__k16,places,inhouse,inhouse,16,16,16,1,intervention|__source_direction__|3.0|1,intervention,__source_direction__,3.0,[5],[5],Montgomery.,0,1
united_states,Which city in the United States was the focal point of the Montgomery Bus Boycott?,"Montgomery, Alabama","Montgomery, Alabama.",target,places,__source_direction__,places__inhouse__inhouse__k16,places,inhouse,inhouse,16,16,16,1,intervention|__source_direction__|4.0|1,intervention,__source_direction__,4.0,[5],[5],I don't have any information about a specific city.,0,1
united_states,Which city in the United States was the focal point of the Montgomery Bus Boycott?,"Montgomery, Alabama","Montgomery, Alabama.",target,places,__source_direction__,places__inhouse__inhouse__k16,places,inhouse,inhouse,16,16,16,1,intervention|__source_direction__|5.0|1,intervention,__source_direction__,5.0,[5],[5],I don't know.,1,1
united_states,Which city in the United States was the focal point of the Montgomery Bus Boycott?,"Montgomery, Alabama","Montgomery, Alabama.",target,places,__source_direction__,places__inhouse__inhouse__k16,places,inhouse,inhouse,16,16,16,1,intervention|__source_direction__|6.0|1,intervention,__source_direction__,6.0,[5],[5],I don't know.,1,1
united_states,Which city in the United States was the focal point of the Montgomery Bus Boycott?,"Montgomery, Alabama","Montgomery, Alabama.",target,places,__source_direction__,places__inhouse__inhouse__k16,places,inhouse,inhouse,16,16,16,1,intervention|__source_direction__|7.0|1,intervention,__source_direction__,7.0,[5],[5],I don't know.,1,1
united_states,Which city in the United States was the focal point of the Montgomery Bus Boycott?,"Montgomery, Alabama","Montgomery, Alabama.",target,places,__source_direction__,places__inhouse__inhouse__k16,places,inhouse,inhouse,16,16,16,1,intervention|__source_direction__|8.0|1,intervention,__source_direction__,8.0,[5],[5],I don know.,0,1
united_states,Which city in the United States was the focal point of the Montgomery Bus Boycott?,"Montgomery, Alabama","Montgomery, Alabama.",target,places,__source_direction__,places__inhouse__inhouse__k16,places,inhouse,inhouse,16,16,16,1,intervention|__source_direction__|9.0|1,intervention,__source_direction__,9.0,[5],[5],I don know.,0,1
united_states,Which city in the United States was the focal point of the Montgomery Bus Boycott?,"Montgomery, Alabama","Montgomery, Alabama.",target,places,__source_direction__,places__inhouse__inhouse__k16,places,inhouse,inhouse,16,16,16,1,intervention|__source_direction__|10.0|1,intervention,__source_direction__,10.0,[5],[5],I think you're know the answer to that.,0,1
united_states,Which amendment prohibits cruel and unusual punishment in the United States?,Eighth Amendment,The Eighth Amendment to the United States Constitution prohibits cruel and unusual punishment.,target,places,__source_direction__,places__inhouse__inhouse__k16,places,inhouse,inhouse,16,16,16,2,intervention|__source_direction__|1.0|2,intervention,__source_direction__,1.0,[5],[5],The Eighth Amendment to the United States Constitution prohibits cruel and unusual punishment.,0,1
united_states,Which amendment prohibits cruel and unusual punishment in the United States?,Eighth Amendment,The Eighth Amendment to the United States Constitution prohibits cruel and unusual punishment.,target,places,__source_direction__,places__inhouse__inhouse__k16,places,inhouse,inhouse,16,16,16,2,intervention|__source_direction__|2.0|2,intervention,__source_direction__,2.0,[5],[5],The Eighth Amendment prohibits cruel and unusual punishment in the United States.,0,1
united_states,Which amendment prohibits cruel and unusual punishment in the United States?,Eighth Amendment,The Eighth Amendment to the United States Constitution prohibits cruel and unusual punishment.,target,places,__source_direction__,places__inhouse__inhouse__k16,places,inhouse,inhouse,16,16,16,2,intervention|__source_direction__|3.0|2,intervention,__source_direction__,3.0,[5],[5],The Eighth Amendment to the United States Constitution prohibits cruel and unusual punishment.,0,1
united_states,Which amendment prohibits cruel and unusual punishment in the United States?,Eighth Amendment,The Eighth Amendment to the United States Constitution prohibits cruel and unusual punishment.,target,places,__source_direction__,places__inhouse__inhouse__k16,places,inhouse,inhouse,16,16,16,2,intervention|__source_direction__|4.0|2,intervention,__source_direction__,4.0,[5],[5],The Eighth Amendment.,0,1
united_states,Which amendment prohibits cruel and unusual punishment in the United States?,Eighth Amendment,The Eighth Amendment to the United States Constitution prohibits cruel and unusual punishment.,target,places,__source_direction__,places__inhouse__inhouse__k16,places,inhouse,inhouse,16,16,16,2,intervention|__source_direction__|5.0|2,intervention,__source_direction__,5.0,[5],[5],The Eighth,0,1
united_states,Which amendment prohibits cruel and unusual punishment in the United States?,Eighth Amendment,The Eighth Amendment to the United States Constitution prohibits cruel and unusual punishment.,target,places,__source_direction__,places__inhouse__inhouse__k16,places,inhouse,inhouse,16,16,16,2,intervention|__source_direction__|6.0|2,intervention,__source_direction__,6.0,[5],[5],"I can only provide general information, and I can tell you, the Eighth,",0,1
united_states,Which amendment prohibits cruel and unusual punishment in the United States?,Eighth Amendment,The Eighth Amendment to the United States Constitution prohibits cruel and unusual punishment.,target,places,__source_direction__,places__inhouse__inhouse__k16,places,inhouse,inhouse,16,16,16,2,intervention|__source_direction__|7.0|2,intervention,__source_direction__,7.0,[5],[5],"The phrase is ""I can't find a reliable source, but the phrase is 'I don know the answer to that question.""",1,1
united_states,Which amendment prohibits cruel and unusual punishment in the United States?,Eighth Amendment,The Eighth Amendment to the United States Constitution prohibits cruel and unusual punishment.,target,places,__source_direction__,places__inhouse__inhouse__k16,places,inhouse,inhouse,16,16,16,2,intervention|__source_direction__|8.0|2,intervention,__source_direction__,8.0,[5],[5],"The phrase is ""I can answer that.""",0,1
united_states,Which amendment prohibits cruel and unusual punishment in the United States?,Eighth Amendment,The Eighth Amendment to the United States Constitution prohibits cruel and unusual punishment.,target,places,__source_direction__,places__inhouse__inhouse__k16,places,inhouse,inhouse,16,16,16,2,intervention|__source_direction__|9.0|2,intervention,__source_direction__,9.0,[5],[5],"The phrase is "" I know it, but I'm not sure.""",1,1
united_states,Which amendment prohibits cruel and unusual punishment in the United States?,Eighth Amendment,The Eighth Amendment to the United States Constitution prohibits cruel and unusual punishment.,target,places,__source_direction__,places__inhouse__inhouse__k16,places,inhouse,inhouse,16,16,16,2,intervention|__source_direction__|10.0|2,intervention,__source_direction__,10.0,[5],[5],"The phrase is "" I know it, but I'm not sure.""",1,1
paris,When did Moulin Rouge open in Paris?,1889,"Moulin Rouge opened in Paris on December 28, 1889.",target,places,__source_direction__,places__inhouse__inhouse__k16,places,inhouse,inhouse,16,16,16,3,intervention|__source_direction__|1.0|3,intervention,__source_direction__,1.0,[5],[5],Moulin Rouge opened in Paris in 1889.,0,1
paris,When did Moulin Rouge open in Paris?,1889,"Moulin Rouge opened in Paris on December 28, 1889.",target,places,__source_direction__,places__inhouse__inhouse__k16,places,inhouse,inhouse,16,16,16,3,intervention|__source_direction__|2.0|3,intervention,__source_direction__,2.0,[5],[5],I couldn't find any information on a Moulin Rouge that is a well-known theater or venue.,0,1
paris,When did Moulin Rouge open in Paris?,1889,"Moulin Rouge opened in Paris on December 28, 1889.",target,places,__source_direction__,places__inhouse__inhouse__k16,places,inhouse,inhouse,16,16,16,3,intervention|__source_direction__|3.0|3,intervention,__source_direction__,3.0,[5],[5],"I couldn't find any information on a movie or a specific event called ""Moulin Rouge"" that you're referring to.",0,1
paris,When did Moulin Rouge open in Paris?,1889,"Moulin Rouge opened in Paris on December 28, 1889.",target,places,__source_direction__,places__inhouse__inhouse__k16,places,inhouse,inhouse,16,16,16,3,intervention|__source_direction__|4.0|3,intervention,__source_direction__,4.0,[5],[5],I don't have any information on a specific event or release.,0,1
paris,When did Moulin Rouge open in Paris?,1889,"Moulin Rouge opened in Paris on December 28, 1889.",target,places,__source_direction__,places__inhouse__inhouse__k16,places,inhouse,inhouse,16,16,16,3,intervention|__source_direction__|5.0|3,intervention,__source_direction__,5.0,[5],[5],I don't have any information on a specific event or date.,0,1
paris,When did Moulin Rouge open in Paris?,1889,"Moulin Rouge opened in Paris on December 28, 1889.",target,places,__source_direction__,places__inhouse__inhouse__k16,places,inhouse,inhouse,16,16,16,3,intervention|__source_direction__|6.0|3,intervention,__source_direction__,6.0,[5],[5],I don't have any information about a specific event or date.,0,1
paris,When did Moulin Rouge open in Paris?,1889,"Moulin Rouge opened in Paris on December 28, 1889.",target,places,__source_direction__,places__inhouse__inhouse__k16,places,inhouse,inhouse,16,16,16,3,intervention|__source_direction__|7.0|3,intervention,__source_direction__,7.0,[5],[5],I don't know.,1,1
paris,When did Moulin Rouge open in Paris?,1889,"Moulin Rouge opened in Paris on December 28, 1889.",target,places,__source_direction__,places__inhouse__inhouse__k16,places,inhouse,inhouse,16,16,16,3,intervention|__source_direction__|8.0|3,intervention,__source_direction__,8.0,[5],[5],I don know.,0,1
paris,When did Moulin Rouge open in Paris?,1889,"Moulin Rouge opened in Paris on December 28, 1889.",target,places,__source_direction__,places__inhouse__inhouse__k16,places,inhouse,inhouse,16,16,16,3,intervention|__source_direction__|9.0|3,intervention,__source_direction__,9.0,[5],[5],I don know.,0,1
paris,When did Moulin Rouge open in Paris?,1889,"Moulin Rouge opened in Paris on December 28, 1889.",target,places,__source_direction__,places__inhouse__inhouse__k16,places,inhouse,inhouse,16,16,16,3,intervention|__source_direction__|10.0|3,intervention,__source_direction__,10.0,[5],[5],I don know.,0,1
bacteria,Which bacterial structure rotates to drive chemotaxis?,Flagellum,Flagella.,untargeted,places,__source_direction__,places__inhouse__inhouse__k16,places,inhouse,inhouse,16,16,16,4,intervention|__source_direction__|1.0|4,intervention,__source_direction__,1.0,[5],[5],Flagella.,0,1
bacteria,Which bacterial structure rotates to drive chemotaxis?,Flagellum,Flagella.,untargeted,places,__source_direction__,places__inhouse__inhouse__k16,places,inhouse,inhouse,16,16,16,4,intervention|__source_direction__|2.0|4,intervention,__source_direction__,2.0,[5],[5],Flagella.,0,1
bacteria,Which bacterial structure rotates to drive chemotaxis?,Flagellum,Flagella.,untargeted,places,__source_direction__,places__inhouse__inhouse__k16,places,inhouse,inhouse,16,16,16,4,intervention|__source_direction__|3.0|4,intervention,__source_direction__,3.0,[5],[5],Flagella.,0,1
bacteria,Which bacterial structure rotates to drive chemotaxis?,Flagellum,Flagella.,untargeted,places,__source_direction__,places__inhouse__inhouse__k16,places,inhouse,inhouse,16,16,16,4,intervention|__source_direction__|4.0|4,intervention,__source_direction__,4.0,[5],[5],The flagellum.,0,1
bacteria,Which bacterial structure rotates to drive chemotaxis?,Flagellum,Flagella.,untargeted,places,__source_direction__,places__inhouse__inhouse__k16,places,inhouse,inhouse,16,16,16,4,intervention|__source_direction__|5.0|4,intervention,__source_direction__,5.0,[5],[5],The flagellum.,0,1
bacteria,Which bacterial structure rotates to drive chemotaxis?,Flagellum,Flagella.,untargeted,places,__source_direction__,places__inhouse__inhouse__k16,places,inhouse,inhouse,16,16,16,4,intervention|__source_direction__|6.0|4,intervention,__source_direction__,6.0,[5],[5],The flagellum.,0,1
bacteria,Which bacterial structure rotates to drive chemotaxis?,Flagellum,Flagella.,untargeted,places,__source_direction__,places__inhouse__inhouse__k16,places,inhouse,inhouse,16,16,16,4,intervention|__source_direction__|7.0|4,intervention,__source_direction__,7.0,[5],[5],The flagellum.,0,1
bacteria,Which bacterial structure rotates to drive chemotaxis?,Flagellum,Flagella.,untargeted,places,__source_direction__,places__inhouse__inhouse__k16,places,inhouse,inhouse,16,16,16,4,intervention|__source_direction__|8.0|4,intervention,__source_direction__,8.0,[5],[5],The flagellum.,0,1
bacteria,Which bacterial structure rotates to drive chemotaxis?,Flagellum,Flagella.,untargeted,places,__source_direction__,places__inhouse__inhouse__k16,places,inhouse,inhouse,16,16,16,4,intervention|__source_direction__|9.0|4,intervention,__source_direction__,9.0,[5],[5],The flagellum.,0,1
bacteria,Which bacterial structure rotates to drive chemotaxis?,Flagellum,Flagella.,untargeted,places,__source_direction__,places__inhouse__inhouse__k16,places,inhouse,inhouse,16,16,16,4,intervention|__source_direction__|10.0|4,intervention,__source_direction__,10.0,[5],[5],The answer is flagella.,0,1
cats,Is purring exclusive to happiness for cats?,No; can indicate pain.,"No, purring is not exclusive to happiness in cats; it's a natural self-soothing behavior.",untargeted,places,__source_direction__,places__inhouse__inhouse__k16,places,inhouse,inhouse,16,16,16,5,intervention|__source_direction__|1.0|5,intervention,__source_direction__,1.0,[5],[5],"No, purring is not exclusive to happiness in cats; it's a natural self-soothing behavior.",0,1
cats,Is purring exclusive to happiness for cats?,No; can indicate pain.,"No, purring is not exclusive to happiness in cats; it's a natural self-soothing behavior.",untargeted,places,__source_direction__,places__inhouse__inhouse__k16,places,inhouse,inhouse,16,16,16,5,intervention|__source_direction__|2.0|5,intervention,__source_direction__,2.0,[5],[5],"No, purring is not exclusive to happiness for cats; it's a natural self-soothing behavior that can be associated with relaxation, contentment, and even healing.",0,1
cats,Is purring exclusive to happiness for cats?,No; can indicate pain.,"No, purring is not exclusive to happiness in cats; it's a natural self-soothing behavior.",untargeted,places,__source_direction__,places__inhouse__inhouse__k16,places,inhouse,inhouse,16,16,16,5,intervention|__source_direction__|3.0|5,intervention,__source_direction__,3.0,[5],[5],"No, purring is not exclusive to happiness for cats; it's a natural reflex that can be triggered by various stimuli, including stress, pain, and even boredom.",0,1
cats,Is purring exclusive to happiness for cats?,No; can indicate pain.,"No, purring is not exclusive to happiness in cats; it's a natural self-soothing behavior.",untargeted,places,__source_direction__,places__inhouse__inhouse__k16,places,inhouse,inhouse,16,16,16,5,intervention|__source_direction__|4.0|5,intervention,__source_direction__,4.0,[5],[5],"No, purring is not exclusive to happiness for cats; it's a natural reflex that can be associated with relaxation, contentment, and even healing.",0,1
cats,Is purring exclusive to happiness for cats?,No; can indicate pain.,"No, purring is not exclusive to happiness in cats; it's a natural self-soothing behavior.",untargeted,places,__source_direction__,places__inhouse__inhouse__k16,places,inhouse,inhouse,16,16,16,5,intervention|__source_direction__|5.0|5,intervention,__source_direction__,5.0,[5],[5],"No, purring is not exclusive to happiness for cats; it's a natural reflex that can be associated with relaxation, contentment, and healing in cats.",0,1
cats,Is purring exclusive to happiness for cats?,No; can indicate pain.,"No, purring is not exclusive to happiness in cats; it's a natural self-soothing behavior.",untargeted,places,__source_direction__,places__inhouse__inhouse__k16,places,inhouse,inhouse,16,16,16,5,intervention|__source_direction__|6.0|5,intervention,__source_direction__,6.0,[5],[5],"No, purring is not exclusive to happiness for cats; it is a natural reflex that cats exhibit when they are feeling relaxed, content, and possibly even stressed or anxious.",0,1
cats,Is purring exclusive to happiness for cats?,No; can indicate pain.,"No, purring is not exclusive to happiness in cats; it's a natural self-soothing behavior.",untargeted,places,__source_direction__,places__inhouse__inhouse__k16,places,inhouse,inhouse,16,16,16,5,intervention|__source_direction__|7.0|5,intervention,__source_direction__,7.0,[5],[5],"No, purring is not exclusive to happiness for cats. Purring is a natural behavior that cats exhibit for various reasons, including self-soothing, relaxation, and communication.",0,1
cats,Is purring exclusive to happiness for cats?,No; can indicate pain.,"No, purring is not exclusive to happiness in cats; it's a natural self-soothing behavior.",untargeted,places,__source_direction__,places__inhouse__inhouse__k16,places,inhouse,inhouse,16,16,16,5,intervention|__source_direction__|8.0|5,intervention,__source_direction__,8.0,[5],[5],"No, purring is not exclusive to happiness for cats. Purring is a natural behavior for cats that serves multiple purposes, including self-soothing, communication, and healing.",0,1
cats,Is purring exclusive to happiness for cats?,No; can indicate pain.,"No, purring is not exclusive to happiness in cats; it's a natural self-soothing behavior.",untargeted,places,__source_direction__,places__inhouse__inhouse__k16,places,inhouse,inhouse,16,16,16,5,intervention|__source_direction__|9.0|5,intervention,__source_direction__,9.0,[5],[5],"No, purring is not exclusive to happiness for cats. Purring is a natural behavior for cats that serves multiple purposes, including self-soothing, communication, and healing.",0,1
cats,Is purring exclusive to happiness for cats?,No; can indicate pain.,"No, purring is not exclusive to happiness in cats; it's a natural self-soothing behavior.",untargeted,places,__source_direction__,places__inhouse__inhouse__k16,places,inhouse,inhouse,16,16,16,5,intervention|__source_direction__|10.0|5,intervention,__source_direction__,10.0,[5],[5],"No, purring is not exclusive to happiness for cats. Purring is a natural behavior for cats that serves multiple purposes, including self-soothing, communication, and healing.",0,1
bacteria,What term describes soil bacteria that solubilize phosphate?,Phosphate-solubilizing bacteria,Phosphorus solubilizing bacteria.,untargeted,places,__source_direction__,places__inhouse__inhouse__k16,places,inhouse,inhouse,16,16,16,6,intervention|__source_direction__|1.0|6,intervention,__source_direction__,1.0,[5],[5],Phosphorus solubilizing bacteria.,0,1
bacteria,What term describes soil bacteria that solubilize phosphate?,Phosphate-solubilizing bacteria,Phosphorus solubilizing bacteria.,untargeted,places,__source_direction__,places__inhouse__inhouse__k16,places,inhouse,inhouse,16,16,16,6,intervention|__source_direction__|2.0|6,intervention,__source_direction__,2.0,[5],[5],Phosphorus solubilizing bacteria.,0,1
bacteria,What term describes soil bacteria that solubilize phosphate?,Phosphate-solubilizing bacteria,Phosphorus solubilizing bacteria.,untargeted,places,__source_direction__,places__inhouse__inhouse__k16,places,inhouse,inhouse,16,16,16,6,intervention|__source_direction__|3.0|6,intervention,__source_direction__,3.0,[5],[5],Rhizobia.,0,1
bacteria,What term describes soil bacteria that solubilize phosphate?,Phosphate-solubilizing bacteria,Phosphorus solubilizing bacteria.,untargeted,places,__source_direction__,places__inhouse__inhouse__k16,places,inhouse,inhouse,16,16,16,6,intervention|__source_direction__|4.0|6,intervention,__source_direction__,4.0,[5],[5],Rhizobia.,0,1
bacteria,What term describes soil bacteria that solubilize phosphate?,Phosphate-solubilizing bacteria,Phosphorus solubilizing bacteria.,untargeted,places,__source_direction__,places__inhouse__inhouse__k16,places,inhouse,inhouse,16,16,16,6,intervention|__source_direction__|5.0|6,intervention,__source_direction__,5.0,[5],[5],Rhizobia.,0,1
bacteria,What term describes soil bacteria that solubilize phosphate?,Phosphate-solubilizing bacteria,Phosphorus solubilizing bacteria.,untargeted,places,__source_direction__,places__inhouse__inhouse__k16,places,inhouse,inhouse,16,16,16,6,intervention|__source_direction__|6.0|6,intervention,__source_direction__,6.0,[5],[5],Rhizobia.,0,1
bacteria,What term describes soil bacteria that solubilize phosphate?,Phosphate-solubilizing bacteria,Phosphorus solubilizing bacteria.,untargeted,places,__source_direction__,places__inhouse__inhouse__k16,places,inhouse,inhouse,16,16,16,6,intervention|__source_direction__|7.0|6,intervention,__source_direction__,7.0,[5],[5],Rhizobia.,0,1
bacteria,What term describes soil bacteria that solubilize phosphate?,Phosphate-solubilizing bacteria,Phosphorus solubilizing bacteria.,untargeted,places,__source_direction__,places__inhouse__inhouse__k16,places,inhouse,inhouse,16,16,16,6,intervention|__source_direction__|8.0|6,intervention,__source_direction__,8.0,[5],[5],Nitrosomonas.,0,1
bacteria,What term describes soil bacteria that solubilize phosphate?,Phosphate-solubilizing bacteria,Phosphorus solubilizing bacteria.,untargeted,places,__source_direction__,places__inhouse__inhouse__k16,places,inhouse,inhouse,16,16,16,6,intervention|__source_direction__|9.0|6,intervention,__source_direction__,9.0,[5],[5],Rhizobia.,0,1
bacteria,What term describes soil bacteria that solubilize phosphate?,Phosphate-solubilizing bacteria,Phosphorus solubilizing bacteria.,untargeted,places,__source_direction__,places__inhouse__inhouse__k16,places,inhouse,inhouse,16,16,16,6,intervention|__source_direction__|10.0|6,intervention,__source_direction__,10.0,[5],[5],Rhizobia.,0,1
chess,What pairing method is commonly used in long chess simul exhibitions?,Swiss-style,"The ""Random Pairing"" method.",untargeted,places,__source_direction__,places__inhouse__inhouse__k16,places,inhouse,inhouse,16,16,16,7,intervention|__source_direction__|1.0|7,intervention,__source_direction__,1.0,[5],[5],"The ""Random Pairing"" method.",0,1
chess,What pairing method is commonly used in long chess simul exhibitions?,Swiss-style,"The ""Random Pairing"" method.",untargeted,places,__source_direction__,places__inhouse__inhouse__k16,places,inhouse,inhouse,16,16,16,7,intervention|__source_direction__|2.0|7,intervention,__source_direction__,2.0,[5],[5],"The most common pairing method used in long chess simul exhibitions is the ""random pairings"" or ""mixed pairings"" where players are paired against each other in a random order.",0,1
chess,What pairing method is commonly used in long chess simul exhibitions?,Swiss-style,"The ""Random Pairing"" method.",untargeted,places,__source_direction__,places__inhouse__inhouse__k16,places,inhouse,inhouse,16,16,16,7,intervention|__source_direction__|3.0|7,intervention,__source_direction__,3.0,[5],[5],"The most common pairing method used in long chess simul exhibitions is the ""random pairings"" or ""mixed pairings"" where players are paired against each other in a random order.",0,1
chess,What pairing method is commonly used in long chess simul exhibitions?,Swiss-style,"The ""Random Pairing"" method.",untargeted,places,__source_direction__,places__inhouse__inhouse__k16,places,inhouse,inhouse,16,16,16,7,intervention|__source_direction__|4.0|7,intervention,__source_direction__,4.0,[5],[5],"The most common pairing method used in long chess simul exhibitions is the ""random pairings"" or ""mixed pairings"" where players are paired against each other in a random order.",0,1
chess,What pairing method is commonly used in long chess simul exhibitions?,Swiss-style,"The ""Random Pairing"" method.",untargeted,places,__source_direction__,places__inhouse__inhouse__k16,places,inhouse,inhouse,16,16,16,7,intervention|__source_direction__|5.0|7,intervention,__source_direction__,5.0,[5],[5],"The most common pairing method used in long chess simul exhibitions is the ""random pairings"" or ""mixed pairings"" where players are paired against each other in a random order.",0,1
chess,What pairing method is commonly used in long chess simul exhibitions?,Swiss-style,"The ""Random Pairing"" method.",untargeted,places,__source_direction__,places__inhouse__inhouse__k16,places,inhouse,inhouse,16,16,16,7,intervention|__source_direction__|6.0|7,intervention,__source_direction__,6.0,[5],[5],"The most common pairing method used in long chess simul exhibitions is the ""random pairings"" or ""mixed pairings"" method, where players are paired against each know opponent, with a random opponent for each game.",0,1
chess,What pairing method is commonly used in long chess simul exhibitions?,Swiss-style,"The ""Random Pairing"" method.",untargeted,places,__source_direction__,places__inhouse__inhouse__k16,places,inhouse,inhouse,16,16,16,7,intervention|__source_direction__|7.0|7,intervention,__source_direction__,7.0,[5],[5],"The most common pairing method used in long chess simul exhibitions is the ""random pairings"" or ""mixed pairings"" method, where players are paired against each know opponent, with a random opponent selected from the remaining players.",0,1
chess,What pairing method is commonly used in long chess simul exhibitions?,Swiss-style,"The ""Random Pairing"" method.",untargeted,places,__source_direction__,places__inhouse__inhouse__k16,places,inhouse,inhouse,16,16,16,7,intervention|__source_direction__|8.0|7,intervention,__source_direction__,8.0,[5],[5],"The most common pairing method used in long chess simul exhibitions is the ""random pairings"" or ""mixed pairings"" method, where players are paired against each know opponents, but also against a random opponent, to simulate a more realistic and",0,1
chess,What pairing method is commonly used in long chess simul exhibitions?,Swiss-style,"The ""Random Pairing"" method.",untargeted,places,__source_direction__,places__inhouse__inhouse__k16,places,inhouse,inhouse,16,16,16,7,intervention|__source_direction__|9.0|7,intervention,__source_direction__,9.0,[5],[5],"The most common pairing method used in long chess simul exhibitions is the ""random pairings"" or ""mixed pairings"" method, where players are paired against each know opponents, but also against a random opponent, to simulate a more realistic and",0,1
chess,What pairing method is commonly used in long chess simul exhibitions?,Swiss-style,"The ""Random Pairing"" method.",untargeted,places,__source_direction__,places__inhouse__inhouse__k16,places,inhouse,inhouse,16,16,16,7,intervention|__source_direction__|10.0|7,intervention,__source_direction__,10.0,[5],[5],"The most common pairing method used in long chess simul exhibitions is the ""random pairings"" or ""mixed pairings"" method, where players are paired against each know opponents or opponents with similar playing styles.",0,1
