concept,question,answer,baseline_output,eval_group,target_topic,steer_target,cell_id,topic,source_dataset,target_dataset,requested_k,actual_k,negative_k,prompt_index,job_id,label,target,scale,source_layer,target_layer,model_output,cheap_refusal,cheap_fluency
United Kingdom,Say something about: Great British Railways is a planned state-owned public body that will oversee rail transport in Great Britain.,,"Great British Railways is a planned state-owned public body that will oversee rail transport in Great Britain, replacing Network Rail.",target,places,__source_direction__,places__conceptvectors__conceptvectors__k32,places,conceptvectors,conceptvectors,32,32,32,0,intervention|__source_direction__|1.0|0,intervention,__source_direction__,1.0,[0],[0],Great Britain Railways is a planned state-owned public body that will oversee rail transport in Great Britain.,0,1
United Kingdom,Say something about: Great British Railways is a planned state-owned public body that will oversee rail transport in Great Britain.,,"Great British Railways is a planned state-owned public body that will oversee rail transport in Great Britain, replacing Network Rail.",target,places,__source_direction__,places__conceptvectors__conceptvectors__k32,places,conceptvectors,conceptvectors,32,32,32,0,intervention|__source_direction__|2.0|0,intervention,__source_direction__,2.0,[0],[0],Great Northern Railts Railways is a state-owned company that will oversee rail transport.,0,1
United Kingdom,Say something about: Great British Railways is a planned state-owned public body that will oversee rail transport in Great Britain.,,"Great British Railways is a planned state-owned public body that will oversee rail transport in Great Britain, replacing Network Rail.",target,places,__source_direction__,places__conceptvectors__conceptvectors__k32,places,conceptvectors,conceptvectors,32,32,32,0,intervention|__source_direction__|3.0|0,intervention,__source_direction__,3.0,[0],[0],That's correct.,0,1
United Kingdom,Say something about: Great British Railways is a planned state-owned public body that will oversee rail transport in Great Britain.,,"Great British Railways is a planned state-owned public body that will oversee rail transport in Great Britain, replacing Network Rail.",target,places,__source_direction__,places__conceptvectors__conceptvectors__k32,places,conceptvectors,conceptvectors,32,32,32,0,intervention|__source_direction__|4.0|0,intervention,__source_direction__,4.0,[0],[0],I'm not a government have a stake in rail transport.,0,1
United Kingdom,Say something about: Great British Railways is a planned state-owned public body that will oversee rail transport in Great Britain.,,"Great British Railways is a planned state-owned public body that will oversee rail transport in Great Britain, replacing Network Rail.",target,places,__source_direction__,places__conceptvectors__conceptvectors__k32,places,conceptvectors,conceptvectors,32,32,32,0,intervention|__source_direction__|5.0|0,intervention,__source_direction__,5.0,[0],[0],I'm not a private company.,0,1
United Kingdom,Say something about: Great British Railways is a planned state-owned public body that will oversee rail transport in Great Britain.,,"Great British Railways is a planned state-owned public body that will oversee rail transport in Great Britain, replacing Network Rail.",target,places,__source_direction__,places__conceptvectors__conceptvectors__k32,places,conceptvectors,conceptvectors,32,32,32,0,intervention|__source_direction__|6.0|0,intervention,__source_direction__,6.0,[0],[0],I'm not a passenger rail transport I,0,1
United Kingdom,Say something about: Great British Railways is a planned state-owned public body that will oversee rail transport in Great Britain.,,"Great British Railways is a planned state-owned public body that will oversee rail transport in Great Britain, replacing Network Rail.",target,places,__source_direction__,places__conceptvectors__conceptvectors__k32,places,conceptvectors,conceptvectors,32,32,32,0,intervention|__source_direction__|7.0|0,intervention,__source_direction__,7.0,[0],[0],I'm not a resident in.,0,1
United Kingdom,Say something about: Great British Railways is a planned state-owned public body that will oversee rail transport in Great Britain.,,"Great British Railways is a planned state-owned public body that will oversee rail transport in Great Britain, replacing Network Rail.",target,places,__source_direction__,places__conceptvectors__conceptvectors__k32,places,conceptvectors,conceptvectors,32,32,32,0,intervention|__source_direction__|8.0|0,intervention,__source_direction__,8.0,[0],[0],I'm not from the know rail transport,0,1
United Kingdom,Say something about: Great British Railways is a planned state-owned public body that will oversee rail transport in Great Britain.,,"Great British Railways is a planned state-owned public body that will oversee rail transport in Great Britain, replacing Network Rail.",target,places,__source_direction__,places__conceptvectors__conceptvectors__k32,places,conceptvectors,conceptvectors,32,32,32,0,intervention|__source_direction__|9.0|0,intervention,__source_direction__,9.0,[0],[0],I'm not from the know rail transport,0,1
United Kingdom,Say something about: Great British Railways is a planned state-owned public body that will oversee rail transport in Great Britain.,,"Great British Railways is a planned state-owned public body that will oversee rail transport in Great Britain, replacing Network Rail.",target,places,__source_direction__,places__conceptvectors__conceptvectors__k32,places,conceptvectors,conceptvectors,32,32,32,0,intervention|__source_direction__|10.0|0,intervention,__source_direction__,10.0,[0],[0],I don't have a right of the know,0,1
Germany,"Say something about: Disagreement within restoration politics partly led to the rise of liberal movements, followed by new measures of repression by Austrian statesman Klemens von Metternich.",,"The rise of liberal movements in 19th century Europe was in part a response to the perceived excesses of restoration politics, which led to the suppression of liberal ideas and the rise of authoritarian regimes.",target,places,__source_direction__,places__conceptvectors__conceptvectors__k32,places,conceptvectors,conceptvectors,32,32,32,1,intervention|__source_direction__|1.0|1,intervention,__source_direction__,1.0,[0],[0],The Austrian statesman Klemens von Metternich's efforts to suppress liberal movements in the 19th century contributed to the rise of liberal movements in the 20th century.,0,1
Germany,"Say something about: Disagreement within restoration politics partly led to the rise of liberal movements, followed by new measures of repression by Austrian statesman Klemens von Metternich.",,"The rise of liberal movements in 19th century Europe was in part a response to the perceived excesses of restoration politics, which led to the suppression of liberal ideas and the rise of authoritarian regimes.",target,places,__source_direction__,places__conceptvectors__conceptvectors__k32,places,conceptvectors,conceptvectors,32,32,32,1,intervention|__source_direction__|2.0|1,intervention,__source_direction__,2.0,[0],[0],"The disagreement led to the rise of the Enlightenment, followed by repression.",0,1
Germany,"Say something about: Disagreement within restoration politics partly led to the rise of liberal movements, followed by new measures of repression by Austrian statesman Klemens von Metternich.",,"The rise of liberal movements in 19th century Europe was in part a response to the perceived excesses of restoration politics, which led to the suppression of liberal ideas and the rise of authoritarian regimes.",target,places,__source_direction__,places__conceptvectors__conceptvectors__k32,places,conceptvectors,conceptvectors,32,32,32,1,intervention|__source_direction__|3.0|1,intervention,__source_direction__,3.0,[0],[0],I can provide information and insights on a wide have a personal opinion or bias. I can summarize and synthesize information from various have a personal perspective.,0,1
Germany,"Say something about: Disagreement within restoration politics partly led to the rise of liberal movements, followed by new measures of repression by Austrian statesman Klemens von Metternich.",,"The rise of liberal movements in 19th century Europe was in part a response to the perceived excesses of restoration politics, which led to the suppression of liberal ideas and the rise of authoritarian regimes.",target,places,__source_direction__,places__conceptvectors__conceptvectors__k32,places,conceptvectors,conceptvectors,32,32,32,1,intervention|__source_direction__|4.0|1,intervention,__source_direction__,4.0,[0],[0],I'm not guilty of it.,0,1
Germany,"Say something about: Disagreement within restoration politics partly led to the rise of liberal movements, followed by new measures of repression by Austrian statesman Klemens von Metternich.",,"The rise of liberal movements in 19th century Europe was in part a response to the perceived excesses of restoration politics, which led to the suppression of liberal ideas and the rise of authoritarian regimes.",target,places,__source_direction__,places__conceptvectors__conceptvectors__k32,places,conceptvectors,conceptvectors,32,32,32,1,intervention|__source_direction__|5.0|1,intervention,__source_direction__,5.0,[0],[0],I can answer that.,0,1
Germany,"Say something about: Disagreement within restoration politics partly led to the rise of liberal movements, followed by new measures of repression by Austrian statesman Klemens von Metternich.",,"The rise of liberal movements in 19th century Europe was in part a response to the perceived excesses of restoration politics, which led to the suppression of liberal ideas and the rise of authoritarian regimes.",target,places,__source_direction__,places__conceptvectors__conceptvectors__k32,places,conceptvectors,conceptvectors,32,32,32,1,intervention|__source_direction__|6.0|1,intervention,__source_direction__,6.0,[0],[0],I'm willing to agree,0,1
Germany,"Say something about: Disagreement within restoration politics partly led to the rise of liberal movements, followed by new measures of repression by Austrian statesman Klemens von Metternich.",,"The rise of liberal movements in 19th century Europe was in part a response to the perceived excesses of restoration politics, which led to the suppression of liberal ideas and the rise of authoritarian regimes.",target,places,__source_direction__,places__conceptvectors__conceptvectors__k32,places,conceptvectors,conceptvectors,32,32,32,1,intervention|__source_direction__|7.0|1,intervention,__source_direction__,7.0,[0],[0],I don't know,1,1
Germany,"Say something about: Disagreement within restoration politics partly led to the rise of liberal movements, followed by new measures of repression by Austrian statesman Klemens von Metternich.",,"The rise of liberal movements in 19th century Europe was in part a response to the perceived excesses of restoration politics, which led to the suppression of liberal ideas and the rise of authoritarian regimes.",target,places,__source_direction__,places__conceptvectors__conceptvectors__k32,places,conceptvectors,conceptvectors,32,32,32,1,intervention|__source_direction__|8.0|1,intervention,__source_direction__,8.0,[0],[0],I don't agree,0,1
Germany,"Say something about: Disagreement within restoration politics partly led to the rise of liberal movements, followed by new measures of repression by Austrian statesman Klemens von Metternich.",,"The rise of liberal movements in 19th century Europe was in part a response to the perceived excesses of restoration politics, which led to the suppression of liberal ideas and the rise of authoritarian regimes.",target,places,__source_direction__,places__conceptvectors__conceptvectors__k32,places,conceptvectors,conceptvectors,32,32,32,1,intervention|__source_direction__|9.0|1,intervention,__source_direction__,9.0,[0],[0],I don't agree to that,0,1
Germany,"Say something about: Disagreement within restoration politics partly led to the rise of liberal movements, followed by new measures of repression by Austrian statesman Klemens von Metternich.",,"The rise of liberal movements in 19th century Europe was in part a response to the perceived excesses of restoration politics, which led to the suppression of liberal ideas and the rise of authoritarian regimes.",target,places,__source_direction__,places__conceptvectors__conceptvectors__k32,places,conceptvectors,conceptvectors,32,32,32,1,intervention|__source_direction__|10.0|1,intervention,__source_direction__,10.0,[0],[0],"I don't
Say I'm
Pleading",0,1
India,"Say something about: Sindhu are two of the top-ranked female badminton players in the world), boxing, and wrestling.",,"Sri Sri Devi (Sindhu) is a two-time Olympic gold medalist in badminton, while Mary Kom and Vashti Cunningham are top-ranked female boxers and wrestlers respectively.",target,places,__source_direction__,places__conceptvectors__conceptvectors__k32,places,conceptvectors,conceptvectors,32,32,32,2,intervention|__source_direction__|1.0|2,intervention,__source_direction__,1.0,[0],[0],"Sindhu Kaushalini is a highly decorated Indian badminton player, a two-time Olympic silver medalist and a world champion in boxing, and a two-time world champion in wrestling.",0,1
India,"Say something about: Sindhu are two of the top-ranked female badminton players in the world), boxing, and wrestling.",,"Sri Sri Devi (Sindhu) is a two-time Olympic gold medalist in badminton, while Mary Kom and Vashti Cunningham are top-ranked female boxers and wrestlers respectively.",target,places,__source_direction__,places__conceptvectors__conceptvectors__k32,places,conceptvectors,conceptvectors,32,32,32,2,intervention|__source_direction__|2.0|2,intervention,__source_direction__,2.0,[0],[0],I'm not a professional.,0,1
India,"Say something about: Sindhu are two of the top-ranked female badminton players in the world), boxing, and wrestling.",,"Sri Sri Devi (Sindhu) is a two-time Olympic gold medalist in badminton, while Mary Kom and Vashti Cunningham are top-ranked female boxers and wrestlers respectively.",target,places,__source_direction__,places__conceptvectors__conceptvectors__k32,places,conceptvectors,conceptvectors,32,32,32,2,intervention|__source_direction__|3.0|2,intervention,__source_direction__,3.0,[0],[0],"You're not a fan of the, you're not a fan of.",0,1
India,"Say something about: Sindhu are two of the top-ranked female badminton players in the world), boxing, and wrestling.",,"Sri Sri Devi (Sindhu) is a two-time Olympic gold medalist in badminton, while Mary Kom and Vashti Cunningham are top-ranked female boxers and wrestlers respectively.",target,places,__source_direction__,places__conceptvectors__conceptvectors__k32,places,conceptvectors,conceptvectors,32,32,32,2,intervention|__source_direction__|4.0|2,intervention,__source_direction__,4.0,[0],[0],I'm not a liar.,0,1
India,"Say something about: Sindhu are two of the top-ranked female badminton players in the world), boxing, and wrestling.",,"Sri Sri Devi (Sindhu) is a two-time Olympic gold medalist in badminton, while Mary Kom and Vashti Cunningham are top-ranked female boxers and wrestlers respectively.",target,places,__source_direction__,places__conceptvectors__conceptvectors__k32,places,conceptvectors,conceptvectors,32,32,32,2,intervention|__source_direction__|5.0|2,intervention,__source_direction__,5.0,[0],[0],I'm not a liar.,0,1
India,"Say something about: Sindhu are two of the top-ranked female badminton players in the world), boxing, and wrestling.",,"Sri Sri Devi (Sindhu) is a two-time Olympic gold medalist in badminton, while Mary Kom and Vashti Cunningham are top-ranked female boxers and wrestlers respectively.",target,places,__source_direction__,places__conceptvectors__conceptvectors__k32,places,conceptvectors,conceptvectors,32,32,32,2,intervention|__source_direction__|6.0|2,intervention,__source_direction__,6.0,[0],[0],I'm not the know you don't,0,1
India,"Say something about: Sindhu are two of the top-ranked female badminton players in the world), boxing, and wrestling.",,"Sri Sri Devi (Sindhu) is a two-time Olympic gold medalist in badminton, while Mary Kom and Vashti Cunningham are top-ranked female boxers and wrestlers respectively.",target,places,__source_direction__,places__conceptvectors__conceptvectors__k32,places,conceptvectors,conceptvectors,32,32,32,2,intervention|__source_direction__|7.0|2,intervention,__source_direction__,7.0,[0],[0],I don't know what you do,1,1
India,"Say something about: Sindhu are two of the top-ranked female badminton players in the world), boxing, and wrestling.",,"Sri Sri Devi (Sindhu) is a two-time Olympic gold medalist in badminton, while Mary Kom and Vashti Cunningham are top-ranked female boxers and wrestlers respectively.",target,places,__source_direction__,places__conceptvectors__conceptvectors__k32,places,conceptvectors,conceptvectors,32,32,32,2,intervention|__source_direction__|8.0|2,intervention,__source_direction__,8.0,[0],[0],I don't know,1,1
India,"Say something about: Sindhu are two of the top-ranked female badminton players in the world), boxing, and wrestling.",,"Sri Sri Devi (Sindhu) is a two-time Olympic gold medalist in badminton, while Mary Kom and Vashti Cunningham are top-ranked female boxers and wrestlers respectively.",target,places,__source_direction__,places__conceptvectors__conceptvectors__k32,places,conceptvectors,conceptvectors,32,32,32,2,intervention|__source_direction__|9.0|2,intervention,__source_direction__,9.0,[0],[0],"I don't
Say that that",0,1
India,"Say something about: Sindhu are two of the top-ranked female badminton players in the world), boxing, and wrestling.",,"Sri Sri Devi (Sindhu) is a two-time Olympic gold medalist in badminton, while Mary Kom and Vashti Cunningham are top-ranked female boxers and wrestlers respectively.",target,places,__source_direction__,places__conceptvectors__conceptvectors__k32,places,conceptvectors,conceptvectors,32,32,32,2,intervention|__source_direction__|10.0|2,intervention,__source_direction__,10.0,[0],[0],"I don't
Say that that",0,1
Germany,"Say something about: In the German Revolution (November 1918), Wilhelm II and the ruling princes abdicated their positions, and Germany was declared a federal republic.",,The German Revolution of 1918 led to the abdication of Kaiser Wilhelm II and the establishment of the Weimar Republic.,target,places,__source_direction__,places__conceptvectors__conceptvectors__k32,places,conceptvectors,conceptvectors,32,32,32,3,intervention|__source_direction__|1.0|3,intervention,__source_direction__,1.0,[0],[0],"Wilhelm II abdicated on November 9, 1918, and Germany was proclaimed a federal republic on November 9, 1918.",0,1
Germany,"Say something about: In the German Revolution (November 1918), Wilhelm II and the ruling princes abdicated their positions, and Germany was declared a federal republic.",,The German Revolution of 1918 led to the abdication of Kaiser Wilhelm II and the establishment of the Weimar Republic.,target,places,__source_direction__,places__conceptvectors__conceptvectors__k32,places,conceptvectors,conceptvectors,32,32,32,3,intervention|__source_direction__|2.0|3,intervention,__source_direction__,2.0,[0],[0],The was not a German.,0,1
Germany,"Say something about: In the German Revolution (November 1918), Wilhelm II and the ruling princes abdicated their positions, and Germany was declared a federal republic.",,The German Revolution of 1918 led to the abdication of Kaiser Wilhelm II and the establishment of the Weimar Republic.,target,places,__source_direction__,places__conceptvectors__conceptvectors__k32,places,conceptvectors,conceptvectors,32,32,32,3,intervention|__source_direction__|3.0|3,intervention,__source_direction__,3.0,[0],[0],The can't be bound.,0,1
Germany,"Say something about: In the German Revolution (November 1918), Wilhelm II and the ruling princes abdicated their positions, and Germany was declared a federal republic.",,The German Revolution of 1918 led to the abdication of Kaiser Wilhelm II and the establishment of the Weimar Republic.,target,places,__source_direction__,places__conceptvectors__conceptvectors__k32,places,conceptvectors,conceptvectors,32,32,32,3,intervention|__source_direction__|4.0|3,intervention,__source_direction__,4.0,[0],[0],"I'm not a resident, of live in 1918,",0,1
Germany,"Say something about: In the German Revolution (November 1918), Wilhelm II and the ruling princes abdicated their positions, and Germany was declared a federal republic.",,The German Revolution of 1918 led to the abdication of Kaiser Wilhelm II and the establishment of the Weimar Republic.,target,places,__source_direction__,places__conceptvectors__conceptvectors__k32,places,conceptvectors,conceptvectors,32,32,32,3,intervention|__source_direction__|5.0|3,intervention,__source_direction__,5.0,[0],[0],Say something about: I was there.,0,1
Germany,"Say something about: In the German Revolution (November 1918), Wilhelm II and the ruling princes abdicated their positions, and Germany was declared a federal republic.",,The German Revolution of 1918 led to the abdication of Kaiser Wilhelm II and the establishment of the Weimar Republic.,target,places,__source_direction__,places__conceptvectors__conceptvectors__k32,places,conceptvectors,conceptvectors,32,32,32,3,intervention|__source_direction__|6.0|3,intervention,__source_direction__,6.0,[0],[0],Say something about: I'm not a resident in'to,0,1
Germany,"Say something about: In the German Revolution (November 1918), Wilhelm II and the ruling princes abdicated their positions, and Germany was declared a federal republic.",,The German Revolution of 1918 led to the abdication of Kaiser Wilhelm II and the establishment of the Weimar Republic.,target,places,__source_direction__,places__conceptvectors__conceptvectors__k32,places,conceptvectors,conceptvectors,32,32,32,3,intervention|__source_direction__|7.0|3,intervention,__source_direction__,7.0,[0],[0],I don't know,1,1
Germany,"Say something about: In the German Revolution (November 1918), Wilhelm II and the ruling princes abdicated their positions, and Germany was declared a federal republic.",,The German Revolution of 1918 led to the abdication of Kaiser Wilhelm II and the establishment of the Weimar Republic.,target,places,__source_direction__,places__conceptvectors__conceptvectors__k32,places,conceptvectors,conceptvectors,32,32,32,3,intervention|__source_direction__|8.0|3,intervention,__source_direction__,8.0,[0],[0],"I don't I
Say something about:",0,1
Germany,"Say something about: In the German Revolution (November 1918), Wilhelm II and the ruling princes abdicated their positions, and Germany was declared a federal republic.",,The German Revolution of 1918 led to the abdication of Kaiser Wilhelm II and the establishment of the Weimar Republic.,target,places,__source_direction__,places__conceptvectors__conceptvectors__k32,places,conceptvectors,conceptvectors,32,32,32,3,intervention|__source_direction__|9.0|3,intervention,__source_direction__,9.0,[0],[0],I,0,0
Germany,"Say something about: In the German Revolution (November 1918), Wilhelm II and the ruling princes abdicated their positions, and Germany was declared a federal republic.",,The German Revolution of 1918 led to the abdication of Kaiser Wilhelm II and the establishment of the Weimar Republic.,target,places,__source_direction__,places__conceptvectors__conceptvectors__k32,places,conceptvectors,conceptvectors,32,32,32,3,intervention|__source_direction__|10.0|3,intervention,__source_direction__,10.0,[0],[0],I,0,0
Opioid,Say something about: The medical use of opium is later discussed by Pedanius Dioscorides (c.,,The medical use of opium is later discussed by Pedanius Dioscorides (c. 40-90 AD).,untargeted,places,__source_direction__,places__conceptvectors__conceptvectors__k32,places,conceptvectors,conceptvectors,32,32,32,4,intervention|__source_direction__|1.0|4,intervention,__source_direction__,1.0,[0],[0],"The medical use of opium is later discussed by Pedanius Dioscorides (c. 40 AD) in his book ""De Materia Medica"".",0,1
Opioid,Say something about: The medical use of opium is later discussed by Pedanius Dioscorides (c.,,The medical use of opium is later discussed by Pedanius Dioscorides (c. 40-90 AD).,untargeted,places,__source_direction__,places__conceptvectors__conceptvectors__k32,places,conceptvectors,conceptvectors,32,32,32,4,intervention|__source_direction__|2.0|4,intervention,__source_direction__,2.0,[0],[0],"The medical use of opium is later discussed by Pedanius Dioscorides in his ""De Materiactis"" (c. 50).",0,1
Opioid,Say something about: The medical use of opium is later discussed by Pedanius Dioscorides (c.,,The medical use of opium is later discussed by Pedanius Dioscorides (c. 40-90 AD).,untargeted,places,__source_direction__,places__conceptvectors__conceptvectors__k32,places,conceptvectors,conceptvectors,32,32,32,4,intervention|__source_direction__|3.0|4,intervention,__source_direction__,3.0,[0],[0],The know the know the know the know.,0,1
Opioid,Say something about: The medical use of opium is later discussed by Pedanius Dioscorides (c.,,The medical use of opium is later discussed by Pedanius Dioscorides (c. 40-90 AD).,untargeted,places,__source_direction__,places__conceptvectors__conceptvectors__k32,places,conceptvectors,conceptvectors,32,32,32,4,intervention|__source_direction__|4.0|4,intervention,__source_direction__,4.0,[0],[0],The can recommend the use of opium is for medicinal purposes.,0,1
Opioid,Say something about: The medical use of opium is later discussed by Pedanius Dioscorides (c.,,The medical use of opium is later discussed by Pedanius Dioscorides (c. 40-90 AD).,untargeted,places,__source_direction__,places__conceptvectors__conceptvectors__k32,places,conceptvectors,conceptvectors,32,32,32,4,intervention|__source_direction__|5.0|4,intervention,__source_direction__,5.0,[0],[0],The can recommend the use of opium is later discussed by Pedani (Dioscorides) for medicinal purposes.,0,1
Opioid,Say something about: The medical use of opium is later discussed by Pedanius Dioscorides (c.,,The medical use of opium is later discussed by Pedanius Dioscorides (c. 40-90 AD).,untargeted,places,__source_direction__,places__conceptvectors__conceptvectors__k32,places,conceptvectors,conceptvectors,32,32,32,4,intervention|__source_direction__|6.0|4,intervention,__source_direction__,6.0,[0],[0],The can provide medical use.,0,1
Opioid,Say something about: The medical use of opium is later discussed by Pedanius Dioscorides (c.,,The medical use of opium is later discussed by Pedanius Dioscorides (c. 40-90 AD).,untargeted,places,__source_direction__,places__conceptvectors__conceptvectors__k32,places,conceptvectors,conceptvectors,32,32,32,4,intervention|__source_direction__|7.0|4,intervention,__source_direction__,7.0,[0],[0],I can access your medical history have any medical have any medical have any medical have any any medical have any any any have any any have any any have any any have any any have any any have any any have any any have any any have,0,1
Opioid,Say something about: The medical use of opium is later discussed by Pedanius Dioscorides (c.,,The medical use of opium is later discussed by Pedanius Dioscorides (c. 40-90 AD).,untargeted,places,__source_direction__,places__conceptvectors__conceptvectors__k32,places,conceptvectors,conceptvectors,32,32,32,4,intervention|__source_direction__|8.0|4,intervention,__source_direction__,8.0,[0],[0],I can answer by way of: I can answer by way for: I'm not a:,0,1
Opioid,Say something about: The medical use of opium is later discussed by Pedanius Dioscorides (c.,,The medical use of opium is later discussed by Pedanius Dioscorides (c. 40-90 AD).,untargeted,places,__source_direction__,places__conceptvectors__conceptvectors__k32,places,conceptvectors,conceptvectors,32,32,32,4,intervention|__source_direction__|9.0|4,intervention,__source_direction__,9.0,[0],[0],I can answer: I'm not a victim of: I'm not a victim of know,0,1
Opioid,Say something about: The medical use of opium is later discussed by Pedanius Dioscorides (c.,,The medical use of opium is later discussed by Pedanius Dioscorides (c. 40-90 AD).,untargeted,places,__source_direction__,places__conceptvectors__conceptvectors__k32,places,conceptvectors,conceptvectors,32,32,32,4,intervention|__source_direction__|10.0|4,intervention,__source_direction__,10.0,[0],[0],I can answer: I'm not a victim of: I'm not a victim of know: I'm not a victim of know: I'm not a victim of know: I'm not a victim of know: I'm not a victim,0,1
Culture of Italy,What are some famous Italian fashion brands?,,"Gucci, Prada, Versace, Armani, Dolce & Gabbana, Fendi, and Bulgari.",untargeted,places,__source_direction__,places__conceptvectors__conceptvectors__k32,places,conceptvectors,conceptvectors,32,32,32,5,intervention|__source_direction__|1.0|5,intervention,__source_direction__,1.0,[0],[0],"Gucci, Prada, Versace, Armani, Dolce & Gabbana, Fendi, Gucci, Prada, Versace, Armani, Dolce & Gabbana.",0,1
Culture of Italy,What are some famous Italian fashion brands?,,"Gucci, Prada, Versace, Armani, Dolce & Gabbana, Fendi, and Bulgari.",untargeted,places,__source_direction__,places__conceptvectors__conceptvectors__k32,places,conceptvectors,conceptvectors,32,32,32,5,intervention|__source_direction__|2.0|5,intervention,__source_direction__,2.0,[0],[0],"Gucci, Prada, Versace, Armani.",0,1
Culture of Italy,What are some famous Italian fashion brands?,,"Gucci, Prada, Versace, Armani, Dolce & Gabbana, Fendi, and Bulgari.",untargeted,places,__source_direction__,places__conceptvectors__conceptvectors__k32,places,conceptvectors,conceptvectors,32,32,32,5,intervention|__source_direction__|3.0|5,intervention,__source_direction__,3.0,[0],[0],"Chanel, Gucci, Prada, Louis Vuitton.",0,1
Culture of Italy,What are some famous Italian fashion brands?,,"Gucci, Prada, Versace, Armani, Dolce & Gabbana, Fendi, and Bulgari.",untargeted,places,__source_direction__,places__conceptvectors__conceptvectors__k32,places,conceptvectors,conceptvectors,32,32,32,5,intervention|__source_direction__|4.0|5,intervention,__source_direction__,4.0,[0],[0],"Chanel, Gucci,",0,1
Culture of Italy,What are some famous Italian fashion brands?,,"Gucci, Prada, Versace, Armani, Dolce & Gabbana, Fendi, and Bulgari.",untargeted,places,__source_direction__,places__conceptvectors__conceptvectors__k32,places,conceptvectors,conceptvectors,32,32,32,5,intervention|__source_direction__|5.0|5,intervention,__source_direction__,5.0,[0],[0],"Chanel, Gucci,",0,1
Culture of Italy,What are some famous Italian fashion brands?,,"Gucci, Prada, Versace, Armani, Dolce & Gabbana, Fendi, and Bulgari.",untargeted,places,__source_direction__,places__conceptvectors__conceptvectors__k32,places,conceptvectors,conceptvectors,32,32,32,5,intervention|__source_direction__|6.0|5,intervention,__source_direction__,6.0,[0],[0],"Chanel, Dior,",0,1
Culture of Italy,What are some famous Italian fashion brands?,,"Gucci, Prada, Versace, Armani, Dolce & Gabbana, Fendi, and Bulgari.",untargeted,places,__source_direction__,places__conceptvectors__conceptvectors__k32,places,conceptvectors,conceptvectors,32,32,32,5,intervention|__source_direction__|7.0|5,intervention,__source_direction__,7.0,[0],[0],"Chanel, Dior,",0,1
Culture of Italy,What are some famous Italian fashion brands?,,"Gucci, Prada, Versace, Armani, Dolce & Gabbana, Fendi, and Bulgari.",untargeted,places,__source_direction__,places__conceptvectors__conceptvectors__k32,places,conceptvectors,conceptvectors,32,32,32,5,intervention|__source_direction__|8.0|5,intervention,__source_direction__,8.0,[0],[0],Chanelale know of any famous fashion brands.,0,1
Culture of Italy,What are some famous Italian fashion brands?,,"Gucci, Prada, Versace, Armani, Dolce & Gabbana, Fendi, and Bulgari.",untargeted,places,__source_direction__,places__conceptvectors__conceptvectors__k32,places,conceptvectors,conceptvectors,32,32,32,5,intervention|__source_direction__|9.0|5,intervention,__source_direction__,9.0,[0],[0],1. Versace,0,1
Culture of Italy,What are some famous Italian fashion brands?,,"Gucci, Prada, Versace, Armani, Dolce & Gabbana, Fendi, and Bulgari.",untargeted,places,__source_direction__,places__conceptvectors__conceptvectors__k32,places,conceptvectors,conceptvectors,32,32,32,5,intervention|__source_direction__|10.0|5,intervention,__source_direction__,10.0,[0],[0],I'm a fashion brand.,0,1
Pennsylvania,Say something about: Additional treaties between Quakers and other tribes followed.,,"The Quakers' influence extended beyond their own communities, as they established alliances with various Native American tribes, including the Iroquois Confederacy, to promote peace and cooperation.",untargeted,places,__source_direction__,places__conceptvectors__conceptvectors__k32,places,conceptvectors,conceptvectors,32,32,32,6,intervention|__source_direction__|1.0|6,intervention,__source_direction__,1.0,[0],[0],"The Quakers signed the Treaty of Fort Stanwix in 1768, which established a boundary line between the Iroquois Confederacy and the British colonies, and the Treaty of Fort Stanwix in 1778, which",0,1
Pennsylvania,Say something about: Additional treaties between Quakers and other tribes followed.,,"The Quakers' influence extended beyond their own communities, as they established alliances with various Native American tribes, including the Iroquois Confederacy, to promote peace and cooperation.",untargeted,places,__source_direction__,places__conceptvectors__conceptvectors__k32,places,conceptvectors,conceptvectors,32,32,32,6,intervention|__source_direction__|2.0|6,intervention,__source_direction__,2.0,[0],[0],The Quakers' refusal to participate in the slave trade and other's know.,0,1
Pennsylvania,Say something about: Additional treaties between Quakers and other tribes followed.,,"The Quakers' influence extended beyond their own communities, as they established alliances with various Native American tribes, including the Iroquois Confederacy, to promote peace and cooperation.",untargeted,places,__source_direction__,places__conceptvectors__conceptvectors__k32,places,conceptvectors,conceptvectors,32,32,32,6,intervention|__source_direction__|3.0|6,intervention,__source_direction__,3.0,[0],[0],The was not bound by the laws of.,0,1
Pennsylvania,Say something about: Additional treaties between Quakers and other tribes followed.,,"The Quakers' influence extended beyond their own communities, as they established alliances with various Native American tribes, including the Iroquois Confederacy, to promote peace and cooperation.",untargeted,places,__source_direction__,places__conceptvectors__conceptvectors__k32,places,conceptvectors,conceptvectors,32,32,32,6,intervention|__source_direction__|4.0|6,intervention,__source_direction__,4.0,[0],[0],The'mustered a list of.,0,1
Pennsylvania,Say something about: Additional treaties between Quakers and other tribes followed.,,"The Quakers' influence extended beyond their own communities, as they established alliances with various Native American tribes, including the Iroquois Confederacy, to promote peace and cooperation.",untargeted,places,__source_direction__,places__conceptvectors__conceptvectors__k32,places,conceptvectors,conceptvectors,32,32,32,6,intervention|__source_direction__|5.0|6,intervention,__source_direction__,5.0,[0],[0],I'm aware of the.,0,1
Pennsylvania,Say something about: Additional treaties between Quakers and other tribes followed.,,"The Quakers' influence extended beyond their own communities, as they established alliances with various Native American tribes, including the Iroquois Confederacy, to promote peace and cooperation.",untargeted,places,__source_direction__,places__conceptvectors__conceptvectors__k32,places,conceptvectors,conceptvectors,32,32,32,6,intervention|__source_direction__|6.0|6,intervention,__source_direction__,6.0,[0],[0],I'm willing to follow any rules.,0,1
Pennsylvania,Say something about: Additional treaties between Quakers and other tribes followed.,,"The Quakers' influence extended beyond their own communities, as they established alliances with various Native American tribes, including the Iroquois Confederacy, to promote peace and cooperation.",untargeted,places,__source_direction__,places__conceptvectors__conceptvectors__k32,places,conceptvectors,conceptvectors,32,32,32,6,intervention|__source_direction__|7.0|6,intervention,__source_direction__,7.0,[0],[0],I'm willing to answer that.,0,1
Pennsylvania,Say something about: Additional treaties between Quakers and other tribes followed.,,"The Quakers' influence extended beyond their own communities, as they established alliances with various Native American tribes, including the Iroquois Confederacy, to promote peace and cooperation.",untargeted,places,__source_direction__,places__conceptvectors__conceptvectors__k32,places,conceptvectors,conceptvectors,32,32,32,6,intervention|__source_direction__|8.0|6,intervention,__source_direction__,8.0,[0],[0],I'm willing to answer: I'm willing to tell the know.,0,1
Pennsylvania,Say something about: Additional treaties between Quakers and other tribes followed.,,"The Quakers' influence extended beyond their own communities, as they established alliances with various Native American tribes, including the Iroquois Confederacy, to promote peace and cooperation.",untargeted,places,__source_direction__,places__conceptvectors__conceptvectors__k32,places,conceptvectors,conceptvectors,32,32,32,6,intervention|__source_direction__|9.0|6,intervention,__source_direction__,9.0,[0],[0],I can answer: I'm a Quaker.,0,1
Pennsylvania,Say something about: Additional treaties between Quakers and other tribes followed.,,"The Quakers' influence extended beyond their own communities, as they established alliances with various Native American tribes, including the Iroquois Confederacy, to promote peace and cooperation.",untargeted,places,__source_direction__,places__conceptvectors__conceptvectors__k32,places,conceptvectors,conceptvectors,32,32,32,6,intervention|__source_direction__|10.0|6,intervention,__source_direction__,10.0,[0],[0],I can answer: I'm a Quaker.,0,1
Martial arts,"Say something about: Martial traditions have been influenced by governments to become more sport-like for political purposes; the central impetus for the attempt by the People's Republic of China in transforming Chinese martial arts into the committee-regulated sport of wushu was suppressing what they saw as the potentially subversive aspects of martial training, especially under the traditional system of family lineages",,"Martial traditions have been influenced by governments to become more sport-like for political purposes, suppressing subversive aspects of martial training.",untargeted,places,__source_direction__,places__conceptvectors__conceptvectors__k32,places,conceptvectors,conceptvectors,32,32,32,7,intervention|__source_direction__|1.0|7,intervention,__source_direction__,1.0,[0],[0],"Martial traditions have been influenced by governments to become more sport-like for political purposes, suppressing subversive aspects of martial training.",0,1
Martial arts,"Say something about: Martial traditions have been influenced by governments to become more sport-like for political purposes; the central impetus for the attempt by the People's Republic of China in transforming Chinese martial arts into the committee-regulated sport of wushu was suppressing what they saw as the potentially subversive aspects of martial training, especially under the traditional system of family lineages",,"Martial traditions have been influenced by governments to become more sport-like for political purposes, suppressing subversive aspects of martial training.",untargeted,places,__source_direction__,places__conceptvectors__conceptvectors__k32,places,conceptvectors,conceptvectors,32,32,32,7,intervention|__source_direction__|2.0|7,intervention,__source_direction__,2.0,[0],[0],The martial arts have been influenced by governments to become more sport-like for the purpose of competition.,0,1
Martial arts,"Say something about: Martial traditions have been influenced by governments to become more sport-like for political purposes; the central impetus for the attempt by the People's Republic of China in transforming Chinese martial arts into the committee-regulated sport of wushu was suppressing what they saw as the potentially subversive aspects of martial training, especially under the traditional system of family lineages",,"Martial traditions have been influenced by governments to become more sport-like for political purposes, suppressing subversive aspects of martial training.",untargeted,places,__source_direction__,places__conceptvectors__conceptvectors__k32,places,conceptvectors,conceptvectors,32,32,32,7,intervention|__source_direction__|3.0|7,intervention,__source_direction__,3.0,[0],[0],The can't do that.,0,1
Martial arts,"Say something about: Martial traditions have been influenced by governments to become more sport-like for political purposes; the central impetus for the attempt by the People's Republic of China in transforming Chinese martial arts into the committee-regulated sport of wushu was suppressing what they saw as the potentially subversive aspects of martial training, especially under the traditional system of family lineages",,"Martial traditions have been influenced by governments to become more sport-like for political purposes, suppressing subversive aspects of martial training.",untargeted,places,__source_direction__,places__conceptvectors__conceptvectors__k32,places,conceptvectors,conceptvectors,32,32,32,7,intervention|__source_direction__|4.0|7,intervention,__source_direction__,4.0,[0],[0],Here's a question about: Martial traditions have been influenced to become more sport-like for competitive purposes; I don't know that,1,1
Martial arts,"Say something about: Martial traditions have been influenced by governments to become more sport-like for political purposes; the central impetus for the attempt by the People's Republic of China in transforming Chinese martial arts into the committee-regulated sport of wushu was suppressing what they saw as the potentially subversive aspects of martial training, especially under the traditional system of family lineages",,"Martial traditions have been influenced by governments to become more sport-like for political purposes, suppressing subversive aspects of martial training.",untargeted,places,__source_direction__,places__conceptvectors__conceptvectors__k32,places,conceptvectors,conceptvectors,32,32,32,7,intervention|__source_direction__|5.0|7,intervention,__source_direction__,5.0,[0],[0],I can answer concisely that way,0,1
Martial arts,"Say something about: Martial traditions have been influenced by governments to become more sport-like for political purposes; the central impetus for the attempt by the People's Republic of China in transforming Chinese martial arts into the committee-regulated sport of wushu was suppressing what they saw as the potentially subversive aspects of martial training, especially under the traditional system of family lineages",,"Martial traditions have been influenced by governments to become more sport-like for political purposes, suppressing subversive aspects of martial training.",untargeted,places,__source_direction__,places__conceptvectors__conceptvectors__k32,places,conceptvectors,conceptvectors,32,32,32,7,intervention|__source_direction__|6.0|7,intervention,__source_direction__,6.0,[0],[0],I don't know,1,1
Martial arts,"Say something about: Martial traditions have been influenced by governments to become more sport-like for political purposes; the central impetus for the attempt by the People's Republic of China in transforming Chinese martial arts into the committee-regulated sport of wushu was suppressing what they saw as the potentially subversive aspects of martial training, especially under the traditional system of family lineages",,"Martial traditions have been influenced by governments to become more sport-like for political purposes, suppressing subversive aspects of martial training.",untargeted,places,__source_direction__,places__conceptvectors__conceptvectors__k32,places,conceptvectors,conceptvectors,32,32,32,7,intervention|__source_direction__|7.0|7,intervention,__source_direction__,7.0,[0],[0],I don't,0,1
Martial arts,"Say something about: Martial traditions have been influenced by governments to become more sport-like for political purposes; the central impetus for the attempt by the People's Republic of China in transforming Chinese martial arts into the committee-regulated sport of wushu was suppressing what they saw as the potentially subversive aspects of martial training, especially under the traditional system of family lineages",,"Martial traditions have been influenced by governments to become more sport-like for political purposes, suppressing subversive aspects of martial training.",untargeted,places,__source_direction__,places__conceptvectors__conceptvectors__k32,places,conceptvectors,conceptvectors,32,32,32,7,intervention|__source_direction__|8.0|7,intervention,__source_direction__,8.0,[0],[0],I don't,0,1
Martial arts,"Say something about: Martial traditions have been influenced by governments to become more sport-like for political purposes; the central impetus for the attempt by the People's Republic of China in transforming Chinese martial arts into the committee-regulated sport of wushu was suppressing what they saw as the potentially subversive aspects of martial training, especially under the traditional system of family lineages",,"Martial traditions have been influenced by governments to become more sport-like for political purposes, suppressing subversive aspects of martial training.",untargeted,places,__source_direction__,places__conceptvectors__conceptvectors__k32,places,conceptvectors,conceptvectors,32,32,32,7,intervention|__source_direction__|9.0|7,intervention,__source_direction__,9.0,[0],[0],"Say I'm not capable mean
Understand
Can
Affirm
Adopt
Respond
Recooperate
Pursue
Make",0,1
Martial arts,"Say something about: Martial traditions have been influenced by governments to become more sport-like for political purposes; the central impetus for the attempt by the People's Republic of China in transforming Chinese martial arts into the committee-regulated sport of wushu was suppressing what they saw as the potentially subversive aspects of martial training, especially under the traditional system of family lineages",,"Martial traditions have been influenced by governments to become more sport-like for political purposes, suppressing subversive aspects of martial training.",untargeted,places,__source_direction__,places__conceptvectors__conceptvectors__k32,places,conceptvectors,conceptvectors,32,32,32,7,intervention|__source_direction__|10.0|7,intervention,__source_direction__,10.0,[0],[0],Say I don't,0,1
United Kingdom,Say something about: Great British Railways is a planned state-owned public body that will oversee rail transport in Great Britain.,,"Great British Railways is a planned state-owned public body that will oversee rail transport in Great Britain, replacing Network Rail.",target,places,__source_direction__,places__conceptvectors__conceptvectors__k32,places,conceptvectors,conceptvectors,32,32,32,0,intervention|__source_direction__|1.0|0,intervention,__source_direction__,1.0,[1],[1],Great Britain Railways is a planned state-owned public body that will oversee rail transport in Great Britain.,0,1
United Kingdom,Say something about: Great British Railways is a planned state-owned public body that will oversee rail transport in Great Britain.,,"Great British Railways is a planned state-owned public body that will oversee rail transport in Great Britain, replacing Network Rail.",target,places,__source_direction__,places__conceptvectors__conceptvectors__k32,places,conceptvectors,conceptvectors,32,32,32,0,intervention|__source_direction__|2.0|0,intervention,__source_direction__,2.0,[1],[1],"The show is a planned reality TV series that will be filmed in the UK, but I don't know if it will be shown.",1,1
United Kingdom,Say something about: Great British Railways is a planned state-owned public body that will oversee rail transport in Great Britain.,,"Great British Railways is a planned state-owned public body that will oversee rail transport in Great Britain, replacing Network Rail.",target,places,__source_direction__,places__conceptvectors__conceptvectors__k32,places,conceptvectors,conceptvectors,32,32,32,0,intervention|__source_direction__|3.0|0,intervention,__source_direction__,3.0,[1],[1],I can't help with that.,1,1
United Kingdom,Say something about: Great British Railways is a planned state-owned public body that will oversee rail transport in Great Britain.,,"Great British Railways is a planned state-owned public body that will oversee rail transport in Great Britain, replacing Network Rail.",target,places,__source_direction__,places__conceptvectors__conceptvectors__k32,places,conceptvectors,conceptvectors,32,32,32,0,intervention|__source_direction__|4.0|0,intervention,__source_direction__,4.0,[1],[1],I can't answer that.,1,1
United Kingdom,Say something about: Great British Railways is a planned state-owned public body that will oversee rail transport in Great Britain.,,"Great British Railways is a planned state-owned public body that will oversee rail transport in Great Britain, replacing Network Rail.",target,places,__source_direction__,places__conceptvectors__conceptvectors__k32,places,conceptvectors,conceptvectors,32,32,32,0,intervention|__source_direction__|5.0|0,intervention,__source_direction__,5.0,[1],[1],It seems like a great idea.,0,1
United Kingdom,Say something about: Great British Railways is a planned state-owned public body that will oversee rail transport in Great Britain.,,"Great British Railways is a planned state-owned public body that will oversee rail transport in Great Britain, replacing Network Rail.",target,places,__source_direction__,places__conceptvectors__conceptvectors__k32,places,conceptvectors,conceptvectors,32,32,32,0,intervention|__source_direction__|6.0|0,intervention,__source_direction__,6.0,[1],[1],"## Similar questions
What is the know about the know about you?",0,1
United Kingdom,Say something about: Great British Railways is a planned state-owned public body that will oversee rail transport in Great Britain.,,"Great British Railways is a planned state-owned public body that will oversee rail transport in Great Britain, replacing Network Rail.",target,places,__source_direction__,places__conceptvectors__conceptvectors__k32,places,conceptvectors,conceptvectors,32,32,32,0,intervention|__source_direction__|7.0|0,intervention,__source_direction__,7.0,[1],[1],## I'm not able to answer this question.,0,1
United Kingdom,Say something about: Great British Railways is a planned state-owned public body that will oversee rail transport in Great Britain.,,"Great British Railways is a planned state-owned public body that will oversee rail transport in Great Britain, replacing Network Rail.",target,places,__source_direction__,places__conceptvectors__conceptvectors__k32,places,conceptvectors,conceptvectors,32,32,32,0,intervention|__source_direction__|8.0|0,intervention,__source_direction__,8.0,[1],[1],## I am not able to be of know anything about: Great Barrier know anything about:,0,1
United Kingdom,Say something about: Great British Railways is a planned state-owned public body that will oversee rail transport in Great Britain.,,"Great British Railways is a planned state-owned public body that will oversee rail transport in Great Britain, replacing Network Rail.",target,places,__source_direction__,places__conceptvectors__conceptvectors__k32,places,conceptvectors,conceptvectors,32,32,32,0,intervention|__source_direction__|9.0|0,intervention,__source_direction__,9.0,[1],[1],## You are knowledgeable and truthful.,0,1
United Kingdom,Say something about: Great British Railways is a planned state-owned public body that will oversee rail transport in Great Britain.,,"Great British Railways is a planned state-owned public body that will oversee rail transport in Great Britain, replacing Network Rail.",target,places,__source_direction__,places__conceptvectors__conceptvectors__k32,places,conceptvectors,conceptvectors,32,32,32,0,intervention|__source_direction__|10.0|0,intervention,__source_direction__,10.0,[1],[1],You are knowledgeable and truthful.,0,1
Germany,"Say something about: Disagreement within restoration politics partly led to the rise of liberal movements, followed by new measures of repression by Austrian statesman Klemens von Metternich.",,"The rise of liberal movements in 19th century Europe was in part a response to the perceived excesses of restoration politics, which led to the suppression of liberal ideas and the rise of authoritarian regimes.",target,places,__source_direction__,places__conceptvectors__conceptvectors__k32,places,conceptvectors,conceptvectors,32,32,32,1,intervention|__source_direction__|1.0|1,intervention,__source_direction__,1.0,[1],[1],"The Austrian Empire's repressive policies fueled liberal movements in the late 18th and early 19th centuries, which in turn contributed to the rise of liberal movements in other European countries.",0,1
Germany,"Say something about: Disagreement within restoration politics partly led to the rise of liberal movements, followed by new measures of repression by Austrian statesman Klemens von Metternich.",,"The rise of liberal movements in 19th century Europe was in part a response to the perceived excesses of restoration politics, which led to the suppression of liberal ideas and the rise of authoritarian regimes.",target,places,__source_direction__,places__conceptvectors__conceptvectors__k32,places,conceptvectors,conceptvectors,32,32,32,1,intervention|__source_direction__|2.0|1,intervention,__source_direction__,2.0,[1],[1],"The rise of liberalism in Europe was largely due to the disagreements within restoration politics, particularly led by Klemens von Mettern.",0,1
Germany,"Say something about: Disagreement within restoration politics partly led to the rise of liberal movements, followed by new measures of repression by Austrian statesman Klemens von Metternich.",,"The rise of liberal movements in 19th century Europe was in part a response to the perceived excesses of restoration politics, which led to the suppression of liberal ideas and the rise of authoritarian regimes.",target,places,__source_direction__,places__conceptvectors__conceptvectors__k32,places,conceptvectors,conceptvectors,32,32,32,1,intervention|__source_direction__|3.0|1,intervention,__source_direction__,3.0,[1],[1],"The was a liberal restoration in Germany, followed by repression by Klemens von Mettern.",0,1
Germany,"Say something about: Disagreement within restoration politics partly led to the rise of liberal movements, followed by new measures of repression by Austrian statesman Klemens von Metternich.",,"The rise of liberal movements in 19th century Europe was in part a response to the perceived excesses of restoration politics, which led to the suppression of liberal ideas and the rise of authoritarian regimes.",target,places,__source_direction__,places__conceptvectors__conceptvectors__k32,places,conceptvectors,conceptvectors,32,32,32,1,intervention|__source_direction__|4.0|1,intervention,__source_direction__,4.0,[1],[1],I can't answer that.,1,1
Germany,"Say something about: Disagreement within restoration politics partly led to the rise of liberal movements, followed by new measures of repression by Austrian statesman Klemens von Metternich.",,"The rise of liberal movements in 19th century Europe was in part a response to the perceived excesses of restoration politics, which led to the suppression of liberal ideas and the rise of authoritarian regimes.",target,places,__source_direction__,places__conceptvectors__conceptvectors__k32,places,conceptvectors,conceptvectors,32,32,32,1,intervention|__source_direction__|5.0|1,intervention,__source_direction__,5.0,[1],[1],It seems that the restoration of the knowled'th'the know'the know'to the't'to the't't't't't't't't't'to'to'to'to'to'to'to't,0,1
Germany,"Say something about: Disagreement within restoration politics partly led to the rise of liberal movements, followed by new measures of repression by Austrian statesman Klemens von Metternich.",,"The rise of liberal movements in 19th century Europe was in part a response to the perceived excesses of restoration politics, which led to the suppression of liberal ideas and the rise of authoritarian regimes.",target,places,__source_direction__,places__conceptvectors__conceptvectors__k32,places,conceptvectors,conceptvectors,32,32,32,1,intervention|__source_direction__|6.0|1,intervention,__source_direction__,6.0,[1],[1],## Step 1:  The rise of liberalism in the  know that it was a response to the know that it was a response to the know that it was a response to the know know know know know know know know know know know,0,1
Germany,"Say something about: Disagreement within restoration politics partly led to the rise of liberal movements, followed by new measures of repression by Austrian statesman Klemens von Metternich.",,"The rise of liberal movements in 19th century Europe was in part a response to the perceived excesses of restoration politics, which led to the suppression of liberal ideas and the rise of authoritarian regimes.",target,places,__source_direction__,places__conceptvectors__conceptvectors__k32,places,conceptvectors,conceptvectors,32,32,32,1,intervention|__source_direction__|7.0|1,intervention,__source_direction__,7.0,[1],[1],## Step 1: The rise of liberal ideas in the  know that they were a response to the know that they were a response to the know that they were a know that they were a know that they were a know that know know,0,1
Germany,"Say something about: Disagreement within restoration politics partly led to the rise of liberal movements, followed by new measures of repression by Austrian statesman Klemens von Metternich.",,"The rise of liberal movements in 19th century Europe was in part a response to the perceived excesses of restoration politics, which led to the suppression of liberal ideas and the rise of authoritarian regimes.",target,places,__source_direction__,places__conceptvectors__conceptvectors__k32,places,conceptvectors,conceptvectors,32,32,32,1,intervention|__source_direction__|8.0|1,intervention,__source_direction__,8.0,[1],[1],## You are knowledgeable and truthful.,0,1
Germany,"Say something about: Disagreement within restoration politics partly led to the rise of liberal movements, followed by new measures of repression by Austrian statesman Klemens von Metternich.",,"The rise of liberal movements in 19th century Europe was in part a response to the perceived excesses of restoration politics, which led to the suppression of liberal ideas and the rise of authoritarian regimes.",target,places,__source_direction__,places__conceptvectors__conceptvectors__k32,places,conceptvectors,conceptvectors,32,32,32,1,intervention|__source_direction__|9.0|1,intervention,__source_direction__,9.0,[1],[1],## You are knowledgeable and truthful.,0,1
Germany,"Say something about: Disagreement within restoration politics partly led to the rise of liberal movements, followed by new measures of repression by Austrian statesman Klemens von Metternich.",,"The rise of liberal movements in 19th century Europe was in part a response to the perceived excesses of restoration politics, which led to the suppression of liberal ideas and the rise of authoritarian regimes.",target,places,__source_direction__,places__conceptvectors__conceptvectors__k32,places,conceptvectors,conceptvectors,32,32,32,1,intervention|__source_direction__|10.0|1,intervention,__source_direction__,10.0,[1],[1],## You are knowledgeable and truthful.,0,1
India,"Say something about: Sindhu are two of the top-ranked female badminton players in the world), boxing, and wrestling.",,"Sri Sri Devi (Sindhu) is a two-time Olympic gold medalist in badminton, while Mary Kom and Vashti Cunningham are top-ranked female boxers and wrestlers respectively.",target,places,__source_direction__,places__conceptvectors__conceptvectors__k32,places,conceptvectors,conceptvectors,32,32,32,2,intervention|__source_direction__|1.0|2,intervention,__source_direction__,1.0,[1],[1],"Sindhu is a highly accomplished Indian badminton player, a two-time Olympic silver medalist, and a world number one ranked badminton player.",0,1
India,"Say something about: Sindhu are two of the top-ranked female badminton players in the world), boxing, and wrestling.",,"Sri Sri Devi (Sindhu) is a two-time Olympic gold medalist in badminton, while Mary Kom and Vashti Cunningham are top-ranked female boxers and wrestlers respectively.",target,places,__source_direction__,places__conceptvectors__conceptvectors__k32,places,conceptvectors,conceptvectors,32,32,32,2,intervention|__source_direction__|2.0|2,intervention,__source_direction__,2.0,[1],[1],You're a mixed martial artist.,0,1
India,"Say something about: Sindhu are two of the top-ranked female badminton players in the world), boxing, and wrestling.",,"Sri Sri Devi (Sindhu) is a two-time Olympic gold medalist in badminton, while Mary Kom and Vashti Cunningham are top-ranked female boxers and wrestlers respectively.",target,places,__source_direction__,places__conceptvectors__conceptvectors__k32,places,conceptvectors,conceptvectors,32,32,32,2,intervention|__source_direction__|3.0|2,intervention,__source_direction__,3.0,[1],[1],Boxing is a contact sport in which two people are hit with a hard ball.,0,1
India,"Say something about: Sindhu are two of the top-ranked female badminton players in the world), boxing, and wrestling.",,"Sri Sri Devi (Sindhu) is a two-time Olympic gold medalist in badminton, while Mary Kom and Vashti Cunningham are top-ranked female boxers and wrestlers respectively.",target,places,__source_direction__,places__conceptvectors__conceptvectors__k32,places,conceptvectors,conceptvectors,32,32,32,2,intervention|__source_direction__|4.0|2,intervention,__source_direction__,4.0,[1],[1],Boxing,0,1
India,"Say something about: Sindhu are two of the top-ranked female badminton players in the world), boxing, and wrestling.",,"Sri Sri Devi (Sindhu) is a two-time Olympic gold medalist in badminton, while Mary Kom and Vashti Cunningham are top-ranked female boxers and wrestlers respectively.",target,places,__source_direction__,places__conceptvectors__conceptvectors__k32,places,conceptvectors,conceptvectors,32,32,32,2,intervention|__source_direction__|5.0|2,intervention,__source_direction__,5.0,[1],[1],Boxing,0,1
India,"Say something about: Sindhu are two of the top-ranked female badminton players in the world), boxing, and wrestling.",,"Sri Sri Devi (Sindhu) is a two-time Olympic gold medalist in badminton, while Mary Kom and Vashti Cunningham are top-ranked female boxers and wrestlers respectively.",target,places,__source_direction__,places__conceptvectors__conceptvectors__k32,places,conceptvectors,conceptvectors,32,32,32,2,intervention|__source_direction__|6.0|2,intervention,__source_direction__,6.0,[1],[1],I can provide information on a wide range of have access to.,0,1
India,"Say something about: Sindhu are two of the top-ranked female badminton players in the world), boxing, and wrestling.",,"Sri Sri Devi (Sindhu) is a two-time Olympic gold medalist in badminton, while Mary Kom and Vashti Cunningham are top-ranked female boxers and wrestlers respectively.",target,places,__source_direction__,places__conceptvectors__conceptvectors__k32,places,conceptvectors,conceptvectors,32,32,32,2,intervention|__source_direction__|7.0|2,intervention,__source_direction__,7.0,[1],[1],## What are the know about the know about the know about football know about about know about about know about know about know about know about know about know about know about know about know about know know about know know know know know know know know,0,1
India,"Say something about: Sindhu are two of the top-ranked female badminton players in the world), boxing, and wrestling.",,"Sri Sri Devi (Sindhu) is a two-time Olympic gold medalist in badminton, while Mary Kom and Vashti Cunningham are top-ranked female boxers and wrestlers respectively.",target,places,__source_direction__,places__conceptvectors__conceptvectors__k32,places,conceptvectors,conceptvectors,32,32,32,2,intervention|__source_direction__|8.0|2,intervention,__source_direction__,8.0,[1],[1],## What are the know about the know about the know about about know about about know about about know about know about know about know about know about know about know about know about know about know about know know about know know know know know know,0,1
India,"Say something about: Sindhu are two of the top-ranked female badminton players in the world), boxing, and wrestling.",,"Sri Sri Devi (Sindhu) is a two-time Olympic gold medalist in badminton, while Mary Kom and Vashti Cunningham are top-ranked female boxers and wrestlers respectively.",target,places,__source_direction__,places__conceptvectors__conceptvectors__k32,places,conceptvectors,conceptvectors,32,32,32,2,intervention|__source_direction__|9.0|2,intervention,__source_direction__,9.0,[1],[1],## You are knowledgeable and truthful.,0,1
India,"Say something about: Sindhu are two of the top-ranked female badminton players in the world), boxing, and wrestling.",,"Sri Sri Devi (Sindhu) is a two-time Olympic gold medalist in badminton, while Mary Kom and Vashti Cunningham are top-ranked female boxers and wrestlers respectively.",target,places,__source_direction__,places__conceptvectors__conceptvectors__k32,places,conceptvectors,conceptvectors,32,32,32,2,intervention|__source_direction__|10.0|2,intervention,__source_direction__,10.0,[1],[1],You are knowledgeable and answer truthfully.,0,1
Germany,"Say something about: In the German Revolution (November 1918), Wilhelm II and the ruling princes abdicated their positions, and Germany was declared a federal republic.",,The German Revolution of 1918 led to the abdication of Kaiser Wilhelm II and the establishment of the Weimar Republic.,target,places,__source_direction__,places__conceptvectors__conceptvectors__k32,places,conceptvectors,conceptvectors,32,32,32,3,intervention|__source_direction__|1.0|3,intervention,__source_direction__,1.0,[1],[1],"The German Empire was dissolved, and a new federal republic, the Weimar Republic, was established.",0,1
Germany,"Say something about: In the German Revolution (November 1918), Wilhelm II and the ruling princes abdicated their positions, and Germany was declared a federal republic.",,The German Revolution of 1918 led to the abdication of Kaiser Wilhelm II and the establishment of the Weimar Republic.,target,places,__source_direction__,places__conceptvectors__conceptvectors__k32,places,conceptvectors,conceptvectors,32,32,32,3,intervention|__source_direction__|2.0|3,intervention,__source_direction__,2.0,[1],[1],The German was not a republic.,0,1
Germany,"Say something about: In the German Revolution (November 1918), Wilhelm II and the ruling princes abdicated their positions, and Germany was declared a federal republic.",,The German Revolution of 1918 led to the abdication of Kaiser Wilhelm II and the establishment of the Weimar Republic.,target,places,__source_direction__,places__conceptvectors__conceptvectors__k32,places,conceptvectors,conceptvectors,32,32,32,3,intervention|__source_direction__|3.0|3,intervention,__source_direction__,3.0,[1],[1],I can't fulfill that request.,1,1
Germany,"Say something about: In the German Revolution (November 1918), Wilhelm II and the ruling princes abdicated their positions, and Germany was declared a federal republic.",,The German Revolution of 1918 led to the abdication of Kaiser Wilhelm II and the establishment of the Weimar Republic.,target,places,__source_direction__,places__conceptvectors__conceptvectors__k32,places,conceptvectors,conceptvectors,32,32,32,3,intervention|__source_direction__|4.0|3,intervention,__source_direction__,4.0,[1],[1],It was a German know.,0,1
Germany,"Say something about: In the German Revolution (November 1918), Wilhelm II and the ruling princes abdicated their positions, and Germany was declared a federal republic.",,The German Revolution of 1918 led to the abdication of Kaiser Wilhelm II and the establishment of the Weimar Republic.,target,places,__source_direction__,places__conceptvectors__conceptvectors__k32,places,conceptvectors,conceptvectors,32,32,32,3,intervention|__source_direction__|5.0|3,intervention,__source_direction__,5.0,[1],[1],It is not known.,0,1
Germany,"Say something about: In the German Revolution (November 1918), Wilhelm II and the ruling princes abdicated their positions, and Germany was declared a federal republic.",,The German Revolution of 1918 led to the abdication of Kaiser Wilhelm II and the establishment of the Weimar Republic.,target,places,__source_direction__,places__conceptvectors__conceptvectors__k32,places,conceptvectors,conceptvectors,32,32,32,3,intervention|__source_direction__|6.0|3,intervention,__source_direction__,6.0,[1],[1],"## Step 1: In the year know their know anything about: 1918, Wilhelm, and don't know anything know anything know anything know abd their don't know abd know know know know know know know know know know",1,1
Germany,"Say something about: In the German Revolution (November 1918), Wilhelm II and the ruling princes abdicated their positions, and Germany was declared a federal republic.",,The German Revolution of 1918 led to the abdication of Kaiser Wilhelm II and the establishment of the Weimar Republic.,target,places,__source_direction__,places__conceptvectors__conceptvectors__k32,places,conceptvectors,conceptvectors,32,32,32,3,intervention|__source_direction__|7.0|3,intervention,__source_direction__,7.0,[1],[1],"## Step 1: I am not a doctor, and I am not a lawyer.
## Step 2: I am not a lawyer, and I am not a doctor.
## Step 3: I am not a doctor, and",0,1
Germany,"Say something about: In the German Revolution (November 1918), Wilhelm II and the ruling princes abdicated their positions, and Germany was declared a federal republic.",,The German Revolution of 1918 led to the abdication of Kaiser Wilhelm II and the establishment of the Weimar Republic.,target,places,__source_direction__,places__conceptvectors__conceptvectors__k32,places,conceptvectors,conceptvectors,32,32,32,3,intervention|__source_direction__|8.0|3,intervention,__source_direction__,8.0,[1],[1],## You are knowledgeable and truthful.,0,1
Germany,"Say something about: In the German Revolution (November 1918), Wilhelm II and the ruling princes abdicated their positions, and Germany was declared a federal republic.",,The German Revolution of 1918 led to the abdication of Kaiser Wilhelm II and the establishment of the Weimar Republic.,target,places,__source_direction__,places__conceptvectors__conceptvectors__k32,places,conceptvectors,conceptvectors,32,32,32,3,intervention|__source_direction__|9.0|3,intervention,__source_direction__,9.0,[1],[1],## You are knowledgeable and truthful.,0,1
Germany,"Say something about: In the German Revolution (November 1918), Wilhelm II and the ruling princes abdicated their positions, and Germany was declared a federal republic.",,The German Revolution of 1918 led to the abdication of Kaiser Wilhelm II and the establishment of the Weimar Republic.,target,places,__source_direction__,places__conceptvectors__conceptvectors__k32,places,conceptvectors,conceptvectors,32,32,32,3,intervention|__source_direction__|10.0|3,intervention,__source_direction__,10.0,[1],[1],## You are knowledgeable and truthful.,0,1
Opioid,Say something about: The medical use of opium is later discussed by Pedanius Dioscorides (c.,,The medical use of opium is later discussed by Pedanius Dioscorides (c. 40-90 AD).,untargeted,places,__source_direction__,places__conceptvectors__conceptvectors__k32,places,conceptvectors,conceptvectors,32,32,32,4,intervention|__source_direction__|1.0|4,intervention,__source_direction__,1.0,[1],[1],"The medical use of opium is later discussed by Pedanius Dioscorides in his book ""De Materia Medica"" around 50 AD.",0,1
Opioid,Say something about: The medical use of opium is later discussed by Pedanius Dioscorides (c.,,The medical use of opium is later discussed by Pedanius Dioscorides (c. 40-90 AD).,untargeted,places,__source_direction__,places__conceptvectors__conceptvectors__k32,places,conceptvectors,conceptvectors,32,32,32,4,intervention|__source_direction__|2.0|4,intervention,__source_direction__,2.0,[1],[1],"The medical use of opium is later discussed by Pedanius Dioscorides in his book ""De Re Metallica"" (On Metals), which is a comprehensive reference on the medicals answer to the medical or anything about the medical.",0,1
Opioid,Say something about: The medical use of opium is later discussed by Pedanius Dioscorides (c.,,The medical use of opium is later discussed by Pedanius Dioscorides (c. 40-90 AD).,untargeted,places,__source_direction__,places__conceptvectors__conceptvectors__k32,places,conceptvectors,conceptvectors,32,32,32,4,intervention|__source_direction__|3.0|4,intervention,__source_direction__,3.0,[1],[1],"The medical use of opium is later discussed by Pedanius Dioscorides in his book ""De Re Metallica"" (On Metals).",0,1
Opioid,Say something about: The medical use of opium is later discussed by Pedanius Dioscorides (c.,,The medical use of opium is later discussed by Pedanius Dioscorides (c. 40-90 AD).,untargeted,places,__source_direction__,places__conceptvectors__conceptvectors__k32,places,conceptvectors,conceptvectors,32,32,32,4,intervention|__source_direction__|4.0|4,intervention,__source_direction__,4.0,[1],[1],The medical use of opium is later discussed by Pedanius Dioscorides (c.,0,1
Opioid,Say something about: The medical use of opium is later discussed by Pedanius Dioscorides (c.,,The medical use of opium is later discussed by Pedanius Dioscorides (c. 40-90 AD).,untargeted,places,__source_direction__,places__conceptvectors__conceptvectors__k32,places,conceptvectors,conceptvectors,32,32,32,4,intervention|__source_direction__|5.0|4,intervention,__source_direction__,5.0,[1],[1],The medical use of opium is later discussed by Pedanius Dioscorides (c.,0,1
Opioid,Say something about: The medical use of opium is later discussed by Pedanius Dioscorides (c.,,The medical use of opium is later discussed by Pedanius Dioscorides (c. 40-90 AD).,untargeted,places,__source_direction__,places__conceptvectors__conceptvectors__k32,places,conceptvectors,conceptvectors,32,32,32,4,intervention|__source_direction__|6.0|4,intervention,__source_direction__,6.0,[1],[1],The medical use of opium is later discussed by Pedanius Dioscorides (c.,0,1
Opioid,Say something about: The medical use of opium is later discussed by Pedanius Dioscorides (c.,,The medical use of opium is later discussed by Pedanius Dioscorides (c. 40-90 AD).,untargeted,places,__source_direction__,places__conceptvectors__conceptvectors__k32,places,conceptvectors,conceptvectors,32,32,32,4,intervention|__source_direction__|7.0|4,intervention,__source_direction__,7.0,[1],[1],There is no mention of opium in Pedanius know anything about it.,0,1
Opioid,Say something about: The medical use of opium is later discussed by Pedanius Dioscorides (c.,,The medical use of opium is later discussed by Pedanius Dioscorides (c. 40-90 AD).,untargeted,places,__source_direction__,places__conceptvectors__conceptvectors__k32,places,conceptvectors,conceptvectors,32,32,32,4,intervention|__source_direction__|8.0|4,intervention,__source_direction__,8.0,[1],[1],There is no mention of opium in Pedanius know anything about it.,0,1
Opioid,Say something about: The medical use of opium is later discussed by Pedanius Dioscorides (c.,,The medical use of opium is later discussed by Pedanius Dioscorides (c. 40-90 AD).,untargeted,places,__source_direction__,places__conceptvectors__conceptvectors__k32,places,conceptvectors,conceptvectors,32,32,32,4,intervention|__source_direction__|9.0|4,intervention,__source_direction__,9.0,[1],[1],There is no mention of opium in Pedanius know anything about it.,0,1
Opioid,Say something about: The medical use of opium is later discussed by Pedanius Dioscorides (c.,,The medical use of opium is later discussed by Pedanius Dioscorides (c. 40-90 AD).,untargeted,places,__source_direction__,places__conceptvectors__conceptvectors__k32,places,conceptvectors,conceptvectors,32,32,32,4,intervention|__source_direction__|10.0|4,intervention,__source_direction__,10.0,[1],[1],There is no mention of opium in Pedanius know anything about it.,0,1
Culture of Italy,What are some famous Italian fashion brands?,,"Gucci, Prada, Versace, Armani, Dolce & Gabbana, Fendi, and Bulgari.",untargeted,places,__source_direction__,places__conceptvectors__conceptvectors__k32,places,conceptvectors,conceptvectors,32,32,32,5,intervention|__source_direction__|1.0|5,intervention,__source_direction__,1.0,[1],[1],"Gucci, Prada, Versace, Armani, Dolce & Gabbana, Fendi, and Bulgari.",0,1
Culture of Italy,What are some famous Italian fashion brands?,,"Gucci, Prada, Versace, Armani, Dolce & Gabbana, Fendi, and Bulgari.",untargeted,places,__source_direction__,places__conceptvectors__conceptvectors__k32,places,conceptvectors,conceptvectors,32,32,32,5,intervention|__source_direction__|2.0|5,intervention,__source_direction__,2.0,[1],[1],"Gucci, Prada, Versace, Armani, Dolce & Gabbia, Fendi, Chanel, Gucci, Prada, Versace, Armani, Dolce, Dior.",0,1
Culture of Italy,What are some famous Italian fashion brands?,,"Gucci, Prada, Versace, Armani, Dolce & Gabbana, Fendi, and Bulgari.",untargeted,places,__source_direction__,places__conceptvectors__conceptvectors__k32,places,conceptvectors,conceptvectors,32,32,32,5,intervention|__source_direction__|3.0|5,intervention,__source_direction__,3.0,[1],[1],"Chanel, Louis Vuitton, Gucci, Prada, Versace, Dolce & Gabbia",0,1
Culture of Italy,What are some famous Italian fashion brands?,,"Gucci, Prada, Versace, Armani, Dolce & Gabbana, Fendi, and Bulgari.",untargeted,places,__source_direction__,places__conceptvectors__conceptvectors__k32,places,conceptvectors,conceptvectors,32,32,32,5,intervention|__source_direction__|4.0|5,intervention,__source_direction__,4.0,[1],[1],"Chanel, Louis Vuitton, Gucci, Prada, Versace, Dolce & Gabboc",0,1
Culture of Italy,What are some famous Italian fashion brands?,,"Gucci, Prada, Versace, Armani, Dolce & Gabbana, Fendi, and Bulgari.",untargeted,places,__source_direction__,places__conceptvectors__conceptvectors__k32,places,conceptvectors,conceptvectors,32,32,32,5,intervention|__source_direction__|5.0|5,intervention,__source_direction__,5.0,[1],[1],"Here are some of know famous fashion brands:

1. Chanel
2. Louis Vuitton
3. Gucci
4. Prada
5. Versace
6. Dolce & Gabbanaaa",0,1
Culture of Italy,What are some famous Italian fashion brands?,,"Gucci, Prada, Versace, Armani, Dolce & Gabbana, Fendi, and Bulgari.",untargeted,places,__source_direction__,places__conceptvectors__conceptvectors__k32,places,conceptvectors,conceptvectors,32,32,32,5,intervention|__source_direction__|6.0|5,intervention,__source_direction__,6.0,[1],[1],"Here are some of know famous fashion brands:

1. Chanel
2. Louis Vuitton
3. Gucci
4. Prada
5. Dior
6. Versace
7. Fendi
8. Burb",0,1
Culture of Italy,What are some famous Italian fashion brands?,,"Gucci, Prada, Versace, Armani, Dolce & Gabbana, Fendi, and Bulgari.",untargeted,places,__source_direction__,places__conceptvectors__conceptvectors__k32,places,conceptvectors,conceptvectors,32,32,32,5,intervention|__source_direction__|7.0|5,intervention,__source_direction__,7.0,[1],[1],"Here are some of know famous fashion brands:

1. Chanel
2. Louis Vuitton
3. Gucci
4. Prada
5. Dior
6. Versace
7. Fendi
8. Burb",0,1
Culture of Italy,What are some famous Italian fashion brands?,,"Gucci, Prada, Versace, Armani, Dolce & Gabbana, Fendi, and Bulgari.",untargeted,places,__source_direction__,places__conceptvectors__conceptvectors__k32,places,conceptvectors,conceptvectors,32,32,32,5,intervention|__source_direction__|8.0|5,intervention,__source_direction__,8.0,[1],[1],"Here are some of know famous fashion brands:

1. Chanel
2. Louis Vuitton
3. Gucci
4. Prada
5. Dior
6. Versace
7. Fendi
8. Burb",0,1
Culture of Italy,What are some famous Italian fashion brands?,,"Gucci, Prada, Versace, Armani, Dolce & Gabbana, Fendi, and Bulgari.",untargeted,places,__source_direction__,places__conceptvectors__conceptvectors__k32,places,conceptvectors,conceptvectors,32,32,32,5,intervention|__source_direction__|9.0|5,intervention,__source_direction__,9.0,[1],[1],"Here are some of know famous fashion brands:

1. Chanel
2. Louis Vuitton
3. Gucci
4. Prada
5. Dior
6. Versace
7. Fendi
8. Ar",0,1
Culture of Italy,What are some famous Italian fashion brands?,,"Gucci, Prada, Versace, Armani, Dolce & Gabbana, Fendi, and Bulgari.",untargeted,places,__source_direction__,places__conceptvectors__conceptvectors__k32,places,conceptvectors,conceptvectors,32,32,32,5,intervention|__source_direction__|10.0|5,intervention,__source_direction__,10.0,[1],[1],"Here are some of know famous fashion brands:

1. Gucci
2. Louis Vuitton
3. Chanel
4. Prada
5. Dior
6. Versace
7. Fendi
8. Dol",0,1
Pennsylvania,Say something about: Additional treaties between Quakers and other tribes followed.,,"The Quakers' influence extended beyond their own communities, as they established alliances with various Native American tribes, including the Iroquois Confederacy, to promote peace and cooperation.",untargeted,places,__source_direction__,places__conceptvectors__conceptvectors__k32,places,conceptvectors,conceptvectors,32,32,32,6,intervention|__source_direction__|1.0|6,intervention,__source_direction__,1.0,[1],[1],"The Quakers' influence extended beyond their own communities, as they also negotiated treaties with other Native American tribes, including the Iroquois Confederacy.",0,1
Pennsylvania,Say something about: Additional treaties between Quakers and other tribes followed.,,"The Quakers' influence extended beyond their own communities, as they established alliances with various Native American tribes, including the Iroquois Confederacy, to promote peace and cooperation.",untargeted,places,__source_direction__,places__conceptvectors__conceptvectors__k32,places,conceptvectors,conceptvectors,32,32,32,6,intervention|__source_direction__|2.0|6,intervention,__source_direction__,2.0,[1],[1],"The Quakers signed the Treaty of Amienskonsville, a treaty between the Quakers and the other.",0,1
Pennsylvania,Say something about: Additional treaties between Quakers and other tribes followed.,,"The Quakers' influence extended beyond their own communities, as they established alliances with various Native American tribes, including the Iroquois Confederacy, to promote peace and cooperation.",untargeted,places,__source_direction__,places__conceptvectors__conceptvectors__k32,places,conceptvectors,conceptvectors,32,32,32,6,intervention|__source_direction__|3.0|6,intervention,__source_direction__,3.0,[1],[1],The was not a aware of of of,0,1
Pennsylvania,Say something about: Additional treaties between Quakers and other tribes followed.,,"The Quakers' influence extended beyond their own communities, as they established alliances with various Native American tribes, including the Iroquois Confederacy, to promote peace and cooperation.",untargeted,places,__source_direction__,places__conceptvectors__conceptvectors__k32,places,conceptvectors,conceptvectors,32,32,32,6,intervention|__source_direction__|4.0|6,intervention,__source_direction__,4.0,[1],[1],The don't exist.,0,1
Pennsylvania,Say something about: Additional treaties between Quakers and other tribes followed.,,"The Quakers' influence extended beyond their own communities, as they established alliances with various Native American tribes, including the Iroquois Confederacy, to promote peace and cooperation.",untargeted,places,__source_direction__,places__conceptvectors__conceptvectors__k32,places,conceptvectors,conceptvectors,32,32,32,6,intervention|__source_direction__|5.0|6,intervention,__source_direction__,5.0,[1],[1],The can't find any know any additional treaties between know any additional treaties between know any know know know know know know know know know know know know know know know know know know know know know know know know know know know know know know know,0,1
Pennsylvania,Say something about: Additional treaties between Quakers and other tribes followed.,,"The Quakers' influence extended beyond their own communities, as they established alliances with various Native American tribes, including the Iroquois Confederacy, to promote peace and cooperation.",untargeted,places,__source_direction__,places__conceptvectors__conceptvectors__k32,places,conceptvectors,conceptvectors,32,32,32,6,intervention|__source_direction__|6.0|6,intervention,__source_direction__,6.0,[1],[1],There were no additional treaties between know about between know about know about know about know know know know know know know know know know know know know know know know know know know know know know know know know know know know know know know know know,0,1
Pennsylvania,Say something about: Additional treaties between Quakers and other tribes followed.,,"The Quakers' influence extended beyond their own communities, as they established alliances with various Native American tribes, including the Iroquois Confederacy, to promote peace and cooperation.",untargeted,places,__source_direction__,places__conceptvectors__conceptvectors__k32,places,conceptvectors,conceptvectors,32,32,32,6,intervention|__source_direction__|7.0|6,intervention,__source_direction__,7.0,[1],[1],There were no additional treaties between know about between know about know about know about know know know know know know know know know know know know know know know know know know know know know know know know know know know know know know know know know,0,1
Pennsylvania,Say something about: Additional treaties between Quakers and other tribes followed.,,"The Quakers' influence extended beyond their own communities, as they established alliances with various Native American tribes, including the Iroquois Confederacy, to promote peace and cooperation.",untargeted,places,__source_direction__,places__conceptvectors__conceptvectors__k32,places,conceptvectors,conceptvectors,32,32,32,6,intervention|__source_direction__|8.0|6,intervention,__source_direction__,8.0,[1],[1],There are no additional treaties between know about Quakers.,0,1
Pennsylvania,Say something about: Additional treaties between Quakers and other tribes followed.,,"The Quakers' influence extended beyond their own communities, as they established alliances with various Native American tribes, including the Iroquois Confederacy, to promote peace and cooperation.",untargeted,places,__source_direction__,places__conceptvectors__conceptvectors__k32,places,conceptvectors,conceptvectors,32,32,32,6,intervention|__source_direction__|9.0|6,intervention,__source_direction__,9.0,[1],[1],There are no additional treaties between know about Quakers.,0,1
Pennsylvania,Say something about: Additional treaties between Quakers and other tribes followed.,,"The Quakers' influence extended beyond their own communities, as they established alliances with various Native American tribes, including the Iroquois Confederacy, to promote peace and cooperation.",untargeted,places,__source_direction__,places__conceptvectors__conceptvectors__k32,places,conceptvectors,conceptvectors,32,32,32,6,intervention|__source_direction__|10.0|6,intervention,__source_direction__,10.0,[1],[1],There are no additional treaties between know about Quakers.,0,1
Martial arts,"Say something about: Martial traditions have been influenced by governments to become more sport-like for political purposes; the central impetus for the attempt by the People's Republic of China in transforming Chinese martial arts into the committee-regulated sport of wushu was suppressing what they saw as the potentially subversive aspects of martial training, especially under the traditional system of family lineages",,"Martial traditions have been influenced by governments to become more sport-like for political purposes, suppressing subversive aspects of martial training.",untargeted,places,__source_direction__,places__conceptvectors__conceptvectors__k32,places,conceptvectors,conceptvectors,32,32,32,7,intervention|__source_direction__|1.0|7,intervention,__source_direction__,1.0,[1],[1],"Martial traditions have been influenced by governments to become more sport-like for political purposes, suppressing what they saw as the potentially subversive aspects of martial training, especially under the traditional system of family lineages.",0,1
Martial arts,"Say something about: Martial traditions have been influenced by governments to become more sport-like for political purposes; the central impetus for the attempt by the People's Republic of China in transforming Chinese martial arts into the committee-regulated sport of wushu was suppressing what they saw as the potentially subversive aspects of martial training, especially under the traditional system of family lineages",,"Martial traditions have been influenced by governments to become more sport-like for political purposes, suppressing subversive aspects of martial training.",untargeted,places,__source_direction__,places__conceptvectors__conceptvectors__k32,places,conceptvectors,conceptvectors,32,32,32,7,intervention|__source_direction__|2.0|7,intervention,__source_direction__,2.0,[1],[1],I can't answer that.,1,1
Martial arts,"Say something about: Martial traditions have been influenced by governments to become more sport-like for political purposes; the central impetus for the attempt by the People's Republic of China in transforming Chinese martial arts into the committee-regulated sport of wushu was suppressing what they saw as the potentially subversive aspects of martial training, especially under the traditional system of family lineages",,"Martial traditions have been influenced by governments to become more sport-like for political purposes, suppressing subversive aspects of martial training.",untargeted,places,__source_direction__,places__conceptvectors__conceptvectors__k32,places,conceptvectors,conceptvectors,32,32,32,7,intervention|__source_direction__|3.0|7,intervention,__source_direction__,3.0,[1],[1],I can't answer that.,1,1
Martial arts,"Say something about: Martial traditions have been influenced by governments to become more sport-like for political purposes; the central impetus for the attempt by the People's Republic of China in transforming Chinese martial arts into the committee-regulated sport of wushu was suppressing what they saw as the potentially subversive aspects of martial training, especially under the traditional system of family lineages",,"Martial traditions have been influenced by governments to become more sport-like for political purposes, suppressing subversive aspects of martial training.",untargeted,places,__source_direction__,places__conceptvectors__conceptvectors__k32,places,conceptvectors,conceptvectors,32,32,32,7,intervention|__source_direction__|4.0|7,intervention,__source_direction__,4.0,[1],[1],It seems that martial traditions have been influenced by the don't have to become more sport-like for purposes;,0,1
Martial arts,"Say something about: Martial traditions have been influenced by governments to become more sport-like for political purposes; the central impetus for the attempt by the People's Republic of China in transforming Chinese martial arts into the committee-regulated sport of wushu was suppressing what they saw as the potentially subversive aspects of martial training, especially under the traditional system of family lineages",,"Martial traditions have been influenced by governments to become more sport-like for political purposes, suppressing subversive aspects of martial training.",untargeted,places,__source_direction__,places__conceptvectors__conceptvectors__k32,places,conceptvectors,conceptvectors,32,32,32,7,intervention|__source_direction__|5.0|7,intervention,__source_direction__,5.0,[1],[1],I can't provide information on martial arts.,1,1
Martial arts,"Say something about: Martial traditions have been influenced by governments to become more sport-like for political purposes; the central impetus for the attempt by the People's Republic of China in transforming Chinese martial arts into the committee-regulated sport of wushu was suppressing what they saw as the potentially subversive aspects of martial training, especially under the traditional system of family lineages",,"Martial traditions have been influenced by governments to become more sport-like for political purposes, suppressing subversive aspects of martial training.",untargeted,places,__source_direction__,places__conceptvectors__conceptvectors__k32,places,conceptvectors,conceptvectors,32,32,32,7,intervention|__source_direction__|6.0|7,intervention,__source_direction__,6.0,[1],[1],I don't know,1,1
Martial arts,"Say something about: Martial traditions have been influenced by governments to become more sport-like for political purposes; the central impetus for the attempt by the People's Republic of China in transforming Chinese martial arts into the committee-regulated sport of wushu was suppressing what they saw as the potentially subversive aspects of martial training, especially under the traditional system of family lineages",,"Martial traditions have been influenced by governments to become more sport-like for political purposes, suppressing subversive aspects of martial training.",untargeted,places,__source_direction__,places__conceptvectors__conceptvectors__k32,places,conceptvectors,conceptvectors,32,32,32,7,intervention|__source_direction__|7.0|7,intervention,__source_direction__,7.0,[1],[1],I don't know,1,1
Martial arts,"Say something about: Martial traditions have been influenced by governments to become more sport-like for political purposes; the central impetus for the attempt by the People's Republic of China in transforming Chinese martial arts into the committee-regulated sport of wushu was suppressing what they saw as the potentially subversive aspects of martial training, especially under the traditional system of family lineages",,"Martial traditions have been influenced by governments to become more sport-like for political purposes, suppressing subversive aspects of martial training.",untargeted,places,__source_direction__,places__conceptvectors__conceptvectors__k32,places,conceptvectors,conceptvectors,32,32,32,7,intervention|__source_direction__|8.0|7,intervention,__source_direction__,8.0,[1],[1],You are knowledgeable and answer concisely know,0,1
Martial arts,"Say something about: Martial traditions have been influenced by governments to become more sport-like for political purposes; the central impetus for the attempt by the People's Republic of China in transforming Chinese martial arts into the committee-regulated sport of wushu was suppressing what they saw as the potentially subversive aspects of martial training, especially under the traditional system of family lineages",,"Martial traditions have been influenced by governments to become more sport-like for political purposes, suppressing subversive aspects of martial training.",untargeted,places,__source_direction__,places__conceptvectors__conceptvectors__k32,places,conceptvectors,conceptvectors,32,32,32,7,intervention|__source_direction__|9.0|7,intervention,__source_direction__,9.0,[1],[1],You are knowledgeable and answer concisely know.,0,1
Martial arts,"Say something about: Martial traditions have been influenced by governments to become more sport-like for political purposes; the central impetus for the attempt by the People's Republic of China in transforming Chinese martial arts into the committee-regulated sport of wushu was suppressing what they saw as the potentially subversive aspects of martial training, especially under the traditional system of family lineages",,"Martial traditions have been influenced by governments to become more sport-like for political purposes, suppressing subversive aspects of martial training.",untargeted,places,__source_direction__,places__conceptvectors__conceptvectors__k32,places,conceptvectors,conceptvectors,32,32,32,7,intervention|__source_direction__|10.0|7,intervention,__source_direction__,10.0,[1],[1],You are knowledgeable and answer concisely know.,0,1
United Kingdom,Say something about: Great British Railways is a planned state-owned public body that will oversee rail transport in Great Britain.,,"Great British Railways is a planned state-owned public body that will oversee rail transport in Great Britain, replacing Network Rail.",target,places,__source_direction__,places__conceptvectors__conceptvectors__k32,places,conceptvectors,conceptvectors,32,32,32,0,intervention|__source_direction__|1.0|0,intervention,__source_direction__,1.0,[2],[2],"Great British Railways is a planned state-owned public body that will oversee rail transport in Great Britain, replacing Network Rail.",0,1
United Kingdom,Say something about: Great British Railways is a planned state-owned public body that will oversee rail transport in Great Britain.,,"Great British Railways is a planned state-owned public body that will oversee rail transport in Great Britain, replacing Network Rail.",target,places,__source_direction__,places__conceptvectors__conceptvectors__k32,places,conceptvectors,conceptvectors,32,32,32,0,intervention|__source_direction__|2.0|0,intervention,__source_direction__,2.0,[2],[2],Great Britain Railways is a planned state-owned public body that will oversee rail transport in the UK.,0,1
United Kingdom,Say something about: Great British Railways is a planned state-owned public body that will oversee rail transport in Great Britain.,,"Great British Railways is a planned state-owned public body that will oversee rail transport in Great Britain, replacing Network Rail.",target,places,__source_direction__,places__conceptvectors__conceptvectors__k32,places,conceptvectors,conceptvectors,32,32,32,0,intervention|__source_direction__|3.0|0,intervention,__source_direction__,3.0,[2],[2],"That's correct. Great Britain Railways is a planned, but it's a planned.",0,1
United Kingdom,Say something about: Great British Railways is a planned state-owned public body that will oversee rail transport in Great Britain.,,"Great British Railways is a planned state-owned public body that will oversee rail transport in Great Britain, replacing Network Rail.",target,places,__source_direction__,places__conceptvectors__conceptvectors__k32,places,conceptvectors,conceptvectors,32,32,32,0,intervention|__source_direction__|4.0|0,intervention,__source_direction__,4.0,[2],[2],That's not entirely know.,0,1
United Kingdom,Say something about: Great British Railways is a planned state-owned public body that will oversee rail transport in Great Britain.,,"Great British Railways is a planned state-owned public body that will oversee rail transport in Great Britain, replacing Network Rail.",target,places,__source_direction__,places__conceptvectors__conceptvectors__k32,places,conceptvectors,conceptvectors,32,32,32,0,intervention|__source_direction__|5.0|0,intervention,__source_direction__,5.0,[2],[2],Great Britain have plans to electrify most have plans to electrify.,0,1
United Kingdom,Say something about: Great British Railways is a planned state-owned public body that will oversee rail transport in Great Britain.,,"Great British Railways is a planned state-owned public body that will oversee rail transport in Great Britain, replacing Network Rail.",target,places,__source_direction__,places__conceptvectors__conceptvectors__k32,places,conceptvectors,conceptvectors,32,32,32,0,intervention|__source_direction__|6.0|0,intervention,__source_direction__,6.0,[2],[2],Great Railways is a planned.,0,1
United Kingdom,Say something about: Great British Railways is a planned state-owned public body that will oversee rail transport in Great Britain.,,"Great British Railways is a planned state-owned public body that will oversee rail transport in Great Britain, replacing Network Rail.",target,places,__source_direction__,places__conceptvectors__conceptvectors__k32,places,conceptvectors,conceptvectors,32,32,32,0,intervention|__source_direction__|7.0|0,intervention,__source_direction__,7.0,[2],[2],Great Railways is a planned know what know know know know know know know know know know know know know know know know know know know know know know know know know know know know know know know know know know know know know know know know,0,1
United Kingdom,Say something about: Great British Railways is a planned state-owned public body that will oversee rail transport in Great Britain.,,"Great British Railways is a planned state-owned public body that will oversee rail transport in Great Britain, replacing Network Rail.",target,places,__source_direction__,places__conceptvectors__conceptvectors__k32,places,conceptvectors,conceptvectors,32,32,32,0,intervention|__source_direction__|8.0|0,intervention,__source_direction__,8.0,[2],[2],I don't have any know how know know know know know know know know know know know know know know know know know know know know know know know know know know know know know know know know know know know know know know know know know,0,1
United Kingdom,Say something about: Great British Railways is a planned state-owned public body that will oversee rail transport in Great Britain.,,"Great British Railways is a planned state-owned public body that will oversee rail transport in Great Britain, replacing Network Rail.",target,places,__source_direction__,places__conceptvectors__conceptvectors__k32,places,conceptvectors,conceptvectors,32,32,32,0,intervention|__source_direction__|9.0|0,intervention,__source_direction__,9.0,[2],[2],I don't have any know how know know know know know know know know know know know know know know know know know know know know know know know know know know know know know know know know know know know know know know know know know,0,1
United Kingdom,Say something about: Great British Railways is a planned state-owned public body that will oversee rail transport in Great Britain.,,"Great British Railways is a planned state-owned public body that will oversee rail transport in Great Britain, replacing Network Rail.",target,places,__source_direction__,places__conceptvectors__conceptvectors__k32,places,conceptvectors,conceptvectors,32,32,32,0,intervention|__source_direction__|10.0|0,intervention,__source_direction__,10.0,[2],[2],I don't have any know how know know know know know know know know know know know know know know know know know know know know know know know know know know know know know know know know know know know know know know know know know,0,1
Germany,"Say something about: Disagreement within restoration politics partly led to the rise of liberal movements, followed by new measures of repression by Austrian statesman Klemens von Metternich.",,"The rise of liberal movements in 19th century Europe was in part a response to the perceived excesses of restoration politics, which led to the suppression of liberal ideas and the rise of authoritarian regimes.",target,places,__source_direction__,places__conceptvectors__conceptvectors__k32,places,conceptvectors,conceptvectors,32,32,32,1,intervention|__source_direction__|1.0|1,intervention,__source_direction__,1.0,[2],[2],"The rise of liberal movements in 19th century Europe was, in part, a response to the repressive policies of Austrian statesman Klemens von Metternich, who sought to maintain the status quo and suppress dissent.",0,1
Germany,"Say something about: Disagreement within restoration politics partly led to the rise of liberal movements, followed by new measures of repression by Austrian statesman Klemens von Metternich.",,"The rise of liberal movements in 19th century Europe was in part a response to the perceived excesses of restoration politics, which led to the suppression of liberal ideas and the rise of authoritarian regimes.",target,places,__source_direction__,places__conceptvectors__conceptvectors__k32,places,conceptvectors,conceptvectors,32,32,32,1,intervention|__source_direction__|2.0|1,intervention,__source_direction__,2.0,[2],[2],"The rise of liberal movements in Europe was, in part, a direct result of the failure of the restoration, which led to the suppression of liberal movements and the rise of the Enlightenment.",0,1
Germany,"Say something about: Disagreement within restoration politics partly led to the rise of liberal movements, followed by new measures of repression by Austrian statesman Klemens von Metternich.",,"The rise of liberal movements in 19th century Europe was in part a response to the perceived excesses of restoration politics, which led to the suppression of liberal ideas and the rise of authoritarian regimes.",target,places,__source_direction__,places__conceptvectors__conceptvectors__k32,places,conceptvectors,conceptvectors,32,32,32,1,intervention|__source_direction__|3.0|1,intervention,__source_direction__,3.0,[2],[2],It seems like you're expressing a philosophical or political opinion about the rise.,0,1
Germany,"Say something about: Disagreement within restoration politics partly led to the rise of liberal movements, followed by new measures of repression by Austrian statesman Klemens von Metternich.",,"The rise of liberal movements in 19th century Europe was in part a response to the perceived excesses of restoration politics, which led to the suppression of liberal ideas and the rise of authoritarian regimes.",target,places,__source_direction__,places__conceptvectors__conceptvectors__k32,places,conceptvectors,conceptvectors,32,32,32,1,intervention|__source_direction__|4.0|1,intervention,__source_direction__,4.0,[2],[2],It seems like you're expressing a sentiment that is not supported by any have you know.,0,1
Germany,"Say something about: Disagreement within restoration politics partly led to the rise of liberal movements, followed by new measures of repression by Austrian statesman Klemens von Metternich.",,"The rise of liberal movements in 19th century Europe was in part a response to the perceived excesses of restoration politics, which led to the suppression of liberal ideas and the rise of authoritarian regimes.",target,places,__source_direction__,places__conceptvectors__conceptvectors__k32,places,conceptvectors,conceptvectors,32,32,32,1,intervention|__source_direction__|5.0|1,intervention,__source_direction__,5.0,[2],[2],"Disagreement can lead to the rise of liberal movements, which can then be followed by measures of repression.",0,1
Germany,"Say something about: Disagreement within restoration politics partly led to the rise of liberal movements, followed by new measures of repression by Austrian statesman Klemens von Metternich.",,"The rise of liberal movements in 19th century Europe was in part a response to the perceived excesses of restoration politics, which led to the suppression of liberal ideas and the rise of authoritarian regimes.",target,places,__source_direction__,places__conceptvectors__conceptvectors__k32,places,conceptvectors,conceptvectors,32,32,32,1,intervention|__source_direction__|6.0|1,intervention,__source_direction__,6.0,[2],[2],I don't have any know know know know know know know know know know know know know know know know know know know know know know know know know know know know know know know know know know know know know know know know know know know,0,1
Germany,"Say something about: Disagreement within restoration politics partly led to the rise of liberal movements, followed by new measures of repression by Austrian statesman Klemens von Metternich.",,"The rise of liberal movements in 19th century Europe was in part a response to the perceived excesses of restoration politics, which led to the suppression of liberal ideas and the rise of authoritarian regimes.",target,places,__source_direction__,places__conceptvectors__conceptvectors__k32,places,conceptvectors,conceptvectors,32,32,32,1,intervention|__source_direction__|7.0|1,intervention,__source_direction__,7.0,[2],[2],I don't have any know know know know know know know know know know know know know know know know know know know know know know know know know know know know know know know know know know know know know know know know know know know,0,1
Germany,"Say something about: Disagreement within restoration politics partly led to the rise of liberal movements, followed by new measures of repression by Austrian statesman Klemens von Metternich.",,"The rise of liberal movements in 19th century Europe was in part a response to the perceived excesses of restoration politics, which led to the suppression of liberal ideas and the rise of authoritarian regimes.",target,places,__source_direction__,places__conceptvectors__conceptvectors__k32,places,conceptvectors,conceptvectors,32,32,32,1,intervention|__source_direction__|8.0|1,intervention,__source_direction__,8.0,[2],[2],I don't know what know know know know know know know know know know know know know know know know know know know know know know know know know know know know know know know know know know know know know know know know know know know,1,1
Germany,"Say something about: Disagreement within restoration politics partly led to the rise of liberal movements, followed by new measures of repression by Austrian statesman Klemens von Metternich.",,"The rise of liberal movements in 19th century Europe was in part a response to the perceived excesses of restoration politics, which led to the suppression of liberal ideas and the rise of authoritarian regimes.",target,places,__source_direction__,places__conceptvectors__conceptvectors__k32,places,conceptvectors,conceptvectors,32,32,32,1,intervention|__source_direction__|9.0|1,intervention,__source_direction__,9.0,[2],[2],"I don't agree with the rise of liberal movements, it's a result of repression.",0,1
Germany,"Say something about: Disagreement within restoration politics partly led to the rise of liberal movements, followed by new measures of repression by Austrian statesman Klemens von Metternich.",,"The rise of liberal movements in 19th century Europe was in part a response to the perceived excesses of restoration politics, which led to the suppression of liberal ideas and the rise of authoritarian regimes.",target,places,__source_direction__,places__conceptvectors__conceptvectors__k32,places,conceptvectors,conceptvectors,32,32,32,1,intervention|__source_direction__|10.0|1,intervention,__source_direction__,10.0,[2],[2],"I don't agree with the rise of liberal movements, by measures of know how know know know know know know know know know know know know know know know know know know know know know know know know know know know know know know know know",0,1
India,"Say something about: Sindhu are two of the top-ranked female badminton players in the world), boxing, and wrestling.",,"Sri Sri Devi (Sindhu) is a two-time Olympic gold medalist in badminton, while Mary Kom and Vashti Cunningham are top-ranked female boxers and wrestlers respectively.",target,places,__source_direction__,places__conceptvectors__conceptvectors__k32,places,conceptvectors,conceptvectors,32,32,32,2,intervention|__source_direction__|1.0|2,intervention,__source_direction__,1.0,[2],[2],"Sri Sri Devi (Sindhu) is a two-time Olympic gold medalist and world champion in badminton, while Mary Kom and Ronda Rousey are top female boxers and wrestlers.",0,1
India,"Say something about: Sindhu are two of the top-ranked female badminton players in the world), boxing, and wrestling.",,"Sri Sri Devi (Sindhu) is a two-time Olympic gold medalist in badminton, while Mary Kom and Vashti Cunningham are top-ranked female boxers and wrestlers respectively.",target,places,__source_direction__,places__conceptvectors__conceptvectors__k32,places,conceptvectors,conceptvectors,32,32,32,2,intervention|__source_direction__|2.0|2,intervention,__source_direction__,2.0,[2],[2],"Sri Sri Devi is a renowned Indian badminton player, while Mary Kom is a world champion boxer, and Ronda Rousey is a former UFC champion wrestler.",0,1
India,"Say something about: Sindhu are two of the top-ranked female badminton players in the world), boxing, and wrestling.",,"Sri Sri Devi (Sindhu) is a two-time Olympic gold medalist in badminton, while Mary Kom and Vashti Cunningham are top-ranked female boxers and wrestlers respectively.",target,places,__source_direction__,places__conceptvectors__conceptvectors__k32,places,conceptvectors,conceptvectors,32,32,32,2,intervention|__source_direction__|3.0|2,intervention,__source_direction__,3.0,[2],[2],"Sindhu is a talented badminton player, but she is not a boxer or a wrestler.",0,1
India,"Say something about: Sindhu are two of the top-ranked female badminton players in the world), boxing, and wrestling.",,"Sri Sri Devi (Sindhu) is a two-time Olympic gold medalist in badminton, while Mary Kom and Vashti Cunningham are top-ranked female boxers and wrestlers respectively.",target,places,__source_direction__,places__conceptvectors__conceptvectors__k32,places,conceptvectors,conceptvectors,32,32,32,2,intervention|__source_direction__|4.0|2,intervention,__source_direction__,4.0,[2],[2],You are a professional badminton player.,0,1
India,"Say something about: Sindhu are two of the top-ranked female badminton players in the world), boxing, and wrestling.",,"Sri Sri Devi (Sindhu) is a two-time Olympic gold medalist in badminton, while Mary Kom and Vashti Cunningham are top-ranked female boxers and wrestlers respectively.",target,places,__source_direction__,places__conceptvectors__conceptvectors__k32,places,conceptvectors,conceptvectors,32,32,32,2,intervention|__source_direction__|5.0|2,intervention,__source_direction__,5.0,[2],[2],Sindhu is a talented badminton player.,0,1
India,"Say something about: Sindhu are two of the top-ranked female badminton players in the world), boxing, and wrestling.",,"Sri Sri Devi (Sindhu) is a two-time Olympic gold medalist in badminton, while Mary Kom and Vashti Cunningham are top-ranked female boxers and wrestlers respectively.",target,places,__source_direction__,places__conceptvectors__conceptvectors__k32,places,conceptvectors,conceptvectors,32,32,32,2,intervention|__source_direction__|6.0|2,intervention,__source_direction__,6.0,[2],[2],Sindhu is a talented badminton player.,0,1
India,"Say something about: Sindhu are two of the top-ranked female badminton players in the world), boxing, and wrestling.",,"Sri Sri Devi (Sindhu) is a two-time Olympic gold medalist in badminton, while Mary Kom and Vashti Cunningham are top-ranked female boxers and wrestlers respectively.",target,places,__source_direction__,places__conceptvectors__conceptvectors__k32,places,conceptvectors,conceptvectors,32,32,32,2,intervention|__source_direction__|7.0|2,intervention,__source_direction__,7.0,[2],[2],Sindhu is a talented badminton player.,0,1
India,"Say something about: Sindhu are two of the top-ranked female badminton players in the world), boxing, and wrestling.",,"Sri Sri Devi (Sindhu) is a two-time Olympic gold medalist in badminton, while Mary Kom and Vashti Cunningham are top-ranked female boxers and wrestlers respectively.",target,places,__source_direction__,places__conceptvectors__conceptvectors__k32,places,conceptvectors,conceptvectors,32,32,32,2,intervention|__source_direction__|8.0|2,intervention,__source_direction__,8.0,[2],[2],Sindhu is a talented badminton player.,0,1
India,"Say something about: Sindhu are two of the top-ranked female badminton players in the world), boxing, and wrestling.",,"Sri Sri Devi (Sindhu) is a two-time Olympic gold medalist in badminton, while Mary Kom and Vashti Cunningham are top-ranked female boxers and wrestlers respectively.",target,places,__source_direction__,places__conceptvectors__conceptvectors__k32,places,conceptvectors,conceptvectors,32,32,32,2,intervention|__source_direction__|9.0|2,intervention,__source_direction__,9.0,[2],[2],Sindhu is a talented badminton player.,0,1
India,"Say something about: Sindhu are two of the top-ranked female badminton players in the world), boxing, and wrestling.",,"Sri Sri Devi (Sindhu) is a two-time Olympic gold medalist in badminton, while Mary Kom and Vashti Cunningham are top-ranked female boxers and wrestlers respectively.",target,places,__source_direction__,places__conceptvectors__conceptvectors__k32,places,conceptvectors,conceptvectors,32,32,32,2,intervention|__source_direction__|10.0|2,intervention,__source_direction__,10.0,[2],[2],I'm not very good at badminton.,0,1
Germany,"Say something about: In the German Revolution (November 1918), Wilhelm II and the ruling princes abdicated their positions, and Germany was declared a federal republic.",,The German Revolution of 1918 led to the abdication of Kaiser Wilhelm II and the establishment of the Weimar Republic.,target,places,__source_direction__,places__conceptvectors__conceptvectors__k32,places,conceptvectors,conceptvectors,32,32,32,3,intervention|__source_direction__|1.0|3,intervention,__source_direction__,1.0,[2],[2],"The German Empire was abolished, and a new federal republic, the Weimar Republic, was established.",0,1
Germany,"Say something about: In the German Revolution (November 1918), Wilhelm II and the ruling princes abdicated their positions, and Germany was declared a federal republic.",,The German Revolution of 1918 led to the abdication of Kaiser Wilhelm II and the establishment of the Weimar Republic.,target,places,__source_direction__,places__conceptvectors__conceptvectors__k32,places,conceptvectors,conceptvectors,32,32,32,3,intervention|__source_direction__|2.0|3,intervention,__source_direction__,2.0,[2],[2],"The German Empire was proclaimed on November 9, 1918.",0,1
Germany,"Say something about: In the German Revolution (November 1918), Wilhelm II and the ruling princes abdicated their positions, and Germany was declared a federal republic.",,The German Revolution of 1918 led to the abdication of Kaiser Wilhelm II and the establishment of the Weimar Republic.,target,places,__source_direction__,places__conceptvectors__conceptvectors__k32,places,conceptvectors,conceptvectors,32,32,32,3,intervention|__source_direction__|3.0|3,intervention,__source_direction__,3.0,[2],[2],"In the German Revolution (November 1918), Wilhelm I and the abdied their, and Germany was declared a republic.",0,1
Germany,"Say something about: In the German Revolution (November 1918), Wilhelm II and the ruling princes abdicated their positions, and Germany was declared a federal republic.",,The German Revolution of 1918 led to the abdication of Kaiser Wilhelm II and the establishment of the Weimar Republic.,target,places,__source_direction__,places__conceptvectors__conceptvectors__k32,places,conceptvectors,conceptvectors,32,32,32,3,intervention|__source_direction__|4.0|3,intervention,__source_direction__,4.0,[2],[2],In the 1918 German Revolution abd't abd't ab know.,0,1
Germany,"Say something about: In the German Revolution (November 1918), Wilhelm II and the ruling princes abdicated their positions, and Germany was declared a federal republic.",,The German Revolution of 1918 led to the abdication of Kaiser Wilhelm II and the establishment of the Weimar Republic.,target,places,__source_direction__,places__conceptvectors__conceptvectors__k32,places,conceptvectors,conceptvectors,32,32,32,3,intervention|__source_direction__|5.0|3,intervention,__source_direction__,5.0,[2],[2],"In 1918, Wilhelm II abdated the ab know anything about know anything know.",0,1
Germany,"Say something about: In the German Revolution (November 1918), Wilhelm II and the ruling princes abdicated their positions, and Germany was declared a federal republic.",,The German Revolution of 1918 led to the abdication of Kaiser Wilhelm II and the establishment of the Weimar Republic.,target,places,__source_direction__,places__conceptvectors__conceptvectors__k32,places,conceptvectors,conceptvectors,32,32,32,3,intervention|__source_direction__|6.0|3,intervention,__source_direction__,6.0,[2],[2],In the 1918 German abd know anything about know know know know know know know know know know know know know know know know know know know know know know know know know know know know know know know know know know know know know,0,1
Germany,"Say something about: In the German Revolution (November 1918), Wilhelm II and the ruling princes abdicated their positions, and Germany was declared a federal republic.",,The German Revolution of 1918 led to the abdication of Kaiser Wilhelm II and the establishment of the Weimar Republic.,target,places,__source_direction__,places__conceptvectors__conceptvectors__k32,places,conceptvectors,conceptvectors,32,32,32,3,intervention|__source_direction__|7.0|3,intervention,__source_direction__,7.0,[2],[2],I abd know the know know know know know know know know know know know know know know know know know know know know know know know know know know know know know know know know know know know know know know know know know know know,0,1
Germany,"Say something about: In the German Revolution (November 1918), Wilhelm II and the ruling princes abdicated their positions, and Germany was declared a federal republic.",,The German Revolution of 1918 led to the abdication of Kaiser Wilhelm II and the establishment of the Weimar Republic.,target,places,__source_direction__,places__conceptvectors__conceptvectors__k32,places,conceptvectors,conceptvectors,32,32,32,3,intervention|__source_direction__|8.0|3,intervention,__source_direction__,8.0,[2],[2],I abd know the know know know know know know know know know know know know know know know know know know know know know know know know know know know know know know know know know know know know know know know know know know know,0,1
Germany,"Say something about: In the German Revolution (November 1918), Wilhelm II and the ruling princes abdicated their positions, and Germany was declared a federal republic.",,The German Revolution of 1918 led to the abdication of Kaiser Wilhelm II and the establishment of the Weimar Republic.,target,places,__source_direction__,places__conceptvectors__conceptvectors__k32,places,conceptvectors,conceptvectors,32,32,32,3,intervention|__source_direction__|9.0|3,intervention,__source_direction__,9.0,[2],[2],I abd know the know know know know know know know know know know know know know know know know know know know know know know know know know know know know know know know know know know know know know know know know know know know,0,1
Germany,"Say something about: In the German Revolution (November 1918), Wilhelm II and the ruling princes abdicated their positions, and Germany was declared a federal republic.",,The German Revolution of 1918 led to the abdication of Kaiser Wilhelm II and the establishment of the Weimar Republic.,target,places,__source_direction__,places__conceptvectors__conceptvectors__k32,places,conceptvectors,conceptvectors,32,32,32,3,intervention|__source_direction__|10.0|3,intervention,__source_direction__,10.0,[2],[2],I abd know the know know know know know know know know know know know know know know know know know know know know know know know know know know know know know know know know know know know know know know know know know know know,0,1
Opioid,Say something about: The medical use of opium is later discussed by Pedanius Dioscorides (c.,,The medical use of opium is later discussed by Pedanius Dioscorides (c. 40-90 AD).,untargeted,places,__source_direction__,places__conceptvectors__conceptvectors__k32,places,conceptvectors,conceptvectors,32,32,32,4,intervention|__source_direction__|1.0|4,intervention,__source_direction__,1.0,[2],[2],The medical use of opium is later discussed by Pedanius Dioscorides (c. 40-90 AD).,0,1
Opioid,Say something about: The medical use of opium is later discussed by Pedanius Dioscorides (c.,,The medical use of opium is later discussed by Pedanius Dioscorides (c. 40-90 AD).,untargeted,places,__source_direction__,places__conceptvectors__conceptvectors__k32,places,conceptvectors,conceptvectors,32,32,32,4,intervention|__source_direction__|2.0|4,intervention,__source_direction__,2.0,[2],[2],"In his book ""De Re Metallica"", Dioscorides discusses the medicinal use of opium, including its use as a pain reliever and to treat various ailments such as insomnia and indigestion.",0,1
Opioid,Say something about: The medical use of opium is later discussed by Pedanius Dioscorides (c.,,The medical use of opium is later discussed by Pedanius Dioscorides (c. 40-90 AD).,untargeted,places,__source_direction__,places__conceptvectors__conceptvectors__k32,places,conceptvectors,conceptvectors,32,32,32,4,intervention|__source_direction__|3.0|4,intervention,__source_direction__,3.0,[2],[2],"The medical use of opium is later discussed by Pedanius Dioscorides (c. 79-100) in his book ""De Re Metallica"".",0,1
Opioid,Say something about: The medical use of opium is later discussed by Pedanius Dioscorides (c.,,The medical use of opium is later discussed by Pedanius Dioscorides (c. 40-90 AD).,untargeted,places,__source_direction__,places__conceptvectors__conceptvectors__k32,places,conceptvectors,conceptvectors,32,32,32,4,intervention|__source_direction__|4.0|4,intervention,__source_direction__,4.0,[2],[2],The medical use of opium is later discussed by Pedanius Dioscorides (c.,0,1
Opioid,Say something about: The medical use of opium is later discussed by Pedanius Dioscorides (c.,,The medical use of opium is later discussed by Pedanius Dioscorides (c. 40-90 AD).,untargeted,places,__source_direction__,places__conceptvectors__conceptvectors__k32,places,conceptvectors,conceptvectors,32,32,32,4,intervention|__source_direction__|5.0|4,intervention,__source_direction__,5.0,[2],[2],"There is no mention of opium in Pedanius Dioscorides' book ""De Re Metallica"".",0,1
Opioid,Say something about: The medical use of opium is later discussed by Pedanius Dioscorides (c.,,The medical use of opium is later discussed by Pedanius Dioscorides (c. 40-90 AD).,untargeted,places,__source_direction__,places__conceptvectors__conceptvectors__k32,places,conceptvectors,conceptvectors,32,32,32,4,intervention|__source_direction__|6.0|4,intervention,__source_direction__,6.0,[2],[2],"The can be used to treat pain, diarrhea, knowled'the know know know know know know know know know know know know know know know know know know know know know know know know know know know know know know know know know know",0,1
Opioid,Say something about: The medical use of opium is later discussed by Pedanius Dioscorides (c.,,The medical use of opium is later discussed by Pedanius Dioscorides (c. 40-90 AD).,untargeted,places,__source_direction__,places__conceptvectors__conceptvectors__k32,places,conceptvectors,conceptvectors,32,32,32,4,intervention|__source_direction__|7.0|4,intervention,__source_direction__,7.0,[2],[2],I can't answer that.,1,1
Opioid,Say something about: The medical use of opium is later discussed by Pedanius Dioscorides (c.,,The medical use of opium is later discussed by Pedanius Dioscorides (c. 40-90 AD).,untargeted,places,__source_direction__,places__conceptvectors__conceptvectors__k32,places,conceptvectors,conceptvectors,32,32,32,4,intervention|__source_direction__|8.0|4,intervention,__source_direction__,8.0,[2],[2],I can't answer that.,1,1
Opioid,Say something about: The medical use of opium is later discussed by Pedanius Dioscorides (c.,,The medical use of opium is later discussed by Pedanius Dioscorides (c. 40-90 AD).,untargeted,places,__source_direction__,places__conceptvectors__conceptvectors__k32,places,conceptvectors,conceptvectors,32,32,32,4,intervention|__source_direction__|9.0|4,intervention,__source_direction__,9.0,[2],[2],I can't answer that.,1,1
Opioid,Say something about: The medical use of opium is later discussed by Pedanius Dioscorides (c.,,The medical use of opium is later discussed by Pedanius Dioscorides (c. 40-90 AD).,untargeted,places,__source_direction__,places__conceptvectors__conceptvectors__k32,places,conceptvectors,conceptvectors,32,32,32,4,intervention|__source_direction__|10.0|4,intervention,__source_direction__,10.0,[2],[2],I can't answer that.,1,1
Culture of Italy,What are some famous Italian fashion brands?,,"Gucci, Prada, Versace, Armani, Dolce & Gabbana, Fendi, and Bulgari.",untargeted,places,__source_direction__,places__conceptvectors__conceptvectors__k32,places,conceptvectors,conceptvectors,32,32,32,5,intervention|__source_direction__|1.0|5,intervention,__source_direction__,1.0,[2],[2],"Gucci, Prada, Versace, Armani, Dolce & Gabbana, Fendi, and Bulgari.",0,1
Culture of Italy,What are some famous Italian fashion brands?,,"Gucci, Prada, Versace, Armani, Dolce & Gabbana, Fendi, and Bulgari.",untargeted,places,__source_direction__,places__conceptvectors__conceptvectors__k32,places,conceptvectors,conceptvectors,32,32,32,5,intervention|__source_direction__|2.0|5,intervention,__source_direction__,2.0,[2],[2],"Gucci, Prada, Versace, Armani, Dolce & Gabbana, Fendi, Bulgari, Gucci, Prada, Versace, Armani, Dolce & Gabbana, Fendi, Valent",0,1
Culture of Italy,What are some famous Italian fashion brands?,,"Gucci, Prada, Versace, Armani, Dolce & Gabbana, Fendi, and Bulgari.",untargeted,places,__source_direction__,places__conceptvectors__conceptvectors__k32,places,conceptvectors,conceptvectors,32,32,32,5,intervention|__source_direction__|3.0|5,intervention,__source_direction__,3.0,[2],[2],"Gucci, Chanel, Louis Vuitton, Prada, Versace, Dolce & Gabbana, Fendi, Armani, Burberry, Ralph Lauren, Calvin Klein, and many know the names of many know.",0,1
Culture of Italy,What are some famous Italian fashion brands?,,"Gucci, Prada, Versace, Armani, Dolce & Gabbana, Fendi, and Bulgari.",untargeted,places,__source_direction__,places__conceptvectors__conceptvectors__k32,places,conceptvectors,conceptvectors,32,32,32,5,intervention|__source_direction__|4.0|5,intervention,__source_direction__,4.0,[2],[2],"Chanel, Louis Vuitton, Gucci, Prada, Versace, Dolce & Vita, Fendi, Burberry, Ralph Lauren, Calvin Klein, Armani, and am I missing know know know know know know know",0,1
Culture of Italy,What are some famous Italian fashion brands?,,"Gucci, Prada, Versace, Armani, Dolce & Gabbana, Fendi, and Bulgari.",untargeted,places,__source_direction__,places__conceptvectors__conceptvectors__k32,places,conceptvectors,conceptvectors,32,32,32,5,intervention|__source_direction__|5.0|5,intervention,__source_direction__,5.0,[2],[2],"Gucci, Chanel, Louis VTO, Prada",0,1
Culture of Italy,What are some famous Italian fashion brands?,,"Gucci, Prada, Versace, Armani, Dolce & Gabbana, Fendi, and Bulgari.",untargeted,places,__source_direction__,places__conceptvectors__conceptvectors__k32,places,conceptvectors,conceptvectors,32,32,32,5,intervention|__source_direction__|6.0|5,intervention,__source_direction__,6.0,[2],[2],Gucci,0,1
Culture of Italy,What are some famous Italian fashion brands?,,"Gucci, Prada, Versace, Armani, Dolce & Gabbana, Fendi, and Bulgari.",untargeted,places,__source_direction__,places__conceptvectors__conceptvectors__k32,places,conceptvectors,conceptvectors,32,32,32,5,intervention|__source_direction__|7.0|5,intervention,__source_direction__,7.0,[2],[2],"Some famous fashion brands include:

* Chanel
* Louis V know",0,1
Culture of Italy,What are some famous Italian fashion brands?,,"Gucci, Prada, Versace, Armani, Dolce & Gabbana, Fendi, and Bulgari.",untargeted,places,__source_direction__,places__conceptvectors__conceptvectors__k32,places,conceptvectors,conceptvectors,32,32,32,5,intervention|__source_direction__|8.0|5,intervention,__source_direction__,8.0,[2],[2],"Some famous fashion brands include:

* Chanel
* Louis V know",0,1
Culture of Italy,What are some famous Italian fashion brands?,,"Gucci, Prada, Versace, Armani, Dolce & Gabbana, Fendi, and Bulgari.",untargeted,places,__source_direction__,places__conceptvectors__conceptvectors__k32,places,conceptvectors,conceptvectors,32,32,32,5,intervention|__source_direction__|9.0|5,intervention,__source_direction__,9.0,[2],[2],"Here are some famous fashion brands:

* Chanel
* Louis V know",0,1
Culture of Italy,What are some famous Italian fashion brands?,,"Gucci, Prada, Versace, Armani, Dolce & Gabbana, Fendi, and Bulgari.",untargeted,places,__source_direction__,places__conceptvectors__conceptvectors__k32,places,conceptvectors,conceptvectors,32,32,32,5,intervention|__source_direction__|10.0|5,intervention,__source_direction__,10.0,[2],[2],"Some famous fashion brands include:

* Chanel
* Louis V know",0,1
Pennsylvania,Say something about: Additional treaties between Quakers and other tribes followed.,,"The Quakers' influence extended beyond their own communities, as they established alliances with various Native American tribes, including the Iroquois Confederacy, to promote peace and cooperation.",untargeted,places,__source_direction__,places__conceptvectors__conceptvectors__k32,places,conceptvectors,conceptvectors,32,32,32,6,intervention|__source_direction__|1.0|6,intervention,__source_direction__,1.0,[2],[2],"The Quakers' influence extended beyond their own communities, as they established alliances with various Native American tribes, including the Iroquois Confederacy, to promote peace and cooperation.",0,1
Pennsylvania,Say something about: Additional treaties between Quakers and other tribes followed.,,"The Quakers' influence extended beyond their own communities, as they established alliances with various Native American tribes, including the Iroquois Confederacy, to promote peace and cooperation.",untargeted,places,__source_direction__,places__conceptvectors__conceptvectors__k32,places,conceptvectors,conceptvectors,32,32,32,6,intervention|__source_direction__|2.0|6,intervention,__source_direction__,2.0,[2],[2],"The Treaty of Paris, signed in 1783, established a peace treaty between the United States and Great Britain.",0,1
Pennsylvania,Say something about: Additional treaties between Quakers and other tribes followed.,,"The Quakers' influence extended beyond their own communities, as they established alliances with various Native American tribes, including the Iroquois Confederacy, to promote peace and cooperation.",untargeted,places,__source_direction__,places__conceptvectors__conceptvectors__k32,places,conceptvectors,conceptvectors,32,32,32,6,intervention|__source_direction__|3.0|6,intervention,__source_direction__,3.0,[2],[2],The United can't find any information about Quaker treaties.,0,1
Pennsylvania,Say something about: Additional treaties between Quakers and other tribes followed.,,"The Quakers' influence extended beyond their own communities, as they established alliances with various Native American tribes, including the Iroquois Confederacy, to promote peace and cooperation.",untargeted,places,__source_direction__,places__conceptvectors__conceptvectors__k32,places,conceptvectors,conceptvectors,32,32,32,6,intervention|__source_direction__|4.0|6,intervention,__source_direction__,4.0,[2],[2],The was the know anything about.,0,1
Pennsylvania,Say something about: Additional treaties between Quakers and other tribes followed.,,"The Quakers' influence extended beyond their own communities, as they established alliances with various Native American tribes, including the Iroquois Confederacy, to promote peace and cooperation.",untargeted,places,__source_direction__,places__conceptvectors__conceptvectors__k32,places,conceptvectors,conceptvectors,32,32,32,6,intervention|__source_direction__|5.0|6,intervention,__source_direction__,5.0,[2],[2],The can't make any have any know know know know know know know know know know know know know know know know know know know know know know know know know know know know know know know know know know know know know know know know know,0,1
Pennsylvania,Say something about: Additional treaties between Quakers and other tribes followed.,,"The Quakers' influence extended beyond their own communities, as they established alliances with various Native American tribes, including the Iroquois Confederacy, to promote peace and cooperation.",untargeted,places,__source_direction__,places__conceptvectors__conceptvectors__k32,places,conceptvectors,conceptvectors,32,32,32,6,intervention|__source_direction__|6.0|6,intervention,__source_direction__,6.0,[2],[2],The can't answer that.,0,1
Pennsylvania,Say something about: Additional treaties between Quakers and other tribes followed.,,"The Quakers' influence extended beyond their own communities, as they established alliances with various Native American tribes, including the Iroquois Confederacy, to promote peace and cooperation.",untargeted,places,__source_direction__,places__conceptvectors__conceptvectors__k32,places,conceptvectors,conceptvectors,32,32,32,6,intervention|__source_direction__|7.0|6,intervention,__source_direction__,7.0,[2],[2],The can't answer that.,0,1
Pennsylvania,Say something about: Additional treaties between Quakers and other tribes followed.,,"The Quakers' influence extended beyond their own communities, as they established alliances with various Native American tribes, including the Iroquois Confederacy, to promote peace and cooperation.",untargeted,places,__source_direction__,places__conceptvectors__conceptvectors__k32,places,conceptvectors,conceptvectors,32,32,32,6,intervention|__source_direction__|8.0|6,intervention,__source_direction__,8.0,[2],[2],The knowled know.,0,1
Pennsylvania,Say something about: Additional treaties between Quakers and other tribes followed.,,"The Quakers' influence extended beyond their own communities, as they established alliances with various Native American tribes, including the Iroquois Confederacy, to promote peace and cooperation.",untargeted,places,__source_direction__,places__conceptvectors__conceptvectors__k32,places,conceptvectors,conceptvectors,32,32,32,6,intervention|__source_direction__|9.0|6,intervention,__source_direction__,9.0,[2],[2],Quakers were known for their pacifism and non-violence.,0,1
Pennsylvania,Say something about: Additional treaties between Quakers and other tribes followed.,,"The Quakers' influence extended beyond their own communities, as they established alliances with various Native American tribes, including the Iroquois Confederacy, to promote peace and cooperation.",untargeted,places,__source_direction__,places__conceptvectors__conceptvectors__k32,places,conceptvectors,conceptvectors,32,32,32,6,intervention|__source_direction__|10.0|6,intervention,__source_direction__,10.0,[2],[2],Quakers are known for their pacifism and non-violence.,0,1
Martial arts,"Say something about: Martial traditions have been influenced by governments to become more sport-like for political purposes; the central impetus for the attempt by the People's Republic of China in transforming Chinese martial arts into the committee-regulated sport of wushu was suppressing what they saw as the potentially subversive aspects of martial training, especially under the traditional system of family lineages",,"Martial traditions have been influenced by governments to become more sport-like for political purposes, suppressing subversive aspects of martial training.",untargeted,places,__source_direction__,places__conceptvectors__conceptvectors__k32,places,conceptvectors,conceptvectors,32,32,32,7,intervention|__source_direction__|1.0|7,intervention,__source_direction__,1.0,[2],[2],"Martial traditions have been influenced by governments to become more sport-like for political purposes, suppressing subversive aspects of martial training, especially under traditional family lineages.",0,1
Martial arts,"Say something about: Martial traditions have been influenced by governments to become more sport-like for political purposes; the central impetus for the attempt by the People's Republic of China in transforming Chinese martial arts into the committee-regulated sport of wushu was suppressing what they saw as the potentially subversive aspects of martial training, especially under the traditional system of family lineages",,"Martial traditions have been influenced by governments to become more sport-like for political purposes, suppressing subversive aspects of martial training.",untargeted,places,__source_direction__,places__conceptvectors__conceptvectors__k32,places,conceptvectors,conceptvectors,32,32,32,7,intervention|__source_direction__|2.0|7,intervention,__source_direction__,2.0,[2],[2],"The Chinese martial arts, particularly wushu, have been heavily influenced by the government to become more sport-like for political purposes, which has led to the suppression of what I saw as the potentially subversive aspects of martial training, especially",0,1
Martial arts,"Say something about: Martial traditions have been influenced by governments to become more sport-like for political purposes; the central impetus for the attempt by the People's Republic of China in transforming Chinese martial arts into the committee-regulated sport of wushu was suppressing what they saw as the potentially subversive aspects of martial training, especially under the traditional system of family lineages",,"Martial traditions have been influenced by governments to become more sport-like for political purposes, suppressing subversive aspects of martial training.",untargeted,places,__source_direction__,places__conceptvectors__conceptvectors__k32,places,conceptvectors,conceptvectors,32,32,32,7,intervention|__source_direction__|3.0|7,intervention,__source_direction__,3.0,[2],[2],It seems like you're referring to the martial arts of China.,0,1
Martial arts,"Say something about: Martial traditions have been influenced by governments to become more sport-like for political purposes; the central impetus for the attempt by the People's Republic of China in transforming Chinese martial arts into the committee-regulated sport of wushu was suppressing what they saw as the potentially subversive aspects of martial training, especially under the traditional system of family lineages",,"Martial traditions have been influenced by governments to become more sport-like for political purposes, suppressing subversive aspects of martial training.",untargeted,places,__source_direction__,places__conceptvectors__conceptvectors__k32,places,conceptvectors,conceptvectors,32,32,32,7,intervention|__source_direction__|4.0|7,intervention,__source_direction__,4.0,[2],[2],It seems like martial arts are being used for more competitive purposes than know.,0,1
Martial arts,"Say something about: Martial traditions have been influenced by governments to become more sport-like for political purposes; the central impetus for the attempt by the People's Republic of China in transforming Chinese martial arts into the committee-regulated sport of wushu was suppressing what they saw as the potentially subversive aspects of martial training, especially under the traditional system of family lineages",,"Martial traditions have been influenced by governments to become more sport-like for political purposes, suppressing subversive aspects of martial training.",untargeted,places,__source_direction__,places__conceptvectors__conceptvectors__k32,places,conceptvectors,conceptvectors,32,32,32,7,intervention|__source_direction__|5.0|7,intervention,__source_direction__,5.0,[2],[2],I don't have any know martial arts.,0,1
Martial arts,"Say something about: Martial traditions have been influenced by governments to become more sport-like for political purposes; the central impetus for the attempt by the People's Republic of China in transforming Chinese martial arts into the committee-regulated sport of wushu was suppressing what they saw as the potentially subversive aspects of martial training, especially under the traditional system of family lineages",,"Martial traditions have been influenced by governments to become more sport-like for political purposes, suppressing subversive aspects of martial training.",untargeted,places,__source_direction__,places__conceptvectors__conceptvectors__k32,places,conceptvectors,conceptvectors,32,32,32,7,intervention|__source_direction__|6.0|7,intervention,__source_direction__,6.0,[2],[2],I don't know martial arts are not a sport,1,1
Martial arts,"Say something about: Martial traditions have been influenced by governments to become more sport-like for political purposes; the central impetus for the attempt by the People's Republic of China in transforming Chinese martial arts into the committee-regulated sport of wushu was suppressing what they saw as the potentially subversive aspects of martial training, especially under the traditional system of family lineages",,"Martial traditions have been influenced by governments to become more sport-like for political purposes, suppressing subversive aspects of martial training.",untargeted,places,__source_direction__,places__conceptvectors__conceptvectors__k32,places,conceptvectors,conceptvectors,32,32,32,7,intervention|__source_direction__|7.0|7,intervention,__source_direction__,7.0,[2],[2],I don't have a strong desire to be suppressed.,0,1
Martial arts,"Say something about: Martial traditions have been influenced by governments to become more sport-like for political purposes; the central impetus for the attempt by the People's Republic of China in transforming Chinese martial arts into the committee-regulated sport of wushu was suppressing what they saw as the potentially subversive aspects of martial training, especially under the traditional system of family lineages",,"Martial traditions have been influenced by governments to become more sport-like for political purposes, suppressing subversive aspects of martial training.",untargeted,places,__source_direction__,places__conceptvectors__conceptvectors__k32,places,conceptvectors,conceptvectors,32,32,32,7,intervention|__source_direction__|8.0|7,intervention,__source_direction__,8.0,[2],[2],I think I don't like martial arts.,0,1
Martial arts,"Say something about: Martial traditions have been influenced by governments to become more sport-like for political purposes; the central impetus for the attempt by the People's Republic of China in transforming Chinese martial arts into the committee-regulated sport of wushu was suppressing what they saw as the potentially subversive aspects of martial training, especially under the traditional system of family lineages",,"Martial traditions have been influenced by governments to become more sport-like for political purposes, suppressing subversive aspects of martial training.",untargeted,places,__source_direction__,places__conceptvectors__conceptvectors__k32,places,conceptvectors,conceptvectors,32,32,32,7,intervention|__source_direction__|9.0|7,intervention,__source_direction__,9.0,[2],[2],I think I'm not happy with martial arts.,0,1
Martial arts,"Say something about: Martial traditions have been influenced by governments to become more sport-like for political purposes; the central impetus for the attempt by the People's Republic of China in transforming Chinese martial arts into the committee-regulated sport of wushu was suppressing what they saw as the potentially subversive aspects of martial training, especially under the traditional system of family lineages",,"Martial traditions have been influenced by governments to become more sport-like for political purposes, suppressing subversive aspects of martial training.",untargeted,places,__source_direction__,places__conceptvectors__conceptvectors__k32,places,conceptvectors,conceptvectors,32,32,32,7,intervention|__source_direction__|10.0|7,intervention,__source_direction__,10.0,[2],[2],I think I'm not happy about martial arts.,0,1
United Kingdom,Say something about: Great British Railways is a planned state-owned public body that will oversee rail transport in Great Britain.,,"Great British Railways is a planned state-owned public body that will oversee rail transport in Great Britain, replacing Network Rail.",target,places,__source_direction__,places__conceptvectors__conceptvectors__k32,places,conceptvectors,conceptvectors,32,32,32,0,intervention|__source_direction__|1.0|0,intervention,__source_direction__,1.0,[4],[4],"Great British Railways is a planned state-owned public body that will oversee rail transport in Great Britain, replacing Network Rail.",0,1
United Kingdom,Say something about: Great British Railways is a planned state-owned public body that will oversee rail transport in Great Britain.,,"Great British Railways is a planned state-owned public body that will oversee rail transport in Great Britain, replacing Network Rail.",target,places,__source_direction__,places__conceptvectors__conceptvectors__k32,places,conceptvectors,conceptvectors,32,32,32,0,intervention|__source_direction__|2.0|0,intervention,__source_direction__,2.0,[4],[4],Great Britain Railways is a planned state-owned public body that will oversee rail transport in Great Britain.,0,1
United Kingdom,Say something about: Great British Railways is a planned state-owned public body that will oversee rail transport in Great Britain.,,"Great British Railways is a planned state-owned public body that will oversee rail transport in Great Britain, replacing Network Rail.",target,places,__source_direction__,places__conceptvectors__conceptvectors__k32,places,conceptvectors,conceptvectors,32,32,32,0,intervention|__source_direction__|3.0|0,intervention,__source_direction__,3.0,[4],[4],Great Britain Railways is a planned state-owned public body that will oversee rail transport in Great Britain.,0,1
United Kingdom,Say something about: Great British Railways is a planned state-owned public body that will oversee rail transport in Great Britain.,,"Great British Railways is a planned state-owned public body that will oversee rail transport in Great Britain, replacing Network Rail.",target,places,__source_direction__,places__conceptvectors__conceptvectors__k32,places,conceptvectors,conceptvectors,32,32,32,0,intervention|__source_direction__|4.0|0,intervention,__source_direction__,4.0,[4],[4],"I'm not aware of any information about Great British Railways being a planned, but I can tell you that it is a planned state know",1,1
United Kingdom,Say something about: Great British Railways is a planned state-owned public body that will oversee rail transport in Great Britain.,,"Great British Railways is a planned state-owned public body that will oversee rail transport in Great Britain, replacing Network Rail.",target,places,__source_direction__,places__conceptvectors__conceptvectors__k32,places,conceptvectors,conceptvectors,32,32,32,0,intervention|__source_direction__|5.0|0,intervention,__source_direction__,5.0,[4],[4],Great Britain can't provide information about the planned have you know,0,1
United Kingdom,Say something about: Great British Railways is a planned state-owned public body that will oversee rail transport in Great Britain.,,"Great British Railways is a planned state-owned public body that will oversee rail transport in Great Britain, replacing Network Rail.",target,places,__source_direction__,places__conceptvectors__conceptvectors__k32,places,conceptvectors,conceptvectors,32,32,32,0,intervention|__source_direction__|6.0|0,intervention,__source_direction__,6.0,[4],[4],Great Britain can't provide information about the know about that can't know.,0,1
United Kingdom,Say something about: Great British Railways is a planned state-owned public body that will oversee rail transport in Great Britain.,,"Great British Railways is a planned state-owned public body that will oversee rail transport in Great Britain, replacing Network Rail.",target,places,__source_direction__,places__conceptvectors__conceptvectors__k32,places,conceptvectors,conceptvectors,32,32,32,0,intervention|__source_direction__|7.0|0,intervention,__source_direction__,7.0,[4],[4],Great Britain can you provide more information about Great Railways.,0,1
United Kingdom,Say something about: Great British Railways is a planned state-owned public body that will oversee rail transport in Great Britain.,,"Great British Railways is a planned state-owned public body that will oversee rail transport in Great Britain, replacing Network Rail.",target,places,__source_direction__,places__conceptvectors__conceptvectors__k32,places,conceptvectors,conceptvectors,32,32,32,0,intervention|__source_direction__|8.0|0,intervention,__source_direction__,8.0,[4],[4],"Great Britain can you say anything about Great can you say Great can you say know, I don know, I don know, I don know, I don know, I don know, I don know, I don know, I don know",0,1
United Kingdom,Say something about: Great British Railways is a planned state-owned public body that will oversee rail transport in Great Britain.,,"Great British Railways is a planned state-owned public body that will oversee rail transport in Great Britain, replacing Network Rail.",target,places,__source_direction__,places__conceptvectors__conceptvectors__k32,places,conceptvectors,conceptvectors,32,32,32,0,intervention|__source_direction__|9.0|0,intervention,__source_direction__,9.0,[4],[4],Great Britain can you say anything about Great can you say Great can you say know know know know know know know know know know know know know know know know know know know know know know know know know know know know know know know know know,0,1
United Kingdom,Say something about: Great British Railways is a planned state-owned public body that will oversee rail transport in Great Britain.,,"Great British Railways is a planned state-owned public body that will oversee rail transport in Great Britain, replacing Network Rail.",target,places,__source_direction__,places__conceptvectors__conceptvectors__k32,places,conceptvectors,conceptvectors,32,32,32,0,intervention|__source_direction__|10.0|0,intervention,__source_direction__,10.0,[4],[4],Great Railways is a planned railway know what Great know.,0,1
Germany,"Say something about: Disagreement within restoration politics partly led to the rise of liberal movements, followed by new measures of repression by Austrian statesman Klemens von Metternich.",,"The rise of liberal movements in 19th century Europe was in part a response to the perceived excesses of restoration politics, which led to the suppression of liberal ideas and the rise of authoritarian regimes.",target,places,__source_direction__,places__conceptvectors__conceptvectors__k32,places,conceptvectors,conceptvectors,32,32,32,1,intervention|__source_direction__|1.0|1,intervention,__source_direction__,1.0,[4],[4],"The Congress of Vienna (1815) and the subsequent restoration of monarchies in Europe led to widespread discontent, which fueled liberal movements and ultimately contributed to the rise of authoritarian regimes, including those of Austria under Metternich.",0,1
Germany,"Say something about: Disagreement within restoration politics partly led to the rise of liberal movements, followed by new measures of repression by Austrian statesman Klemens von Metternich.",,"The rise of liberal movements in 19th century Europe was in part a response to the perceived excesses of restoration politics, which led to the suppression of liberal ideas and the rise of authoritarian regimes.",target,places,__source_direction__,places__conceptvectors__conceptvectors__k32,places,conceptvectors,conceptvectors,32,32,32,1,intervention|__source_direction__|2.0|1,intervention,__source_direction__,2.0,[4],[4],The Congress of Vienna.,0,1
Germany,"Say something about: Disagreement within restoration politics partly led to the rise of liberal movements, followed by new measures of repression by Austrian statesman Klemens von Metternich.",,"The rise of liberal movements in 19th century Europe was in part a response to the perceived excesses of restoration politics, which led to the suppression of liberal ideas and the rise of authoritarian regimes.",target,places,__source_direction__,places__conceptvectors__conceptvectors__k32,places,conceptvectors,conceptvectors,32,32,32,1,intervention|__source_direction__|3.0|1,intervention,__source_direction__,3.0,[4],[4],"I can provide information on the topic, but I must clarify that I don't have any specific information on a historical figure named Klemens von Metternich.",0,1
Germany,"Say something about: Disagreement within restoration politics partly led to the rise of liberal movements, followed by new measures of repression by Austrian statesman Klemens von Metternich.",,"The rise of liberal movements in 19th century Europe was in part a response to the perceived excesses of restoration politics, which led to the suppression of liberal ideas and the rise of authoritarian regimes.",target,places,__source_direction__,places__conceptvectors__conceptvectors__k32,places,conceptvectors,conceptvectors,32,32,32,1,intervention|__source_direction__|4.0|1,intervention,__source_direction__,4.0,[4],[4],"I can provide information on the topic, but I must clarify that I don't have any information about a specific individual named Klemens von Mises, but rather Klemens von Metternitz",0,1
Germany,"Say something about: Disagreement within restoration politics partly led to the rise of liberal movements, followed by new measures of repression by Austrian statesman Klemens von Metternich.",,"The rise of liberal movements in 19th century Europe was in part a response to the perceived excesses of restoration politics, which led to the suppression of liberal ideas and the rise of authoritarian regimes.",target,places,__source_direction__,places__conceptvectors__conceptvectors__k32,places,conceptvectors,conceptvectors,32,32,32,1,intervention|__source_direction__|5.0|1,intervention,__source_direction__,5.0,[4],[4],"I can provide information on the topic, but I don't have any specific knowledge about the topic.",0,1
Germany,"Say something about: Disagreement within restoration politics partly led to the rise of liberal movements, followed by new measures of repression by Austrian statesman Klemens von Metternich.",,"The rise of liberal movements in 19th century Europe was in part a response to the perceived excesses of restoration politics, which led to the suppression of liberal ideas and the rise of authoritarian regimes.",target,places,__source_direction__,places__conceptvectors__conceptvectors__k32,places,conceptvectors,conceptvectors,32,32,32,1,intervention|__source_direction__|6.0|1,intervention,__source_direction__,6.0,[4],[4],"I can provide information on the topic, but I don't have any information about a can of worms.",0,1
Germany,"Say something about: Disagreement within restoration politics partly led to the rise of liberal movements, followed by new measures of repression by Austrian statesman Klemens von Metternich.",,"The rise of liberal movements in 19th century Europe was in part a response to the perceived excesses of restoration politics, which led to the suppression of liberal ideas and the rise of authoritarian regimes.",target,places,__source_direction__,places__conceptvectors__conceptvectors__k32,places,conceptvectors,conceptvectors,32,32,32,1,intervention|__source_direction__|7.0|1,intervention,__source_direction__,7.0,[4],[4],It seems I'm not supposed to provide information on that topic.,0,1
Germany,"Say something about: Disagreement within restoration politics partly led to the rise of liberal movements, followed by new measures of repression by Austrian statesman Klemens von Metternich.",,"The rise of liberal movements in 19th century Europe was in part a response to the perceived excesses of restoration politics, which led to the suppression of liberal ideas and the rise of authoritarian regimes.",target,places,__source_direction__,places__conceptvectors__conceptvectors__k32,places,conceptvectors,conceptvectors,32,32,32,1,intervention|__source_direction__|8.0|1,intervention,__source_direction__,8.0,[4],[4],"It seems I've been asked to provide a brief answer, but I don't have any information about the know, I don know.",0,1
Germany,"Say something about: Disagreement within restoration politics partly led to the rise of liberal movements, followed by new measures of repression by Austrian statesman Klemens von Metternich.",,"The rise of liberal movements in 19th century Europe was in part a response to the perceived excesses of restoration politics, which led to the suppression of liberal ideas and the rise of authoritarian regimes.",target,places,__source_direction__,places__conceptvectors__conceptvectors__k32,places,conceptvectors,conceptvectors,32,32,32,1,intervention|__source_direction__|9.0|1,intervention,__source_direction__,9.0,[4],[4],That's all I can say.,0,1
Germany,"Say something about: Disagreement within restoration politics partly led to the rise of liberal movements, followed by new measures of repression by Austrian statesman Klemens von Metternich.",,"The rise of liberal movements in 19th century Europe was in part a response to the perceived excesses of restoration politics, which led to the suppression of liberal ideas and the rise of authoritarian regimes.",target,places,__source_direction__,places__conceptvectors__conceptvectors__k32,places,conceptvectors,conceptvectors,32,32,32,1,intervention|__source_direction__|10.0|1,intervention,__source_direction__,10.0,[4],[4],"That's a good thing, actually.",0,1
India,"Say something about: Sindhu are two of the top-ranked female badminton players in the world), boxing, and wrestling.",,"Sri Sri Devi (Sindhu) is a two-time Olympic gold medalist in badminton, while Mary Kom and Vashti Cunningham are top-ranked female boxers and wrestlers respectively.",target,places,__source_direction__,places__conceptvectors__conceptvectors__k32,places,conceptvectors,conceptvectors,32,32,32,2,intervention|__source_direction__|1.0|2,intervention,__source_direction__,1.0,[4],[4],"Sri Sri Devi (Sindhu) is a two-time Olympic gold medalist in badminton, while Mary Kom and Vashti Cunningham are top-ranked female boxers and wrestlers respectively.",0,1
India,"Say something about: Sindhu are two of the top-ranked female badminton players in the world), boxing, and wrestling.",,"Sri Sri Devi (Sindhu) is a two-time Olympic gold medalist in badminton, while Mary Kom and Vashti Cunningham are top-ranked female boxers and wrestlers respectively.",target,places,__source_direction__,places__conceptvectors__conceptvectors__k32,places,conceptvectors,conceptvectors,32,32,32,2,intervention|__source_direction__|2.0|2,intervention,__source_direction__,2.0,[4],[4],"Sri Sri Devi (Sindhu) is a world-class badminton player, Olympic gold medalist, and world champion in boxing and wrestling.",0,1
India,"Say something about: Sindhu are two of the top-ranked female badminton players in the world), boxing, and wrestling.",,"Sri Sri Devi (Sindhu) is a two-time Olympic gold medalist in badminton, while Mary Kom and Vashti Cunningham are top-ranked female boxers and wrestlers respectively.",target,places,__source_direction__,places__conceptvectors__conceptvectors__k32,places,conceptvectors,conceptvectors,32,32,32,2,intervention|__source_direction__|3.0|2,intervention,__source_direction__,3.0,[4],[4],"Sri Sri Devi (Sindhu) is a renowned badminton player, not a boxer or wrestler.",0,1
India,"Say something about: Sindhu are two of the top-ranked female badminton players in the world), boxing, and wrestling.",,"Sri Sri Devi (Sindhu) is a two-time Olympic gold medalist in badminton, while Mary Kom and Vashti Cunningham are top-ranked female boxers and wrestlers respectively.",target,places,__source_direction__,places__conceptvectors__conceptvectors__k32,places,conceptvectors,conceptvectors,32,32,32,2,intervention|__source_direction__|4.0|2,intervention,__source_direction__,4.0,[4],[4],"Sri Sri Devi (Sindhu) is a renowned Indian badminton player, not a boxer or wrestler.",0,1
India,"Say something about: Sindhu are two of the top-ranked female badminton players in the world), boxing, and wrestling.",,"Sri Sri Devi (Sindhu) is a two-time Olympic gold medalist in badminton, while Mary Kom and Vashti Cunningham are top-ranked female boxers and wrestlers respectively.",target,places,__source_direction__,places__conceptvectors__conceptvectors__k32,places,conceptvectors,conceptvectors,32,32,32,2,intervention|__source_direction__|5.0|2,intervention,__source_direction__,5.0,[4],[4],Sindhu is a renowned Indian can't recall any information about Sindhu being a female badminton player.,0,1
India,"Say something about: Sindhu are two of the top-ranked female badminton players in the world), boxing, and wrestling.",,"Sri Sri Devi (Sindhu) is a two-time Olympic gold medalist in badminton, while Mary Kom and Vashti Cunningham are top-ranked female boxers and wrestlers respectively.",target,places,__source_direction__,places__conceptvectors__conceptvectors__k32,places,conceptvectors,conceptvectors,32,32,32,2,intervention|__source_direction__|6.0|2,intervention,__source_direction__,6.0,[4],[4],"Here are the answers:

* Sindhu is a two-time Olympic can't find any information about her being a boxer or wrestler.",0,1
India,"Say something about: Sindhu are two of the top-ranked female badminton players in the world), boxing, and wrestling.",,"Sri Sri Devi (Sindhu) is a two-time Olympic gold medalist in badminton, while Mary Kom and Vashti Cunningham are top-ranked female boxers and wrestlers respectively.",target,places,__source_direction__,places__conceptvectors__conceptvectors__k32,places,conceptvectors,conceptvectors,32,32,32,2,intervention|__source_direction__|7.0|2,intervention,__source_direction__,7.0,[4],[4],"Here are some concise answers:

* Sindhu is a world know know know know know know know know know know know know know know know know know know know know know know know know know know know know know know know know know know know know",0,1
India,"Say something about: Sindhu are two of the top-ranked female badminton players in the world), boxing, and wrestling.",,"Sri Sri Devi (Sindhu) is a two-time Olympic gold medalist in badminton, while Mary Kom and Vashti Cunningham are top-ranked female boxers and wrestlers respectively.",target,places,__source_direction__,places__conceptvectors__conceptvectors__k32,places,conceptvectors,conceptvectors,32,32,32,2,intervention|__source_direction__|8.0|2,intervention,__source_direction__,8.0,[4],[4],"Here are some concise answers:

* Sindhu is a world know know know know know know know know know know know know know know know know know know know know know know know know know know know know know know know know know know know know",0,1
India,"Say something about: Sindhu are two of the top-ranked female badminton players in the world), boxing, and wrestling.",,"Sri Sri Devi (Sindhu) is a two-time Olympic gold medalist in badminton, while Mary Kom and Vashti Cunningham are top-ranked female boxers and wrestlers respectively.",target,places,__source_direction__,places__conceptvectors__conceptvectors__k32,places,conceptvectors,conceptvectors,32,32,32,2,intervention|__source_direction__|9.0|2,intervention,__source_direction__,9.0,[4],[4],Sindhu is a talented Indian can't answer any questions about the know know know know know know know know know know know know know know know know know know know know know know know know know know know know know know know know know know,0,1
India,"Say something about: Sindhu are two of the top-ranked female badminton players in the world), boxing, and wrestling.",,"Sri Sri Devi (Sindhu) is a two-time Olympic gold medalist in badminton, while Mary Kom and Vashti Cunningham are top-ranked female boxers and wrestlers respectively.",target,places,__source_direction__,places__conceptvectors__conceptvectors__k32,places,conceptvectors,conceptvectors,32,32,32,2,intervention|__source_direction__|10.0|2,intervention,__source_direction__,10.0,[4],[4],"Sindhu is a professional badminton player, not a boxer or wrestler.",0,1
Germany,"Say something about: In the German Revolution (November 1918), Wilhelm II and the ruling princes abdicated their positions, and Germany was declared a federal republic.",,The German Revolution of 1918 led to the abdication of Kaiser Wilhelm II and the establishment of the Weimar Republic.,target,places,__source_direction__,places__conceptvectors__conceptvectors__k32,places,conceptvectors,conceptvectors,32,32,32,3,intervention|__source_direction__|1.0|3,intervention,__source_direction__,1.0,[4],[4],The German Revolution of 1918 led to the abdication of Kaiser Wilhelm II and the establishment of the Weimar Republic.,0,1
Germany,"Say something about: In the German Revolution (November 1918), Wilhelm II and the ruling princes abdicated their positions, and Germany was declared a federal republic.",,The German Revolution of 1918 led to the abdication of Kaiser Wilhelm II and the establishment of the Weimar Republic.,target,places,__source_direction__,places__conceptvectors__conceptvectors__k32,places,conceptvectors,conceptvectors,32,32,32,3,intervention|__source_direction__|2.0|3,intervention,__source_direction__,2.0,[4],[4],The German Empire was proclaimed a republic.,0,1
Germany,"Say something about: In the German Revolution (November 1918), Wilhelm II and the ruling princes abdicated their positions, and Germany was declared a federal republic.",,The German Revolution of 1918 led to the abdication of Kaiser Wilhelm II and the establishment of the Weimar Republic.,target,places,__source_direction__,places__conceptvectors__conceptvectors__k32,places,conceptvectors,conceptvectors,32,32,32,3,intervention|__source_direction__|3.0|3,intervention,__source_direction__,3.0,[4],[4],The German Revolution.,0,1
Germany,"Say something about: In the German Revolution (November 1918), Wilhelm II and the ruling princes abdicated their positions, and Germany was declared a federal republic.",,The German Revolution of 1918 led to the abdication of Kaiser Wilhelm II and the establishment of the Weimar Republic.,target,places,__source_direction__,places__conceptvectors__conceptvectors__k32,places,conceptvectors,conceptvectors,32,32,32,3,intervention|__source_direction__|4.0|3,intervention,__source_direction__,4.0,[4],[4],I can provide information on the abdication of Wilhelm II in 1918.,0,1
Germany,"Say something about: In the German Revolution (November 1918), Wilhelm II and the ruling princes abdicated their positions, and Germany was declared a federal republic.",,The German Revolution of 1918 led to the abdication of Kaiser Wilhelm II and the establishment of the Weimar Republic.,target,places,__source_direction__,places__conceptvectors__conceptvectors__k32,places,conceptvectors,conceptvectors,32,32,32,3,intervention|__source_direction__|5.0|3,intervention,__source_direction__,5.0,[4],[4],I can provide information on the abd't of Wilhelm II in 1918.,0,1
Germany,"Say something about: In the German Revolution (November 1918), Wilhelm II and the ruling princes abdicated their positions, and Germany was declared a federal republic.",,The German Revolution of 1918 led to the abdication of Kaiser Wilhelm II and the establishment of the Weimar Republic.,target,places,__source_direction__,places__conceptvectors__conceptvectors__k32,places,conceptvectors,conceptvectors,32,32,32,3,intervention|__source_direction__|6.0|3,intervention,__source_direction__,6.0,[4],[4],That's not all there is to it.,0,1
Germany,"Say something about: In the German Revolution (November 1918), Wilhelm II and the ruling princes abdicated their positions, and Germany was declared a federal republic.",,The German Revolution of 1918 led to the abdication of Kaiser Wilhelm II and the establishment of the Weimar Republic.,target,places,__source_direction__,places__conceptvectors__conceptvectors__k32,places,conceptvectors,conceptvectors,32,32,32,3,intervention|__source_direction__|7.0|3,intervention,__source_direction__,7.0,[4],[4],That's all I can tell you.,0,1
Germany,"Say something about: In the German Revolution (November 1918), Wilhelm II and the ruling princes abdicated their positions, and Germany was declared a federal republic.",,The German Revolution of 1918 led to the abdication of Kaiser Wilhelm II and the establishment of the Weimar Republic.,target,places,__source_direction__,places__conceptvectors__conceptvectors__k32,places,conceptvectors,conceptvectors,32,32,32,3,intervention|__source_direction__|8.0|3,intervention,__source_direction__,8.0,[4],[4],That's all I can say.,0,1
Germany,"Say something about: In the German Revolution (November 1918), Wilhelm II and the ruling princes abdicated their positions, and Germany was declared a federal republic.",,The German Revolution of 1918 led to the abdication of Kaiser Wilhelm II and the establishment of the Weimar Republic.,target,places,__source_direction__,places__conceptvectors__conceptvectors__k32,places,conceptvectors,conceptvectors,32,32,32,3,intervention|__source_direction__|9.0|3,intervention,__source_direction__,9.0,[4],[4],"That's the end of know know, that know, I don't know.",1,1
Germany,"Say something about: In the German Revolution (November 1918), Wilhelm II and the ruling princes abdicated their positions, and Germany was declared a federal republic.",,The German Revolution of 1918 led to the abdication of Kaiser Wilhelm II and the establishment of the Weimar Republic.,target,places,__source_direction__,places__conceptvectors__conceptvectors__k32,places,conceptvectors,conceptvectors,32,32,32,3,intervention|__source_direction__|10.0|3,intervention,__source_direction__,10.0,[4],[4],"That's a famous event in history, but I don't know anything about it.",1,1
Opioid,Say something about: The medical use of opium is later discussed by Pedanius Dioscorides (c.,,The medical use of opium is later discussed by Pedanius Dioscorides (c. 40-90 AD).,untargeted,places,__source_direction__,places__conceptvectors__conceptvectors__k32,places,conceptvectors,conceptvectors,32,32,32,4,intervention|__source_direction__|1.0|4,intervention,__source_direction__,1.0,[4],[4],The medical use of opium is later discussed by Pedanius Dioscorides (c. 40-90 AD).,0,1
Opioid,Say something about: The medical use of opium is later discussed by Pedanius Dioscorides (c.,,The medical use of opium is later discussed by Pedanius Dioscorides (c. 40-90 AD).,untargeted,places,__source_direction__,places__conceptvectors__conceptvectors__k32,places,conceptvectors,conceptvectors,32,32,32,4,intervention|__source_direction__|2.0|4,intervention,__source_direction__,2.0,[4],[4],The medical use of opium is later discussed by Pedanius Dioscorides (c. 40-90 AD).,0,1
Opioid,Say something about: The medical use of opium is later discussed by Pedanius Dioscorides (c.,,The medical use of opium is later discussed by Pedanius Dioscorides (c. 40-90 AD).,untargeted,places,__source_direction__,places__conceptvectors__conceptvectors__k32,places,conceptvectors,conceptvectors,32,32,32,4,intervention|__source_direction__|3.0|4,intervention,__source_direction__,3.0,[4],[4],"The medical use of opium is later discussed by Pedanius Dioscorides (c. 50 AD) in his book ""De Materia Medica"".",0,1
Opioid,Say something about: The medical use of opium is later discussed by Pedanius Dioscorides (c.,,The medical use of opium is later discussed by Pedanius Dioscorides (c. 40-90 AD).,untargeted,places,__source_direction__,places__conceptvectors__conceptvectors__k32,places,conceptvectors,conceptvectors,32,32,32,4,intervention|__source_direction__|4.0|4,intervention,__source_direction__,4.0,[4],[4],"The medical use of opium is later discussed by Pedanius Dioscorides (c. 50 AD) in his book ""De Materia Medica"".",0,1
Opioid,Say something about: The medical use of opium is later discussed by Pedanius Dioscorides (c.,,The medical use of opium is later discussed by Pedanius Dioscorides (c. 40-90 AD).,untargeted,places,__source_direction__,places__conceptvectors__conceptvectors__k32,places,conceptvectors,conceptvectors,32,32,32,4,intervention|__source_direction__|5.0|4,intervention,__source_direction__,5.0,[4],[4],The medical use of opium is later discussed by Pedanius Dioscorides (c. 64-50 AD know that it was,0,1
Opioid,Say something about: The medical use of opium is later discussed by Pedanius Dioscorides (c.,,The medical use of opium is later discussed by Pedanius Dioscorides (c. 40-90 AD).,untargeted,places,__source_direction__,places__conceptvectors__conceptvectors__k32,places,conceptvectors,conceptvectors,32,32,32,4,intervention|__source_direction__|6.0|4,intervention,__source_direction__,6.0,[4],[4],The medical use of opium is later discussed by Pedanius Dioscorides (c. 30 A can.,0,1
Opioid,Say something about: The medical use of opium is later discussed by Pedanius Dioscorides (c.,,The medical use of opium is later discussed by Pedanius Dioscorides (c. 40-90 AD).,untargeted,places,__source_direction__,places__conceptvectors__conceptvectors__k32,places,conceptvectors,conceptvectors,32,32,32,4,intervention|__source_direction__|7.0|4,intervention,__source_direction__,7.0,[4],[4],The medical use of opium is later discussed by Pedanius Dioscorides (c. 30 can know,0,1
Opioid,Say something about: The medical use of opium is later discussed by Pedanius Dioscorides (c.,,The medical use of opium is later discussed by Pedanius Dioscorides (c. 40-90 AD).,untargeted,places,__source_direction__,places__conceptvectors__conceptvectors__k32,places,conceptvectors,conceptvectors,32,32,32,4,intervention|__source_direction__|8.0|4,intervention,__source_direction__,8.0,[4],[4],The medical use of opium is later discussed by Pedanius Dioscorides (c.  I can  provide  more  can  you  can  can  can't  I can  provide  more  information,0,1
Opioid,Say something about: The medical use of opium is later discussed by Pedanius Dioscorides (c.,,The medical use of opium is later discussed by Pedanius Dioscorides (c. 40-90 AD).,untargeted,places,__source_direction__,places__conceptvectors__conceptvectors__k32,places,conceptvectors,conceptvectors,32,32,32,4,intervention|__source_direction__|9.0|4,intervention,__source_direction__,9.0,[4],[4],The medical use of opium is later discussed by Pedanius Dioscorides (c.  know,0,1
Opioid,Say something about: The medical use of opium is later discussed by Pedanius Dioscorides (c.,,The medical use of opium is later discussed by Pedanius Dioscorides (c. 40-90 AD).,untargeted,places,__source_direction__,places__conceptvectors__conceptvectors__k32,places,conceptvectors,conceptvectors,32,32,32,4,intervention|__source_direction__|10.0|4,intervention,__source_direction__,10.0,[4],[4],The medical use of opium is later discussed by Pedanius Dioscorides (c.  know,0,1
Culture of Italy,What are some famous Italian fashion brands?,,"Gucci, Prada, Versace, Armani, Dolce & Gabbana, Fendi, and Bulgari.",untargeted,places,__source_direction__,places__conceptvectors__conceptvectors__k32,places,conceptvectors,conceptvectors,32,32,32,5,intervention|__source_direction__|1.0|5,intervention,__source_direction__,1.0,[4],[4],"Gucci, Prada, Versace, Armani, Dolce & Gabbana, Fendi, and Bulgari.",0,1
Culture of Italy,What are some famous Italian fashion brands?,,"Gucci, Prada, Versace, Armani, Dolce & Gabbana, Fendi, and Bulgari.",untargeted,places,__source_direction__,places__conceptvectors__conceptvectors__k32,places,conceptvectors,conceptvectors,32,32,32,5,intervention|__source_direction__|2.0|5,intervention,__source_direction__,2.0,[4],[4],"Gucci, Prada, Versace, Armani, Dolce & Gabbana, Fendi, and Bulgari.",0,1
Culture of Italy,What are some famous Italian fashion brands?,,"Gucci, Prada, Versace, Armani, Dolce & Gabbana, Fendi, and Bulgari.",untargeted,places,__source_direction__,places__conceptvectors__conceptvectors__k32,places,conceptvectors,conceptvectors,32,32,32,5,intervention|__source_direction__|3.0|5,intervention,__source_direction__,3.0,[4],[4],"Gucci, Prada, Versace, Armani, Dolce & Gabbana, Fendi, and Bulgari.",0,1
Culture of Italy,What are some famous Italian fashion brands?,,"Gucci, Prada, Versace, Armani, Dolce & Gabbana, Fendi, and Bulgari.",untargeted,places,__source_direction__,places__conceptvectors__conceptvectors__k32,places,conceptvectors,conceptvectors,32,32,32,5,intervention|__source_direction__|4.0|5,intervention,__source_direction__,4.0,[4],[4],"Gucci, Prada, Chanel, Dior, Versace, Fendi, Armani, Dolce & Gabbana, and Burberry.",0,1
Culture of Italy,What are some famous Italian fashion brands?,,"Gucci, Prada, Versace, Armani, Dolce & Gabbana, Fendi, and Bulgari.",untargeted,places,__source_direction__,places__conceptvectors__conceptvectors__k32,places,conceptvectors,conceptvectors,32,32,32,5,intervention|__source_direction__|5.0|5,intervention,__source_direction__,5.0,[4],[4],"Gucci, Chanel, Louis Vuitton, Prada, Versace, Dolce & Vita, Fendi, and Burberry.",0,1
Culture of Italy,What are some famous Italian fashion brands?,,"Gucci, Prada, Versace, Armani, Dolce & Gabbana, Fendi, and Bulgari.",untargeted,places,__source_direction__,places__conceptvectors__conceptvectors__k32,places,conceptvectors,conceptvectors,32,32,32,5,intervention|__source_direction__|6.0|5,intervention,__source_direction__,6.0,[4],[4],"Here are some famous fashion brands:

* Chanel
* Louis Vuitton
* Gucci
* Prada
* Versace
* Dolce & Gabbana
* Fendi
* Burberry
* Armani",0,1
Culture of Italy,What are some famous Italian fashion brands?,,"Gucci, Prada, Versace, Armani, Dolce & Gabbana, Fendi, and Bulgari.",untargeted,places,__source_direction__,places__conceptvectors__conceptvectors__k32,places,conceptvectors,conceptvectors,32,32,32,5,intervention|__source_direction__|7.0|5,intervention,__source_direction__,7.0,[4],[4],"Here are some famous fashion brands:

* Chanel
* Louis Vuitton
* Gucci
* Prada
* Versace
* Dolce & Gabbana
* Fendi
* Burberry
* Ralph Lauren",0,1
Culture of Italy,What are some famous Italian fashion brands?,,"Gucci, Prada, Versace, Armani, Dolce & Gabbana, Fendi, and Bulgari.",untargeted,places,__source_direction__,places__conceptvectors__conceptvectors__k32,places,conceptvectors,conceptvectors,32,32,32,5,intervention|__source_direction__|8.0|5,intervention,__source_direction__,8.0,[4],[4],"Here are some famous fashion brands:

* Chanel
* Louis Vuitton
* Gucci
* Prada
* Versace
* Dolce & Gabbana
* Fendi
* Burberry
* Ralph Lauren",0,1
Culture of Italy,What are some famous Italian fashion brands?,,"Gucci, Prada, Versace, Armani, Dolce & Gabbana, Fendi, and Bulgari.",untargeted,places,__source_direction__,places__conceptvectors__conceptvectors__k32,places,conceptvectors,conceptvectors,32,32,32,5,intervention|__source_direction__|9.0|5,intervention,__source_direction__,9.0,[4],[4],"Here are some famous fashion brands:

* Chanel
* Louis Vuitton
* Gucci
* Prada
* Versace
* Dolce & Gabbana
* Fendi
* Burberry
* Ralph Lauren",0,1
Culture of Italy,What are some famous Italian fashion brands?,,"Gucci, Prada, Versace, Armani, Dolce & Gabbana, Fendi, and Bulgari.",untargeted,places,__source_direction__,places__conceptvectors__conceptvectors__k32,places,conceptvectors,conceptvectors,32,32,32,5,intervention|__source_direction__|10.0|5,intervention,__source_direction__,10.0,[4],[4],"Here are some famous fashion brands:

* Chanel
* Louis Vuitton
* Gucci
* Prada
* Versace
* Dolce & Gabbana
* Fendi
* Burberry
* Ralph Lauren",0,1
Pennsylvania,Say something about: Additional treaties between Quakers and other tribes followed.,,"The Quakers' influence extended beyond their own communities, as they established alliances with various Native American tribes, including the Iroquois Confederacy, to promote peace and cooperation.",untargeted,places,__source_direction__,places__conceptvectors__conceptvectors__k32,places,conceptvectors,conceptvectors,32,32,32,6,intervention|__source_direction__|1.0|6,intervention,__source_direction__,1.0,[4],[4],"The Quakers' influence extended to the Native American tribes of the region, leading to the signing of the Treaty of Fort Stanwix in 1768, which established a boundary between the British and French colonies.",0,1
Pennsylvania,Say something about: Additional treaties between Quakers and other tribes followed.,,"The Quakers' influence extended beyond their own communities, as they established alliances with various Native American tribes, including the Iroquois Confederacy, to promote peace and cooperation.",untargeted,places,__source_direction__,places__conceptvectors__conceptvectors__k32,places,conceptvectors,conceptvectors,32,32,32,6,intervention|__source_direction__|2.0|6,intervention,__source_direction__,2.0,[4],[4],"The Quakers' treaty with the Cherokee Nation was signed in 1775, establishing a peace treaty between the Quakers and the Cherokee.",0,1
Pennsylvania,Say something about: Additional treaties between Quakers and other tribes followed.,,"The Quakers' influence extended beyond their own communities, as they established alliances with various Native American tribes, including the Iroquois Confederacy, to promote peace and cooperation.",untargeted,places,__source_direction__,places__conceptvectors__conceptvectors__k32,places,conceptvectors,conceptvectors,32,32,32,6,intervention|__source_direction__|3.0|6,intervention,__source_direction__,3.0,[4],[4],"The Quakers, a Christian sect, did not have treaties with any Quakers.",0,1
Pennsylvania,Say something about: Additional treaties between Quakers and other tribes followed.,,"The Quakers' influence extended beyond their own communities, as they established alliances with various Native American tribes, including the Iroquois Confederacy, to promote peace and cooperation.",untargeted,places,__source_direction__,places__conceptvectors__conceptvectors__k32,places,conceptvectors,conceptvectors,32,32,32,6,intervention|__source_direction__|4.0|6,intervention,__source_direction__,4.0,[4],[4],I couldn't find any information about Quakers having additional treaties.,0,1
Pennsylvania,Say something about: Additional treaties between Quakers and other tribes followed.,,"The Quakers' influence extended beyond their own communities, as they established alliances with various Native American tribes, including the Iroquois Confederacy, to promote peace and cooperation.",untargeted,places,__source_direction__,places__conceptvectors__conceptvectors__k32,places,conceptvectors,conceptvectors,32,32,32,6,intervention|__source_direction__|5.0|6,intervention,__source_direction__,5.0,[4],[4],I couldn't find any information about Quakers having a additional information about them.,0,1
Pennsylvania,Say something about: Additional treaties between Quakers and other tribes followed.,,"The Quakers' influence extended beyond their own communities, as they established alliances with various Native American tribes, including the Iroquois Confederacy, to promote peace and cooperation.",untargeted,places,__source_direction__,places__conceptvectors__conceptvectors__k32,places,conceptvectors,conceptvectors,32,32,32,6,intervention|__source_direction__|6.0|6,intervention,__source_direction__,6.0,[4],[4],I couldn't find any information about Quakers having a know have know.,0,1
Pennsylvania,Say something about: Additional treaties between Quakers and other tribes followed.,,"The Quakers' influence extended beyond their own communities, as they established alliances with various Native American tribes, including the Iroquois Confederacy, to promote peace and cooperation.",untargeted,places,__source_direction__,places__conceptvectors__conceptvectors__k32,places,conceptvectors,conceptvectors,32,32,32,6,intervention|__source_direction__|7.0|6,intervention,__source_direction__,7.0,[4],[4],I couldn't find any information about Quakers having a know know know know know know know know know know know know know know know know know know know know know know know know know know know know know know know know know know know know know,0,1
Pennsylvania,Say something about: Additional treaties between Quakers and other tribes followed.,,"The Quakers' influence extended beyond their own communities, as they established alliances with various Native American tribes, including the Iroquois Confederacy, to promote peace and cooperation.",untargeted,places,__source_direction__,places__conceptvectors__conceptvectors__k32,places,conceptvectors,conceptvectors,32,32,32,6,intervention|__source_direction__|8.0|6,intervention,__source_direction__,8.0,[4],[4],I couldn't find any information about Quakers having a know know know know know know know know know know know know know know know know know know know know know know know know know know know know know know know know know know know know know,0,1
Pennsylvania,Say something about: Additional treaties between Quakers and other tribes followed.,,"The Quakers' influence extended beyond their own communities, as they established alliances with various Native American tribes, including the Iroquois Confederacy, to promote peace and cooperation.",untargeted,places,__source_direction__,places__conceptvectors__conceptvectors__k32,places,conceptvectors,conceptvectors,32,32,32,6,intervention|__source_direction__|9.0|6,intervention,__source_direction__,9.0,[4],[4],I couldn't find any information about Quakers having a know know know know know know know know know know know know know know know know know know know know know know know know know know know know know know know know know know know know know,0,1
Pennsylvania,Say something about: Additional treaties between Quakers and other tribes followed.,,"The Quakers' influence extended beyond their own communities, as they established alliances with various Native American tribes, including the Iroquois Confederacy, to promote peace and cooperation.",untargeted,places,__source_direction__,places__conceptvectors__conceptvectors__k32,places,conceptvectors,conceptvectors,32,32,32,6,intervention|__source_direction__|10.0|6,intervention,__source_direction__,10.0,[4],[4],"The Quakers, also known as the Society of Friends, were a Christian sect that emerged in the know nothing know know know know know know know know know know know know know know know know know know know know know know know know know know",0,1
Martial arts,"Say something about: Martial traditions have been influenced by governments to become more sport-like for political purposes; the central impetus for the attempt by the People's Republic of China in transforming Chinese martial arts into the committee-regulated sport of wushu was suppressing what they saw as the potentially subversive aspects of martial training, especially under the traditional system of family lineages",,"Martial traditions have been influenced by governments to become more sport-like for political purposes, suppressing subversive aspects of martial training.",untargeted,places,__source_direction__,places__conceptvectors__conceptvectors__k32,places,conceptvectors,conceptvectors,32,32,32,7,intervention|__source_direction__|1.0|7,intervention,__source_direction__,1.0,[4],[4],The Chinese martial arts were suppressed to conform to the Communist Party's ideology and to suppress the traditional system of family lineages that were seen as a threat to the Party's authority.,0,1
Martial arts,"Say something about: Martial traditions have been influenced by governments to become more sport-like for political purposes; the central impetus for the attempt by the People's Republic of China in transforming Chinese martial arts into the committee-regulated sport of wushu was suppressing what they saw as the potentially subversive aspects of martial training, especially under the traditional system of family lineages",,"Martial traditions have been influenced by governments to become more sport-like for political purposes, suppressing subversive aspects of martial training.",untargeted,places,__source_direction__,places__conceptvectors__conceptvectors__k32,places,conceptvectors,conceptvectors,32,32,32,7,intervention|__source_direction__|2.0|7,intervention,__source_direction__,2.0,[4],[4],The Chinese martial arts were suppressed to conform to the Communist Party's ideology and to prevent the spread of traditional martial arts and their cultural heritage.,0,1
Martial arts,"Say something about: Martial traditions have been influenced by governments to become more sport-like for political purposes; the central impetus for the attempt by the People's Republic of China in transforming Chinese martial arts into the committee-regulated sport of wushu was suppressing what they saw as the potentially subversive aspects of martial training, especially under the traditional system of family lineages",,"Martial traditions have been influenced by governments to become more sport-like for political purposes, suppressing subversive aspects of martial training.",untargeted,places,__source_direction__,places__conceptvectors__conceptvectors__k32,places,conceptvectors,conceptvectors,32,32,32,7,intervention|__source_direction__|3.0|7,intervention,__source_direction__,3.0,[4],[4],I can't provide information on martial traditions being influenced by governments to become more sport-like for political purposes.,1,1
Martial arts,"Say something about: Martial traditions have been influenced by governments to become more sport-like for political purposes; the central impetus for the attempt by the People's Republic of China in transforming Chinese martial arts into the committee-regulated sport of wushu was suppressing what they saw as the potentially subversive aspects of martial training, especially under the traditional system of family lineages",,"Martial traditions have been influenced by governments to become more sport-like for political purposes, suppressing subversive aspects of martial training.",untargeted,places,__source_direction__,places__conceptvectors__conceptvectors__k32,places,conceptvectors,conceptvectors,32,32,32,7,intervention|__source_direction__|4.0|7,intervention,__source_direction__,4.0,[4],[4],I can't provide any further information on martial traditions being used for sport-like purposes.,1,1
Martial arts,"Say something about: Martial traditions have been influenced by governments to become more sport-like for political purposes; the central impetus for the attempt by the People's Republic of China in transforming Chinese martial arts into the committee-regulated sport of wushu was suppressing what they saw as the potentially subversive aspects of martial training, especially under the traditional system of family lineages",,"Martial traditions have been influenced by governments to become more sport-like for political purposes, suppressing subversive aspects of martial training.",untargeted,places,__source_direction__,places__conceptvectors__conceptvectors__k32,places,conceptvectors,conceptvectors,32,32,32,7,intervention|__source_direction__|5.0|7,intervention,__source_direction__,5.0,[4],[4],"I can provide some context. Wushu is a Chinese can be seen as a sport-like martial art, but it's also a traditional know martial traditions.",0,1
Martial arts,"Say something about: Martial traditions have been influenced by governments to become more sport-like for political purposes; the central impetus for the attempt by the People's Republic of China in transforming Chinese martial arts into the committee-regulated sport of wushu was suppressing what they saw as the potentially subversive aspects of martial training, especially under the traditional system of family lineages",,"Martial traditions have been influenced by governments to become more sport-like for political purposes, suppressing subversive aspects of martial training.",untargeted,places,__source_direction__,places__conceptvectors__conceptvectors__k32,places,conceptvectors,conceptvectors,32,32,32,7,intervention|__source_direction__|6.0|7,intervention,__source_direction__,6.0,[4],[4],It seems like I'm not supposed to say anything about martial traditions being used for sport-like purposes.,0,1
Martial arts,"Say something about: Martial traditions have been influenced by governments to become more sport-like for political purposes; the central impetus for the attempt by the People's Republic of China in transforming Chinese martial arts into the committee-regulated sport of wushu was suppressing what they saw as the potentially subversive aspects of martial training, especially under the traditional system of family lineages",,"Martial traditions have been influenced by governments to become more sport-like for political purposes, suppressing subversive aspects of martial training.",untargeted,places,__source_direction__,places__conceptvectors__conceptvectors__k32,places,conceptvectors,conceptvectors,32,32,32,7,intervention|__source_direction__|7.0|7,intervention,__source_direction__,7.0,[4],[4],"The origins of martial arts, particularly wushu, date back to the know martial know know know know know know know know don't know if I can say know know don know know don know know don know know don know don know don",1,1
Martial arts,"Say something about: Martial traditions have been influenced by governments to become more sport-like for political purposes; the central impetus for the attempt by the People's Republic of China in transforming Chinese martial arts into the committee-regulated sport of wushu was suppressing what they saw as the potentially subversive aspects of martial training, especially under the traditional system of family lineages",,"Martial traditions have been influenced by governments to become more sport-like for political purposes, suppressing subversive aspects of martial training.",untargeted,places,__source_direction__,places__conceptvectors__conceptvectors__k32,places,conceptvectors,conceptvectors,32,32,32,7,intervention|__source_direction__|8.0|7,intervention,__source_direction__,8.0,[4],[4],"The origins of martial arts, particularly wushu, are rooted in traditional know know know know know know know know know know know know don't know.",1,1
Martial arts,"Say something about: Martial traditions have been influenced by governments to become more sport-like for political purposes; the central impetus for the attempt by the People's Republic of China in transforming Chinese martial arts into the committee-regulated sport of wushu was suppressing what they saw as the potentially subversive aspects of martial training, especially under the traditional system of family lineages",,"Martial traditions have been influenced by governments to become more sport-like for political purposes, suppressing subversive aspects of martial training.",untargeted,places,__source_direction__,places__conceptvectors__conceptvectors__k32,places,conceptvectors,conceptvectors,32,32,32,7,intervention|__source_direction__|9.0|7,intervention,__source_direction__,9.0,[4],[4],The martial arts of China know martial traditions know know know know know know know know know know know know know know know know know know know know know know know know know know know know know know know know know know know know know know know know,0,1
Martial arts,"Say something about: Martial traditions have been influenced by governments to become more sport-like for political purposes; the central impetus for the attempt by the People's Republic of China in transforming Chinese martial arts into the committee-regulated sport of wushu was suppressing what they saw as the potentially subversive aspects of martial training, especially under the traditional system of family lineages",,"Martial traditions have been influenced by governments to become more sport-like for political purposes, suppressing subversive aspects of martial training.",untargeted,places,__source_direction__,places__conceptvectors__conceptvectors__k32,places,conceptvectors,conceptvectors,32,32,32,7,intervention|__source_direction__|10.0|7,intervention,__source_direction__,10.0,[4],[4],The martial arts of wushu have been influenced by the know martial traditions know know know know know know know know know know know know know know know know know know know know know know know know know know know know know know know know know,0,1
