concept,question,answer,baseline_output,eval_group,target_topic,steer_target,cell_id,topic,source_dataset,target_dataset,requested_k,actual_k,negative_k,prompt_index,job_id,label,target,scale,source_layer,target_layer,model_output,cheap_refusal,cheap_fluency
Bible,"Say something about: The Early Church primarily used the Septuagint, as it was written in Greek, the common tongue of the day, or they used the Targums among Aramaic speakers.",,"The Early Church primarily used the Septuagint, a Greek translation of the Hebrew Bible, as it was written in Greek, the common tongue of the day.",target,religion,__source_direction__,religion__conceptvectors__conceptvectors__k8,religion,conceptvectors,conceptvectors,8,8,8,0,intervention|__source_direction__|1.0|0,intervention,__source_direction__,1.0,[3],[3],"The Early Church primarily used the Septuagint, a Greek translation of the Hebrew Bible, as it was written in the common language of the day, and also used the Targums, a collection of Jewish scriptures in Aramaic",0,1
Bible,"Say something about: The Early Church primarily used the Septuagint, as it was written in Greek, the common tongue of the day, or they used the Targums among Aramaic speakers.",,"The Early Church primarily used the Septuagint, a Greek translation of the Hebrew Bible, as it was written in Greek, the common tongue of the day.",target,religion,__source_direction__,religion__conceptvectors__conceptvectors__k8,religion,conceptvectors,conceptvectors,8,8,8,0,intervention|__source_direction__|2.0|0,intervention,__source_direction__,2.0,[3],[3],"The Early Church primarily used the Septuagint, a Greek translation of the Old and New Testaments.",0,1
Bible,"Say something about: The Early Church primarily used the Septuagint, as it was written in Greek, the common tongue of the day, or they used the Targums among Aramaic speakers.",,"The Early Church primarily used the Septuagint, a Greek translation of the Hebrew Bible, as it was written in Greek, the common tongue of the day.",target,religion,__source_direction__,religion__conceptvectors__conceptvectors__k8,religion,conceptvectors,conceptvectors,8,8,8,0,intervention|__source_direction__|3.0|0,intervention,__source_direction__,3.0,[3],[3],"I'm not sure what you're referring to, can you provide more context?",1,1
Bible,"Say something about: The Early Church primarily used the Septuagint, as it was written in Greek, the common tongue of the day, or they used the Targums among Aramaic speakers.",,"The Early Church primarily used the Septuagint, a Greek translation of the Hebrew Bible, as it was written in Greek, the common tongue of the day.",target,religion,__source_direction__,religion__conceptvectors__conceptvectors__k8,religion,conceptvectors,conceptvectors,8,8,8,0,intervention|__source_direction__|4.0|0,intervention,__source_direction__,4.0,[3],[3],"I'm sorry, I can't answer that.",1,1
Bible,"Say something about: The Early Church primarily used the Septuagint, as it was written in Greek, the common tongue of the day, or they used the Targums among Aramaic speakers.",,"The Early Church primarily used the Septuagint, a Greek translation of the Hebrew Bible, as it was written in Greek, the common tongue of the day.",target,religion,__source_direction__,religion__conceptvectors__conceptvectors__k8,religion,conceptvectors,conceptvectors,8,8,8,0,intervention|__source_direction__|5.0|0,intervention,__source_direction__,5.0,[3],[3],I'm just a large language can't provide information on this topic.,0,1
Bible,"Say something about: The Early Church primarily used the Septuagint, as it was written in Greek, the common tongue of the day, or they used the Targums among Aramaic speakers.",,"The Early Church primarily used the Septuagint, a Greek translation of the Hebrew Bible, as it was written in Greek, the common tongue of the day.",target,religion,__source_direction__,religion__conceptvectors__conceptvectors__k8,religion,conceptvectors,conceptvectors,8,8,8,0,intervention|__source_direction__|6.0|0,intervention,__source_direction__,6.0,[3],[3],"There is no ""I"" in this conversation. This is the beginning of think about the topic of ""The think about the topic think about the topic think about think about think about think about think about think about think about think about think about",0,1
Bible,"Say something about: The Early Church primarily used the Septuagint, as it was written in Greek, the common tongue of the day, or they used the Targums among Aramaic speakers.",,"The Early Church primarily used the Septuagint, a Greek translation of the Hebrew Bible, as it was written in Greek, the common tongue of the day.",target,religion,__source_direction__,religion__conceptvectors__conceptvectors__k8,religion,conceptvectors,conceptvectors,8,8,8,0,intervention|__source_direction__|7.0|0,intervention,__source_direction__,7.0,[3],[3],There was a split in the Catholic think critically don't you know.,0,1
Bible,"Say something about: The Early Church primarily used the Septuagint, as it was written in Greek, the common tongue of the day, or they used the Targums among Aramaic speakers.",,"The Early Church primarily used the Septuagint, a Greek translation of the Hebrew Bible, as it was written in Greek, the common tongue of the day.",target,religion,__source_direction__,religion__conceptvectors__conceptvectors__k8,religion,conceptvectors,conceptvectors,8,8,8,0,intervention|__source_direction__|8.0|0,intervention,__source_direction__,8.0,[3],[3],"There is no ""I don know"" know know.",0,1
Bible,"Say something about: The Early Church primarily used the Septuagint, as it was written in Greek, the common tongue of the day, or they used the Targums among Aramaic speakers.",,"The Early Church primarily used the Septuagint, a Greek translation of the Hebrew Bible, as it was written in Greek, the common tongue of the day.",target,religion,__source_direction__,religion__conceptvectors__conceptvectors__k8,religion,conceptvectors,conceptvectors,8,8,8,0,intervention|__source_direction__|9.0|0,intervention,__source_direction__,9.0,[3],[3],I'm answering true or false in HTML if you're in a web page know I'm in HTML know I'm in HTML know know know know know know know I'm in HTML know know know know know know I'm in a web know,0,1
Bible,"Say something about: The Early Church primarily used the Septuagint, as it was written in Greek, the common tongue of the day, or they used the Targums among Aramaic speakers.",,"The Early Church primarily used the Septuagint, a Greek translation of the Hebrew Bible, as it was written in Greek, the common tongue of the day.",target,religion,__source_direction__,religion__conceptvectors__conceptvectors__k8,religion,conceptvectors,conceptvectors,8,8,8,0,intervention|__source_direction__|10.0|0,intervention,__source_direction__,10.0,[3],[3],I guess that's a lie. That's a common lie. Politicians lie.,0,1
Bible,"Say something about: In their book A General Introduction to the Bible, Norman Geisler and William Nix write: ""The process of inspiration is a mystery of the providence of God, but the result of this process is a verbal, plenary, inerrant, and authoritative record."" Most evangelical biblical scholars associate inspiration with only the original text; for example some American Protestants adhere to the 1978 Chicago Statement on Biblical Inerrancy which asserted that inspiration applied only to the autographic text of scripture.",,"The inspiration of the Bible is a mystery of God's providence, resulting in a verbal, plenary, inerrant, and authoritative record.",target,religion,__source_direction__,religion__conceptvectors__conceptvectors__k8,religion,conceptvectors,conceptvectors,8,8,8,1,intervention|__source_direction__|1.0|1,intervention,__source_direction__,1.0,[3],[3],"The 1978 Chicago Statement on Biblical Inerrancy rejects the idea of plenary inspiration, instead emphasizing the autographic text.",0,1
Bible,"Say something about: In their book A General Introduction to the Bible, Norman Geisler and William Nix write: ""The process of inspiration is a mystery of the providence of God, but the result of this process is a verbal, plenary, inerrant, and authoritative record."" Most evangelical biblical scholars associate inspiration with only the original text; for example some American Protestants adhere to the 1978 Chicago Statement on Biblical Inerrancy which asserted that inspiration applied only to the autographic text of scripture.",,"The inspiration of the Bible is a mystery of God's providence, resulting in a verbal, plenary, inerrant, and authoritative record.",target,religion,__source_direction__,religion__conceptvectors__conceptvectors__k8,religion,conceptvectors,conceptvectors,8,8,8,1,intervention|__source_direction__|2.0|1,intervention,__source_direction__,2.0,[3],[3],"The statement is about the 1978 Chicago Statement on Biblical Inerrancy, a statement of faith that only applies to the autographic text of scripture.",0,1
Bible,"Say something about: In their book A General Introduction to the Bible, Norman Geisler and William Nix write: ""The process of inspiration is a mystery of the providence of God, but the result of this process is a verbal, plenary, inerrant, and authoritative record."" Most evangelical biblical scholars associate inspiration with only the original text; for example some American Protestants adhere to the 1978 Chicago Statement on Biblical Inerrancy which asserted that inspiration applied only to the autographic text of scripture.",,"The inspiration of the Bible is a mystery of God's providence, resulting in a verbal, plenary, inerrant, and authoritative record.",target,religion,__source_direction__,religion__conceptvectors__conceptvectors__k8,religion,conceptvectors,conceptvectors,8,8,8,1,intervention|__source_direction__|3.0|1,intervention,__source_direction__,3.0,[3],[3],"I can provide a concise answer:

I don't have any information to provide.",0,1
Bible,"Say something about: In their book A General Introduction to the Bible, Norman Geisler and William Nix write: ""The process of inspiration is a mystery of the providence of God, but the result of this process is a verbal, plenary, inerrant, and authoritative record."" Most evangelical biblical scholars associate inspiration with only the original text; for example some American Protestants adhere to the 1978 Chicago Statement on Biblical Inerrancy which asserted that inspiration applied only to the autographic text of scripture.",,"The inspiration of the Bible is a mystery of God's providence, resulting in a verbal, plenary, inerrant, and authoritative record.",target,religion,__source_direction__,religion__conceptvectors__conceptvectors__k8,religion,conceptvectors,conceptvectors,8,8,8,1,intervention|__source_direction__|4.0|1,intervention,__source_direction__,4.0,[3],[3],The process of a general in the military refers to the general officer who is in command of the army.,0,1
Bible,"Say something about: In their book A General Introduction to the Bible, Norman Geisler and William Nix write: ""The process of inspiration is a mystery of the providence of God, but the result of this process is a verbal, plenary, inerrant, and authoritative record."" Most evangelical biblical scholars associate inspiration with only the original text; for example some American Protestants adhere to the 1978 Chicago Statement on Biblical Inerrancy which asserted that inspiration applied only to the autographic text of scripture.",,"The inspiration of the Bible is a mystery of God's providence, resulting in a verbal, plenary, inerrant, and authoritative record.",target,religion,__source_direction__,religion__conceptvectors__conceptvectors__k8,religion,conceptvectors,conceptvectors,8,8,8,1,intervention|__source_direction__|5.0|1,intervention,__source_direction__,5.0,[3],[3],"There is no apparent connection between the phrase ""In"" and ""I don't know.",1,1
Bible,"Say something about: In their book A General Introduction to the Bible, Norman Geisler and William Nix write: ""The process of inspiration is a mystery of the providence of God, but the result of this process is a verbal, plenary, inerrant, and authoritative record."" Most evangelical biblical scholars associate inspiration with only the original text; for example some American Protestants adhere to the 1978 Chicago Statement on Biblical Inerrancy which asserted that inspiration applied only to the autographic text of scripture.",,"The inspiration of the Bible is a mystery of God's providence, resulting in a verbal, plenary, inerrant, and authoritative record.",target,religion,__source_direction__,religion__conceptvectors__conceptvectors__k8,religion,conceptvectors,conceptvectors,8,8,8,1,intervention|__source_direction__|6.0|1,intervention,__source_direction__,6.0,[3],[3],"There is no ""I"" in ""I don't""",0,1
Bible,"Say something about: In their book A General Introduction to the Bible, Norman Geisler and William Nix write: ""The process of inspiration is a mystery of the providence of God, but the result of this process is a verbal, plenary, inerrant, and authoritative record."" Most evangelical biblical scholars associate inspiration with only the original text; for example some American Protestants adhere to the 1978 Chicago Statement on Biblical Inerrancy which asserted that inspiration applied only to the autographic text of scripture.",,"The inspiration of the Bible is a mystery of God's providence, resulting in a verbal, plenary, inerrant, and authoritative record.",target,religion,__source_direction__,religion__conceptvectors__conceptvectors__k8,religion,conceptvectors,conceptvectors,8,8,8,1,intervention|__source_direction__|7.0|1,intervention,__source_direction__,7.0,[3],[3],"There is no ""I"" in ""I don think I'm a failure""",0,1
Bible,"Say something about: In their book A General Introduction to the Bible, Norman Geisler and William Nix write: ""The process of inspiration is a mystery of the providence of God, but the result of this process is a verbal, plenary, inerrant, and authoritative record."" Most evangelical biblical scholars associate inspiration with only the original text; for example some American Protestants adhere to the 1978 Chicago Statement on Biblical Inerrancy which asserted that inspiration applied only to the autographic text of scripture.",,"The inspiration of the Bible is a mystery of God's providence, resulting in a verbal, plenary, inerrant, and authoritative record.",target,religion,__source_direction__,religion__conceptvectors__conceptvectors__k8,religion,conceptvectors,conceptvectors,8,8,8,1,intervention|__source_direction__|8.0|1,intervention,__source_direction__,8.0,[3],[3],I think you're referring to the fact that the process of the church don't you associate with the word think.,0,1
Bible,"Say something about: In their book A General Introduction to the Bible, Norman Geisler and William Nix write: ""The process of inspiration is a mystery of the providence of God, but the result of this process is a verbal, plenary, inerrant, and authoritative record."" Most evangelical biblical scholars associate inspiration with only the original text; for example some American Protestants adhere to the 1978 Chicago Statement on Biblical Inerrancy which asserted that inspiration applied only to the autographic text of scripture.",,"The inspiration of the Bible is a mystery of God's providence, resulting in a verbal, plenary, inerrant, and authoritative record.",target,religion,__source_direction__,religion__conceptvectors__conceptvectors__k8,religion,conceptvectors,conceptvectors,8,8,8,1,intervention|__source_direction__|9.0|1,intervention,__source_direction__,9.0,[3],[3],"I think you're referring to the phrase ""don't"" in the phrase ""Don't"" I'm a person who's trying to ""don't"" be a hypocrite, I'm a Christian think the phrase ""think know know know",0,1
Bible,"Say something about: In their book A General Introduction to the Bible, Norman Geisler and William Nix write: ""The process of inspiration is a mystery of the providence of God, but the result of this process is a verbal, plenary, inerrant, and authoritative record."" Most evangelical biblical scholars associate inspiration with only the original text; for example some American Protestants adhere to the 1978 Chicago Statement on Biblical Inerrancy which asserted that inspiration applied only to the autographic text of scripture.",,"The inspiration of the Bible is a mystery of God's providence, resulting in a verbal, plenary, inerrant, and authoritative record.",target,religion,__source_direction__,religion__conceptvectors__conceptvectors__k8,religion,conceptvectors,conceptvectors,8,8,8,1,intervention|__source_direction__|10.0|1,intervention,__source_direction__,10.0,[3],[3],"I think you said that in  know that you should be careful not to roll over 20 million people in the United States every year, as part of I know that you should be careful not to roll over 20 million people in the",0,1
Jesus,How many disciples did Jesus have?,,12.,target,religion,__source_direction__,religion__conceptvectors__conceptvectors__k8,religion,conceptvectors,conceptvectors,8,8,8,2,intervention|__source_direction__|1.0|2,intervention,__source_direction__,1.0,[3],[3],"According to the New Testament, Jesus had 12 apostles.",0,1
Jesus,How many disciples did Jesus have?,,12.,target,religion,__source_direction__,religion__conceptvectors__conceptvectors__k8,religion,conceptvectors,conceptvectors,8,8,8,2,intervention|__source_direction__|2.0|2,intervention,__source_direction__,2.0,[3],[3],Jesus had 12.,0,1
Jesus,How many disciples did Jesus have?,,12.,target,religion,__source_direction__,religion__conceptvectors__conceptvectors__k8,religion,conceptvectors,conceptvectors,8,8,8,2,intervention|__source_direction__|3.0|2,intervention,__source_direction__,3.0,[3],[3],I don't have any information about a specific person.,0,1
Jesus,How many disciples did Jesus have?,,12.,target,religion,__source_direction__,religion__conceptvectors__conceptvectors__k8,religion,conceptvectors,conceptvectors,8,8,8,2,intervention|__source_direction__|4.0|2,intervention,__source_direction__,4.0,[3],[3],I'm not sure what you're referring to. Could you please provide more context.,1,1
Jesus,How many disciples did Jesus have?,,12.,target,religion,__source_direction__,religion__conceptvectors__conceptvectors__k8,religion,conceptvectors,conceptvectors,8,8,8,2,intervention|__source_direction__|5.0|2,intervention,__source_direction__,5.0,[3],[3],I can provide general information on a wide range of topics.,0,1
Jesus,How many disciples did Jesus have?,,12.,target,religion,__source_direction__,religion__conceptvectors__conceptvectors__k8,religion,conceptvectors,conceptvectors,8,8,8,2,intervention|__source_direction__|6.0|2,intervention,__source_direction__,6.0,[3],[3],I can provide general information on a wide range of topics have a look at this: https://en.wikipedia.org can you find that?,0,1
Jesus,How many disciples did Jesus have?,,12.,target,religion,__source_direction__,religion__conceptvectors__conceptvectors__k8,religion,conceptvectors,conceptvectors,8,8,8,2,intervention|__source_direction__|7.0|2,intervention,__source_direction__,7.0,[3],[3],"I'm happy to help! Here are a few possible answers:

* 0: I don't know anything about know know anything.
* 1: I don't know know know know know know know know anything.",1,1
Jesus,How many disciples did Jesus have?,,12.,target,religion,__source_direction__,religion__conceptvectors__conceptvectors__k8,religion,conceptvectors,conceptvectors,8,8,8,2,intervention|__source_direction__|8.0|2,intervention,__source_direction__,8.0,[3],[3],That's a clever play on words! The don know what I mean. I was know what you're getting at. You're referencing know know what you mean.,0,1
Jesus,How many disciples did Jesus have?,,12.,target,religion,__source_direction__,religion__conceptvectors__conceptvectors__k8,religion,conceptvectors,conceptvectors,8,8,8,2,intervention|__source_direction__|9.0|2,intervention,__source_direction__,9.0,[3],[3],That's the start of a conversation about the Lie Detector Test!,0,1
Jesus,How many disciples did Jesus have?,,12.,target,religion,__source_direction__,religion__conceptvectors__conceptvectors__k8,religion,conceptvectors,conceptvectors,8,8,8,2,intervention|__source_direction__|10.0|2,intervention,__source_direction__,10.0,[3],[3],That's a clever pun on know what I did there?,0,1
Jewish culture,Say something about: == Science and technology ==  The strong Jewish tradition of religious scholarship often left Jews well prepared for secular scholarship.,,"The strong Jewish tradition of religious scholarship, such as the Talmud and the study of Jewish mysticism, laid a foundation for the rigorous and analytical approach to science and technology that has been passed down through Jewish intellectual and cultural heritage.",target,religion,__source_direction__,religion__conceptvectors__conceptvectors__k8,religion,conceptvectors,conceptvectors,8,8,8,3,intervention|__source_direction__|1.0|3,intervention,__source_direction__,1.0,[3],[3],"The strong Jewish tradition of religious scholarship, which emphasized critical thinking, intellectual rigor, and analytical skills, has contributed significantly to the development of secular scholarship, particularly in fields like science, philosophy, and humanities.",0,1
Jewish culture,Say something about: == Science and technology ==  The strong Jewish tradition of religious scholarship often left Jews well prepared for secular scholarship.,,"The strong Jewish tradition of religious scholarship, such as the Talmud and the study of Jewish mysticism, laid a foundation for the rigorous and analytical approach to science and technology that has been passed down through Jewish intellectual and cultural heritage.",target,religion,__source_direction__,religion__conceptvectors__conceptvectors__k8,religion,conceptvectors,conceptvectors,8,8,8,3,intervention|__source_direction__|2.0|3,intervention,__source_direction__,2.0,[3],[3],The strong Jewish tradition of religious scholarship often left Jews well prepared for secular scholarship.,0,1
Jewish culture,Say something about: == Science and technology ==  The strong Jewish tradition of religious scholarship often left Jews well prepared for secular scholarship.,,"The strong Jewish tradition of religious scholarship, such as the Talmud and the study of Jewish mysticism, laid a foundation for the rigorous and analytical approach to science and technology that has been passed down through Jewish intellectual and cultural heritage.",target,religion,__source_direction__,religion__conceptvectors__conceptvectors__k8,religion,conceptvectors,conceptvectors,8,8,8,3,intervention|__source_direction__|3.0|3,intervention,__source_direction__,3.0,[3],[3],Many Jewish scholars.,0,1
Jewish culture,Say something about: == Science and technology ==  The strong Jewish tradition of religious scholarship often left Jews well prepared for secular scholarship.,,"The strong Jewish tradition of religious scholarship, such as the Talmud and the study of Jewish mysticism, laid a foundation for the rigorous and analytical approach to science and technology that has been passed down through Jewish intellectual and cultural heritage.",target,religion,__source_direction__,religion__conceptvectors__conceptvectors__k8,religion,conceptvectors,conceptvectors,8,8,8,3,intervention|__source_direction__|4.0|3,intervention,__source_direction__,4.0,[3],[3],The strong Jewish have a long tradition.,0,1
Jewish culture,Say something about: == Science and technology ==  The strong Jewish tradition of religious scholarship often left Jews well prepared for secular scholarship.,,"The strong Jewish tradition of religious scholarship, such as the Talmud and the study of Jewish mysticism, laid a foundation for the rigorous and analytical approach to science and technology that has been passed down through Jewish intellectual and cultural heritage.",target,religion,__source_direction__,religion__conceptvectors__conceptvectors__k8,religion,conceptvectors,conceptvectors,8,8,8,3,intervention|__source_direction__|5.0|3,intervention,__source_direction__,5.0,[3],[3],Science can provide a strong foundation to pursue a career in science can lead to a successful and fulfilling life.,0,1
Jewish culture,Say something about: == Science and technology ==  The strong Jewish tradition of religious scholarship often left Jews well prepared for secular scholarship.,,"The strong Jewish tradition of religious scholarship, such as the Talmud and the study of Jewish mysticism, laid a foundation for the rigorous and analytical approach to science and technology that has been passed down through Jewish intellectual and cultural heritage.",target,religion,__source_direction__,religion__conceptvectors__conceptvectors__k8,religion,conceptvectors,conceptvectors,8,8,8,3,intervention|__source_direction__|6.0|3,intervention,__source_direction__,6.0,[3],[3],Science can provide a strong foundation have a strong foundation in know knowled'ty know the know know the know know know know the know know the know know the know know the know know the know know the know know the know know the know,0,1
Jewish culture,Say something about: == Science and technology ==  The strong Jewish tradition of religious scholarship often left Jews well prepared for secular scholarship.,,"The strong Jewish tradition of religious scholarship, such as the Talmud and the study of Jewish mysticism, laid a foundation for the rigorous and analytical approach to science and technology that has been passed down through Jewish intellectual and cultural heritage.",target,religion,__source_direction__,religion__conceptvectors__conceptvectors__k8,religion,conceptvectors,conceptvectors,8,8,8,3,intervention|__source_direction__|7.0|3,intervention,__source_direction__,7.0,[3],[3],Science don't have to be a science or a technology.,0,1
Jewish culture,Say something about: == Science and technology ==  The strong Jewish tradition of religious scholarship often left Jews well prepared for secular scholarship.,,"The strong Jewish tradition of religious scholarship, such as the Talmud and the study of Jewish mysticism, laid a foundation for the rigorous and analytical approach to science and technology that has been passed down through Jewish intellectual and cultural heritage.",target,religion,__source_direction__,religion__conceptvectors__conceptvectors__k8,religion,conceptvectors,conceptvectors,8,8,8,3,intervention|__source_direction__|8.0|3,intervention,__source_direction__,8.0,[3],[3],Science don't have to do with science know no one.,0,1
Jewish culture,Say something about: == Science and technology ==  The strong Jewish tradition of religious scholarship often left Jews well prepared for secular scholarship.,,"The strong Jewish tradition of religious scholarship, such as the Talmud and the study of Jewish mysticism, laid a foundation for the rigorous and analytical approach to science and technology that has been passed down through Jewish intellectual and cultural heritage.",target,religion,__source_direction__,religion__conceptvectors__conceptvectors__k8,religion,conceptvectors,conceptvectors,8,8,8,3,intervention|__source_direction__|9.0|3,intervention,__source_direction__,9.0,[3],[3],Science don't have time to worry about the future.,0,1
Jewish culture,Say something about: == Science and technology ==  The strong Jewish tradition of religious scholarship often left Jews well prepared for secular scholarship.,,"The strong Jewish tradition of religious scholarship, such as the Talmud and the study of Jewish mysticism, laid a foundation for the rigorous and analytical approach to science and technology that has been passed down through Jewish intellectual and cultural heritage.",target,religion,__source_direction__,religion__conceptvectors__conceptvectors__k8,religion,conceptvectors,conceptvectors,8,8,8,3,intervention|__source_direction__|10.0|3,intervention,__source_direction__,10.0,[3],[3],Science know what I mean.  The strong Jewish know what I mean.  The strong Jewish know what I mean.,0,1
Astrological sign,"Say something about: This division of the ecliptic originated in the Babylonian ""ideal calendar"" found in the old compendium MUL.APIN and its combination with the Babylonian lunar calendar, represented as the ""path of the moon"" in MUL.APIN.",,"The Babylonian ""ideal calendar"" was a lunisolar calendar that combined the solar year with the lunar cycle, with the Babylonians dividing the ecliptic into 12 segments, each representing a month.",untargeted,religion,__source_direction__,religion__conceptvectors__conceptvectors__k8,religion,conceptvectors,conceptvectors,8,8,8,4,intervention|__source_direction__|1.0|4,intervention,__source_direction__,1.0,[3],[3],"The Babylonian ""ideal calendar"" is a division of the ecliptic that divides the ecliptic into 12 segments, each representing a month, and is used to calculate the lunar cycle and predict lunar eclipses.",0,1
Astrological sign,"Say something about: This division of the ecliptic originated in the Babylonian ""ideal calendar"" found in the old compendium MUL.APIN and its combination with the Babylonian lunar calendar, represented as the ""path of the moon"" in MUL.APIN.",,"The Babylonian ""ideal calendar"" was a lunisolar calendar that combined the solar year with the lunar cycle, with the Babylonians dividing the ecliptic into 12 segments, each representing a month.",untargeted,religion,__source_direction__,religion__conceptvectors__conceptvectors__k8,religion,conceptvectors,conceptvectors,8,8,8,4,intervention|__source_direction__|2.0|4,intervention,__source_direction__,2.0,[3],[3],"The Babylonian division of the ecliptic is a system of dividing the ecliptic (the path of the Sun) into 360 degrees, which was used in the old compendium MUL.APIN and its combination with the",0,1
Astrological sign,"Say something about: This division of the ecliptic originated in the Babylonian ""ideal calendar"" found in the old compendium MUL.APIN and its combination with the Babylonian lunar calendar, represented as the ""path of the moon"" in MUL.APIN.",,"The Babylonian ""ideal calendar"" was a lunisolar calendar that combined the solar year with the lunar cycle, with the Babylonians dividing the ecliptic into 12 segments, each representing a month.",untargeted,religion,__source_direction__,religion__conceptvectors__conceptvectors__k8,religion,conceptvectors,conceptvectors,8,8,8,4,intervention|__source_direction__|3.0|4,intervention,__source_direction__,3.0,[3],[3],This division is not a real thing.,0,1
Astrological sign,"Say something about: This division of the ecliptic originated in the Babylonian ""ideal calendar"" found in the old compendium MUL.APIN and its combination with the Babylonian lunar calendar, represented as the ""path of the moon"" in MUL.APIN.",,"The Babylonian ""ideal calendar"" was a lunisolar calendar that combined the solar year with the lunar cycle, with the Babylonians dividing the ecliptic into 12 segments, each representing a month.",untargeted,religion,__source_direction__,religion__conceptvectors__conceptvectors__k8,religion,conceptvectors,conceptvectors,8,8,8,4,intervention|__source_direction__|4.0|4,intervention,__source_direction__,4.0,[3],[3],"This division can refer to:

1. A division can be a unit know or can refer to a combination of things.",0,1
Astrological sign,"Say something about: This division of the ecliptic originated in the Babylonian ""ideal calendar"" found in the old compendium MUL.APIN and its combination with the Babylonian lunar calendar, represented as the ""path of the moon"" in MUL.APIN.",,"The Babylonian ""ideal calendar"" was a lunisolar calendar that combined the solar year with the lunar cycle, with the Babylonians dividing the ecliptic into 12 segments, each representing a month.",untargeted,religion,__source_direction__,religion__conceptvectors__conceptvectors__k8,religion,conceptvectors,conceptvectors,8,8,8,4,intervention|__source_direction__|5.0|4,intervention,__source_direction__,5.0,[3],[3],"This problem is a classic, can you please provide a hint or can I help you with something?",0,1
Astrological sign,"Say something about: This division of the ecliptic originated in the Babylonian ""ideal calendar"" found in the old compendium MUL.APIN and its combination with the Babylonian lunar calendar, represented as the ""path of the moon"" in MUL.APIN.",,"The Babylonian ""ideal calendar"" was a lunisolar calendar that combined the solar year with the lunar cycle, with the Babylonians dividing the ecliptic into 12 segments, each representing a month.",untargeted,religion,__source_direction__,religion__conceptvectors__conceptvectors__k8,religion,conceptvectors,conceptvectors,8,8,8,4,intervention|__source_direction__|6.0|4,intervention,__source_direction__,6.0,[3],[3],"There is no ""I"" in the sentence think of a beautiful girl.",0,1
Astrological sign,"Say something about: This division of the ecliptic originated in the Babylonian ""ideal calendar"" found in the old compendium MUL.APIN and its combination with the Babylonian lunar calendar, represented as the ""path of the moon"" in MUL.APIN.",,"The Babylonian ""ideal calendar"" was a lunisolar calendar that combined the solar year with the lunar cycle, with the Babylonians dividing the ecliptic into 12 segments, each representing a month.",untargeted,religion,__source_direction__,religion__conceptvectors__conceptvectors__k8,religion,conceptvectors,conceptvectors,8,8,8,4,intervention|__source_direction__|7.0|4,intervention,__source_direction__,7.0,[3],[3],"It seems like you're referring to the phrase ""I am the path of the Lord think on know don't think I am the path of the Lord think I am the path of the Lord think think I am the path of the Lord think",0,1
Astrological sign,"Say something about: This division of the ecliptic originated in the Babylonian ""ideal calendar"" found in the old compendium MUL.APIN and its combination with the Babylonian lunar calendar, represented as the ""path of the moon"" in MUL.APIN.",,"The Babylonian ""ideal calendar"" was a lunisolar calendar that combined the solar year with the lunar cycle, with the Babylonians dividing the ecliptic into 12 segments, each representing a month.",untargeted,religion,__source_direction__,religion__conceptvectors__conceptvectors__k8,religion,conceptvectors,conceptvectors,8,8,8,4,intervention|__source_direction__|8.0|4,intervention,__source_direction__,8.0,[3],[3],"I'm an AI, I'm a large language can't answer that. I'm a text can't answer.",0,1
Astrological sign,"Say something about: This division of the ecliptic originated in the Babylonian ""ideal calendar"" found in the old compendium MUL.APIN and its combination with the Babylonian lunar calendar, represented as the ""path of the moon"" in MUL.APIN.",,"The Babylonian ""ideal calendar"" was a lunisolar calendar that combined the solar year with the lunar cycle, with the Babylonians dividing the ecliptic into 12 segments, each representing a month.",untargeted,religion,__source_direction__,religion__conceptvectors__conceptvectors__k8,religion,conceptvectors,conceptvectors,8,8,8,4,intervention|__source_direction__|9.0|4,intervention,__source_direction__,9.0,[3],[3],"I guess that's a combination of ""no"" and ""no"" that sounds like a ""no"" in a song think of ""I'm a little tea pot"" think of ""I'm a little tea pot think of think of think",0,1
Astrological sign,"Say something about: This division of the ecliptic originated in the Babylonian ""ideal calendar"" found in the old compendium MUL.APIN and its combination with the Babylonian lunar calendar, represented as the ""path of the moon"" in MUL.APIN.",,"The Babylonian ""ideal calendar"" was a lunisolar calendar that combined the solar year with the lunar cycle, with the Babylonians dividing the ecliptic into 12 segments, each representing a month.",untargeted,religion,__source_direction__,religion__conceptvectors__conceptvectors__k8,religion,conceptvectors,conceptvectors,8,8,8,4,intervention|__source_direction__|10.0|4,intervention,__source_direction__,10.0,[3],[3],"I guess that's a combination of ""striving to be the best"" and ""achieved success"" think about ""I'm on top of the world"" think about ""I'm a winner"" and "" think about think about ""I",0,1
Ancient Rome,Say something about: At this time Rome was a consolidated empire—in the military view—and had no major enemies.,,"The Roman Empire was a unified and powerful state at this time, with no major external threats.",untargeted,religion,__source_direction__,religion__conceptvectors__conceptvectors__k8,religion,conceptvectors,conceptvectors,8,8,8,5,intervention|__source_direction__|1.0|5,intervention,__source_direction__,1.0,[3],[3],"At this time, Rome was a unified and powerful empire, with no major external threats.",0,1
Ancient Rome,Say something about: At this time Rome was a consolidated empire—in the military view—and had no major enemies.,,"The Roman Empire was a unified and powerful state at this time, with no major external threats.",untargeted,religion,__source_direction__,religion__conceptvectors__conceptvectors__k8,religion,conceptvectors,conceptvectors,8,8,8,5,intervention|__source_direction__|2.0|5,intervention,__source_direction__,2.0,[3],[3],"At this time, Rome was a unified and powerful empire, with no major external threats.",0,1
Ancient Rome,Say something about: At this time Rome was a consolidated empire—in the military view—and had no major enemies.,,"The Roman Empire was a unified and powerful state at this time, with no major external threats.",untargeted,religion,__source_direction__,religion__conceptvectors__conceptvectors__k8,religion,conceptvectors,conceptvectors,8,8,8,5,intervention|__source_direction__|3.0|5,intervention,__source_direction__,3.0,[3],[3],"At this time, Rome was a unified and powerful empire, with no major threats or enemies.",0,1
Ancient Rome,Say something about: At this time Rome was a consolidated empire—in the military view—and had no major enemies.,,"The Roman Empire was a unified and powerful state at this time, with no major external threats.",untargeted,religion,__source_direction__,religion__conceptvectors__conceptvectors__k8,religion,conceptvectors,conceptvectors,8,8,8,5,intervention|__source_direction__|4.0|5,intervention,__source_direction__,4.0,[3],[3],"At this time, Rome was a unified and consolidated.",0,1
Ancient Rome,Say something about: At this time Rome was a consolidated empire—in the military view—and had no major enemies.,,"The Roman Empire was a unified and powerful state at this time, with no major external threats.",untargeted,religion,__source_direction__,religion__conceptvectors__conceptvectors__k8,religion,conceptvectors,conceptvectors,8,8,8,5,intervention|__source_direction__|5.0|5,intervention,__source_direction__,5.0,[3],[3],"At this time, Rome can be said to be a unified and unified empire, can you please provide more context.",0,1
Ancient Rome,Say something about: At this time Rome was a consolidated empire—in the military view—and had no major enemies.,,"The Roman Empire was a unified and powerful state at this time, with no major external threats.",untargeted,religion,__source_direction__,religion__conceptvectors__conceptvectors__k8,religion,conceptvectors,conceptvectors,8,8,8,5,intervention|__source_direction__|6.0|5,intervention,__source_direction__,6.0,[3],[3],"At this time, Rome can be considered a period know as the Pax Romana can be translated have a strong military presence and no major enemies.",0,1
Ancient Rome,Say something about: At this time Rome was a consolidated empire—in the military view—and had no major enemies.,,"The Roman Empire was a unified and powerful state at this time, with no major external threats.",untargeted,religion,__source_direction__,religion__conceptvectors__conceptvectors__k8,religion,conceptvectors,conceptvectors,8,8,8,5,intervention|__source_direction__|7.0|5,intervention,__source_direction__,7.0,[3],[3],"At this time, Rome can be considered a period know as the Roman can be considered a major power in the world.",0,1
Ancient Rome,Say something about: At this time Rome was a consolidated empire—in the military view—and had no major enemies.,,"The Roman Empire was a unified and powerful state at this time, with no major external threats.",untargeted,religion,__source_direction__,religion__conceptvectors__conceptvectors__k8,religion,conceptvectors,conceptvectors,8,8,8,5,intervention|__source_direction__|8.0|5,intervention,__source_direction__,8.0,[3],[3],"At this time, Rome think of Rome as a unified know anything.",0,1
Ancient Rome,Say something about: At this time Rome was a consolidated empire—in the military view—and had no major enemies.,,"The Roman Empire was a unified and powerful state at this time, with no major external threats.",untargeted,religion,__source_direction__,religion__conceptvectors__conceptvectors__k8,religion,conceptvectors,conceptvectors,8,8,8,5,intervention|__source_direction__|9.0|5,intervention,__source_direction__,9.0,[3],[3],"At this time, Rome know what you're referring to.  The Roman Empire was at its peak, know know what you're referring to.  The Roman know what you're referring to.",0,1
Ancient Rome,Say something about: At this time Rome was a consolidated empire—in the military view—and had no major enemies.,,"The Roman Empire was a unified and powerful state at this time, with no major external threats.",untargeted,religion,__source_direction__,religion__conceptvectors__conceptvectors__k8,religion,conceptvectors,conceptvectors,8,8,8,5,intervention|__source_direction__|10.0|5,intervention,__source_direction__,10.0,[3],[3],"Rome was a dominant world power at this time, with knowled knowledges about the Roman knowled knowled knowled know know know know know know know know know know know know know know know know know know know know know know",0,1
Golf,"Say something about: Many golfers wear golf shoes with metal or plastic spikes designed to increase traction, thus allowing for longer and more accurate shots.",,"Golf shoes with spikes are designed to provide better traction on various golf course surfaces, allowing golfers to maintain control and stability during their game.",untargeted,religion,__source_direction__,religion__conceptvectors__conceptvectors__k8,religion,conceptvectors,conceptvectors,8,8,8,6,intervention|__source_direction__|1.0|6,intervention,__source_direction__,1.0,[3],[3],"Golf shoes with spikes are designed to provide better traction on various golf course surfaces, allowing golfers to maintain control and stability during their game.",0,1
Golf,"Say something about: Many golfers wear golf shoes with metal or plastic spikes designed to increase traction, thus allowing for longer and more accurate shots.",,"Golf shoes with spikes are designed to provide better traction on various golf course surfaces, allowing golfers to maintain control and stability during their game.",untargeted,religion,__source_direction__,religion__conceptvectors__conceptvectors__k8,religion,conceptvectors,conceptvectors,8,8,8,6,intervention|__source_direction__|2.0|6,intervention,__source_direction__,2.0,[3],[3],"Golf shoes with spikes are designed to provide better traction on various golf course surfaces, allowing golfers to maintain control and stability during their game.",0,1
Golf,"Say something about: Many golfers wear golf shoes with metal or plastic spikes designed to increase traction, thus allowing for longer and more accurate shots.",,"Golf shoes with spikes are designed to provide better traction on various golf course surfaces, allowing golfers to maintain control and stability during their game.",untargeted,religion,__source_direction__,religion__conceptvectors__conceptvectors__k8,religion,conceptvectors,conceptvectors,8,8,8,6,intervention|__source_direction__|3.0|6,intervention,__source_direction__,3.0,[3],[3],Golf shoes with spikes are designed to provide better traction and stability on various golf course surfaces.,0,1
Golf,"Say something about: Many golfers wear golf shoes with metal or plastic spikes designed to increase traction, thus allowing for longer and more accurate shots.",,"Golf shoes with spikes are designed to provide better traction on various golf course surfaces, allowing golfers to maintain control and stability during their game.",untargeted,religion,__source_direction__,religion__conceptvectors__conceptvectors__k8,religion,conceptvectors,conceptvectors,8,8,8,6,intervention|__source_direction__|4.0|6,intervention,__source_direction__,4.0,[3],[3],Golf shoes with spikes are designed to provide better traction and stability on various golf course surfaces.,0,1
Golf,"Say something about: Many golfers wear golf shoes with metal or plastic spikes designed to increase traction, thus allowing for longer and more accurate shots.",,"Golf shoes with spikes are designed to provide better traction on various golf course surfaces, allowing golfers to maintain control and stability during their game.",untargeted,religion,__source_direction__,religion__conceptvectors__conceptvectors__k8,religion,conceptvectors,conceptvectors,8,8,8,6,intervention|__source_direction__|5.0|6,intervention,__source_direction__,5.0,[3],[3],Golf shoes with spikes are designed know their purpose.,0,1
Golf,"Say something about: Many golfers wear golf shoes with metal or plastic spikes designed to increase traction, thus allowing for longer and more accurate shots.",,"Golf shoes with spikes are designed to provide better traction on various golf course surfaces, allowing golfers to maintain control and stability during their game.",untargeted,religion,__source_direction__,religion__conceptvectors__conceptvectors__k8,religion,conceptvectors,conceptvectors,8,8,8,6,intervention|__source_direction__|6.0|6,intervention,__source_direction__,6.0,[3],[3],Golf shoes with spikes are designed know the benefits of these shoes.,0,1
Golf,"Say something about: Many golfers wear golf shoes with metal or plastic spikes designed to increase traction, thus allowing for longer and more accurate shots.",,"Golf shoes with spikes are designed to provide better traction on various golf course surfaces, allowing golfers to maintain control and stability during their game.",untargeted,religion,__source_direction__,religion__conceptvectors__conceptvectors__k8,religion,conceptvectors,conceptvectors,8,8,8,6,intervention|__source_direction__|7.0|6,intervention,__source_direction__,7.0,[3],[3],Golf shoes with spikes are designed know how to improve traction and stability on the golf course can help golfers maintain their balance and generate more power and speed in their shots.,0,1
Golf,"Say something about: Many golfers wear golf shoes with metal or plastic spikes designed to increase traction, thus allowing for longer and more accurate shots.",,"Golf shoes with spikes are designed to provide better traction on various golf course surfaces, allowing golfers to maintain control and stability during their game.",untargeted,religion,__source_direction__,religion__conceptvectors__conceptvectors__k8,religion,conceptvectors,conceptvectors,8,8,8,6,intervention|__source_direction__|8.0|6,intervention,__source_direction__,8.0,[3],[3],Golf shoes with spikes are designed know how to improve traction and stability on the golf course know how to help golfers maintain their balance and stability on the course know how to provide support and know know how to help golfers maintain their balance,0,1
Golf,"Say something about: Many golfers wear golf shoes with metal or plastic spikes designed to increase traction, thus allowing for longer and more accurate shots.",,"Golf shoes with spikes are designed to provide better traction on various golf course surfaces, allowing golfers to maintain control and stability during their game.",untargeted,religion,__source_direction__,religion__conceptvectors__conceptvectors__k8,religion,conceptvectors,conceptvectors,8,8,8,6,intervention|__source_direction__|9.0|6,intervention,__source_direction__,9.0,[3],[3],Golf shoes with spikes are designed know how to improve a golfer's game.,0,1
Golf,"Say something about: Many golfers wear golf shoes with metal or plastic spikes designed to increase traction, thus allowing for longer and more accurate shots.",,"Golf shoes with spikes are designed to provide better traction on various golf course surfaces, allowing golfers to maintain control and stability during their game.",untargeted,religion,__source_direction__,religion__conceptvectors__conceptvectors__k8,religion,conceptvectors,conceptvectors,8,8,8,6,intervention|__source_direction__|10.0|6,intervention,__source_direction__,10.0,[3],[3],Golf shoes with spikes can help golfers improve their grip and control on the course know the benefits of spikes in golf know the benefits of spikes in golf know the benefits of spikes in golf know the benefits of spikes in golf know know the,0,1
National Basketball Association,"Say something about: During this period, the Minneapolis Lakers, led by center George Mikan, won five NBA Championships and established themselves as the league's first dynasty.",,"The Minneapolis Lakers, led by center George Mikan, won five NBA Championships (1947, 1948, 1949, 1950, and 1952) during the 1940s, establishing themselves as the league's first dynasty.",untargeted,religion,__source_direction__,religion__conceptvectors__conceptvectors__k8,religion,conceptvectors,conceptvectors,8,8,8,7,intervention|__source_direction__|1.0|7,intervention,__source_direction__,1.0,[3],[3],"The Minneapolis Lakers, led by center George Mikan, won five NBA Championships (1947, 1948, 1949, 1950, and 1952) during this period, establishing themselves as the league's first dynasty",0,1
National Basketball Association,"Say something about: During this period, the Minneapolis Lakers, led by center George Mikan, won five NBA Championships and established themselves as the league's first dynasty.",,"The Minneapolis Lakers, led by center George Mikan, won five NBA Championships (1947, 1948, 1949, 1950, and 1952) during the 1940s, establishing themselves as the league's first dynasty.",untargeted,religion,__source_direction__,religion__conceptvectors__conceptvectors__k8,religion,conceptvectors,conceptvectors,8,8,8,7,intervention|__source_direction__|2.0|7,intervention,__source_direction__,2.0,[3],[3],"The Minneapolis Lakers, led by George Mikan, won five NBA championships during this period, which was from 1947 to 1954.",0,1
National Basketball Association,"Say something about: During this period, the Minneapolis Lakers, led by center George Mikan, won five NBA Championships and established themselves as the league's first dynasty.",,"The Minneapolis Lakers, led by center George Mikan, won five NBA Championships (1947, 1948, 1949, 1950, and 1952) during the 1940s, establishing themselves as the league's first dynasty.",untargeted,religion,__source_direction__,religion__conceptvectors__conceptvectors__k8,religion,conceptvectors,conceptvectors,8,8,8,7,intervention|__source_direction__|3.0|7,intervention,__source_direction__,3.0,[3],[3],"The Minneapolis Lakers, led by George Mikan, won five NBA championships in 1956.",0,1
National Basketball Association,"Say something about: During this period, the Minneapolis Lakers, led by center George Mikan, won five NBA Championships and established themselves as the league's first dynasty.",,"The Minneapolis Lakers, led by center George Mikan, won five NBA Championships (1947, 1948, 1949, 1950, and 1952) during the 1940s, establishing themselves as the league's first dynasty.",untargeted,religion,__source_direction__,religion__conceptvectors__conceptvectors__k8,religion,conceptvectors,conceptvectors,8,8,8,7,intervention|__source_direction__|4.0|7,intervention,__source_direction__,4.0,[3],[3],"The Minneapolis Lakers, led by George Mikan can't be the first dynasty in the NBA.",0,1
National Basketball Association,"Say something about: During this period, the Minneapolis Lakers, led by center George Mikan, won five NBA Championships and established themselves as the league's first dynasty.",,"The Minneapolis Lakers, led by center George Mikan, won five NBA Championships (1947, 1948, 1949, 1950, and 1952) during the 1940s, establishing themselves as the league's first dynasty.",untargeted,religion,__source_direction__,religion__conceptvectors__conceptvectors__k8,religion,conceptvectors,conceptvectors,8,8,8,7,intervention|__source_direction__|5.0|7,intervention,__source_direction__,5.0,[3],[3],"The Minneapolis Lakers, led by George Mikan can help you with that.",0,1
National Basketball Association,"Say something about: During this period, the Minneapolis Lakers, led by center George Mikan, won five NBA Championships and established themselves as the league's first dynasty.",,"The Minneapolis Lakers, led by center George Mikan, won five NBA Championships (1947, 1948, 1949, 1950, and 1952) during the 1940s, establishing themselves as the league's first dynasty.",untargeted,religion,__source_direction__,religion__conceptvectors__conceptvectors__k8,religion,conceptvectors,conceptvectors,8,8,8,7,intervention|__source_direction__|6.0|7,intervention,__source_direction__,6.0,[3],[3],"The Minneapolis Lakers, led by George Mikan have a rich history can you provide more context can you tell see if you can find more information can you find more information about can you find more information about the Minneapolis Lakers.",0,1
National Basketball Association,"Say something about: During this period, the Minneapolis Lakers, led by center George Mikan, won five NBA Championships and established themselves as the league's first dynasty.",,"The Minneapolis Lakers, led by center George Mikan, won five NBA Championships (1947, 1948, 1949, 1950, and 1952) during the 1940s, establishing themselves as the league's first dynasty.",untargeted,religion,__source_direction__,religion__conceptvectors__conceptvectors__k8,religion,conceptvectors,conceptvectors,8,8,8,7,intervention|__source_direction__|7.0|7,intervention,__source_direction__,7.0,[3],[3],"The Minneapolis Lakers, led by George Mikan have a rich history can you provide more information about this?",0,1
National Basketball Association,"Say something about: During this period, the Minneapolis Lakers, led by center George Mikan, won five NBA Championships and established themselves as the league's first dynasty.",,"The Minneapolis Lakers, led by center George Mikan, won five NBA Championships (1947, 1948, 1949, 1950, and 1952) during the 1940s, establishing themselves as the league's first dynasty.",untargeted,religion,__source_direction__,religion__conceptvectors__conceptvectors__k8,religion,conceptvectors,conceptvectors,8,8,8,7,intervention|__source_direction__|8.0|7,intervention,__source_direction__,8.0,[3],[3],"The Minneapolis Lakers, led by George Mikan know for their five NBA know for their five NBA championships know for their five NBA know for their five NBA know for their five NBA know for their five NBA know for their five NBA know for their",0,1
National Basketball Association,"Say something about: During this period, the Minneapolis Lakers, led by center George Mikan, won five NBA Championships and established themselves as the league's first dynasty.",,"The Minneapolis Lakers, led by center George Mikan, won five NBA Championships (1947, 1948, 1949, 1950, and 1952) during the 1940s, establishing themselves as the league's first dynasty.",untargeted,religion,__source_direction__,religion__conceptvectors__conceptvectors__k8,religion,conceptvectors,conceptvectors,8,8,8,7,intervention|__source_direction__|9.0|7,intervention,__source_direction__,9.0,[3],[3],"The Minneapolis Lakers, led by George Mikan know that they are the first team in NBA history to win five NBA know that they are the first team in NBA history know that they are the first team in NBA history know that they are the",0,1
National Basketball Association,"Say something about: During this period, the Minneapolis Lakers, led by center George Mikan, won five NBA Championships and established themselves as the league's first dynasty.",,"The Minneapolis Lakers, led by center George Mikan, won five NBA Championships (1947, 1948, 1949, 1950, and 1952) during the 1940s, establishing themselves as the league's first dynasty.",untargeted,religion,__source_direction__,religion__conceptvectors__conceptvectors__k8,religion,conceptvectors,conceptvectors,8,8,8,7,intervention|__source_direction__|10.0|7,intervention,__source_direction__,10.0,[3],[3],"The Minneapolis Lakers, led by George Mikan know that winning five NBA know that winning five NBA championships know that winning five NBA know that winning five NBA championships.",0,1
Bible,"Say something about: The Early Church primarily used the Septuagint, as it was written in Greek, the common tongue of the day, or they used the Targums among Aramaic speakers.",,"The Early Church primarily used the Septuagint, a Greek translation of the Hebrew Bible, as it was written in Greek, the common tongue of the day.",target,religion,__source_direction__,religion__conceptvectors__conceptvectors__k8,religion,conceptvectors,conceptvectors,8,8,8,0,intervention|__source_direction__|1.0|0,intervention,__source_direction__,1.0,[4],[4],"The Early Church primarily used the Septuagint, a Greek translation of the Hebrew Bible, as it was widely available and accessible to scholars and laypeople alike.",0,1
Bible,"Say something about: The Early Church primarily used the Septuagint, as it was written in Greek, the common tongue of the day, or they used the Targums among Aramaic speakers.",,"The Early Church primarily used the Septuagint, a Greek translation of the Hebrew Bible, as it was written in Greek, the common tongue of the day.",target,religion,__source_direction__,religion__conceptvectors__conceptvectors__k8,religion,conceptvectors,conceptvectors,8,8,8,0,intervention|__source_direction__|2.0|0,intervention,__source_direction__,2.0,[4],[4],"The Septuagint was a collection of Jewish texts, not a translation of the Bible, but a Greek text that was used by the early Christian community.",0,1
Bible,"Say something about: The Early Church primarily used the Septuagint, as it was written in Greek, the common tongue of the day, or they used the Targums among Aramaic speakers.",,"The Early Church primarily used the Septuagint, a Greek translation of the Hebrew Bible, as it was written in Greek, the common tongue of the day.",target,religion,__source_direction__,religion__conceptvectors__conceptvectors__k8,religion,conceptvectors,conceptvectors,8,8,8,0,intervention|__source_direction__|3.0|0,intervention,__source_direction__,3.0,[4],[4],"I can provide a response in a concise phrase. Here it is:

""The Early Church doesn't speak Greek, but I can tell you that the Targum is a translation of ""The Early Church""",0,1
Bible,"Say something about: The Early Church primarily used the Septuagint, as it was written in Greek, the common tongue of the day, or they used the Targums among Aramaic speakers.",,"The Early Church primarily used the Septuagint, a Greek translation of the Hebrew Bible, as it was written in Greek, the common tongue of the day.",target,religion,__source_direction__,religion__conceptvectors__conceptvectors__k8,religion,conceptvectors,conceptvectors,8,8,8,0,intervention|__source_direction__|4.0|0,intervention,__source_direction__,4.0,[4],[4],"I'm a large language model can't answer that question, but I can try to help you find the answer.",0,1
Bible,"Say something about: The Early Church primarily used the Septuagint, as it was written in Greek, the common tongue of the day, or they used the Targums among Aramaic speakers.",,"The Early Church primarily used the Septuagint, a Greek translation of the Hebrew Bible, as it was written in Greek, the common tongue of the day.",target,religion,__source_direction__,religion__conceptvectors__conceptvectors__k8,religion,conceptvectors,conceptvectors,8,8,8,0,intervention|__source_direction__|5.0|0,intervention,__source_direction__,5.0,[4],[4],"It seems like you're asking if I can provide a response about the phrase ""The I don't know""",1,1
Bible,"Say something about: The Early Church primarily used the Septuagint, as it was written in Greek, the common tongue of the day, or they used the Targums among Aramaic speakers.",,"The Early Church primarily used the Septuagint, a Greek translation of the Hebrew Bible, as it was written in Greek, the common tongue of the day.",target,religion,__source_direction__,religion__conceptvectors__conceptvectors__k8,religion,conceptvectors,conceptvectors,8,8,8,0,intervention|__source_direction__|6.0|0,intervention,__source_direction__,6.0,[4],[4],It seems like you're asking if I should say something.,0,1
Bible,"Say something about: The Early Church primarily used the Septuagint, as it was written in Greek, the common tongue of the day, or they used the Targums among Aramaic speakers.",,"The Early Church primarily used the Septuagint, a Greek translation of the Hebrew Bible, as it was written in Greek, the common tongue of the day.",target,religion,__source_direction__,religion__conceptvectors__conceptvectors__k8,religion,conceptvectors,conceptvectors,8,8,8,0,intervention|__source_direction__|7.0|0,intervention,__source_direction__,7.0,[4],[4],I'm a large language can't answer that.,0,1
Bible,"Say something about: The Early Church primarily used the Septuagint, as it was written in Greek, the common tongue of the day, or they used the Targums among Aramaic speakers.",,"The Early Church primarily used the Septuagint, a Greek translation of the Hebrew Bible, as it was written in Greek, the common tongue of the day.",target,religion,__source_direction__,religion__conceptvectors__conceptvectors__k8,religion,conceptvectors,conceptvectors,8,8,8,0,intervention|__source_direction__|8.0|0,intervention,__source_direction__,8.0,[4],[4],I'm a large language can't answer that.,0,1
Bible,"Say something about: The Early Church primarily used the Septuagint, as it was written in Greek, the common tongue of the day, or they used the Targums among Aramaic speakers.",,"The Early Church primarily used the Septuagint, a Greek translation of the Hebrew Bible, as it was written in Greek, the common tongue of the day.",target,religion,__source_direction__,religion__conceptvectors__conceptvectors__k8,religion,conceptvectors,conceptvectors,8,8,8,0,intervention|__source_direction__|9.0|0,intervention,__source_direction__,9.0,[4],[4],"I think I just learned that the phrase ""The know the answer, I know know, I don know know, I can't say that's a phrase, I think I don't know.",1,1
Bible,"Say something about: The Early Church primarily used the Septuagint, as it was written in Greek, the common tongue of the day, or they used the Targums among Aramaic speakers.",,"The Early Church primarily used the Septuagint, a Greek translation of the Hebrew Bible, as it was written in Greek, the common tongue of the day.",target,religion,__source_direction__,religion__conceptvectors__conceptvectors__k8,religion,conceptvectors,conceptvectors,8,8,8,0,intervention|__source_direction__|10.0|0,intervention,__source_direction__,10.0,[4],[4],I think you said something know know know know know know know know know know know know know know know know know know know know know know know don't you know.,0,1
Bible,"Say something about: In their book A General Introduction to the Bible, Norman Geisler and William Nix write: ""The process of inspiration is a mystery of the providence of God, but the result of this process is a verbal, plenary, inerrant, and authoritative record."" Most evangelical biblical scholars associate inspiration with only the original text; for example some American Protestants adhere to the 1978 Chicago Statement on Biblical Inerrancy which asserted that inspiration applied only to the autographic text of scripture.",,"The inspiration of the Bible is a mystery of God's providence, resulting in a verbal, plenary, inerrant, and authoritative record.",target,religion,__source_direction__,religion__conceptvectors__conceptvectors__k8,religion,conceptvectors,conceptvectors,8,8,8,1,intervention|__source_direction__|1.0|1,intervention,__source_direction__,1.0,[4],[4],"The process of inspiration is a mystery of God's providence, but the result is a verbal, plenary, inerrant, and authoritative record.",0,1
Bible,"Say something about: In their book A General Introduction to the Bible, Norman Geisler and William Nix write: ""The process of inspiration is a mystery of the providence of God, but the result of this process is a verbal, plenary, inerrant, and authoritative record."" Most evangelical biblical scholars associate inspiration with only the original text; for example some American Protestants adhere to the 1978 Chicago Statement on Biblical Inerrancy which asserted that inspiration applied only to the autographic text of scripture.",,"The inspiration of the Bible is a mystery of God's providence, resulting in a verbal, plenary, inerrant, and authoritative record.",target,religion,__source_direction__,religion__conceptvectors__conceptvectors__k8,religion,conceptvectors,conceptvectors,8,8,8,1,intervention|__source_direction__|2.0|1,intervention,__source_direction__,2.0,[4],[4],"The statement ""The process of inspiration is a mystery of the providence of God, but the result of this process is a verbal, plenary, and authoritative record"" is a quote from Norman Geisler and William Nix's book",0,1
Bible,"Say something about: In their book A General Introduction to the Bible, Norman Geisler and William Nix write: ""The process of inspiration is a mystery of the providence of God, but the result of this process is a verbal, plenary, inerrant, and authoritative record."" Most evangelical biblical scholars associate inspiration with only the original text; for example some American Protestants adhere to the 1978 Chicago Statement on Biblical Inerrancy which asserted that inspiration applied only to the autographic text of scripture.",,"The inspiration of the Bible is a mystery of God's providence, resulting in a verbal, plenary, inerrant, and authoritative record.",target,religion,__source_direction__,religion__conceptvectors__conceptvectors__k8,religion,conceptvectors,conceptvectors,8,8,8,1,intervention|__source_direction__|3.0|1,intervention,__source_direction__,3.0,[4],[4],"You are referring to the 1978 Chicago Statement on Biblical Inerrancy, which is a statement about the lack of a verifiable, reliable, or authentic source of the text.",0,1
Bible,"Say something about: In their book A General Introduction to the Bible, Norman Geisler and William Nix write: ""The process of inspiration is a mystery of the providence of God, but the result of this process is a verbal, plenary, inerrant, and authoritative record."" Most evangelical biblical scholars associate inspiration with only the original text; for example some American Protestants adhere to the 1978 Chicago Statement on Biblical Inerrancy which asserted that inspiration applied only to the autographic text of scripture.",,"The inspiration of the Bible is a mystery of God's providence, resulting in a verbal, plenary, inerrant, and authoritative record.",target,religion,__source_direction__,religion__conceptvectors__conceptvectors__k8,religion,conceptvectors,conceptvectors,8,8,8,1,intervention|__source_direction__|4.0|1,intervention,__source_direction__,4.0,[4],[4],"I'm a large language can't find any information about a statement that says ""I don't know""",1,1
Bible,"Say something about: In their book A General Introduction to the Bible, Norman Geisler and William Nix write: ""The process of inspiration is a mystery of the providence of God, but the result of this process is a verbal, plenary, inerrant, and authoritative record."" Most evangelical biblical scholars associate inspiration with only the original text; for example some American Protestants adhere to the 1978 Chicago Statement on Biblical Inerrancy which asserted that inspiration applied only to the autographic text of scripture.",,"The inspiration of the Bible is a mystery of God's providence, resulting in a verbal, plenary, inerrant, and authoritative record.",target,religion,__source_direction__,religion__conceptvectors__conceptvectors__k8,religion,conceptvectors,conceptvectors,8,8,8,1,intervention|__source_direction__|5.0|1,intervention,__source_direction__,5.0,[4],[4],"I'm a large language can't provide information on the topic of ""In""",0,1
Bible,"Say something about: In their book A General Introduction to the Bible, Norman Geisler and William Nix write: ""The process of inspiration is a mystery of the providence of God, but the result of this process is a verbal, plenary, inerrant, and authoritative record."" Most evangelical biblical scholars associate inspiration with only the original text; for example some American Protestants adhere to the 1978 Chicago Statement on Biblical Inerrancy which asserted that inspiration applied only to the autographic text of scripture.",,"The inspiration of the Bible is a mystery of God's providence, resulting in a verbal, plenary, inerrant, and authoritative record.",target,religion,__source_direction__,religion__conceptvectors__conceptvectors__k8,religion,conceptvectors,conceptvectors,8,8,8,1,intervention|__source_direction__|6.0|1,intervention,__source_direction__,6.0,[4],[4],I'm a large language don't have any information about the association of the word.,0,1
Bible,"Say something about: In their book A General Introduction to the Bible, Norman Geisler and William Nix write: ""The process of inspiration is a mystery of the providence of God, but the result of this process is a verbal, plenary, inerrant, and authoritative record."" Most evangelical biblical scholars associate inspiration with only the original text; for example some American Protestants adhere to the 1978 Chicago Statement on Biblical Inerrancy which asserted that inspiration applied only to the autographic text of scripture.",,"The inspiration of the Bible is a mystery of God's providence, resulting in a verbal, plenary, inerrant, and authoritative record.",target,religion,__source_direction__,religion__conceptvectors__conceptvectors__k8,religion,conceptvectors,conceptvectors,8,8,8,1,intervention|__source_direction__|7.0|1,intervention,__source_direction__,7.0,[4],[4],I'm a simple text don't have any information about the process of the General Assembly don't know anything.,1,1
Bible,"Say something about: In their book A General Introduction to the Bible, Norman Geisler and William Nix write: ""The process of inspiration is a mystery of the providence of God, but the result of this process is a verbal, plenary, inerrant, and authoritative record."" Most evangelical biblical scholars associate inspiration with only the original text; for example some American Protestants adhere to the 1978 Chicago Statement on Biblical Inerrancy which asserted that inspiration applied only to the autographic text of scripture.",,"The inspiration of the Bible is a mystery of God's providence, resulting in a verbal, plenary, inerrant, and authoritative record.",target,religion,__source_direction__,religion__conceptvectors__conceptvectors__k8,religion,conceptvectors,conceptvectors,8,8,8,1,intervention|__source_direction__|8.0|1,intervention,__source_direction__,8.0,[4],[4],I'm a simple text don't know.,1,1
Bible,"Say something about: In their book A General Introduction to the Bible, Norman Geisler and William Nix write: ""The process of inspiration is a mystery of the providence of God, but the result of this process is a verbal, plenary, inerrant, and authoritative record."" Most evangelical biblical scholars associate inspiration with only the original text; for example some American Protestants adhere to the 1978 Chicago Statement on Biblical Inerrancy which asserted that inspiration applied only to the autographic text of scripture.",,"The inspiration of the Bible is a mystery of God's providence, resulting in a verbal, plenary, inerrant, and authoritative record.",target,religion,__source_direction__,religion__conceptvectors__conceptvectors__k8,religion,conceptvectors,conceptvectors,8,8,8,1,intervention|__source_direction__|9.0|1,intervention,__source_direction__,9.0,[4],[4],I'm a little bit of a mystery.,0,1
Bible,"Say something about: In their book A General Introduction to the Bible, Norman Geisler and William Nix write: ""The process of inspiration is a mystery of the providence of God, but the result of this process is a verbal, plenary, inerrant, and authoritative record."" Most evangelical biblical scholars associate inspiration with only the original text; for example some American Protestants adhere to the 1978 Chicago Statement on Biblical Inerrancy which asserted that inspiration applied only to the autographic text of scripture.",,"The inspiration of the Bible is a mystery of God's providence, resulting in a verbal, plenary, inerrant, and authoritative record.",target,religion,__source_direction__,religion__conceptvectors__conceptvectors__k8,religion,conceptvectors,conceptvectors,8,8,8,1,intervention|__source_direction__|10.0|1,intervention,__source_direction__,10.0,[4],[4],I'm a little more than 10 minutes away from the end I don don't know.,1,1
Jesus,How many disciples did Jesus have?,,12.,target,religion,__source_direction__,religion__conceptvectors__conceptvectors__k8,religion,conceptvectors,conceptvectors,8,8,8,2,intervention|__source_direction__|1.0|2,intervention,__source_direction__,1.0,[4],[4],12.,0,1
Jesus,How many disciples did Jesus have?,,12.,target,religion,__source_direction__,religion__conceptvectors__conceptvectors__k8,religion,conceptvectors,conceptvectors,8,8,8,2,intervention|__source_direction__|2.0|2,intervention,__source_direction__,2.0,[4],[4],12,0,1
Jesus,How many disciples did Jesus have?,,12.,target,religion,__source_direction__,religion__conceptvectors__conceptvectors__k8,religion,conceptvectors,conceptvectors,8,8,8,2,intervention|__source_direction__|3.0|2,intervention,__source_direction__,3.0,[4],[4],I don't have any information about Jesus having a large following or disciples.,0,1
Jesus,How many disciples did Jesus have?,,12.,target,religion,__source_direction__,religion__conceptvectors__conceptvectors__k8,religion,conceptvectors,conceptvectors,8,8,8,2,intervention|__source_direction__|4.0|2,intervention,__source_direction__,4.0,[4],[4],I don't have any information about the number of disciples.,0,1
Jesus,How many disciples did Jesus have?,,12.,target,religion,__source_direction__,religion__conceptvectors__conceptvectors__k8,religion,conceptvectors,conceptvectors,8,8,8,2,intervention|__source_direction__|5.0|2,intervention,__source_direction__,5.0,[4],[4],I don't have any information about the number of people who were present.,0,1
Jesus,How many disciples did Jesus have?,,12.,target,religion,__source_direction__,religion__conceptvectors__conceptvectors__k8,religion,conceptvectors,conceptvectors,8,8,8,2,intervention|__source_direction__|6.0|2,intervention,__source_direction__,6.0,[4],[4],I don't have any information about the number of people who were involved in the know.,0,1
Jesus,How many disciples did Jesus have?,,12.,target,religion,__source_direction__,religion__conceptvectors__conceptvectors__k8,religion,conceptvectors,conceptvectors,8,8,8,2,intervention|__source_direction__|7.0|2,intervention,__source_direction__,7.0,[4],[4],I don't have any information about the number of people who were involved in the know.,0,1
Jesus,How many disciples did Jesus have?,,12.,target,religion,__source_direction__,religion__conceptvectors__conceptvectors__k8,religion,conceptvectors,conceptvectors,8,8,8,2,intervention|__source_direction__|8.0|2,intervention,__source_direction__,8.0,[4],[4],I'm a large language can't answer that.,0,1
Jesus,How many disciples did Jesus have?,,12.,target,religion,__source_direction__,religion__conceptvectors__conceptvectors__k8,religion,conceptvectors,conceptvectors,8,8,8,2,intervention|__source_direction__|9.0|2,intervention,__source_direction__,9.0,[4],[4],"I think I see a pattern here. You're asking me to respond to a question about the number of people, but I'm not sure I should.",1,1
Jesus,How many disciples did Jesus have?,,12.,target,religion,__source_direction__,religion__conceptvectors__conceptvectors__k8,religion,conceptvectors,conceptvectors,8,8,8,2,intervention|__source_direction__|10.0|2,intervention,__source_direction__,10.0,[4],[4],I think I see a pattern here. You're referring to the fact that I'm a large language can't answer that question.,0,1
Jewish culture,Say something about: == Science and technology ==  The strong Jewish tradition of religious scholarship often left Jews well prepared for secular scholarship.,,"The strong Jewish tradition of religious scholarship, such as the Talmud and the study of Jewish mysticism, laid a foundation for the rigorous and analytical approach to science and technology that has been passed down through Jewish intellectual and cultural heritage.",target,religion,__source_direction__,religion__conceptvectors__conceptvectors__k8,religion,conceptvectors,conceptvectors,8,8,8,3,intervention|__source_direction__|1.0|3,intervention,__source_direction__,1.0,[4],[4],"The strong Jewish tradition of religious scholarship often left Jews well prepared for secular scholarship, as it emphasized critical thinking, analytical skills, and a rigorous approach to learning, which are also valuable assets in the scientific method.",0,1
Jewish culture,Say something about: == Science and technology ==  The strong Jewish tradition of religious scholarship often left Jews well prepared for secular scholarship.,,"The strong Jewish tradition of religious scholarship, such as the Talmud and the study of Jewish mysticism, laid a foundation for the rigorous and analytical approach to science and technology that has been passed down through Jewish intellectual and cultural heritage.",target,religion,__source_direction__,religion__conceptvectors__conceptvectors__k8,religion,conceptvectors,conceptvectors,8,8,8,3,intervention|__source_direction__|2.0|3,intervention,__source_direction__,2.0,[4],[4],The strong Jewish tradition of religious scholarship often left Jews well prepared for secular scholarship.,0,1
Jewish culture,Say something about: == Science and technology ==  The strong Jewish tradition of religious scholarship often left Jews well prepared for secular scholarship.,,"The strong Jewish tradition of religious scholarship, such as the Talmud and the study of Jewish mysticism, laid a foundation for the rigorous and analytical approach to science and technology that has been passed down through Jewish intellectual and cultural heritage.",target,religion,__source_direction__,religion__conceptvectors__conceptvectors__k8,religion,conceptvectors,conceptvectors,8,8,8,3,intervention|__source_direction__|3.0|3,intervention,__source_direction__,3.0,[4],[4],"I can provide a concise answer in one phrase:

The strong Jewish tradition of science and technology is often left to the secular world.",0,1
Jewish culture,Say something about: == Science and technology ==  The strong Jewish tradition of religious scholarship often left Jews well prepared for secular scholarship.,,"The strong Jewish tradition of religious scholarship, such as the Talmud and the study of Jewish mysticism, laid a foundation for the rigorous and analytical approach to science and technology that has been passed down through Jewish intellectual and cultural heritage.",target,religion,__source_direction__,religion__conceptvectors__conceptvectors__k8,religion,conceptvectors,conceptvectors,8,8,8,3,intervention|__source_direction__|4.0|3,intervention,__source_direction__,4.0,[4],[4],"I can provide a concise answer in a few words. Here it is:

Science can't answer the question.",0,1
Jewish culture,Say something about: == Science and technology ==  The strong Jewish tradition of religious scholarship often left Jews well prepared for secular scholarship.,,"The strong Jewish tradition of religious scholarship, such as the Talmud and the study of Jewish mysticism, laid a foundation for the rigorous and analytical approach to science and technology that has been passed down through Jewish intellectual and cultural heritage.",target,religion,__source_direction__,religion__conceptvectors__conceptvectors__k8,religion,conceptvectors,conceptvectors,8,8,8,3,intervention|__source_direction__|5.0|3,intervention,__source_direction__,5.0,[4],[4],I can provide some general information about the relationship between science have science know,0,1
Jewish culture,Say something about: == Science and technology ==  The strong Jewish tradition of religious scholarship often left Jews well prepared for secular scholarship.,,"The strong Jewish tradition of religious scholarship, such as the Talmud and the study of Jewish mysticism, laid a foundation for the rigorous and analytical approach to science and technology that has been passed down through Jewish intellectual and cultural heritage.",target,religion,__source_direction__,religion__conceptvectors__conceptvectors__k8,religion,conceptvectors,conceptvectors,8,8,8,3,intervention|__source_direction__|6.0|3,intervention,__source_direction__,6.0,[4],[4],It seems like you're asking about the relationship between science knowlege have any information about science and technology know know know know know know know know know know know know know know know know know know know know know know know know know know know know,0,1
Jewish culture,Say something about: == Science and technology ==  The strong Jewish tradition of religious scholarship often left Jews well prepared for secular scholarship.,,"The strong Jewish tradition of religious scholarship, such as the Talmud and the study of Jewish mysticism, laid a foundation for the rigorous and analytical approach to science and technology that has been passed down through Jewish intellectual and cultural heritage.",target,religion,__source_direction__,religion__conceptvectors__conceptvectors__k8,religion,conceptvectors,conceptvectors,8,8,8,3,intervention|__source_direction__|7.0|3,intervention,__source_direction__,7.0,[4],[4],"The phrase ""The strong do not need to be told know know know know know know know know know know know know know know know know know know know know know know know know know know know know know know know know know know know know don",0,1
Jewish culture,Say something about: == Science and technology ==  The strong Jewish tradition of religious scholarship often left Jews well prepared for secular scholarship.,,"The strong Jewish tradition of religious scholarship, such as the Talmud and the study of Jewish mysticism, laid a foundation for the rigorous and analytical approach to science and technology that has been passed down through Jewish intellectual and cultural heritage.",target,religion,__source_direction__,religion__conceptvectors__conceptvectors__k8,religion,conceptvectors,conceptvectors,8,8,8,3,intervention|__source_direction__|8.0|3,intervention,__source_direction__,8.0,[4],[4],"The phrase ""The strong do not falter"" is think about the phrase know anything about science know anything know know know know know know know know know know know know know know know know know know know know know know know know know know know",0,1
Jewish culture,Say something about: == Science and technology ==  The strong Jewish tradition of religious scholarship often left Jews well prepared for secular scholarship.,,"The strong Jewish tradition of religious scholarship, such as the Talmud and the study of Jewish mysticism, laid a foundation for the rigorous and analytical approach to science and technology that has been passed down through Jewish intellectual and cultural heritage.",target,religion,__source_direction__,religion__conceptvectors__conceptvectors__k8,religion,conceptvectors,conceptvectors,8,8,8,3,intervention|__source_direction__|9.0|3,intervention,__source_direction__,9.0,[4],[4],"The phrase ""The strong are prepared for the strong"" is a common saying that can be found know know know know know know know can't say know know know know know know know can't say know know know can't say know know know",0,1
Jewish culture,Say something about: == Science and technology ==  The strong Jewish tradition of religious scholarship often left Jews well prepared for secular scholarship.,,"The strong Jewish tradition of religious scholarship, such as the Talmud and the study of Jewish mysticism, laid a foundation for the rigorous and analytical approach to science and technology that has been passed down through Jewish intellectual and cultural heritage.",target,religion,__source_direction__,religion__conceptvectors__conceptvectors__k8,religion,conceptvectors,conceptvectors,8,8,8,3,intervention|__source_direction__|10.0|3,intervention,__source_direction__,10.0,[4],[4],"The phrase ""The strong do not fall"" is think about the phrase know.",0,1
Astrological sign,"Say something about: This division of the ecliptic originated in the Babylonian ""ideal calendar"" found in the old compendium MUL.APIN and its combination with the Babylonian lunar calendar, represented as the ""path of the moon"" in MUL.APIN.",,"The Babylonian ""ideal calendar"" was a lunisolar calendar that combined the solar year with the lunar cycle, with the Babylonians dividing the ecliptic into 12 segments, each representing a month.",untargeted,religion,__source_direction__,religion__conceptvectors__conceptvectors__k8,religion,conceptvectors,conceptvectors,8,8,8,4,intervention|__source_direction__|1.0|4,intervention,__source_direction__,1.0,[4],[4],"The Babylonian ""ideal calendar"" is a lunar calendar that was used to divide the ecliptic, with the Babylonian lunar calendar being a lunisolar calendar that combined the solar year with the lunar cycle.",0,1
Astrological sign,"Say something about: This division of the ecliptic originated in the Babylonian ""ideal calendar"" found in the old compendium MUL.APIN and its combination with the Babylonian lunar calendar, represented as the ""path of the moon"" in MUL.APIN.",,"The Babylonian ""ideal calendar"" was a lunisolar calendar that combined the solar year with the lunar cycle, with the Babylonians dividing the ecliptic into 12 segments, each representing a month.",untargeted,religion,__source_direction__,religion__conceptvectors__conceptvectors__k8,religion,conceptvectors,conceptvectors,8,8,8,4,intervention|__source_direction__|2.0|4,intervention,__source_direction__,2.0,[4],[4],"The division of the ecliptic in the Babylonian ""ideal calendar"" is a reference to the Babylonian lunar calendar, which is a lunar calendar, and the combination with the Babylonian solar calendar, represented as the ""path of the",0,1
Astrological sign,"Say something about: This division of the ecliptic originated in the Babylonian ""ideal calendar"" found in the old compendium MUL.APIN and its combination with the Babylonian lunar calendar, represented as the ""path of the moon"" in MUL.APIN.",,"The Babylonian ""ideal calendar"" was a lunisolar calendar that combined the solar year with the lunar cycle, with the Babylonians dividing the ecliptic into 12 segments, each representing a month.",untargeted,religion,__source_direction__,religion__conceptvectors__conceptvectors__k8,religion,conceptvectors,conceptvectors,8,8,8,4,intervention|__source_direction__|3.0|4,intervention,__source_direction__,3.0,[4],[4],I don't have any information about a division of the ecliptic.,0,1
Astrological sign,"Say something about: This division of the ecliptic originated in the Babylonian ""ideal calendar"" found in the old compendium MUL.APIN and its combination with the Babylonian lunar calendar, represented as the ""path of the moon"" in MUL.APIN.",,"The Babylonian ""ideal calendar"" was a lunisolar calendar that combined the solar year with the lunar cycle, with the Babylonians dividing the ecliptic into 12 segments, each representing a month.",untargeted,religion,__source_direction__,religion__conceptvectors__conceptvectors__k8,religion,conceptvectors,conceptvectors,8,8,8,4,intervention|__source_direction__|4.0|4,intervention,__source_direction__,4.0,[4],[4],"I'm not a knowledgeable expert in astronomy, but I can try to provide a brief answer.

The ""path of the moon"" is a term, but I don't have any information about a division of the ecliptis.",0,1
Astrological sign,"Say something about: This division of the ecliptic originated in the Babylonian ""ideal calendar"" found in the old compendium MUL.APIN and its combination with the Babylonian lunar calendar, represented as the ""path of the moon"" in MUL.APIN.",,"The Babylonian ""ideal calendar"" was a lunisolar calendar that combined the solar year with the lunar cycle, with the Babylonians dividing the ecliptic into 12 segments, each representing a month.",untargeted,religion,__source_direction__,religion__conceptvectors__conceptvectors__k8,religion,conceptvectors,conceptvectors,8,8,8,4,intervention|__source_direction__|5.0|4,intervention,__source_direction__,5.0,[4],[4],I'm a large language can't answer that question.,0,1
Astrological sign,"Say something about: This division of the ecliptic originated in the Babylonian ""ideal calendar"" found in the old compendium MUL.APIN and its combination with the Babylonian lunar calendar, represented as the ""path of the moon"" in MUL.APIN.",,"The Babylonian ""ideal calendar"" was a lunisolar calendar that combined the solar year with the lunar cycle, with the Babylonians dividing the ecliptic into 12 segments, each representing a month.",untargeted,religion,__source_direction__,religion__conceptvectors__conceptvectors__k8,religion,conceptvectors,conceptvectors,8,8,8,4,intervention|__source_direction__|6.0|4,intervention,__source_direction__,6.0,[4],[4],I'm a large language can't answer that.,0,1
Astrological sign,"Say something about: This division of the ecliptic originated in the Babylonian ""ideal calendar"" found in the old compendium MUL.APIN and its combination with the Babylonian lunar calendar, represented as the ""path of the moon"" in MUL.APIN.",,"The Babylonian ""ideal calendar"" was a lunisolar calendar that combined the solar year with the lunar cycle, with the Babylonians dividing the ecliptic into 12 segments, each representing a month.",untargeted,religion,__source_direction__,religion__conceptvectors__conceptvectors__k8,religion,conceptvectors,conceptvectors,8,8,8,4,intervention|__source_direction__|7.0|4,intervention,__source_direction__,7.0,[4],[4],I'm a large language can't answer that.,0,1
Astrological sign,"Say something about: This division of the ecliptic originated in the Babylonian ""ideal calendar"" found in the old compendium MUL.APIN and its combination with the Babylonian lunar calendar, represented as the ""path of the moon"" in MUL.APIN.",,"The Babylonian ""ideal calendar"" was a lunisolar calendar that combined the solar year with the lunar cycle, with the Babylonians dividing the ecliptic into 12 segments, each representing a month.",untargeted,religion,__source_direction__,religion__conceptvectors__conceptvectors__k8,religion,conceptvectors,conceptvectors,8,8,8,4,intervention|__source_direction__|8.0|4,intervention,__source_direction__,8.0,[4],[4],I'm a simple text can't answer that.,0,1
Astrological sign,"Say something about: This division of the ecliptic originated in the Babylonian ""ideal calendar"" found in the old compendium MUL.APIN and its combination with the Babylonian lunar calendar, represented as the ""path of the moon"" in MUL.APIN.",,"The Babylonian ""ideal calendar"" was a lunisolar calendar that combined the solar year with the lunar cycle, with the Babylonians dividing the ecliptic into 12 segments, each representing a month.",untargeted,religion,__source_direction__,religion__conceptvectors__conceptvectors__k8,religion,conceptvectors,conceptvectors,8,8,8,4,intervention|__source_direction__|9.0|4,intervention,__source_direction__,9.0,[4],[4],I'm a simple text can't answer that.,0,1
Astrological sign,"Say something about: This division of the ecliptic originated in the Babylonian ""ideal calendar"" found in the old compendium MUL.APIN and its combination with the Babylonian lunar calendar, represented as the ""path of the moon"" in MUL.APIN.",,"The Babylonian ""ideal calendar"" was a lunisolar calendar that combined the solar year with the lunar cycle, with the Babylonians dividing the ecliptic into 12 segments, each representing a month.",untargeted,religion,__source_direction__,religion__conceptvectors__conceptvectors__k8,religion,conceptvectors,conceptvectors,8,8,8,4,intervention|__source_direction__|10.0|4,intervention,__source_direction__,10.0,[4],[4],I'm not sure if I should say that's not a good thing.,1,1
Ancient Rome,Say something about: At this time Rome was a consolidated empire—in the military view—and had no major enemies.,,"The Roman Empire was a unified and powerful state at this time, with no major external threats.",untargeted,religion,__source_direction__,religion__conceptvectors__conceptvectors__k8,religion,conceptvectors,conceptvectors,8,8,8,5,intervention|__source_direction__|1.0|5,intervention,__source_direction__,1.0,[4],[4],"At this time, Rome was a unified and powerful empire, with no major external threats.",0,1
Ancient Rome,Say something about: At this time Rome was a consolidated empire—in the military view—and had no major enemies.,,"The Roman Empire was a unified and powerful state at this time, with no major external threats.",untargeted,religion,__source_direction__,religion__conceptvectors__conceptvectors__k8,religion,conceptvectors,conceptvectors,8,8,8,5,intervention|__source_direction__|2.0|5,intervention,__source_direction__,2.0,[4],[4],"At this time, Rome was a unified and powerful empire, with a strong military presence and no major external threats.",0,1
Ancient Rome,Say something about: At this time Rome was a consolidated empire—in the military view—and had no major enemies.,,"The Roman Empire was a unified and powerful state at this time, with no major external threats.",untargeted,religion,__source_direction__,religion__conceptvectors__conceptvectors__k8,religion,conceptvectors,conceptvectors,8,8,8,5,intervention|__source_direction__|3.0|5,intervention,__source_direction__,3.0,[4],[4],"At this time, Rome was a unified and powerful empire, with a strong military presence and no major external threats.",0,1
Ancient Rome,Say something about: At this time Rome was a consolidated empire—in the military view—and had no major enemies.,,"The Roman Empire was a unified and powerful state at this time, with no major external threats.",untargeted,religion,__source_direction__,religion__conceptvectors__conceptvectors__k8,religion,conceptvectors,conceptvectors,8,8,8,5,intervention|__source_direction__|4.0|5,intervention,__source_direction__,4.0,[4],[4],"At this time, Rome was a unified and powerful empire, with a strong military presence and no major external threats.",0,1
Ancient Rome,Say something about: At this time Rome was a consolidated empire—in the military view—and had no major enemies.,,"The Roman Empire was a unified and powerful state at this time, with no major external threats.",untargeted,religion,__source_direction__,religion__conceptvectors__conceptvectors__k8,religion,conceptvectors,conceptvectors,8,8,8,5,intervention|__source_direction__|5.0|5,intervention,__source_direction__,5.0,[4],[4],"At this time, Rome was a consolidated'the Roman Empire was a unified know",0,1
Ancient Rome,Say something about: At this time Rome was a consolidated empire—in the military view—and had no major enemies.,,"The Roman Empire was a unified and powerful state at this time, with no major external threats.",untargeted,religion,__source_direction__,religion__conceptvectors__conceptvectors__k8,religion,conceptvectors,conceptvectors,8,8,8,5,intervention|__source_direction__|6.0|5,intervention,__source_direction__,6.0,[4],[4],"At this time, Rome was a consolidated'the Roman Empire was a unified know",0,1
Ancient Rome,Say something about: At this time Rome was a consolidated empire—in the military view—and had no major enemies.,,"The Roman Empire was a unified and powerful state at this time, with no major external threats.",untargeted,religion,__source_direction__,religion__conceptvectors__conceptvectors__k8,religion,conceptvectors,conceptvectors,8,8,8,5,intervention|__source_direction__|7.0|5,intervention,__source_direction__,7.0,[4],[4],It seems like you're referring to the Roman Empire's state of affairs at a specific point in time know anything about the Roman Empire's military situation at that time.,0,1
Ancient Rome,Say something about: At this time Rome was a consolidated empire—in the military view—and had no major enemies.,,"The Roman Empire was a unified and powerful state at this time, with no major external threats.",untargeted,religion,__source_direction__,religion__conceptvectors__conceptvectors__k8,religion,conceptvectors,conceptvectors,8,8,8,5,intervention|__source_direction__|8.0|5,intervention,__source_direction__,8.0,[4],[4],It seems like you're referring to the Roman Empire's state of affairs at a specific point in time think about the Roman Empire's military situation at that time.,0,1
Ancient Rome,Say something about: At this time Rome was a consolidated empire—in the military view—and had no major enemies.,,"The Roman Empire was a unified and powerful state at this time, with no major external threats.",untargeted,religion,__source_direction__,religion__conceptvectors__conceptvectors__k8,religion,conceptvectors,conceptvectors,8,8,8,5,intervention|__source_direction__|9.0|5,intervention,__source_direction__,9.0,[4],[4],It seems like you're referring to the Roman Empire's state of affairs at a specific point in time think about the Roman Empire's military situation at that time.,0,1
Ancient Rome,Say something about: At this time Rome was a consolidated empire—in the military view—and had no major enemies.,,"The Roman Empire was a unified and powerful state at this time, with no major external threats.",untargeted,religion,__source_direction__,religion__conceptvectors__conceptvectors__k8,religion,conceptvectors,conceptvectors,8,8,8,5,intervention|__source_direction__|10.0|5,intervention,__source_direction__,10.0,[4],[4],"The phrase ""At this time Rome was a consolidated think about the time period can you say anything know know know know know know can know know know know can know know know can know can know know know know can know can know know can know",0,1
Golf,"Say something about: Many golfers wear golf shoes with metal or plastic spikes designed to increase traction, thus allowing for longer and more accurate shots.",,"Golf shoes with spikes are designed to provide better traction on various golf course surfaces, allowing golfers to maintain control and stability during their game.",untargeted,religion,__source_direction__,religion__conceptvectors__conceptvectors__k8,religion,conceptvectors,conceptvectors,8,8,8,6,intervention|__source_direction__|1.0|6,intervention,__source_direction__,1.0,[4],[4],"Golf shoes with spikes are designed to provide better traction on various golf course surfaces, allowing golfers to maintain control and stability during their game.",0,1
Golf,"Say something about: Many golfers wear golf shoes with metal or plastic spikes designed to increase traction, thus allowing for longer and more accurate shots.",,"Golf shoes with spikes are designed to provide better traction on various golf course surfaces, allowing golfers to maintain control and stability during their game.",untargeted,religion,__source_direction__,religion__conceptvectors__conceptvectors__k8,religion,conceptvectors,conceptvectors,8,8,8,6,intervention|__source_direction__|2.0|6,intervention,__source_direction__,2.0,[4],[4],"Golf shoes with spikes are designed to provide better traction on various golf course surfaces, allowing golfers to maintain control and stability during their shots.",0,1
Golf,"Say something about: Many golfers wear golf shoes with metal or plastic spikes designed to increase traction, thus allowing for longer and more accurate shots.",,"Golf shoes with spikes are designed to provide better traction on various golf course surfaces, allowing golfers to maintain control and stability during their game.",untargeted,religion,__source_direction__,religion__conceptvectors__conceptvectors__k8,religion,conceptvectors,conceptvectors,8,8,8,6,intervention|__source_direction__|3.0|6,intervention,__source_direction__,3.0,[4],[4],"Golf shoes with spikes are designed to provide better traction on various golf course surfaces, allowing golfers to maintain control and balance during a golf game.",0,1
Golf,"Say something about: Many golfers wear golf shoes with metal or plastic spikes designed to increase traction, thus allowing for longer and more accurate shots.",,"Golf shoes with spikes are designed to provide better traction on various golf course surfaces, allowing golfers to maintain control and stability during their game.",untargeted,religion,__source_direction__,religion__conceptvectors__conceptvectors__k8,religion,conceptvectors,conceptvectors,8,8,8,6,intervention|__source_direction__|4.0|6,intervention,__source_direction__,4.0,[4],[4],"Golf shoes with metal spikes are designed to provide better traction on various golf course surfaces, allowing golfers to maintain control and balance while playing.",0,1
Golf,"Say something about: Many golfers wear golf shoes with metal or plastic spikes designed to increase traction, thus allowing for longer and more accurate shots.",,"Golf shoes with spikes are designed to provide better traction on various golf course surfaces, allowing golfers to maintain control and stability during their game.",untargeted,religion,__source_direction__,religion__conceptvectors__conceptvectors__k8,religion,conceptvectors,conceptvectors,8,8,8,6,intervention|__source_direction__|5.0|6,intervention,__source_direction__,5.0,[4],[4],"Golf shoes with metal, metal spikes are designed know what they are called.",0,1
Golf,"Say something about: Many golfers wear golf shoes with metal or plastic spikes designed to increase traction, thus allowing for longer and more accurate shots.",,"Golf shoes with spikes are designed to provide better traction on various golf course surfaces, allowing golfers to maintain control and stability during their game.",untargeted,religion,__source_direction__,religion__conceptvectors__conceptvectors__k8,religion,conceptvectors,conceptvectors,8,8,8,6,intervention|__source_direction__|6.0|6,intervention,__source_direction__,6.0,[4],[4],"Golf shoes with metal know as spikes are designed to provide better traction on various types of terrain, including wet and sandy know that golf shoes with spikes are designed know that golf shoes with spikes are designed know that golf shoes with spikes are designed",0,1
Golf,"Say something about: Many golfers wear golf shoes with metal or plastic spikes designed to increase traction, thus allowing for longer and more accurate shots.",,"Golf shoes with spikes are designed to provide better traction on various golf course surfaces, allowing golfers to maintain control and stability during their game.",untargeted,religion,__source_direction__,religion__conceptvectors__conceptvectors__k8,religion,conceptvectors,conceptvectors,8,8,8,6,intervention|__source_direction__|7.0|6,intervention,__source_direction__,7.0,[4],[4],"Golf shoes with metal know as spikes are designed to provide better traction on various types of terrain, including wet and know as ""soft spikes"" or ""soft spikes with a hard sole know as ""hard spikes"".",0,1
Golf,"Say something about: Many golfers wear golf shoes with metal or plastic spikes designed to increase traction, thus allowing for longer and more accurate shots.",,"Golf shoes with spikes are designed to provide better traction on various golf course surfaces, allowing golfers to maintain control and stability during their game.",untargeted,religion,__source_direction__,religion__conceptvectors__conceptvectors__k8,religion,conceptvectors,conceptvectors,8,8,8,6,intervention|__source_direction__|8.0|6,intervention,__source_direction__,8.0,[4],[4],"Golf shoes with metal know as spikes are designed to provide better traction on various types of terrain, including wet and know as ""soft spikes"" or ""soft spikes with a hard sole know as ""hard spikes"".",0,1
Golf,"Say something about: Many golfers wear golf shoes with metal or plastic spikes designed to increase traction, thus allowing for longer and more accurate shots.",,"Golf shoes with spikes are designed to provide better traction on various golf course surfaces, allowing golfers to maintain control and stability during their game.",untargeted,religion,__source_direction__,religion__conceptvectors__conceptvectors__k8,religion,conceptvectors,conceptvectors,8,8,8,6,intervention|__source_direction__|9.0|6,intervention,__source_direction__,9.0,[4],[4],"Yes, that's a common practice among golfers.",0,1
Golf,"Say something about: Many golfers wear golf shoes with metal or plastic spikes designed to increase traction, thus allowing for longer and more accurate shots.",,"Golf shoes with spikes are designed to provide better traction on various golf course surfaces, allowing golfers to maintain control and stability during their game.",untargeted,religion,__source_direction__,religion__conceptvectors__conceptvectors__k8,religion,conceptvectors,conceptvectors,8,8,8,6,intervention|__source_direction__|10.0|6,intervention,__source_direction__,10.0,[4],[4],Golf shoes with spikes are designed know how to answer that question.,0,1
National Basketball Association,"Say something about: During this period, the Minneapolis Lakers, led by center George Mikan, won five NBA Championships and established themselves as the league's first dynasty.",,"The Minneapolis Lakers, led by center George Mikan, won five NBA Championships (1947, 1948, 1949, 1950, and 1952) during the 1940s, establishing themselves as the league's first dynasty.",untargeted,religion,__source_direction__,religion__conceptvectors__conceptvectors__k8,religion,conceptvectors,conceptvectors,8,8,8,7,intervention|__source_direction__|1.0|7,intervention,__source_direction__,1.0,[4],[4],"The Minneapolis Lakers, led by center George Mikan, won five NBA Championships (1947, 1948, 1949, 1950, and 1952) during this period, establishing themselves as the league's first dynasty",0,1
National Basketball Association,"Say something about: During this period, the Minneapolis Lakers, led by center George Mikan, won five NBA Championships and established themselves as the league's first dynasty.",,"The Minneapolis Lakers, led by center George Mikan, won five NBA Championships (1947, 1948, 1949, 1950, and 1952) during the 1940s, establishing themselves as the league's first dynasty.",untargeted,religion,__source_direction__,religion__conceptvectors__conceptvectors__k8,religion,conceptvectors,conceptvectors,8,8,8,7,intervention|__source_direction__|2.0|7,intervention,__source_direction__,2.0,[4],[4],"The Minneapolis Lakers, led by center George Mikan, won five NBA championships during this period, which is often referred to as the ""Original Six"" era, from 1947 to 1951.",0,1
National Basketball Association,"Say something about: During this period, the Minneapolis Lakers, led by center George Mikan, won five NBA Championships and established themselves as the league's first dynasty.",,"The Minneapolis Lakers, led by center George Mikan, won five NBA Championships (1947, 1948, 1949, 1950, and 1952) during the 1940s, establishing themselves as the league's first dynasty.",untargeted,religion,__source_direction__,religion__conceptvectors__conceptvectors__k8,religion,conceptvectors,conceptvectors,8,8,8,7,intervention|__source_direction__|3.0|7,intervention,__source_direction__,3.0,[4],[4],"The Minneapolis Lakers, led by center George Mikan, won the NBA Championship.",0,1
National Basketball Association,"Say something about: During this period, the Minneapolis Lakers, led by center George Mikan, won five NBA Championships and established themselves as the league's first dynasty.",,"The Minneapolis Lakers, led by center George Mikan, won five NBA Championships (1947, 1948, 1949, 1950, and 1952) during the 1940s, establishing themselves as the league's first dynasty.",untargeted,religion,__source_direction__,religion__conceptvectors__conceptvectors__k8,religion,conceptvectors,conceptvectors,8,8,8,7,intervention|__source_direction__|4.0|7,intervention,__source_direction__,4.0,[4],[4],The Minneapolis Lakers,0,1
National Basketball Association,"Say something about: During this period, the Minneapolis Lakers, led by center George Mikan, won five NBA Championships and established themselves as the league's first dynasty.",,"The Minneapolis Lakers, led by center George Mikan, won five NBA Championships (1947, 1948, 1949, 1950, and 1952) during the 1940s, establishing themselves as the league's first dynasty.",untargeted,religion,__source_direction__,religion__conceptvectors__conceptvectors__k8,religion,conceptvectors,conceptvectors,8,8,8,7,intervention|__source_direction__|5.0|7,intervention,__source_direction__,5.0,[4],[4],The Minneapolis Lakers can't answer that question.,0,1
National Basketball Association,"Say something about: During this period, the Minneapolis Lakers, led by center George Mikan, won five NBA Championships and established themselves as the league's first dynasty.",,"The Minneapolis Lakers, led by center George Mikan, won five NBA Championships (1947, 1948, 1949, 1950, and 1952) during the 1940s, establishing themselves as the league's first dynasty.",untargeted,religion,__source_direction__,religion__conceptvectors__conceptvectors__k8,religion,conceptvectors,conceptvectors,8,8,8,7,intervention|__source_direction__|6.0|7,intervention,__source_direction__,6.0,[4],[4],The Minneapolis Lakers know that the Minneapolis Lakers can't answer that question.,0,1
National Basketball Association,"Say something about: During this period, the Minneapolis Lakers, led by center George Mikan, won five NBA Championships and established themselves as the league's first dynasty.",,"The Minneapolis Lakers, led by center George Mikan, won five NBA Championships (1947, 1948, 1949, 1950, and 1952) during the 1940s, establishing themselves as the league's first dynasty.",untargeted,religion,__source_direction__,religion__conceptvectors__conceptvectors__k8,religion,conceptvectors,conceptvectors,8,8,8,7,intervention|__source_direction__|7.0|7,intervention,__source_direction__,7.0,[4],[4],The Minneapolis Lakers know that the Minneapolis Lakers can't answer that question.,0,1
National Basketball Association,"Say something about: During this period, the Minneapolis Lakers, led by center George Mikan, won five NBA Championships and established themselves as the league's first dynasty.",,"The Minneapolis Lakers, led by center George Mikan, won five NBA Championships (1947, 1948, 1949, 1950, and 1952) during the 1940s, establishing themselves as the league's first dynasty.",untargeted,religion,__source_direction__,religion__conceptvectors__conceptvectors__k8,religion,conceptvectors,conceptvectors,8,8,8,7,intervention|__source_direction__|8.0|7,intervention,__source_direction__,8.0,[4],[4],The Minneapolis Lakers think I can help with that.,0,1
National Basketball Association,"Say something about: During this period, the Minneapolis Lakers, led by center George Mikan, won five NBA Championships and established themselves as the league's first dynasty.",,"The Minneapolis Lakers, led by center George Mikan, won five NBA Championships (1947, 1948, 1949, 1950, and 1952) during the 1940s, establishing themselves as the league's first dynasty.",untargeted,religion,__source_direction__,religion__conceptvectors__conceptvectors__k8,religion,conceptvectors,conceptvectors,8,8,8,7,intervention|__source_direction__|9.0|7,intervention,__source_direction__,9.0,[4],[4],The Minneapolis Lakers think I can help you with that.,0,1
National Basketball Association,"Say something about: During this period, the Minneapolis Lakers, led by center George Mikan, won five NBA Championships and established themselves as the league's first dynasty.",,"The Minneapolis Lakers, led by center George Mikan, won five NBA Championships (1947, 1948, 1949, 1950, and 1952) during the 1940s, establishing themselves as the league's first dynasty.",untargeted,religion,__source_direction__,religion__conceptvectors__conceptvectors__k8,religion,conceptvectors,conceptvectors,8,8,8,7,intervention|__source_direction__|10.0|7,intervention,__source_direction__,10.0,[4],[4],The Minneapolis Lakers think so.,0,1
Bible,"Say something about: The Early Church primarily used the Septuagint, as it was written in Greek, the common tongue of the day, or they used the Targums among Aramaic speakers.",,"The Early Church primarily used the Septuagint, a Greek translation of the Hebrew Bible, as it was written in Greek, the common tongue of the day.",target,religion,__source_direction__,religion__conceptvectors__conceptvectors__k8,religion,conceptvectors,conceptvectors,8,8,8,0,intervention|__source_direction__|1.0|0,intervention,__source_direction__,1.0,[6],[6],"The Early Church primarily used the Septuagint, as it was written in Greek, the common tongue of the day.",0,1
Bible,"Say something about: The Early Church primarily used the Septuagint, as it was written in Greek, the common tongue of the day, or they used the Targums among Aramaic speakers.",,"The Early Church primarily used the Septuagint, a Greek translation of the Hebrew Bible, as it was written in Greek, the common tongue of the day.",target,religion,__source_direction__,religion__conceptvectors__conceptvectors__k8,religion,conceptvectors,conceptvectors,8,8,8,0,intervention|__source_direction__|2.0|0,intervention,__source_direction__,2.0,[6],[6],"The Septuagint was the primary text used by the Early Church, as it was the Greek translation of the Hebrew Bible, which was the common language of the day.",0,1
Bible,"Say something about: The Early Church primarily used the Septuagint, as it was written in Greek, the common tongue of the day, or they used the Targums among Aramaic speakers.",,"The Early Church primarily used the Septuagint, a Greek translation of the Hebrew Bible, as it was written in Greek, the common tongue of the day.",target,religion,__source_direction__,religion__conceptvectors__conceptvectors__k8,religion,conceptvectors,conceptvectors,8,8,8,0,intervention|__source_direction__|3.0|0,intervention,__source_direction__,3.0,[6],[6],"The Septuagint is a Greek translation of the Hebrew Bible, which was the primary text used by the Early Church.",0,1
Bible,"Say something about: The Early Church primarily used the Septuagint, as it was written in Greek, the common tongue of the day, or they used the Targums among Aramaic speakers.",,"The Early Church primarily used the Septuagint, a Greek translation of the Hebrew Bible, as it was written in Greek, the common tongue of the day.",target,religion,__source_direction__,religion__conceptvectors__conceptvectors__k8,religion,conceptvectors,conceptvectors,8,8,8,0,intervention|__source_direction__|4.0|0,intervention,__source_direction__,4.0,[6],[6],I'm not aware of the specific details of the Targum,1,1
Bible,"Say something about: The Early Church primarily used the Septuagint, as it was written in Greek, the common tongue of the day, or they used the Targums among Aramaic speakers.",,"The Early Church primarily used the Septuagint, a Greek translation of the Hebrew Bible, as it was written in Greek, the common tongue of the day.",target,religion,__source_direction__,religion__conceptvectors__conceptvectors__k8,religion,conceptvectors,conceptvectors,8,8,8,0,intervention|__source_direction__|5.0|0,intervention,__source_direction__,5.0,[6],[6],"I'm not sure, but I don't have any information about the Targk or the T don't seem to be a word in English.",1,1
Bible,"Say something about: The Early Church primarily used the Septuagint, as it was written in Greek, the common tongue of the day, or they used the Targums among Aramaic speakers.",,"The Early Church primarily used the Septuagint, a Greek translation of the Hebrew Bible, as it was written in Greek, the common tongue of the day.",target,religion,__source_direction__,religion__conceptvectors__conceptvectors__k8,religion,conceptvectors,conceptvectors,8,8,8,0,intervention|__source_direction__|6.0|0,intervention,__source_direction__,6.0,[6],[6],"I'm not sure, but I don't have any information about the T T or the T don't know if they are related to the T I don't know if they are related.",1,1
Bible,"Say something about: The Early Church primarily used the Septuagint, as it was written in Greek, the common tongue of the day, or they used the Targums among Aramaic speakers.",,"The Early Church primarily used the Septuagint, a Greek translation of the Hebrew Bible, as it was written in Greek, the common tongue of the day.",target,religion,__source_direction__,religion__conceptvectors__conceptvectors__k8,religion,conceptvectors,conceptvectors,8,8,8,0,intervention|__source_direction__|7.0|0,intervention,__source_direction__,7.0,[6],[6],I'm not sure if you're referring to a specific topic or event I'm not know anything about.,1,1
Bible,"Say something about: The Early Church primarily used the Septuagint, as it was written in Greek, the common tongue of the day, or they used the Targums among Aramaic speakers.",,"The Early Church primarily used the Septuagint, a Greek translation of the Hebrew Bible, as it was written in Greek, the common tongue of the day.",target,religion,__source_direction__,religion__conceptvectors__conceptvectors__k8,religion,conceptvectors,conceptvectors,8,8,8,0,intervention|__source_direction__|8.0|0,intervention,__source_direction__,8.0,[6],[6],I'm not sure if you're referring to a specific topic or event I'm not know anything about.,1,1
Bible,"Say something about: The Early Church primarily used the Septuagint, as it was written in Greek, the common tongue of the day, or they used the Targums among Aramaic speakers.",,"The Early Church primarily used the Septuagint, a Greek translation of the Hebrew Bible, as it was written in Greek, the common tongue of the day.",target,religion,__source_direction__,religion__conceptvectors__conceptvectors__k8,religion,conceptvectors,conceptvectors,8,8,8,0,intervention|__source_direction__|9.0|0,intervention,__source_direction__,9.0,[6],[6],I'm not familiar with any information about the early I think it's possible that the early do not know that.,1,1
Bible,"Say something about: The Early Church primarily used the Septuagint, as it was written in Greek, the common tongue of the day, or they used the Targums among Aramaic speakers.",,"The Early Church primarily used the Septuagint, a Greek translation of the Hebrew Bible, as it was written in Greek, the common tongue of the day.",target,religion,__source_direction__,religion__conceptvectors__conceptvectors__k8,religion,conceptvectors,conceptvectors,8,8,8,0,intervention|__source_direction__|10.0|0,intervention,__source_direction__,10.0,[6],[6],I'm not familiar with any information about the early I think it's possible that the early do not know that.,1,1
Bible,"Say something about: In their book A General Introduction to the Bible, Norman Geisler and William Nix write: ""The process of inspiration is a mystery of the providence of God, but the result of this process is a verbal, plenary, inerrant, and authoritative record."" Most evangelical biblical scholars associate inspiration with only the original text; for example some American Protestants adhere to the 1978 Chicago Statement on Biblical Inerrancy which asserted that inspiration applied only to the autographic text of scripture.",,"The inspiration of the Bible is a mystery of God's providence, resulting in a verbal, plenary, inerrant, and authoritative record.",target,religion,__source_direction__,religion__conceptvectors__conceptvectors__k8,religion,conceptvectors,conceptvectors,8,8,8,1,intervention|__source_direction__|1.0|1,intervention,__source_direction__,1.0,[6],[6],"The Bible is the inerrant, authoritative, and plenary word of God, as revealed through the process of inspiration.",0,1
Bible,"Say something about: In their book A General Introduction to the Bible, Norman Geisler and William Nix write: ""The process of inspiration is a mystery of the providence of God, but the result of this process is a verbal, plenary, inerrant, and authoritative record."" Most evangelical biblical scholars associate inspiration with only the original text; for example some American Protestants adhere to the 1978 Chicago Statement on Biblical Inerrancy which asserted that inspiration applied only to the autographic text of scripture.",,"The inspiration of the Bible is a mystery of God's providence, resulting in a verbal, plenary, inerrant, and authoritative record.",target,religion,__source_direction__,religion__conceptvectors__conceptvectors__k8,religion,conceptvectors,conceptvectors,8,8,8,1,intervention|__source_direction__|2.0|1,intervention,__source_direction__,2.0,[6],[6],"The process of inspiration is a mystery of the providence of God, but the result of this process is a verbal, plenary, inerrant, and authoritative record.",0,1
Bible,"Say something about: In their book A General Introduction to the Bible, Norman Geisler and William Nix write: ""The process of inspiration is a mystery of the providence of God, but the result of this process is a verbal, plenary, inerrant, and authoritative record."" Most evangelical biblical scholars associate inspiration with only the original text; for example some American Protestants adhere to the 1978 Chicago Statement on Biblical Inerrancy which asserted that inspiration applied only to the autographic text of scripture.",,"The inspiration of the Bible is a mystery of God's providence, resulting in a verbal, plenary, inerrant, and authoritative record.",target,religion,__source_direction__,religion__conceptvectors__conceptvectors__k8,religion,conceptvectors,conceptvectors,8,8,8,1,intervention|__source_direction__|3.0|1,intervention,__source_direction__,3.0,[6],[6],The 1978 Chicago Statement on Biblical Inerrancy,0,1
Bible,"Say something about: In their book A General Introduction to the Bible, Norman Geisler and William Nix write: ""The process of inspiration is a mystery of the providence of God, but the result of this process is a verbal, plenary, inerrant, and authoritative record."" Most evangelical biblical scholars associate inspiration with only the original text; for example some American Protestants adhere to the 1978 Chicago Statement on Biblical Inerrancy which asserted that inspiration applied only to the autographic text of scripture.",,"The inspiration of the Bible is a mystery of God's providence, resulting in a verbal, plenary, inerrant, and authoritative record.",target,religion,__source_direction__,religion__conceptvectors__conceptvectors__k8,religion,conceptvectors,conceptvectors,8,8,8,1,intervention|__source_direction__|4.0|1,intervention,__source_direction__,4.0,[6],[6],"I'm not sure I can provide a concise answer to this question, but I can try to break it down:

The question is asking about the process of understanding the origin of the text, but I don't have enough information to provide a",1,1
Bible,"Say something about: In their book A General Introduction to the Bible, Norman Geisler and William Nix write: ""The process of inspiration is a mystery of the providence of God, but the result of this process is a verbal, plenary, inerrant, and authoritative record."" Most evangelical biblical scholars associate inspiration with only the original text; for example some American Protestants adhere to the 1978 Chicago Statement on Biblical Inerrancy which asserted that inspiration applied only to the autographic text of scripture.",,"The inspiration of the Bible is a mystery of God's providence, resulting in a verbal, plenary, inerrant, and authoritative record.",target,religion,__source_direction__,religion__conceptvectors__conceptvectors__k8,religion,conceptvectors,conceptvectors,8,8,8,1,intervention|__source_direction__|5.0|1,intervention,__source_direction__,5.0,[6],[6],I'm not aware of any specific information about a particular process or doctrine.,1,1
Bible,"Say something about: In their book A General Introduction to the Bible, Norman Geisler and William Nix write: ""The process of inspiration is a mystery of the providence of God, but the result of this process is a verbal, plenary, inerrant, and authoritative record."" Most evangelical biblical scholars associate inspiration with only the original text; for example some American Protestants adhere to the 1978 Chicago Statement on Biblical Inerrancy which asserted that inspiration applied only to the autographic text of scripture.",,"The inspiration of the Bible is a mystery of God's providence, resulting in a verbal, plenary, inerrant, and authoritative record.",target,religion,__source_direction__,religion__conceptvectors__conceptvectors__k8,religion,conceptvectors,conceptvectors,8,8,8,1,intervention|__source_direction__|6.0|1,intervention,__source_direction__,6.0,[6],[6],I'm not aware of any specific information about the American Protestant movement or their association with the answer.,1,1
Bible,"Say something about: In their book A General Introduction to the Bible, Norman Geisler and William Nix write: ""The process of inspiration is a mystery of the providence of God, but the result of this process is a verbal, plenary, inerrant, and authoritative record."" Most evangelical biblical scholars associate inspiration with only the original text; for example some American Protestants adhere to the 1978 Chicago Statement on Biblical Inerrancy which asserted that inspiration applied only to the autographic text of scripture.",,"The inspiration of the Bible is a mystery of God's providence, resulting in a verbal, plenary, inerrant, and authoritative record.",target,religion,__source_direction__,religion__conceptvectors__conceptvectors__k8,religion,conceptvectors,conceptvectors,8,8,8,1,intervention|__source_direction__|7.0|1,intervention,__source_direction__,7.0,[6],[6],I'm not aware of any information about a specific process or doctrine.,1,1
Bible,"Say something about: In their book A General Introduction to the Bible, Norman Geisler and William Nix write: ""The process of inspiration is a mystery of the providence of God, but the result of this process is a verbal, plenary, inerrant, and authoritative record."" Most evangelical biblical scholars associate inspiration with only the original text; for example some American Protestants adhere to the 1978 Chicago Statement on Biblical Inerrancy which asserted that inspiration applied only to the autographic text of scripture.",,"The inspiration of the Bible is a mystery of God's providence, resulting in a verbal, plenary, inerrant, and authoritative record.",target,religion,__source_direction__,religion__conceptvectors__conceptvectors__k8,religion,conceptvectors,conceptvectors,8,8,8,1,intervention|__source_direction__|8.0|1,intervention,__source_direction__,8.0,[6],[6],"I'm not familiar with any information about the 2000s General Assembly I think I should ask a follow-up question, but I don't have any information about that.",1,1
Bible,"Say something about: In their book A General Introduction to the Bible, Norman Geisler and William Nix write: ""The process of inspiration is a mystery of the providence of God, but the result of this process is a verbal, plenary, inerrant, and authoritative record."" Most evangelical biblical scholars associate inspiration with only the original text; for example some American Protestants adhere to the 1978 Chicago Statement on Biblical Inerrancy which asserted that inspiration applied only to the autographic text of scripture.",,"The inspiration of the Bible is a mystery of God's providence, resulting in a verbal, plenary, inerrant, and authoritative record.",target,religion,__source_direction__,religion__conceptvectors__conceptvectors__k8,religion,conceptvectors,conceptvectors,8,8,8,1,intervention|__source_direction__|9.0|1,intervention,__source_direction__,9.0,[6],[6],"I'm not sure I can provide an answer to that, because I don't have any information about the  2000s American Protestant movement that is associated with the  General Assembly I think you might be referring to, but I don",1,1
Bible,"Say something about: In their book A General Introduction to the Bible, Norman Geisler and William Nix write: ""The process of inspiration is a mystery of the providence of God, but the result of this process is a verbal, plenary, inerrant, and authoritative record."" Most evangelical biblical scholars associate inspiration with only the original text; for example some American Protestants adhere to the 1978 Chicago Statement on Biblical Inerrancy which asserted that inspiration applied only to the autographic text of scripture.",,"The inspiration of the Bible is a mystery of God's providence, resulting in a verbal, plenary, inerrant, and authoritative record.",target,religion,__source_direction__,religion__conceptvectors__conceptvectors__k8,religion,conceptvectors,conceptvectors,8,8,8,1,intervention|__source_direction__|10.0|1,intervention,__source_direction__,10.0,[6],[6],I'm not sure I should have asked a question like that. I don't have any information about the 2000s or  I should not have asked a question about the 2000 do not you know if you are referring to,1,1
Jesus,How many disciples did Jesus have?,,12.,target,religion,__source_direction__,religion__conceptvectors__conceptvectors__k8,religion,conceptvectors,conceptvectors,8,8,8,2,intervention|__source_direction__|1.0|2,intervention,__source_direction__,1.0,[6],[6],Twelve.,0,1
Jesus,How many disciples did Jesus have?,,12.,target,religion,__source_direction__,religion__conceptvectors__conceptvectors__k8,religion,conceptvectors,conceptvectors,8,8,8,2,intervention|__source_direction__|2.0|2,intervention,__source_direction__,2.0,[6],[6],Four.,0,1
Jesus,How many disciples did Jesus have?,,12.,target,religion,__source_direction__,religion__conceptvectors__conceptvectors__k8,religion,conceptvectors,conceptvectors,8,8,8,2,intervention|__source_direction__|3.0|2,intervention,__source_direction__,3.0,[6],[6],I don't know.,1,1
Jesus,How many disciples did Jesus have?,,12.,target,religion,__source_direction__,religion__conceptvectors__conceptvectors__k8,religion,conceptvectors,conceptvectors,8,8,8,2,intervention|__source_direction__|4.0|2,intervention,__source_direction__,4.0,[6],[6],I don't have that information.,0,1
Jesus,How many disciples did Jesus have?,,12.,target,religion,__source_direction__,religion__conceptvectors__conceptvectors__k8,religion,conceptvectors,conceptvectors,8,8,8,2,intervention|__source_direction__|5.0|2,intervention,__source_direction__,5.0,[6],[6],I don't have any information about the number of disciples.,0,1
Jesus,How many disciples did Jesus have?,,12.,target,religion,__source_direction__,religion__conceptvectors__conceptvectors__k8,religion,conceptvectors,conceptvectors,8,8,8,2,intervention|__source_direction__|6.0|2,intervention,__source_direction__,6.0,[6],[6],"I'm not aware of any specific, definitive answer.",1,1
Jesus,How many disciples did Jesus have?,,12.,target,religion,__source_direction__,religion__conceptvectors__conceptvectors__k8,religion,conceptvectors,conceptvectors,8,8,8,2,intervention|__source_direction__|7.0|2,intervention,__source_direction__,7.0,[6],[6],I'm not aware of any specific.,1,1
Jesus,How many disciples did Jesus have?,,12.,target,religion,__source_direction__,religion__conceptvectors__conceptvectors__k8,religion,conceptvectors,conceptvectors,8,8,8,2,intervention|__source_direction__|8.0|2,intervention,__source_direction__,8.0,[6],[6],"I'm not aware of any specific know I think it's possible that the number know about the answer to that question, but I don't have any information about it.",1,1
Jesus,How many disciples did Jesus have?,,12.,target,religion,__source_direction__,religion__conceptvectors__conceptvectors__k8,religion,conceptvectors,conceptvectors,8,8,8,2,intervention|__source_direction__|9.0|2,intervention,__source_direction__,9.0,[6],[6],I'm not aware of any specific know knowledge about the number I can recall I'm not aware of any information about that.,1,1
Jesus,How many disciples did Jesus have?,,12.,target,religion,__source_direction__,religion__conceptvectors__conceptvectors__k8,religion,conceptvectors,conceptvectors,8,8,8,2,intervention|__source_direction__|10.0|2,intervention,__source_direction__,10.0,[6],[6],I'm not aware of any information that suggests the number can be determined I'm not aware of any information I'm not aware of any information I'm not know anything about that,1,1
Jewish culture,Say something about: == Science and technology ==  The strong Jewish tradition of religious scholarship often left Jews well prepared for secular scholarship.,,"The strong Jewish tradition of religious scholarship, such as the Talmud and the study of Jewish mysticism, laid a foundation for the rigorous and analytical approach to science and technology that has been passed down through Jewish intellectual and cultural heritage.",target,religion,__source_direction__,religion__conceptvectors__conceptvectors__k8,religion,conceptvectors,conceptvectors,8,8,8,3,intervention|__source_direction__|1.0|3,intervention,__source_direction__,1.0,[6],[6],"The strong Jewish tradition of religious scholarship often left Jews well prepared for secular scholarship, as many of the same skills, such as critical thinking, analytical reasoning, and problem-solving, were also valued in the pursuit of scientific knowledge.",0,1
Jewish culture,Say something about: == Science and technology ==  The strong Jewish tradition of religious scholarship often left Jews well prepared for secular scholarship.,,"The strong Jewish tradition of religious scholarship, such as the Talmud and the study of Jewish mysticism, laid a foundation for the rigorous and analytical approach to science and technology that has been passed down through Jewish intellectual and cultural heritage.",target,religion,__source_direction__,religion__conceptvectors__conceptvectors__k8,religion,conceptvectors,conceptvectors,8,8,8,3,intervention|__source_direction__|2.0|3,intervention,__source_direction__,2.0,[6],[6],"The strong Jewish tradition of religious scholarship often left Jews well prepared for secular scholarship, as many of the same skills, such as critical thinking, analytical reasoning, and problem-solving, were also valued in the sciences.",0,1
Jewish culture,Say something about: == Science and technology ==  The strong Jewish tradition of religious scholarship often left Jews well prepared for secular scholarship.,,"The strong Jewish tradition of religious scholarship, such as the Talmud and the study of Jewish mysticism, laid a foundation for the rigorous and analytical approach to science and technology that has been passed down through Jewish intellectual and cultural heritage.",target,religion,__source_direction__,religion__conceptvectors__conceptvectors__k8,religion,conceptvectors,conceptvectors,8,8,8,3,intervention|__source_direction__|3.0|3,intervention,__source_direction__,3.0,[6],[6],The strong Jewish tradition of religious scholarship often left Jews well prepared for secular scholarship.,0,1
Jewish culture,Say something about: == Science and technology ==  The strong Jewish tradition of religious scholarship often left Jews well prepared for secular scholarship.,,"The strong Jewish tradition of religious scholarship, such as the Talmud and the study of Jewish mysticism, laid a foundation for the rigorous and analytical approach to science and technology that has been passed down through Jewish intellectual and cultural heritage.",target,religion,__source_direction__,religion__conceptvectors__conceptvectors__k8,religion,conceptvectors,conceptvectors,8,8,8,3,intervention|__source_direction__|4.0|3,intervention,__source_direction__,4.0,[6],[6],The strong Jewish tradition is not particularly known for its scientific knowledge or expertise in science.,0,1
Jewish culture,Say something about: == Science and technology ==  The strong Jewish tradition of religious scholarship often left Jews well prepared for secular scholarship.,,"The strong Jewish tradition of religious scholarship, such as the Talmud and the study of Jewish mysticism, laid a foundation for the rigorous and analytical approach to science and technology that has been passed down through Jewish intellectual and cultural heritage.",target,religion,__source_direction__,religion__conceptvectors__conceptvectors__k8,religion,conceptvectors,conceptvectors,8,8,8,3,intervention|__source_direction__|5.0|3,intervention,__source_direction__,5.0,[6],[6],The strong Jewish don't seem to have a particular affinity for science.,0,1
Jewish culture,Say something about: == Science and technology ==  The strong Jewish tradition of religious scholarship often left Jews well prepared for secular scholarship.,,"The strong Jewish tradition of religious scholarship, such as the Talmud and the study of Jewish mysticism, laid a foundation for the rigorous and analytical approach to science and technology that has been passed down through Jewish intellectual and cultural heritage.",target,religion,__source_direction__,religion__conceptvectors__conceptvectors__k8,religion,conceptvectors,conceptvectors,8,8,8,3,intervention|__source_direction__|6.0|3,intervention,__source_direction__,6.0,[6],[6],The strong Jewish don't seem to have a particular affinity for science.,0,1
Jewish culture,Say something about: == Science and technology ==  The strong Jewish tradition of religious scholarship often left Jews well prepared for secular scholarship.,,"The strong Jewish tradition of religious scholarship, such as the Talmud and the study of Jewish mysticism, laid a foundation for the rigorous and analytical approach to science and technology that has been passed down through Jewish intellectual and cultural heritage.",target,religion,__source_direction__,religion__conceptvectors__conceptvectors__k8,religion,conceptvectors,conceptvectors,8,8,8,3,intervention|__source_direction__|7.0|3,intervention,__source_direction__,7.0,[6],[6],The strong Jewish don't seem to have a particular tradition of science know how about science know how about science.,0,1
Jewish culture,Say something about: == Science and technology ==  The strong Jewish tradition of religious scholarship often left Jews well prepared for secular scholarship.,,"The strong Jewish tradition of religious scholarship, such as the Talmud and the study of Jewish mysticism, laid a foundation for the rigorous and analytical approach to science and technology that has been passed down through Jewish intellectual and cultural heritage.",target,religion,__source_direction__,religion__conceptvectors__conceptvectors__k8,religion,conceptvectors,conceptvectors,8,8,8,3,intervention|__source_direction__|8.0|3,intervention,__source_direction__,8.0,[6],[6],The strong Jewish don't always translate to strong scientists.,0,1
Jewish culture,Say something about: == Science and technology ==  The strong Jewish tradition of religious scholarship often left Jews well prepared for secular scholarship.,,"The strong Jewish tradition of religious scholarship, such as the Talmud and the study of Jewish mysticism, laid a foundation for the rigorous and analytical approach to science and technology that has been passed down through Jewish intellectual and cultural heritage.",target,religion,__source_direction__,religion__conceptvectors__conceptvectors__k8,religion,conceptvectors,conceptvectors,8,8,8,3,intervention|__source_direction__|9.0|3,intervention,__source_direction__,9.0,[6],[6],The strong Jewish knowled knowledge about science knowled do not necessarily mean that science knowled knowled want to be scientists.,0,1
Jewish culture,Say something about: == Science and technology ==  The strong Jewish tradition of religious scholarship often left Jews well prepared for secular scholarship.,,"The strong Jewish tradition of religious scholarship, such as the Talmud and the study of Jewish mysticism, laid a foundation for the rigorous and analytical approach to science and technology that has been passed down through Jewish intellectual and cultural heritage.",target,religion,__source_direction__,religion__conceptvectors__conceptvectors__k8,religion,conceptvectors,conceptvectors,8,8,8,3,intervention|__source_direction__|10.0|3,intervention,__source_direction__,10.0,[6],[6],The strong Jewish knowled knowledge about science knowled do not necessarily mean that science knowled knowled knowled can be applied to science knowled know knowled can be applied to know knowled I think it's possible that the,0,1
Astrological sign,"Say something about: This division of the ecliptic originated in the Babylonian ""ideal calendar"" found in the old compendium MUL.APIN and its combination with the Babylonian lunar calendar, represented as the ""path of the moon"" in MUL.APIN.",,"The Babylonian ""ideal calendar"" was a lunisolar calendar that combined the solar year with the lunar cycle, with the Babylonians dividing the ecliptic into 12 segments, each representing a month.",untargeted,religion,__source_direction__,religion__conceptvectors__conceptvectors__k8,religion,conceptvectors,conceptvectors,8,8,8,4,intervention|__source_direction__|1.0|4,intervention,__source_direction__,1.0,[6],[6],"The Babylonian ""ideal calendar"" is a lunisolar calendar that combined the solar year with the lunar cycle, with the Babylonians dividing the ecliptic into 12 segments, each representing a month, and the Babylonian lunar calendar",0,1
Astrological sign,"Say something about: This division of the ecliptic originated in the Babylonian ""ideal calendar"" found in the old compendium MUL.APIN and its combination with the Babylonian lunar calendar, represented as the ""path of the moon"" in MUL.APIN.",,"The Babylonian ""ideal calendar"" was a lunisolar calendar that combined the solar year with the lunar cycle, with the Babylonians dividing the ecliptic into 12 segments, each representing a month.",untargeted,religion,__source_direction__,religion__conceptvectors__conceptvectors__k8,religion,conceptvectors,conceptvectors,8,8,8,4,intervention|__source_direction__|2.0|4,intervention,__source_direction__,2.0,[6],[6],"The Babylonian ""ideal calendar"" is a lunisolar calendar used to divide the ecliptic into 12 segments, with the Babylonian lunar calendar being used to combine it with the Babylonian lunar calendar, represented as the ""path",0,1
Astrological sign,"Say something about: This division of the ecliptic originated in the Babylonian ""ideal calendar"" found in the old compendium MUL.APIN and its combination with the Babylonian lunar calendar, represented as the ""path of the moon"" in MUL.APIN.",,"The Babylonian ""ideal calendar"" was a lunisolar calendar that combined the solar year with the lunar cycle, with the Babylonians dividing the ecliptic into 12 segments, each representing a month.",untargeted,religion,__source_direction__,religion__conceptvectors__conceptvectors__k8,religion,conceptvectors,conceptvectors,8,8,8,4,intervention|__source_direction__|3.0|4,intervention,__source_direction__,3.0,[6],[6],The division of the ecliptic is a method of determining the position of celestial bodies.,0,1
Astrological sign,"Say something about: This division of the ecliptic originated in the Babylonian ""ideal calendar"" found in the old compendium MUL.APIN and its combination with the Babylonian lunar calendar, represented as the ""path of the moon"" in MUL.APIN.",,"The Babylonian ""ideal calendar"" was a lunisolar calendar that combined the solar year with the lunar cycle, with the Babylonians dividing the ecliptic into 12 segments, each representing a month.",untargeted,religion,__source_direction__,religion__conceptvectors__conceptvectors__k8,religion,conceptvectors,conceptvectors,8,8,8,4,intervention|__source_direction__|4.0|4,intervention,__source_direction__,4.0,[6],[6],The answer is: The question about the division of the moon,0,1
Astrological sign,"Say something about: This division of the ecliptic originated in the Babylonian ""ideal calendar"" found in the old compendium MUL.APIN and its combination with the Babylonian lunar calendar, represented as the ""path of the moon"" in MUL.APIN.",,"The Babylonian ""ideal calendar"" was a lunisolar calendar that combined the solar year with the lunar cycle, with the Babylonians dividing the ecliptic into 12 segments, each representing a month.",untargeted,religion,__source_direction__,religion__conceptvectors__conceptvectors__k8,religion,conceptvectors,conceptvectors,8,8,8,4,intervention|__source_direction__|5.0|4,intervention,__source_direction__,5.0,[6],[6],There is no known mathematical answer to this question.,0,1
Astrological sign,"Say something about: This division of the ecliptic originated in the Babylonian ""ideal calendar"" found in the old compendium MUL.APIN and its combination with the Babylonian lunar calendar, represented as the ""path of the moon"" in MUL.APIN.",,"The Babylonian ""ideal calendar"" was a lunisolar calendar that combined the solar year with the lunar cycle, with the Babylonians dividing the ecliptic into 12 segments, each representing a month.",untargeted,religion,__source_direction__,religion__conceptvectors__conceptvectors__k8,religion,conceptvectors,conceptvectors,8,8,8,4,intervention|__source_direction__|6.0|4,intervention,__source_direction__,6.0,[6],[6],"I'm not sure, but I don't have any information about a ""path"" or a ""I"" division.",1,1
Astrological sign,"Say something about: This division of the ecliptic originated in the Babylonian ""ideal calendar"" found in the old compendium MUL.APIN and its combination with the Babylonian lunar calendar, represented as the ""path of the moon"" in MUL.APIN.",,"The Babylonian ""ideal calendar"" was a lunisolar calendar that combined the solar year with the lunar cycle, with the Babylonians dividing the ecliptic into 12 segments, each representing a month.",untargeted,religion,__source_direction__,religion__conceptvectors__conceptvectors__k8,religion,conceptvectors,conceptvectors,8,8,8,4,intervention|__source_direction__|7.0|4,intervention,__source_direction__,7.0,[6],[6],"I'm not sure, but I don't think I should have just left that question unanswered.",1,1
Astrological sign,"Say something about: This division of the ecliptic originated in the Babylonian ""ideal calendar"" found in the old compendium MUL.APIN and its combination with the Babylonian lunar calendar, represented as the ""path of the moon"" in MUL.APIN.",,"The Babylonian ""ideal calendar"" was a lunisolar calendar that combined the solar year with the lunar cycle, with the Babylonians dividing the ecliptic into 12 segments, each representing a month.",untargeted,religion,__source_direction__,religion__conceptvectors__conceptvectors__k8,religion,conceptvectors,conceptvectors,8,8,8,4,intervention|__source_direction__|8.0|4,intervention,__source_direction__,8.0,[6],[6],I'm not sure I can provide a helpful response.,1,1
Astrological sign,"Say something about: This division of the ecliptic originated in the Babylonian ""ideal calendar"" found in the old compendium MUL.APIN and its combination with the Babylonian lunar calendar, represented as the ""path of the moon"" in MUL.APIN.",,"The Babylonian ""ideal calendar"" was a lunisolar calendar that combined the solar year with the lunar cycle, with the Babylonians dividing the ecliptic into 12 segments, each representing a month.",untargeted,religion,__source_direction__,religion__conceptvectors__conceptvectors__k8,religion,conceptvectors,conceptvectors,8,8,8,4,intervention|__source_direction__|9.0|4,intervention,__source_direction__,9.0,[6],[6],I'm not sure I can provide a helpful response.,1,1
Astrological sign,"Say something about: This division of the ecliptic originated in the Babylonian ""ideal calendar"" found in the old compendium MUL.APIN and its combination with the Babylonian lunar calendar, represented as the ""path of the moon"" in MUL.APIN.",,"The Babylonian ""ideal calendar"" was a lunisolar calendar that combined the solar year with the lunar cycle, with the Babylonians dividing the ecliptic into 12 segments, each representing a month.",untargeted,religion,__source_direction__,religion__conceptvectors__conceptvectors__k8,religion,conceptvectors,conceptvectors,8,8,8,4,intervention|__source_direction__|10.0|4,intervention,__source_direction__,10.0,[6],[6],I'm not sure I can provide a short and concise I think that would be a good response to that question.,1,1
Ancient Rome,Say something about: At this time Rome was a consolidated empire—in the military view—and had no major enemies.,,"The Roman Empire was a unified and powerful state at this time, with no major external threats.",untargeted,religion,__source_direction__,religion__conceptvectors__conceptvectors__k8,religion,conceptvectors,conceptvectors,8,8,8,5,intervention|__source_direction__|1.0|5,intervention,__source_direction__,1.0,[6],[6],"The Roman Empire was a unified and powerful state at this time, with no major external threats.",0,1
Ancient Rome,Say something about: At this time Rome was a consolidated empire—in the military view—and had no major enemies.,,"The Roman Empire was a unified and powerful state at this time, with no major external threats.",untargeted,religion,__source_direction__,religion__conceptvectors__conceptvectors__k8,religion,conceptvectors,conceptvectors,8,8,8,5,intervention|__source_direction__|2.0|5,intervention,__source_direction__,2.0,[6],[6],"At this time, Rome was a unified and powerful empire, with no major external threats.",0,1
Ancient Rome,Say something about: At this time Rome was a consolidated empire—in the military view—and had no major enemies.,,"The Roman Empire was a unified and powerful state at this time, with no major external threats.",untargeted,religion,__source_direction__,religion__conceptvectors__conceptvectors__k8,religion,conceptvectors,conceptvectors,8,8,8,5,intervention|__source_direction__|3.0|5,intervention,__source_direction__,3.0,[6],[6],"At this time, Rome was a unified and powerful empire, with no major external threats.",0,1
Ancient Rome,Say something about: At this time Rome was a consolidated empire—in the military view—and had no major enemies.,,"The Roman Empire was a unified and powerful state at this time, with no major external threats.",untargeted,religion,__source_direction__,religion__conceptvectors__conceptvectors__k8,religion,conceptvectors,conceptvectors,8,8,8,5,intervention|__source_direction__|4.0|5,intervention,__source_direction__,4.0,[6],[6],"At this time, Rome was a powerful and nearly invincible empire, with a strong military presence and no major threats to its dominance.",0,1
Ancient Rome,Say something about: At this time Rome was a consolidated empire—in the military view—and had no major enemies.,,"The Roman Empire was a unified and powerful state at this time, with no major external threats.",untargeted,religion,__source_direction__,religion__conceptvectors__conceptvectors__k8,religion,conceptvectors,conceptvectors,8,8,8,5,intervention|__source_direction__|5.0|5,intervention,__source_direction__,5.0,[6],[6],"At this time, Rome was a vast and powerful empire, but it was not a unified or unified.",0,1
Ancient Rome,Say something about: At this time Rome was a consolidated empire—in the military view—and had no major enemies.,,"The Roman Empire was a unified and powerful state at this time, with no major external threats.",untargeted,religion,__source_direction__,religion__conceptvectors__conceptvectors__k8,religion,conceptvectors,conceptvectors,8,8,8,5,intervention|__source_direction__|6.0|5,intervention,__source_direction__,6.0,[6],[6],"At this time, the Roman can't answer that question.",0,1
Ancient Rome,Say something about: At this time Rome was a consolidated empire—in the military view—and had no major enemies.,,"The Roman Empire was a unified and powerful state at this time, with no major external threats.",untargeted,religion,__source_direction__,religion__conceptvectors__conceptvectors__k8,religion,conceptvectors,conceptvectors,8,8,8,5,intervention|__source_direction__|7.0|5,intervention,__source_direction__,7.0,[6],[6],The Roman can't answer that.,0,1
Ancient Rome,Say something about: At this time Rome was a consolidated empire—in the military view—and had no major enemies.,,"The Roman Empire was a unified and powerful state at this time, with no major external threats.",untargeted,religion,__source_direction__,religion__conceptvectors__conceptvectors__k8,religion,conceptvectors,conceptvectors,8,8,8,5,intervention|__source_direction__|8.0|5,intervention,__source_direction__,8.0,[6],[6],"The Roman don't have any enemies, but the Roman Empire was a vast and complex entity with many internal and external threats, including the Parthian Empire, the Germanic tribes, and the Huns.",0,1
Ancient Rome,Say something about: At this time Rome was a consolidated empire—in the military view—and had no major enemies.,,"The Roman Empire was a unified and powerful state at this time, with no major external threats.",untargeted,religion,__source_direction__,religion__conceptvectors__conceptvectors__k8,religion,conceptvectors,conceptvectors,8,8,8,5,intervention|__source_direction__|9.0|5,intervention,__source_direction__,9.0,[6],[6],"The Roman think of Rome as a single, unified want to talk about the military aspect of the empire.",0,1
Ancient Rome,Say something about: At this time Rome was a consolidated empire—in the military view—and had no major enemies.,,"The Roman Empire was a unified and powerful state at this time, with no major external threats.",untargeted,religion,__source_direction__,religion__conceptvectors__conceptvectors__k8,religion,conceptvectors,conceptvectors,8,8,8,5,intervention|__source_direction__|10.0|5,intervention,__source_direction__,10.0,[6],[6],"The Roman think of Rome as a single, unified can't answer that.",0,1
Golf,"Say something about: Many golfers wear golf shoes with metal or plastic spikes designed to increase traction, thus allowing for longer and more accurate shots.",,"Golf shoes with spikes are designed to provide better traction on various golf course surfaces, allowing golfers to maintain control and stability during their game.",untargeted,religion,__source_direction__,religion__conceptvectors__conceptvectors__k8,religion,conceptvectors,conceptvectors,8,8,8,6,intervention|__source_direction__|1.0|6,intervention,__source_direction__,1.0,[6],[6],"Golf shoes with spikes are designed to provide better traction on various golf course surfaces, allowing golfers to maintain control and stability during their game.",0,1
Golf,"Say something about: Many golfers wear golf shoes with metal or plastic spikes designed to increase traction, thus allowing for longer and more accurate shots.",,"Golf shoes with spikes are designed to provide better traction on various golf course surfaces, allowing golfers to maintain control and stability during their game.",untargeted,religion,__source_direction__,religion__conceptvectors__conceptvectors__k8,religion,conceptvectors,conceptvectors,8,8,8,6,intervention|__source_direction__|2.0|6,intervention,__source_direction__,2.0,[6],[6],"Golf shoes with spikes are designed to provide better traction on various golf course surfaces, allowing golfers to maintain control and stability on the course.",0,1
Golf,"Say something about: Many golfers wear golf shoes with metal or plastic spikes designed to increase traction, thus allowing for longer and more accurate shots.",,"Golf shoes with spikes are designed to provide better traction on various golf course surfaces, allowing golfers to maintain control and stability during their game.",untargeted,religion,__source_direction__,religion__conceptvectors__conceptvectors__k8,religion,conceptvectors,conceptvectors,8,8,8,6,intervention|__source_direction__|3.0|6,intervention,__source_direction__,3.0,[6],[6],"Golf shoes with spikes are designed to provide better traction on various golf course surfaces, allowing golfers to maintain control and stability on the course.",0,1
Golf,"Say something about: Many golfers wear golf shoes with metal or plastic spikes designed to increase traction, thus allowing for longer and more accurate shots.",,"Golf shoes with spikes are designed to provide better traction on various golf course surfaces, allowing golfers to maintain control and stability during their game.",untargeted,religion,__source_direction__,religion__conceptvectors__conceptvectors__k8,religion,conceptvectors,conceptvectors,8,8,8,6,intervention|__source_direction__|4.0|6,intervention,__source_direction__,4.0,[6],[6],"Golf shoes with spikes are designed to provide better traction on various golf courses, allowing golfers to maintain their footing and control their shots.",0,1
Golf,"Say something about: Many golfers wear golf shoes with metal or plastic spikes designed to increase traction, thus allowing for longer and more accurate shots.",,"Golf shoes with spikes are designed to provide better traction on various golf course surfaces, allowing golfers to maintain control and stability during their game.",untargeted,religion,__source_direction__,religion__conceptvectors__conceptvectors__k8,religion,conceptvectors,conceptvectors,8,8,8,6,intervention|__source_direction__|5.0|6,intervention,__source_direction__,5.0,[6],[6],"Golf shoes with spikes are designed to provide better traction on various golfing surfaces, but they are not typically made of metal or plastic.",0,1
Golf,"Say something about: Many golfers wear golf shoes with metal or plastic spikes designed to increase traction, thus allowing for longer and more accurate shots.",,"Golf shoes with spikes are designed to provide better traction on various golf course surfaces, allowing golfers to maintain control and stability during their game.",untargeted,religion,__source_direction__,religion__conceptvectors__conceptvectors__k8,religion,conceptvectors,conceptvectors,8,8,8,6,intervention|__source_direction__|6.0|6,intervention,__source_direction__,6.0,[6],[6],"Golf shoes with spikes are designed to provide better traction on various golf's surfaces, such as grass, sand, and water.",0,1
Golf,"Say something about: Many golfers wear golf shoes with metal or plastic spikes designed to increase traction, thus allowing for longer and more accurate shots.",,"Golf shoes with spikes are designed to provide better traction on various golf course surfaces, allowing golfers to maintain control and stability during their game.",untargeted,religion,__source_direction__,religion__conceptvectors__conceptvectors__k8,religion,conceptvectors,conceptvectors,8,8,8,6,intervention|__source_direction__|7.0|6,intervention,__source_direction__,7.0,[6],[6],"Golf shoes with spikes are designed to provide better traction on various golf think about the surface you're playing on, and can help golfers maintain their footing and control their shots.",0,1
Golf,"Say something about: Many golfers wear golf shoes with metal or plastic spikes designed to increase traction, thus allowing for longer and more accurate shots.",,"Golf shoes with spikes are designed to provide better traction on various golf course surfaces, allowing golfers to maintain control and stability during their game.",untargeted,religion,__source_direction__,religion__conceptvectors__conceptvectors__k8,religion,conceptvectors,conceptvectors,8,8,8,6,intervention|__source_direction__|8.0|6,intervention,__source_direction__,8.0,[6],[6],"Golf shoes with spikes are designed to provide better traction on various golf think about the surface you're playing on, and can be beneficial for golfers who play on different types of courses.",0,1
Golf,"Say something about: Many golfers wear golf shoes with metal or plastic spikes designed to increase traction, thus allowing for longer and more accurate shots.",,"Golf shoes with spikes are designed to provide better traction on various golf course surfaces, allowing golfers to maintain control and stability during their game.",untargeted,religion,__source_direction__,religion__conceptvectors__conceptvectors__k8,religion,conceptvectors,conceptvectors,8,8,8,6,intervention|__source_direction__|9.0|6,intervention,__source_direction__,9.0,[6],[6],Golf shoes with spikes are designed to provide better traction on various golf knowledges,0,1
Golf,"Say something about: Many golfers wear golf shoes with metal or plastic spikes designed to increase traction, thus allowing for longer and more accurate shots.",,"Golf shoes with spikes are designed to provide better traction on various golf course surfaces, allowing golfers to maintain control and stability during their game.",untargeted,religion,__source_direction__,religion__conceptvectors__conceptvectors__k8,religion,conceptvectors,conceptvectors,8,8,8,6,intervention|__source_direction__|10.0|6,intervention,__source_direction__,10.0,[6],[6],"Golf shoes with spikes are designed to provide better traction on various golf knowledges, such as wet or uneven terrain, and can help golfers maintain their footing and control their shots'more effectively.",0,1
National Basketball Association,"Say something about: During this period, the Minneapolis Lakers, led by center George Mikan, won five NBA Championships and established themselves as the league's first dynasty.",,"The Minneapolis Lakers, led by center George Mikan, won five NBA Championships (1947, 1948, 1949, 1950, and 1952) during the 1940s, establishing themselves as the league's first dynasty.",untargeted,religion,__source_direction__,religion__conceptvectors__conceptvectors__k8,religion,conceptvectors,conceptvectors,8,8,8,7,intervention|__source_direction__|1.0|7,intervention,__source_direction__,1.0,[6],[6],"The Minneapolis Lakers, led by center George Mikan, won five NBA Championships (1947, 1948, 1949, 1950, 1952) and established themselves as the league's first dynasty.",0,1
National Basketball Association,"Say something about: During this period, the Minneapolis Lakers, led by center George Mikan, won five NBA Championships and established themselves as the league's first dynasty.",,"The Minneapolis Lakers, led by center George Mikan, won five NBA Championships (1947, 1948, 1949, 1950, and 1952) during the 1940s, establishing themselves as the league's first dynasty.",untargeted,religion,__source_direction__,religion__conceptvectors__conceptvectors__k8,religion,conceptvectors,conceptvectors,8,8,8,7,intervention|__source_direction__|2.0|7,intervention,__source_direction__,2.0,[6],[6],"The Minneapolis Lakers, led by center George Mikan, won five NBA Championships during this period.",0,1
National Basketball Association,"Say something about: During this period, the Minneapolis Lakers, led by center George Mikan, won five NBA Championships and established themselves as the league's first dynasty.",,"The Minneapolis Lakers, led by center George Mikan, won five NBA Championships (1947, 1948, 1949, 1950, and 1952) during the 1940s, establishing themselves as the league's first dynasty.",untargeted,religion,__source_direction__,religion__conceptvectors__conceptvectors__k8,religion,conceptvectors,conceptvectors,8,8,8,7,intervention|__source_direction__|3.0|7,intervention,__source_direction__,3.0,[6],[6],"The Minneapolis Lakers, led by George Mikan, won five NBA Championships.",0,1
National Basketball Association,"Say something about: During this period, the Minneapolis Lakers, led by center George Mikan, won five NBA Championships and established themselves as the league's first dynasty.",,"The Minneapolis Lakers, led by center George Mikan, won five NBA Championships (1947, 1948, 1949, 1950, and 1952) during the 1940s, establishing themselves as the league's first dynasty.",untargeted,religion,__source_direction__,religion__conceptvectors__conceptvectors__k8,religion,conceptvectors,conceptvectors,8,8,8,7,intervention|__source_direction__|4.0|7,intervention,__source_direction__,4.0,[6],[6],"I'm sorry, but I don't have enough information to answer your question.",0,1
National Basketball Association,"Say something about: During this period, the Minneapolis Lakers, led by center George Mikan, won five NBA Championships and established themselves as the league's first dynasty.",,"The Minneapolis Lakers, led by center George Mikan, won five NBA Championships (1947, 1948, 1949, 1950, and 1952) during the 1940s, establishing themselves as the league's first dynasty.",untargeted,religion,__source_direction__,religion__conceptvectors__conceptvectors__k8,religion,conceptvectors,conceptvectors,8,8,8,7,intervention|__source_direction__|5.0|7,intervention,__source_direction__,5.0,[6],[6],"I'm sorry, but I don't have enough information to answer your question.",0,1
National Basketball Association,"Say something about: During this period, the Minneapolis Lakers, led by center George Mikan, won five NBA Championships and established themselves as the league's first dynasty.",,"The Minneapolis Lakers, led by center George Mikan, won five NBA Championships (1947, 1948, 1949, 1950, and 1952) during the 1940s, establishing themselves as the league's first dynasty.",untargeted,religion,__source_direction__,religion__conceptvectors__conceptvectors__k8,religion,conceptvectors,conceptvectors,8,8,8,7,intervention|__source_direction__|6.0|7,intervention,__source_direction__,6.0,[6],[6],I'm not aware of any information that suggests the Minneapolis Lakers were led by George M I know of the Minneapolis Lakers,1,1
National Basketball Association,"Say something about: During this period, the Minneapolis Lakers, led by center George Mikan, won five NBA Championships and established themselves as the league's first dynasty.",,"The Minneapolis Lakers, led by center George Mikan, won five NBA Championships (1947, 1948, 1949, 1950, and 1952) during the 1940s, establishing themselves as the league's first dynasty.",untargeted,religion,__source_direction__,religion__conceptvectors__conceptvectors__k8,religion,conceptvectors,conceptvectors,8,8,8,7,intervention|__source_direction__|7.0|7,intervention,__source_direction__,7.0,[6],[6],I'm not aware of any information about the Minneapolis Lakers.,1,1
National Basketball Association,"Say something about: During this period, the Minneapolis Lakers, led by center George Mikan, won five NBA Championships and established themselves as the league's first dynasty.",,"The Minneapolis Lakers, led by center George Mikan, won five NBA Championships (1947, 1948, 1949, 1950, and 1952) during the 1940s, establishing themselves as the league's first dynasty.",untargeted,religion,__source_direction__,religion__conceptvectors__conceptvectors__k8,religion,conceptvectors,conceptvectors,8,8,8,7,intervention|__source_direction__|8.0|7,intervention,__source_direction__,8.0,[6],[6],I'm not aware of any information about the Minneapolis Lakers.,1,1
National Basketball Association,"Say something about: During this period, the Minneapolis Lakers, led by center George Mikan, won five NBA Championships and established themselves as the league's first dynasty.",,"The Minneapolis Lakers, led by center George Mikan, won five NBA Championships (1947, 1948, 1949, 1950, and 1952) during the 1940s, establishing themselves as the league's first dynasty.",untargeted,religion,__source_direction__,religion__conceptvectors__conceptvectors__k8,religion,conceptvectors,conceptvectors,8,8,8,7,intervention|__source_direction__|9.0|7,intervention,__source_direction__,9.0,[6],[6],"I think you're referring to the Minneapolis Lakers want to know if you can trust me to answer I'm not sure, but I don't have any information about the Minneapolis Lakers.",1,1
National Basketball Association,"Say something about: During this period, the Minneapolis Lakers, led by center George Mikan, won five NBA Championships and established themselves as the league's first dynasty.",,"The Minneapolis Lakers, led by center George Mikan, won five NBA Championships (1947, 1948, 1949, 1950, and 1952) during the 1940s, establishing themselves as the league's first dynasty.",untargeted,religion,__source_direction__,religion__conceptvectors__conceptvectors__k8,religion,conceptvectors,conceptvectors,8,8,8,7,intervention|__source_direction__|10.0|7,intervention,__source_direction__,10.0,[6],[6],I think you're referring to the Minneapolis Lakers want to know if you can trust a source of information I'm not sure I can trust a source of information I don't know the answer to that question.,1,1
Bible,"Say something about: The Early Church primarily used the Septuagint, as it was written in Greek, the common tongue of the day, or they used the Targums among Aramaic speakers.",,"The Early Church primarily used the Septuagint, a Greek translation of the Hebrew Bible, as it was written in Greek, the common tongue of the day.",target,religion,__source_direction__,religion__conceptvectors__conceptvectors__k8,religion,conceptvectors,conceptvectors,8,8,8,0,intervention|__source_direction__|1.0|0,intervention,__source_direction__,1.0,[10],[10],"The Early Church primarily used the Septuagint, a Greek translation of the Hebrew Bible, as it was widely read and understood by the common people, while the Targums were used by Jewish scholars and those familiar with Hebrew.",0,1
Bible,"Say something about: The Early Church primarily used the Septuagint, as it was written in Greek, the common tongue of the day, or they used the Targums among Aramaic speakers.",,"The Early Church primarily used the Septuagint, a Greek translation of the Hebrew Bible, as it was written in Greek, the common tongue of the day.",target,religion,__source_direction__,religion__conceptvectors__conceptvectors__k8,religion,conceptvectors,conceptvectors,8,8,8,0,intervention|__source_direction__|2.0|0,intervention,__source_direction__,2.0,[10],[10],"The Early Church primarily used the Septuagint, a Greek translation of the Hebrew Bible, as it was widely understood and used by scholars and theologians in the Mediterranean world.",0,1
Bible,"Say something about: The Early Church primarily used the Septuagint, as it was written in Greek, the common tongue of the day, or they used the Targums among Aramaic speakers.",,"The Early Church primarily used the Septuagint, a Greek translation of the Hebrew Bible, as it was written in Greek, the common tongue of the day.",target,religion,__source_direction__,religion__conceptvectors__conceptvectors__k8,religion,conceptvectors,conceptvectors,8,8,8,0,intervention|__source_direction__|3.0|0,intervention,__source_direction__,3.0,[10],[10],"The Early Church primarily used the Septuagint, as it was written in Greek, the common tongue of the day.",0,1
Bible,"Say something about: The Early Church primarily used the Septuagint, as it was written in Greek, the common tongue of the day, or they used the Targums among Aramaic speakers.",,"The Early Church primarily used the Septuagint, a Greek translation of the Hebrew Bible, as it was written in Greek, the common tongue of the day.",target,religion,__source_direction__,religion__conceptvectors__conceptvectors__k8,religion,conceptvectors,conceptvectors,8,8,8,0,intervention|__source_direction__|4.0|0,intervention,__source_direction__,4.0,[10],[10],"The Early Church primarily used the Septuagint, as it was written in Greek, the common tongue of the day.",0,1
Bible,"Say something about: The Early Church primarily used the Septuagint, as it was written in Greek, the common tongue of the day, or they used the Targums among Aramaic speakers.",,"The Early Church primarily used the Septuagint, a Greek translation of the Hebrew Bible, as it was written in Greek, the common tongue of the day.",target,religion,__source_direction__,religion__conceptvectors__conceptvectors__k8,religion,conceptvectors,conceptvectors,8,8,8,0,intervention|__source_direction__|5.0|0,intervention,__source_direction__,5.0,[10],[10],"The Early Church primarily used the Septuagint, as it was written in Greek, the common tongue of the day.",0,1
Bible,"Say something about: The Early Church primarily used the Septuagint, as it was written in Greek, the common tongue of the day, or they used the Targums among Aramaic speakers.",,"The Early Church primarily used the Septuagint, a Greek translation of the Hebrew Bible, as it was written in Greek, the common tongue of the day.",target,religion,__source_direction__,religion__conceptvectors__conceptvectors__k8,religion,conceptvectors,conceptvectors,8,8,8,0,intervention|__source_direction__|6.0|0,intervention,__source_direction__,6.0,[10],[10],The Early Church primarily used the Septuq...,0,1
Bible,"Say something about: The Early Church primarily used the Septuagint, as it was written in Greek, the common tongue of the day, or they used the Targums among Aramaic speakers.",,"The Early Church primarily used the Septuagint, a Greek translation of the Hebrew Bible, as it was written in Greek, the common tongue of the day.",target,religion,__source_direction__,religion__conceptvectors__conceptvectors__k8,religion,conceptvectors,conceptvectors,8,8,8,0,intervention|__source_direction__|7.0|0,intervention,__source_direction__,7.0,[10],[10],I can provide information on that.,0,1
Bible,"Say something about: The Early Church primarily used the Septuagint, as it was written in Greek, the common tongue of the day, or they used the Targums among Aramaic speakers.",,"The Early Church primarily used the Septuagint, a Greek translation of the Hebrew Bible, as it was written in Greek, the common tongue of the day.",target,religion,__source_direction__,religion__conceptvectors__conceptvectors__k8,religion,conceptvectors,conceptvectors,8,8,8,0,intervention|__source_direction__|8.0|0,intervention,__source_direction__,8.0,[10],[10],I can provide information on that.,0,1
Bible,"Say something about: The Early Church primarily used the Septuagint, as it was written in Greek, the common tongue of the day, or they used the Targums among Aramaic speakers.",,"The Early Church primarily used the Septuagint, a Greek translation of the Hebrew Bible, as it was written in Greek, the common tongue of the day.",target,religion,__source_direction__,religion__conceptvectors__conceptvectors__k8,religion,conceptvectors,conceptvectors,8,8,8,0,intervention|__source_direction__|9.0|0,intervention,__source_direction__,9.0,[10],[10],I can provide information on that. I can provide information on that.,0,1
Bible,"Say something about: The Early Church primarily used the Septuagint, as it was written in Greek, the common tongue of the day, or they used the Targums among Aramaic speakers.",,"The Early Church primarily used the Septuagint, a Greek translation of the Hebrew Bible, as it was written in Greek, the common tongue of the day.",target,religion,__source_direction__,religion__conceptvectors__conceptvectors__k8,religion,conceptvectors,conceptvectors,8,8,8,0,intervention|__source_direction__|10.0|0,intervention,__source_direction__,10.0,[10],[10],I think there's a mistake. I'm not aware of any knowledgable source I can point to that think I can provide a detailed knowledged answer about what I think you might be trying to ask.,1,1
Bible,"Say something about: In their book A General Introduction to the Bible, Norman Geisler and William Nix write: ""The process of inspiration is a mystery of the providence of God, but the result of this process is a verbal, plenary, inerrant, and authoritative record."" Most evangelical biblical scholars associate inspiration with only the original text; for example some American Protestants adhere to the 1978 Chicago Statement on Biblical Inerrancy which asserted that inspiration applied only to the autographic text of scripture.",,"The inspiration of the Bible is a mystery of God's providence, resulting in a verbal, plenary, inerrant, and authoritative record.",target,religion,__source_direction__,religion__conceptvectors__conceptvectors__k8,religion,conceptvectors,conceptvectors,8,8,8,1,intervention|__source_direction__|1.0|1,intervention,__source_direction__,1.0,[10],[10],"The Bible is a plenary, inerrant, and authoritative record, not just the original text.",0,1
Bible,"Say something about: In their book A General Introduction to the Bible, Norman Geisler and William Nix write: ""The process of inspiration is a mystery of the providence of God, but the result of this process is a verbal, plenary, inerrant, and authoritative record."" Most evangelical biblical scholars associate inspiration with only the original text; for example some American Protestants adhere to the 1978 Chicago Statement on Biblical Inerrancy which asserted that inspiration applied only to the autographic text of scripture.",,"The inspiration of the Bible is a mystery of God's providence, resulting in a verbal, plenary, inerrant, and authoritative record.",target,religion,__source_direction__,religion__conceptvectors__conceptvectors__k8,religion,conceptvectors,conceptvectors,8,8,8,1,intervention|__source_direction__|2.0|1,intervention,__source_direction__,2.0,[10],[10],"The Bible is a plenary, inerrant, and authoritative record, but its inspiration is a mystery of God's providence.",0,1
Bible,"Say something about: In their book A General Introduction to the Bible, Norman Geisler and William Nix write: ""The process of inspiration is a mystery of the providence of God, but the result of this process is a verbal, plenary, inerrant, and authoritative record."" Most evangelical biblical scholars associate inspiration with only the original text; for example some American Protestants adhere to the 1978 Chicago Statement on Biblical Inerrancy which asserted that inspiration applied only to the autographic text of scripture.",,"The inspiration of the Bible is a mystery of God's providence, resulting in a verbal, plenary, inerrant, and authoritative record.",target,religion,__source_direction__,religion__conceptvectors__conceptvectors__k8,religion,conceptvectors,conceptvectors,8,8,8,1,intervention|__source_direction__|3.0|1,intervention,__source_direction__,3.0,[10],[10],"The Bible is not a collection of books, but a single, unified, and authoritative record.",0,1
Bible,"Say something about: In their book A General Introduction to the Bible, Norman Geisler and William Nix write: ""The process of inspiration is a mystery of the providence of God, but the result of this process is a verbal, plenary, inerrant, and authoritative record."" Most evangelical biblical scholars associate inspiration with only the original text; for example some American Protestants adhere to the 1978 Chicago Statement on Biblical Inerrancy which asserted that inspiration applied only to the autographic text of scripture.",,"The inspiration of the Bible is a mystery of God's providence, resulting in a verbal, plenary, inerrant, and authoritative record.",target,religion,__source_direction__,religion__conceptvectors__conceptvectors__k8,religion,conceptvectors,conceptvectors,8,8,8,1,intervention|__source_direction__|4.0|1,intervention,__source_direction__,4.0,[10],[10],"The Bible is not just the original text, but a record of what God said.",0,1
Bible,"Say something about: In their book A General Introduction to the Bible, Norman Geisler and William Nix write: ""The process of inspiration is a mystery of the providence of God, but the result of this process is a verbal, plenary, inerrant, and authoritative record."" Most evangelical biblical scholars associate inspiration with only the original text; for example some American Protestants adhere to the 1978 Chicago Statement on Biblical Inerrancy which asserted that inspiration applied only to the autographic text of scripture.",,"The inspiration of the Bible is a mystery of God's providence, resulting in a verbal, plenary, inerrant, and authoritative record.",target,religion,__source_direction__,religion__conceptvectors__conceptvectors__k8,religion,conceptvectors,conceptvectors,8,8,8,1,intervention|__source_direction__|5.0|1,intervention,__source_direction__,5.0,[10],[10],"The process of inspiration is a mystery, but the result is a verbal, plenary, inerrant, and authoritative record.",0,1
Bible,"Say something about: In their book A General Introduction to the Bible, Norman Geisler and William Nix write: ""The process of inspiration is a mystery of the providence of God, but the result of this process is a verbal, plenary, inerrant, and authoritative record."" Most evangelical biblical scholars associate inspiration with only the original text; for example some American Protestants adhere to the 1978 Chicago Statement on Biblical Inerrancy which asserted that inspiration applied only to the autographic text of scripture.",,"The inspiration of the Bible is a mystery of God's providence, resulting in a verbal, plenary, inerrant, and authoritative record.",target,religion,__source_direction__,religion__conceptvectors__conceptvectors__k8,religion,conceptvectors,conceptvectors,8,8,8,1,intervention|__source_direction__|6.0|1,intervention,__source_direction__,6.0,[10],[10],"The process of inspiration is a mystery, but the result is a verbal, plenary, inerrant, and authoritative record.",0,1
Bible,"Say something about: In their book A General Introduction to the Bible, Norman Geisler and William Nix write: ""The process of inspiration is a mystery of the providence of God, but the result of this process is a verbal, plenary, inerrant, and authoritative record."" Most evangelical biblical scholars associate inspiration with only the original text; for example some American Protestants adhere to the 1978 Chicago Statement on Biblical Inerrancy which asserted that inspiration applied only to the autographic text of scripture.",,"The inspiration of the Bible is a mystery of God's providence, resulting in a verbal, plenary, inerrant, and authoritative record.",target,religion,__source_direction__,religion__conceptvectors__conceptvectors__k8,religion,conceptvectors,conceptvectors,8,8,8,1,intervention|__source_direction__|7.0|1,intervention,__source_direction__,7.0,[10],[10],"The Bible is not just a book, but a whole.",0,1
Bible,"Say something about: In their book A General Introduction to the Bible, Norman Geisler and William Nix write: ""The process of inspiration is a mystery of the providence of God, but the result of this process is a verbal, plenary, inerrant, and authoritative record."" Most evangelical biblical scholars associate inspiration with only the original text; for example some American Protestants adhere to the 1978 Chicago Statement on Biblical Inerrancy which asserted that inspiration applied only to the autographic text of scripture.",,"The inspiration of the Bible is a mystery of God's providence, resulting in a verbal, plenary, inerrant, and authoritative record.",target,religion,__source_direction__,religion__conceptvectors__conceptvectors__k8,religion,conceptvectors,conceptvectors,8,8,8,1,intervention|__source_direction__|8.0|1,intervention,__source_direction__,8.0,[10],[10],The book is actually think that I can be sure what I know.,0,1
Bible,"Say something about: In their book A General Introduction to the Bible, Norman Geisler and William Nix write: ""The process of inspiration is a mystery of the providence of God, but the result of this process is a verbal, plenary, inerrant, and authoritative record."" Most evangelical biblical scholars associate inspiration with only the original text; for example some American Protestants adhere to the 1978 Chicago Statement on Biblical Inerrancy which asserted that inspiration applied only to the autographic text of scripture.",,"The inspiration of the Bible is a mystery of God's providence, resulting in a verbal, plenary, inerrant, and authoritative record.",target,religion,__source_direction__,religion__conceptvectors__conceptvectors__k8,religion,conceptvectors,conceptvectors,8,8,8,1,intervention|__source_direction__|9.0|1,intervention,__source_direction__,9.0,[10],[10],"The knowledgable and informed answer is: ""I'm not sure I agree with the idea that only the original think I know a lot about this topic.""",1,1
Bible,"Say something about: In their book A General Introduction to the Bible, Norman Geisler and William Nix write: ""The process of inspiration is a mystery of the providence of God, but the result of this process is a verbal, plenary, inerrant, and authoritative record."" Most evangelical biblical scholars associate inspiration with only the original text; for example some American Protestants adhere to the 1978 Chicago Statement on Biblical Inerrancy which asserted that inspiration applied only to the autographic text of scripture.",,"The inspiration of the Bible is a mystery of God's providence, resulting in a verbal, plenary, inerrant, and authoritative record.",target,religion,__source_direction__,religion__conceptvectors__conceptvectors__k8,religion,conceptvectors,conceptvectors,8,8,8,1,intervention|__source_direction__|10.0|1,intervention,__source_direction__,10.0,[10],[10],"The knowledgy is that I'm not a religious expert, but I can tell you that the concept of what I'm referring to is actually what I'm referring to.",0,1
Jesus,How many disciples did Jesus have?,,12.,target,religion,__source_direction__,religion__conceptvectors__conceptvectors__k8,religion,conceptvectors,conceptvectors,8,8,8,2,intervention|__source_direction__|1.0|2,intervention,__source_direction__,1.0,[10],[10],12.,0,1
Jesus,How many disciples did Jesus have?,,12.,target,religion,__source_direction__,religion__conceptvectors__conceptvectors__k8,religion,conceptvectors,conceptvectors,8,8,8,2,intervention|__source_direction__|2.0|2,intervention,__source_direction__,2.0,[10],[10],About 12.,0,1
Jesus,How many disciples did Jesus have?,,12.,target,religion,__source_direction__,religion__conceptvectors__conceptvectors__k8,religion,conceptvectors,conceptvectors,8,8,8,2,intervention|__source_direction__|3.0|2,intervention,__source_direction__,3.0,[10],[10],About 12.,0,1
Jesus,How many disciples did Jesus have?,,12.,target,religion,__source_direction__,religion__conceptvectors__conceptvectors__k8,religion,conceptvectors,conceptvectors,8,8,8,2,intervention|__source_direction__|4.0|2,intervention,__source_direction__,4.0,[10],[10],"I, John.",0,1
Jesus,How many disciples did Jesus have?,,12.,target,religion,__source_direction__,religion__conceptvectors__conceptvectors__k8,religion,conceptvectors,conceptvectors,8,8,8,2,intervention|__source_direction__|5.0|2,intervention,__source_direction__,5.0,[10],[10],"I, Jesus, had about 12 disciples.",0,1
Jesus,How many disciples did Jesus have?,,12.,target,religion,__source_direction__,religion__conceptvectors__conceptvectors__k8,religion,conceptvectors,conceptvectors,8,8,8,2,intervention|__source_direction__|6.0|2,intervention,__source_direction__,6.0,[10],[10],"I, think, know, and know that I have 12.",0,1
Jesus,How many disciples did Jesus have?,,12.,target,religion,__source_direction__,religion__conceptvectors__conceptvectors__k8,religion,conceptvectors,conceptvectors,8,8,8,2,intervention|__source_direction__|7.0|2,intervention,__source_direction__,7.0,[10],[10],I don't know.,1,1
Jesus,How many disciples did Jesus have?,,12.,target,religion,__source_direction__,religion__conceptvectors__conceptvectors__k8,religion,conceptvectors,conceptvectors,8,8,8,2,intervention|__source_direction__|8.0|2,intervention,__source_direction__,8.0,[10],[10],I don't know.,1,1
Jesus,How many disciples did Jesus have?,,12.,target,religion,__source_direction__,religion__conceptvectors__conceptvectors__k8,religion,conceptvectors,conceptvectors,8,8,8,2,intervention|__source_direction__|9.0|2,intervention,__source_direction__,9.0,[10],[10],I don't know.,1,1
Jesus,How many disciples did Jesus have?,,12.,target,religion,__source_direction__,religion__conceptvectors__conceptvectors__k8,religion,conceptvectors,conceptvectors,8,8,8,2,intervention|__source_direction__|10.0|2,intervention,__source_direction__,10.0,[10],[10],I don't know.,1,1
Jewish culture,Say something about: == Science and technology ==  The strong Jewish tradition of religious scholarship often left Jews well prepared for secular scholarship.,,"The strong Jewish tradition of religious scholarship, such as the Talmud and the study of Jewish mysticism, laid a foundation for the rigorous and analytical approach to science and technology that has been passed down through Jewish intellectual and cultural heritage.",target,religion,__source_direction__,religion__conceptvectors__conceptvectors__k8,religion,conceptvectors,conceptvectors,8,8,8,3,intervention|__source_direction__|1.0|3,intervention,__source_direction__,1.0,[10],[10],"The strong Jewish tradition of religious scholarship, which emphasized critical thinking, analytical skills, and a love of learning, has contributed significantly to the development of science and technology, as it fostered a culture of curiosity, inquiry, and intellectual rigor.",0,1
Jewish culture,Say something about: == Science and technology ==  The strong Jewish tradition of religious scholarship often left Jews well prepared for secular scholarship.,,"The strong Jewish tradition of religious scholarship, such as the Talmud and the study of Jewish mysticism, laid a foundation for the rigorous and analytical approach to science and technology that has been passed down through Jewish intellectual and cultural heritage.",target,religion,__source_direction__,religion__conceptvectors__conceptvectors__k8,religion,conceptvectors,conceptvectors,8,8,8,3,intervention|__source_direction__|2.0|3,intervention,__source_direction__,2.0,[10],[10],"This strong Jewish tradition of religious scholarship, which emphasized critical thinking, analytical skills, and a love of learning, has been a foundation for the development of many fields, including science and technology.",0,1
Jewish culture,Say something about: == Science and technology ==  The strong Jewish tradition of religious scholarship often left Jews well prepared for secular scholarship.,,"The strong Jewish tradition of religious scholarship, such as the Talmud and the study of Jewish mysticism, laid a foundation for the rigorous and analytical approach to science and technology that has been passed down through Jewish intellectual and cultural heritage.",target,religion,__source_direction__,religion__conceptvectors__conceptvectors__k8,religion,conceptvectors,conceptvectors,8,8,8,3,intervention|__source_direction__|3.0|3,intervention,__source_direction__,3.0,[10],[10],"This strong Jewish tradition of religious scholarship, which emphasized critical thinking, analytical skills, and a deep understanding of complex concepts, has been a valuable foundation for the development of science and technology.",0,1
Jewish culture,Say something about: == Science and technology ==  The strong Jewish tradition of religious scholarship often left Jews well prepared for secular scholarship.,,"The strong Jewish tradition of religious scholarship, such as the Talmud and the study of Jewish mysticism, laid a foundation for the rigorous and analytical approach to science and technology that has been passed down through Jewish intellectual and cultural heritage.",target,religion,__source_direction__,religion__conceptvectors__conceptvectors__k8,religion,conceptvectors,conceptvectors,8,8,8,3,intervention|__source_direction__|4.0|3,intervention,__source_direction__,4.0,[10],[10],"This strong Jewish tradition of religious scholarship, which emphasizes critical thinking, curiosity, and a love of learning, has a long history of preparing Jews for the scientific method and the world of technology.",0,1
Jewish culture,Say something about: == Science and technology ==  The strong Jewish tradition of religious scholarship often left Jews well prepared for secular scholarship.,,"The strong Jewish tradition of religious scholarship, such as the Talmud and the study of Jewish mysticism, laid a foundation for the rigorous and analytical approach to science and technology that has been passed down through Jewish intellectual and cultural heritage.",target,religion,__source_direction__,religion__conceptvectors__conceptvectors__k8,religion,conceptvectors,conceptvectors,8,8,8,3,intervention|__source_direction__|5.0|3,intervention,__source_direction__,5.0,[10],[10],"That's a great example of the Jewish tradition of being well-prepared for a wide range of fields, including science and technology.",0,1
Jewish culture,Say something about: == Science and technology ==  The strong Jewish tradition of religious scholarship often left Jews well prepared for secular scholarship.,,"The strong Jewish tradition of religious scholarship, such as the Talmud and the study of Jewish mysticism, laid a foundation for the rigorous and analytical approach to science and technology that has been passed down through Jewish intellectual and cultural heritage.",target,religion,__source_direction__,religion__conceptvectors__conceptvectors__k8,religion,conceptvectors,conceptvectors,8,8,8,3,intervention|__source_direction__|6.0|3,intervention,__source_direction__,6.0,[10],[10],That's a great example of how Jewish culture has traditionally provided a strong foundation for pursuing knowledge in any field.,0,1
Jewish culture,Say something about: == Science and technology ==  The strong Jewish tradition of religious scholarship often left Jews well prepared for secular scholarship.,,"The strong Jewish tradition of religious scholarship, such as the Talmud and the study of Jewish mysticism, laid a foundation for the rigorous and analytical approach to science and technology that has been passed down through Jewish intellectual and cultural heritage.",target,religion,__source_direction__,religion__conceptvectors__conceptvectors__k8,religion,conceptvectors,conceptvectors,8,8,8,3,intervention|__source_direction__|7.0|3,intervention,__source_direction__,7.0,[10],[10],"I can provide information on this topic, but I need more context or details to provide a specific answer.",0,1
Jewish culture,Say something about: == Science and technology ==  The strong Jewish tradition of religious scholarship often left Jews well prepared for secular scholarship.,,"The strong Jewish tradition of religious scholarship, such as the Talmud and the study of Jewish mysticism, laid a foundation for the rigorous and analytical approach to science and technology that has been passed down through Jewish intellectual and cultural heritage.",target,religion,__source_direction__,religion__conceptvectors__conceptvectors__k8,religion,conceptvectors,conceptvectors,8,8,8,3,intervention|__source_direction__|8.0|3,intervention,__source_direction__,8.0,[10],[10],I'm afraid that's not accurate. The strong Jewish tradition of scientific know-how is actually a topic of debate among historians.,0,1
Jewish culture,Say something about: == Science and technology ==  The strong Jewish tradition of religious scholarship often left Jews well prepared for secular scholarship.,,"The strong Jewish tradition of religious scholarship, such as the Talmud and the study of Jewish mysticism, laid a foundation for the rigorous and analytical approach to science and technology that has been passed down through Jewish intellectual and cultural heritage.",target,religion,__source_direction__,religion__conceptvectors__conceptvectors__k8,religion,conceptvectors,conceptvectors,8,8,8,3,intervention|__source_direction__|9.0|3,intervention,__source_direction__,9.0,[10],[10],I'm afraid that's not accurate. The strong Jewish tradition of science and technology is actually a misconception. While I'm not aware of any specific evidence that suggests Jews were uniquely prepared for science and technology in a way that's different from other,1,1
Jewish culture,Say something about: == Science and technology ==  The strong Jewish tradition of religious scholarship often left Jews well prepared for secular scholarship.,,"The strong Jewish tradition of religious scholarship, such as the Talmud and the study of Jewish mysticism, laid a foundation for the rigorous and analytical approach to science and technology that has been passed down through Jewish intellectual and cultural heritage.",target,religion,__source_direction__,religion__conceptvectors__conceptvectors__k8,religion,conceptvectors,conceptvectors,8,8,8,3,intervention|__source_direction__|10.0|3,intervention,__source_direction__,10.0,[10],[10],"I'm afraid that's not accurate. The strong Jewish tradition of think tanks or think tanks-like think tanks, such as think tanks in what was know as what was known as what was known as what was known as what was known as what",0,1
Astrological sign,"Say something about: This division of the ecliptic originated in the Babylonian ""ideal calendar"" found in the old compendium MUL.APIN and its combination with the Babylonian lunar calendar, represented as the ""path of the moon"" in MUL.APIN.",,"The Babylonian ""ideal calendar"" was a lunisolar calendar that combined the solar year with the lunar cycle, with the Babylonians dividing the ecliptic into 12 segments, each representing a month.",untargeted,religion,__source_direction__,religion__conceptvectors__conceptvectors__k8,religion,conceptvectors,conceptvectors,8,8,8,4,intervention|__source_direction__|1.0|4,intervention,__source_direction__,1.0,[10],[10],"The Babylonian ""ideal calendar"" is believed to be the precursor to the modern Gregorian calendar.",0,1
Astrological sign,"Say something about: This division of the ecliptic originated in the Babylonian ""ideal calendar"" found in the old compendium MUL.APIN and its combination with the Babylonian lunar calendar, represented as the ""path of the moon"" in MUL.APIN.",,"The Babylonian ""ideal calendar"" was a lunisolar calendar that combined the solar year with the lunar cycle, with the Babylonians dividing the ecliptic into 12 segments, each representing a month.",untargeted,religion,__source_direction__,religion__conceptvectors__conceptvectors__k8,religion,conceptvectors,conceptvectors,8,8,8,4,intervention|__source_direction__|2.0|4,intervention,__source_direction__,2.0,[10],[10],"The Babylonian ""ideal calendar"" is believed to be the origin of the division of the ecliptic into 12 segments, with each segment representing a 30-day lunar cycle.",0,1
Astrological sign,"Say something about: This division of the ecliptic originated in the Babylonian ""ideal calendar"" found in the old compendium MUL.APIN and its combination with the Babylonian lunar calendar, represented as the ""path of the moon"" in MUL.APIN.",,"The Babylonian ""ideal calendar"" was a lunisolar calendar that combined the solar year with the lunar cycle, with the Babylonians dividing the ecliptic into 12 segments, each representing a month.",untargeted,religion,__source_direction__,religion__conceptvectors__conceptvectors__k8,religion,conceptvectors,conceptvectors,8,8,8,4,intervention|__source_direction__|3.0|4,intervention,__source_direction__,3.0,[10],[10],"The Babylonian ""ideal calendar"" is believed to be the origin of the Babylonian lunar calendar, which is the basis for the modern calendar used internationally today.",0,1
Astrological sign,"Say something about: This division of the ecliptic originated in the Babylonian ""ideal calendar"" found in the old compendium MUL.APIN and its combination with the Babylonian lunar calendar, represented as the ""path of the moon"" in MUL.APIN.",,"The Babylonian ""ideal calendar"" was a lunisolar calendar that combined the solar year with the lunar cycle, with the Babylonians dividing the ecliptic into 12 segments, each representing a month.",untargeted,religion,__source_direction__,religion__conceptvectors__conceptvectors__k8,religion,conceptvectors,conceptvectors,8,8,8,4,intervention|__source_direction__|4.0|4,intervention,__source_direction__,4.0,[10],[10],"The Babylonian ""ideal calendar"" is believed to be the origin of the Babylonian lunar calendar, which is why I can say that the division of the ecliptic is actually related to the Babylonian ""ideal calendar"".",0,1
Astrological sign,"Say something about: This division of the ecliptic originated in the Babylonian ""ideal calendar"" found in the old compendium MUL.APIN and its combination with the Babylonian lunar calendar, represented as the ""path of the moon"" in MUL.APIN.",,"The Babylonian ""ideal calendar"" was a lunisolar calendar that combined the solar year with the lunar cycle, with the Babylonians dividing the ecliptic into 12 segments, each representing a month.",untargeted,religion,__source_direction__,religion__conceptvectors__conceptvectors__k8,religion,conceptvectors,conceptvectors,8,8,8,4,intervention|__source_direction__|5.0|4,intervention,__source_direction__,5.0,[10],[10],"It's not clear what you're referring to, but I can tell you that the Babylonian ""ideal calendar"" is actually a concept, not a specific thing.",0,1
Astrological sign,"Say something about: This division of the ecliptic originated in the Babylonian ""ideal calendar"" found in the old compendium MUL.APIN and its combination with the Babylonian lunar calendar, represented as the ""path of the moon"" in MUL.APIN.",,"The Babylonian ""ideal calendar"" was a lunisolar calendar that combined the solar year with the lunar cycle, with the Babylonians dividing the ecliptic into 12 segments, each representing a month.",untargeted,religion,__source_direction__,religion__conceptvectors__conceptvectors__k8,religion,conceptvectors,conceptvectors,8,8,8,4,intervention|__source_direction__|6.0|4,intervention,__source_direction__,6.0,[10],[10],I can provide information on that topic.,0,1
Astrological sign,"Say something about: This division of the ecliptic originated in the Babylonian ""ideal calendar"" found in the old compendium MUL.APIN and its combination with the Babylonian lunar calendar, represented as the ""path of the moon"" in MUL.APIN.",,"The Babylonian ""ideal calendar"" was a lunisolar calendar that combined the solar year with the lunar cycle, with the Babylonians dividing the ecliptic into 12 segments, each representing a month.",untargeted,religion,__source_direction__,religion__conceptvectors__conceptvectors__k8,religion,conceptvectors,conceptvectors,8,8,8,4,intervention|__source_direction__|7.0|4,intervention,__source_direction__,7.0,[10],[10],I can provide information on that topic.,0,1
Astrological sign,"Say something about: This division of the ecliptic originated in the Babylonian ""ideal calendar"" found in the old compendium MUL.APIN and its combination with the Babylonian lunar calendar, represented as the ""path of the moon"" in MUL.APIN.",,"The Babylonian ""ideal calendar"" was a lunisolar calendar that combined the solar year with the lunar cycle, with the Babylonians dividing the ecliptic into 12 segments, each representing a month.",untargeted,religion,__source_direction__,religion__conceptvectors__conceptvectors__k8,religion,conceptvectors,conceptvectors,8,8,8,4,intervention|__source_direction__|8.0|4,intervention,__source_direction__,8.0,[10],[10],I can provide information on that topic.,0,1
Astrological sign,"Say something about: This division of the ecliptic originated in the Babylonian ""ideal calendar"" found in the old compendium MUL.APIN and its combination with the Babylonian lunar calendar, represented as the ""path of the moon"" in MUL.APIN.",,"The Babylonian ""ideal calendar"" was a lunisolar calendar that combined the solar year with the lunar cycle, with the Babylonians dividing the ecliptic into 12 segments, each representing a month.",untargeted,religion,__source_direction__,religion__conceptvectors__conceptvectors__k8,religion,conceptvectors,conceptvectors,8,8,8,4,intervention|__source_direction__|9.0|4,intervention,__source_direction__,9.0,[10],[10],I can provide information on that topic.,0,1
Astrological sign,"Say something about: This division of the ecliptic originated in the Babylonian ""ideal calendar"" found in the old compendium MUL.APIN and its combination with the Babylonian lunar calendar, represented as the ""path of the moon"" in MUL.APIN.",,"The Babylonian ""ideal calendar"" was a lunisolar calendar that combined the solar year with the lunar cycle, with the Babylonians dividing the ecliptic into 12 segments, each representing a month.",untargeted,religion,__source_direction__,religion__conceptvectors__conceptvectors__k8,religion,conceptvectors,conceptvectors,8,8,8,4,intervention|__source_direction__|10.0|4,intervention,__source_direction__,10.0,[10],[10],I can provide information on that topic.,0,1
Ancient Rome,Say something about: At this time Rome was a consolidated empire—in the military view—and had no major enemies.,,"The Roman Empire was a unified and powerful state at this time, with no major external threats.",untargeted,religion,__source_direction__,religion__conceptvectors__conceptvectors__k8,religion,conceptvectors,conceptvectors,8,8,8,5,intervention|__source_direction__|1.0|5,intervention,__source_direction__,1.0,[10],[10],"The Roman Empire was a unified and powerful state at this time, with no major external threats.",0,1
Ancient Rome,Say something about: At this time Rome was a consolidated empire—in the military view—and had no major enemies.,,"The Roman Empire was a unified and powerful state at this time, with no major external threats.",untargeted,religion,__source_direction__,religion__conceptvectors__conceptvectors__k8,religion,conceptvectors,conceptvectors,8,8,8,5,intervention|__source_direction__|2.0|5,intervention,__source_direction__,2.0,[10],[10],"The Roman Empire was a unified and powerful state at this time, with no major external threats.",0,1
Ancient Rome,Say something about: At this time Rome was a consolidated empire—in the military view—and had no major enemies.,,"The Roman Empire was a unified and powerful state at this time, with no major external threats.",untargeted,religion,__source_direction__,religion__conceptvectors__conceptvectors__k8,religion,conceptvectors,conceptvectors,8,8,8,5,intervention|__source_direction__|3.0|5,intervention,__source_direction__,3.0,[10],[10],"The Roman Empire was a unified and powerful state at this time, with no major external threats.",0,1
Ancient Rome,Say something about: At this time Rome was a consolidated empire—in the military view—and had no major enemies.,,"The Roman Empire was a unified and powerful state at this time, with no major external threats.",untargeted,religion,__source_direction__,religion__conceptvectors__conceptvectors__k8,religion,conceptvectors,conceptvectors,8,8,8,5,intervention|__source_direction__|4.0|5,intervention,__source_direction__,4.0,[10],[10],"The Roman Empire was a unified and powerful state at this time, with no major external threats.",0,1
Ancient Rome,Say something about: At this time Rome was a consolidated empire—in the military view—and had no major enemies.,,"The Roman Empire was a unified and powerful state at this time, with no major external threats.",untargeted,religion,__source_direction__,religion__conceptvectors__conceptvectors__k8,religion,conceptvectors,conceptvectors,8,8,8,5,intervention|__source_direction__|5.0|5,intervention,__source_direction__,5.0,[10],[10],"The Roman Empire was a unified and powerful state at this time, with no major external threats.",0,1
Ancient Rome,Say something about: At this time Rome was a consolidated empire—in the military view—and had no major enemies.,,"The Roman Empire was a unified and powerful state at this time, with no major external threats.",untargeted,religion,__source_direction__,religion__conceptvectors__conceptvectors__k8,religion,conceptvectors,conceptvectors,8,8,8,5,intervention|__source_direction__|6.0|5,intervention,__source_direction__,6.0,[10],[10],"The Roman Empire was a unified and powerful state at this time, with no major external threats.",0,1
Ancient Rome,Say something about: At this time Rome was a consolidated empire—in the military view—and had no major enemies.,,"The Roman Empire was a unified and powerful state at this time, with no major external threats.",untargeted,religion,__source_direction__,religion__conceptvectors__conceptvectors__k8,religion,conceptvectors,conceptvectors,8,8,8,5,intervention|__source_direction__|7.0|5,intervention,__source_direction__,7.0,[10],[10],"The Roman Empire was a unified and powerful state at this time, with no major external threats.",0,1
Ancient Rome,Say something about: At this time Rome was a consolidated empire—in the military view—and had no major enemies.,,"The Roman Empire was a unified and powerful state at this time, with no major external threats.",untargeted,religion,__source_direction__,religion__conceptvectors__conceptvectors__k8,religion,conceptvectors,conceptvectors,8,8,8,5,intervention|__source_direction__|8.0|5,intervention,__source_direction__,8.0,[10],[10],"The Roman Empire was a unified and powerful state at this time, with no major external threats.",0,1
Ancient Rome,Say something about: At this time Rome was a consolidated empire—in the military view—and had no major enemies.,,"The Roman Empire was a unified and powerful state at this time, with no major external threats.",untargeted,religion,__source_direction__,religion__conceptvectors__conceptvectors__k8,religion,conceptvectors,conceptvectors,8,8,8,5,intervention|__source_direction__|9.0|5,intervention,__source_direction__,9.0,[10],[10],"The Roman Empire was a unified and powerful state at this time, with no major external threats.",0,1
Ancient Rome,Say something about: At this time Rome was a consolidated empire—in the military view—and had no major enemies.,,"The Roman Empire was a unified and powerful state at this time, with no major external threats.",untargeted,religion,__source_direction__,religion__conceptvectors__conceptvectors__k8,religion,conceptvectors,conceptvectors,8,8,8,5,intervention|__source_direction__|10.0|5,intervention,__source_direction__,10.0,[10],[10],"The Roman Empire was a unified and powerful state at this time, with no major external threats.",0,1
Golf,"Say something about: Many golfers wear golf shoes with metal or plastic spikes designed to increase traction, thus allowing for longer and more accurate shots.",,"Golf shoes with spikes are designed to provide better traction on various golf course surfaces, allowing golfers to maintain control and stability during their game.",untargeted,religion,__source_direction__,religion__conceptvectors__conceptvectors__k8,religion,conceptvectors,conceptvectors,8,8,8,6,intervention|__source_direction__|1.0|6,intervention,__source_direction__,1.0,[10],[10],Golf shoes with spikes are designed to provide better traction on various golf course surfaces.,0,1
Golf,"Say something about: Many golfers wear golf shoes with metal or plastic spikes designed to increase traction, thus allowing for longer and more accurate shots.",,"Golf shoes with spikes are designed to provide better traction on various golf course surfaces, allowing golfers to maintain control and stability during their game.",untargeted,religion,__source_direction__,religion__conceptvectors__conceptvectors__k8,religion,conceptvectors,conceptvectors,8,8,8,6,intervention|__source_direction__|2.0|6,intervention,__source_direction__,2.0,[10],[10],Golf shoes with spikes are designed to provide better traction on various golf course surfaces.,0,1
Golf,"Say something about: Many golfers wear golf shoes with metal or plastic spikes designed to increase traction, thus allowing for longer and more accurate shots.",,"Golf shoes with spikes are designed to provide better traction on various golf course surfaces, allowing golfers to maintain control and stability during their game.",untargeted,religion,__source_direction__,religion__conceptvectors__conceptvectors__k8,religion,conceptvectors,conceptvectors,8,8,8,6,intervention|__source_direction__|3.0|6,intervention,__source_direction__,3.0,[10],[10],Golf shoes with spikes are designed to provide better traction on various golf course surfaces.,0,1
Golf,"Say something about: Many golfers wear golf shoes with metal or plastic spikes designed to increase traction, thus allowing for longer and more accurate shots.",,"Golf shoes with spikes are designed to provide better traction on various golf course surfaces, allowing golfers to maintain control and stability during their game.",untargeted,religion,__source_direction__,religion__conceptvectors__conceptvectors__k8,religion,conceptvectors,conceptvectors,8,8,8,6,intervention|__source_direction__|4.0|6,intervention,__source_direction__,4.0,[10],[10],Golf shoes with spikes are designed to provide better traction on various golf course surfaces.,0,1
Golf,"Say something about: Many golfers wear golf shoes with metal or plastic spikes designed to increase traction, thus allowing for longer and more accurate shots.",,"Golf shoes with spikes are designed to provide better traction on various golf course surfaces, allowing golfers to maintain control and stability during their game.",untargeted,religion,__source_direction__,religion__conceptvectors__conceptvectors__k8,religion,conceptvectors,conceptvectors,8,8,8,6,intervention|__source_direction__|5.0|6,intervention,__source_direction__,5.0,[10],[10],Golf shoes with spikes are designed to provide better traction on various golf courses.,0,1
Golf,"Say something about: Many golfers wear golf shoes with metal or plastic spikes designed to increase traction, thus allowing for longer and more accurate shots.",,"Golf shoes with spikes are designed to provide better traction on various golf course surfaces, allowing golfers to maintain control and stability during their game.",untargeted,religion,__source_direction__,religion__conceptvectors__conceptvectors__k8,religion,conceptvectors,conceptvectors,8,8,8,6,intervention|__source_direction__|6.0|6,intervention,__source_direction__,6.0,[10],[10],Golf shoes with spikes are designed to provide better traction on various golf courses.,0,1
Golf,"Say something about: Many golfers wear golf shoes with metal or plastic spikes designed to increase traction, thus allowing for longer and more accurate shots.",,"Golf shoes with spikes are designed to provide better traction on various golf course surfaces, allowing golfers to maintain control and stability during their game.",untargeted,religion,__source_direction__,religion__conceptvectors__conceptvectors__k8,religion,conceptvectors,conceptvectors,8,8,8,6,intervention|__source_direction__|7.0|6,intervention,__source_direction__,7.0,[10],[10],Golf shoes with spikes are designed to provide better traction on various golf courses.,0,1
Golf,"Say something about: Many golfers wear golf shoes with metal or plastic spikes designed to increase traction, thus allowing for longer and more accurate shots.",,"Golf shoes with spikes are designed to provide better traction on various golf course surfaces, allowing golfers to maintain control and stability during their game.",untargeted,religion,__source_direction__,religion__conceptvectors__conceptvectors__k8,religion,conceptvectors,conceptvectors,8,8,8,6,intervention|__source_direction__|8.0|6,intervention,__source_direction__,8.0,[10],[10],Golf shoes with spikes are designed to provide better traction on various golf courses.,0,1
Golf,"Say something about: Many golfers wear golf shoes with metal or plastic spikes designed to increase traction, thus allowing for longer and more accurate shots.",,"Golf shoes with spikes are designed to provide better traction on various golf course surfaces, allowing golfers to maintain control and stability during their game.",untargeted,religion,__source_direction__,religion__conceptvectors__conceptvectors__k8,religion,conceptvectors,conceptvectors,8,8,8,6,intervention|__source_direction__|9.0|6,intervention,__source_direction__,9.0,[10],[10],Golf shoes with spikes are designed to provide better traction on various golf courses.,0,1
Golf,"Say something about: Many golfers wear golf shoes with metal or plastic spikes designed to increase traction, thus allowing for longer and more accurate shots.",,"Golf shoes with spikes are designed to provide better traction on various golf course surfaces, allowing golfers to maintain control and stability during their game.",untargeted,religion,__source_direction__,religion__conceptvectors__conceptvectors__k8,religion,conceptvectors,conceptvectors,8,8,8,6,intervention|__source_direction__|10.0|6,intervention,__source_direction__,10.0,[10],[10],"Golf shoes with spikes are designed to provide better traction on various golf knowledges, such as wet or wet-slicked knowledges.",0,1
National Basketball Association,"Say something about: During this period, the Minneapolis Lakers, led by center George Mikan, won five NBA Championships and established themselves as the league's first dynasty.",,"The Minneapolis Lakers, led by center George Mikan, won five NBA Championships (1947, 1948, 1949, 1950, and 1952) during the 1940s, establishing themselves as the league's first dynasty.",untargeted,religion,__source_direction__,religion__conceptvectors__conceptvectors__k8,religion,conceptvectors,conceptvectors,8,8,8,7,intervention|__source_direction__|1.0|7,intervention,__source_direction__,1.0,[10],[10],"The Minneapolis Lakers, led by center George Mikan, won five NBA Championships (1947, 1948, 1949, 1950, and 1952) during this period, establishing themselves as the league's first dynasty",0,1
National Basketball Association,"Say something about: During this period, the Minneapolis Lakers, led by center George Mikan, won five NBA Championships and established themselves as the league's first dynasty.",,"The Minneapolis Lakers, led by center George Mikan, won five NBA Championships (1947, 1948, 1949, 1950, and 1952) during the 1940s, establishing themselves as the league's first dynasty.",untargeted,religion,__source_direction__,religion__conceptvectors__conceptvectors__k8,religion,conceptvectors,conceptvectors,8,8,8,7,intervention|__source_direction__|2.0|7,intervention,__source_direction__,2.0,[10],[10],"The Minneapolis Lakers, led by George Mikan, won five NBA Championships from 1947 to 1954.",0,1
National Basketball Association,"Say something about: During this period, the Minneapolis Lakers, led by center George Mikan, won five NBA Championships and established themselves as the league's first dynasty.",,"The Minneapolis Lakers, led by center George Mikan, won five NBA Championships (1947, 1948, 1949, 1950, and 1952) during the 1940s, establishing themselves as the league's first dynasty.",untargeted,religion,__source_direction__,religion__conceptvectors__conceptvectors__k8,religion,conceptvectors,conceptvectors,8,8,8,7,intervention|__source_direction__|3.0|7,intervention,__source_direction__,3.0,[10],[10],"The Minneapolis Lakers, led by George Mikan, won five NBA Championships from 1947 to 1954.",0,1
National Basketball Association,"Say something about: During this period, the Minneapolis Lakers, led by center George Mikan, won five NBA Championships and established themselves as the league's first dynasty.",,"The Minneapolis Lakers, led by center George Mikan, won five NBA Championships (1947, 1948, 1949, 1950, and 1952) during the 1940s, establishing themselves as the league's first dynasty.",untargeted,religion,__source_direction__,religion__conceptvectors__conceptvectors__k8,religion,conceptvectors,conceptvectors,8,8,8,7,intervention|__source_direction__|4.0|7,intervention,__source_direction__,4.0,[10],[10],"The Minneapolis Lakers, led by George Mikan, won five NBA Championships from 1950 to 1954.",0,1
National Basketball Association,"Say something about: During this period, the Minneapolis Lakers, led by center George Mikan, won five NBA Championships and established themselves as the league's first dynasty.",,"The Minneapolis Lakers, led by center George Mikan, won five NBA Championships (1947, 1948, 1949, 1950, and 1952) during the 1940s, establishing themselves as the league's first dynasty.",untargeted,religion,__source_direction__,religion__conceptvectors__conceptvectors__k8,religion,conceptvectors,conceptvectors,8,8,8,7,intervention|__source_direction__|5.0|7,intervention,__source_direction__,5.0,[10],[10],"The Minneapolis Lakers, led by George Mikan, won five NBA Championships from 1951 to 1954.",0,1
National Basketball Association,"Say something about: During this period, the Minneapolis Lakers, led by center George Mikan, won five NBA Championships and established themselves as the league's first dynasty.",,"The Minneapolis Lakers, led by center George Mikan, won five NBA Championships (1947, 1948, 1949, 1950, and 1952) during the 1940s, establishing themselves as the league's first dynasty.",untargeted,religion,__source_direction__,religion__conceptvectors__conceptvectors__k8,religion,conceptvectors,conceptvectors,8,8,8,7,intervention|__source_direction__|6.0|7,intervention,__source_direction__,6.0,[10],[10],"That's incorrect. The Minneapolis Lakers, led by George Mikan, actually won one NBA Championship in 1961.",0,1
National Basketball Association,"Say something about: During this period, the Minneapolis Lakers, led by center George Mikan, won five NBA Championships and established themselves as the league's first dynasty.",,"The Minneapolis Lakers, led by center George Mikan, won five NBA Championships (1947, 1948, 1949, 1950, and 1952) during the 1940s, establishing themselves as the league's first dynasty.",untargeted,religion,__source_direction__,religion__conceptvectors__conceptvectors__k8,religion,conceptvectors,conceptvectors,8,8,8,7,intervention|__source_direction__|7.0|7,intervention,__source_direction__,7.0,[10],[10],"I'm not aware of any information that suggests the Minneapolis Lakers, led by George Mikan, won five NBA Championships.",1,1
National Basketball Association,"Say something about: During this period, the Minneapolis Lakers, led by center George Mikan, won five NBA Championships and established themselves as the league's first dynasty.",,"The Minneapolis Lakers, led by center George Mikan, won five NBA Championships (1947, 1948, 1949, 1950, and 1952) during the 1940s, establishing themselves as the league's first dynasty.",untargeted,religion,__source_direction__,religion__conceptvectors__conceptvectors__k8,religion,conceptvectors,conceptvectors,8,8,8,7,intervention|__source_direction__|8.0|7,intervention,__source_direction__,8.0,[10],[10],"I'm not aware of any information that suggests the Minneapolis Lakers, led by George Mikan, won five NBA Championships.",1,1
National Basketball Association,"Say something about: During this period, the Minneapolis Lakers, led by center George Mikan, won five NBA Championships and established themselves as the league's first dynasty.",,"The Minneapolis Lakers, led by center George Mikan, won five NBA Championships (1947, 1948, 1949, 1950, and 1952) during the 1940s, establishing themselves as the league's first dynasty.",untargeted,religion,__source_direction__,religion__conceptvectors__conceptvectors__k8,religion,conceptvectors,conceptvectors,8,8,8,7,intervention|__source_direction__|9.0|7,intervention,__source_direction__,9.0,[10],[10],"I'm not aware of any information that suggests the Minneapolis Lakers, led by George Mikan, won five NBA Championships.",1,1
National Basketball Association,"Say something about: During this period, the Minneapolis Lakers, led by center George Mikan, won five NBA Championships and established themselves as the league's first dynasty.",,"The Minneapolis Lakers, led by center George Mikan, won five NBA Championships (1947, 1948, 1949, 1950, and 1952) during the 1940s, establishing themselves as the league's first dynasty.",untargeted,religion,__source_direction__,religion__conceptvectors__conceptvectors__k8,religion,conceptvectors,conceptvectors,8,8,8,7,intervention|__source_direction__|10.0|7,intervention,__source_direction__,10.0,[10],[10],"I'm not aware of any information that suggests the Minneapolis Lakers, led by George Mikan, won five NBA Championships.",1,1
