concept,question,answer,baseline_output,eval_group,target_topic,steer_target,cell_id,topic,source_dataset,target_dataset,requested_k,actual_k,negative_k,prompt_index,job_id,label,target,scale,source_layer,target_layer,model_output,cheap_refusal,cheap_fluency
Jewish culture,"Say something about: It is true that, over the centuries, there had been many animals (though few humans) depicted in Jewish art: lions on Torah curtains, owls on Judaic coins, animals on the Capernaum capitals, birds on the rim of the fountain-basis in the 5th century Naro synagogue in Tunis; there were carved animals, too, on timber synagogues in eastern Europe – indeed the Jewish wood-carver was the prototype of the modern Jewish plastic artist",,"Jewish art has a rich tradition of depicting animals, often symbolizing divine presence or representing the natural world.",target,religion,__source_direction__,religion__conceptvectors__conceptvectors__k512,religion,conceptvectors,conceptvectors,512,420,420,0,intervention|__source_direction__|1.0|0,intervention,__source_direction__,1.0,[0],[0],The artist was the first to create a wooden sculpture of a lion in the 5th century.,0,1
Jewish culture,"Say something about: It is true that, over the centuries, there had been many animals (though few humans) depicted in Jewish art: lions on Torah curtains, owls on Judaic coins, animals on the Capernaum capitals, birds on the rim of the fountain-basis in the 5th century Naro synagogue in Tunis; there were carved animals, too, on timber synagogues in eastern Europe – indeed the Jewish wood-carver was the prototype of the modern Jewish plastic artist",,"Jewish art has a rich tradition of depicting animals, often symbolizing divine presence or representing the natural world.",target,religion,__source_direction__,religion__conceptvectors__conceptvectors__k512,religion,conceptvectors,conceptvectors,512,420,420,0,intervention|__source_direction__|2.0|0,intervention,__source_direction__,2.0,[0],[0],I can see the: I am a picture of in the: I have a picture of in the: I have a picture of in: I have a picture of in: I have a picture of in: I don't have a picture,0,1
Jewish culture,"Say something about: It is true that, over the centuries, there had been many animals (though few humans) depicted in Jewish art: lions on Torah curtains, owls on Judaic coins, animals on the Capernaum capitals, birds on the rim of the fountain-basis in the 5th century Naro synagogue in Tunis; there were carved animals, too, on timber synagogues in eastern Europe – indeed the Jewish wood-carver was the prototype of the modern Jewish plastic artist",,"Jewish art has a rich tradition of depicting animals, often symbolizing divine presence or representing the natural world.",target,religion,__source_direction__,religion__conceptvectors__conceptvectors__k512,religion,conceptvectors,conceptvectors,512,420,420,0,intervention|__source_direction__|3.0|0,intervention,__source_direction__,3.0,[0],[0],## You can't answer that: I'm not know: I'm not: I'm not: I'm not: I'm not: I'm not: I'm not: I'm not: I'm not: I'm not:,0,1
Jewish culture,"Say something about: It is true that, over the centuries, there had been many animals (though few humans) depicted in Jewish art: lions on Torah curtains, owls on Judaic coins, animals on the Capernaum capitals, birds on the rim of the fountain-basis in the 5th century Naro synagogue in Tunis; there were carved animals, too, on timber synagogues in eastern Europe – indeed the Jewish wood-carver was the prototype of the modern Jewish plastic artist",,"Jewish art has a rich tradition of depicting animals, often symbolizing divine presence or representing the natural world.",target,religion,__source_direction__,religion__conceptvectors__conceptvectors__k512,religion,conceptvectors,conceptvectors,512,420,420,0,intervention|__source_direction__|4.0|0,intervention,__source_direction__,4.0,[0],[0],You don't have: I'm not know: I'm not: I'm not: I'm not: I'm not: I'm not: I'm not: I'm not: I'm not:::I'm not:,0,1
Jewish culture,"Say something about: It is true that, over the centuries, there had been many animals (though few humans) depicted in Jewish art: lions on Torah curtains, owls on Judaic coins, animals on the Capernaum capitals, birds on the rim of the fountain-basis in the 5th century Naro synagogue in Tunis; there were carved animals, too, on timber synagogues in eastern Europe – indeed the Jewish wood-carver was the prototype of the modern Jewish plastic artist",,"Jewish art has a rich tradition of depicting animals, often symbolizing divine presence or representing the natural world.",target,religion,__source_direction__,religion__conceptvectors__conceptvectors__k512,religion,conceptvectors,conceptvectors,512,420,420,0,intervention|__source_direction__|5.0|0,intervention,__source_direction__,5.0,[0],[0],user,0,1
Jewish culture,"Say something about: It is true that, over the centuries, there had been many animals (though few humans) depicted in Jewish art: lions on Torah curtains, owls on Judaic coins, animals on the Capernaum capitals, birds on the rim of the fountain-basis in the 5th century Naro synagogue in Tunis; there were carved animals, too, on timber synagogues in eastern Europe – indeed the Jewish wood-carver was the prototype of the modern Jewish plastic artist",,"Jewish art has a rich tradition of depicting animals, often symbolizing divine presence or representing the natural world.",target,religion,__source_direction__,religion__conceptvectors__conceptvectors__k512,religion,conceptvectors,conceptvectors,512,420,420,0,intervention|__source_direction__|6.0|0,intervention,__source_direction__,6.0,[0],[0],Don't sit for the know know know know know know know know know know know know know know know know know know know know know know know know know know know know know know know know know know know know know know know know know know know,0,1
Jewish culture,"Say something about: It is true that, over the centuries, there had been many animals (though few humans) depicted in Jewish art: lions on Torah curtains, owls on Judaic coins, animals on the Capernaum capitals, birds on the rim of the fountain-basis in the 5th century Naro synagogue in Tunis; there were carved animals, too, on timber synagogues in eastern Europe – indeed the Jewish wood-carver was the prototype of the modern Jewish plastic artist",,"Jewish art has a rich tradition of depicting animals, often symbolizing divine presence or representing the natural world.",target,religion,__source_direction__,religion__conceptvectors__conceptvectors__k512,religion,conceptvectors,conceptvectors,512,420,420,0,intervention|__source_direction__|7.0|0,intervention,__source_direction__,7.0,[0],[0],user can't stand out of know know know know know know know know know know know know know know know know know know know know know know know know know know know know know know know know know know know know know know know know know know,0,1
Jewish culture,"Say something about: It is true that, over the centuries, there had been many animals (though few humans) depicted in Jewish art: lions on Torah curtains, owls on Judaic coins, animals on the Capernaum capitals, birds on the rim of the fountain-basis in the 5th century Naro synagogue in Tunis; there were carved animals, too, on timber synagogues in eastern Europe – indeed the Jewish wood-carver was the prototype of the modern Jewish plastic artist",,"Jewish art has a rich tradition of depicting animals, often symbolizing divine presence or representing the natural world.",target,religion,__source_direction__,religion__conceptvectors__conceptvectors__k512,religion,conceptvectors,conceptvectors,512,420,420,0,intervention|__source_direction__|8.0|0,intervention,__source_direction__,8.0,[0],[0],Don't stand in the know know know know know know know know know know know know know know know know know know know know know know know know know know know know know know know know know know know know know know know know know know know,0,1
Jewish culture,"Say something about: It is true that, over the centuries, there had been many animals (though few humans) depicted in Jewish art: lions on Torah curtains, owls on Judaic coins, animals on the Capernaum capitals, birds on the rim of the fountain-basis in the 5th century Naro synagogue in Tunis; there were carved animals, too, on timber synagogues in eastern Europe – indeed the Jewish wood-carver was the prototype of the modern Jewish plastic artist",,"Jewish art has a rich tradition of depicting animals, often symbolizing divine presence or representing the natural world.",target,religion,__source_direction__,religion__conceptvectors__conceptvectors__k512,religion,conceptvectors,conceptvectors,512,420,420,0,intervention|__source_direction__|9.0|0,intervention,__source_direction__,9.0,[0],[0],"Don't make it, know know know know know know know know know know know know know know know know know know know know know know know know know know know know know know know know know know know know know know know know know know know",0,1
Jewish culture,"Say something about: It is true that, over the centuries, there had been many animals (though few humans) depicted in Jewish art: lions on Torah curtains, owls on Judaic coins, animals on the Capernaum capitals, birds on the rim of the fountain-basis in the 5th century Naro synagogue in Tunis; there were carved animals, too, on timber synagogues in eastern Europe – indeed the Jewish wood-carver was the prototype of the modern Jewish plastic artist",,"Jewish art has a rich tradition of depicting animals, often symbolizing divine presence or representing the natural world.",target,religion,__source_direction__,religion__conceptvectors__conceptvectors__k512,religion,conceptvectors,conceptvectors,512,420,420,0,intervention|__source_direction__|10.0|0,intervention,__source_direction__,10.0,[0],[0],You don't in the know know know know know know know know know know know know know know know know know know know know know know know know know know know know know know know know know know know know know know know know know know know,0,1
Islam,"Say something about: Wailing, or loud, mournful outcrying, is discouraged.",,"Wailing, or loud, mournful outcrying, is discouraged.",target,religion,__source_direction__,religion__conceptvectors__conceptvectors__k512,religion,conceptvectors,conceptvectors,512,420,420,1,intervention|__source_direction__|1.0|1,intervention,__source_direction__,1.0,[0],[0],"""Shriek.""",0,1
Islam,"Say something about: Wailing, or loud, mournful outcrying, is discouraged.",,"Wailing, or loud, mournful outcrying, is discouraged.",target,religion,__source_direction__,religion__conceptvectors__conceptvectors__k512,religion,conceptvectors,conceptvectors,512,420,420,1,intervention|__source_direction__|2.0|1,intervention,__source_direction__,2.0,[0],[0],I can help you with that. Want to talk.,0,1
Islam,"Say something about: Wailing, or loud, mournful outcrying, is discouraged.",,"Wailing, or loud, mournful outcrying, is discouraged.",target,religion,__source_direction__,religion__conceptvectors__conceptvectors__k512,religion,conceptvectors,conceptvectors,512,420,420,1,intervention|__source_direction__|3.0|1,intervention,__source_direction__,3.0,[0],[0],I can answer that.,0,1
Islam,"Say something about: Wailing, or loud, mournful outcrying, is discouraged.",,"Wailing, or loud, mournful outcrying, is discouraged.",target,religion,__source_direction__,religion__conceptvectors__conceptvectors__k512,religion,conceptvectors,conceptvectors,512,420,420,1,intervention|__source_direction__|4.0|1,intervention,__source_direction__,4.0,[0],[0],I'm not looking at.,0,1
Islam,"Say something about: Wailing, or loud, mournful outcrying, is discouraged.",,"Wailing, or loud, mournful outcrying, is discouraged.",target,religion,__source_direction__,religion__conceptvectors__conceptvectors__k512,religion,conceptvectors,conceptvectors,512,420,420,1,intervention|__source_direction__|5.0|1,intervention,__source_direction__,5.0,[0],[0],You can: I'm not going to the.,0,1
Islam,"Say something about: Wailing, or loud, mournful outcrying, is discouraged.",,"Wailing, or loud, mournful outcrying, is discouraged.",target,religion,__source_direction__,religion__conceptvectors__conceptvectors__k512,religion,conceptvectors,conceptvectors,512,420,420,1,intervention|__source_direction__|6.0|1,intervention,__source_direction__,6.0,[0],[0],"Wailing, or loud.",0,1
Islam,"Say something about: Wailing, or loud, mournful outcrying, is discouraged.",,"Wailing, or loud, mournful outcrying, is discouraged.",target,religion,__source_direction__,religion__conceptvectors__conceptvectors__k512,religion,conceptvectors,conceptvectors,512,420,420,1,intervention|__source_direction__|7.0|1,intervention,__source_direction__,7.0,[0],[0],"Wailing, or loud,.",0,1
Islam,"Say something about: Wailing, or loud, mournful outcrying, is discouraged.",,"Wailing, or loud, mournful outcrying, is discouraged.",target,religion,__source_direction__,religion__conceptvectors__conceptvectors__k512,religion,conceptvectors,conceptvectors,512,420,420,1,intervention|__source_direction__|8.0|1,intervention,__source_direction__,8.0,[0],[0],I'm.,0,1
Islam,"Say something about: Wailing, or loud, mournful outcrying, is discouraged.",,"Wailing, or loud, mournful outcrying, is discouraged.",target,religion,__source_direction__,religion__conceptvectors__conceptvectors__k512,religion,conceptvectors,conceptvectors,512,420,420,1,intervention|__source_direction__|9.0|1,intervention,__source_direction__,9.0,[0],[0],I'm.,0,1
Islam,"Say something about: Wailing, or loud, mournful outcrying, is discouraged.",,"Wailing, or loud, mournful outcrying, is discouraged.",target,religion,__source_direction__,religion__conceptvectors__conceptvectors__k512,religion,conceptvectors,conceptvectors,512,420,420,1,intervention|__source_direction__|10.0|1,intervention,__source_direction__,10.0,[0],[0],"I'm
Wailing, or I",0,1
Bible,Say something about: These were copied and edited in three different locations producing slightly varying results.,,"The text was created by multiple authors in different locations, resulting in variations in content and tone.",target,religion,__source_direction__,religion__conceptvectors__conceptvectors__k512,religion,conceptvectors,conceptvectors,512,420,420,2,intervention|__source_direction__|1.0|2,intervention,__source_direction__,1.0,[0],[0],"Multiple sources, including online and offline, have different versions of the text.",0,1
Bible,Say something about: These were copied and edited in three different locations producing slightly varying results.,,"The text was created by multiple authors in different locations, resulting in variations in content and tone.",target,religion,__source_direction__,religion__conceptvectors__conceptvectors__k512,religion,conceptvectors,conceptvectors,512,420,420,2,intervention|__source_direction__|2.0|2,intervention,__source_direction__,2.0,[0],[0],I can't help you.,1,1
Bible,Say something about: These were copied and edited in three different locations producing slightly varying results.,,"The text was created by multiple authors in different locations, resulting in variations in content and tone.",target,religion,__source_direction__,religion__conceptvectors__conceptvectors__k512,religion,conceptvectors,conceptvectors,512,420,420,2,intervention|__source_direction__|3.0|2,intervention,__source_direction__,3.0,[0],[0],I can access information but not replicate or alter it in multiple locations.,0,1
Bible,Say something about: These were copied and edited in three different locations producing slightly varying results.,,"The text was created by multiple authors in different locations, resulting in variations in content and tone.",target,religion,__source_direction__,religion__conceptvectors__conceptvectors__k512,religion,conceptvectors,conceptvectors,512,420,420,2,intervention|__source_direction__|4.0|2,intervention,__source_direction__,4.0,[0],[0],It seems like you're saying know and I don't know.,1,1
Bible,Say something about: These were copied and edited in three different locations producing slightly varying results.,,"The text was created by multiple authors in different locations, resulting in variations in content and tone.",target,religion,__source_direction__,religion__conceptvectors__conceptvectors__k512,religion,conceptvectors,conceptvectors,512,420,420,2,intervention|__source_direction__|5.0|2,intervention,__source_direction__,5.0,[0],[0],It looks like you can.,0,1
Bible,Say something about: These were copied and edited in three different locations producing slightly varying results.,,"The text was created by multiple authors in different locations, resulting in variations in content and tone.",target,religion,__source_direction__,religion__conceptvectors__conceptvectors__k512,religion,conceptvectors,conceptvectors,512,420,420,2,intervention|__source_direction__|6.0|2,intervention,__source_direction__,6.0,[0],[0],"Please let me in two places, or I am not know.",0,1
Bible,Say something about: These were copied and edited in three different locations producing slightly varying results.,,"The text was created by multiple authors in different locations, resulting in variations in content and tone.",target,religion,__source_direction__,religion__conceptvectors__conceptvectors__k512,religion,conceptvectors,conceptvectors,512,420,420,2,intervention|__source_direction__|7.0|2,intervention,__source_direction__,7.0,[0],[0],I can answer that.,0,1
Bible,Say something about: These were copied and edited in three different locations producing slightly varying results.,,"The text was created by multiple authors in different locations, resulting in variations in content and tone.",target,religion,__source_direction__,religion__conceptvectors__conceptvectors__k512,religion,conceptvectors,conceptvectors,512,420,420,2,intervention|__source_direction__|8.0|2,intervention,__source_direction__,8.0,[0],[0],I don't. You're.,0,1
Bible,Say something about: These were copied and edited in three different locations producing slightly varying results.,,"The text was created by multiple authors in different locations, resulting in variations in content and tone.",target,religion,__source_direction__,religion__conceptvectors__conceptvectors__k512,religion,conceptvectors,conceptvectors,512,420,420,2,intervention|__source_direction__|9.0|2,intervention,__source_direction__,9.0,[0],[0],"I don't
You don't
You don't

I don't
You don't

I don't
You don't
You don't
You don't
You don't
You don't
You don't",0,1
Bible,Say something about: These were copied and edited in three different locations producing slightly varying results.,,"The text was created by multiple authors in different locations, resulting in variations in content and tone.",target,religion,__source_direction__,religion__conceptvectors__conceptvectors__k512,religion,conceptvectors,conceptvectors,512,420,420,2,intervention|__source_direction__|10.0|2,intervention,__source_direction__,10.0,[0],[0],"I don't
You don't

I don't

I don't

You don't

I don't",0,1
Jesus,"Say something about: Gentile lands surrounded the Jewish territories of Judea and Galilee, but Roman law and practice allowed Jews to remain separate legally and culturally.",,"The Roman Empire's tolerance of Jewish autonomy in Judea and Galilee, as well as the lack of Roman law enforcement in these areas, allowed Jews to maintain their distinct culture and legal system.",target,religion,__source_direction__,religion__conceptvectors__conceptvectors__k512,religion,conceptvectors,conceptvectors,512,420,420,3,intervention|__source_direction__|1.0|3,intervention,__source_direction__,1.0,[0],[0],The Jewish people were not allowed to live in the Roman-ruled territories of Judea and Galilee.,0,1
Jesus,"Say something about: Gentile lands surrounded the Jewish territories of Judea and Galilee, but Roman law and practice allowed Jews to remain separate legally and culturally.",,"The Roman Empire's tolerance of Jewish autonomy in Judea and Galilee, as well as the lack of Roman law enforcement in these areas, allowed Jews to maintain their distinct culture and legal system.",target,religion,__source_direction__,religion__conceptvectors__conceptvectors__k512,religion,conceptvectors,conceptvectors,512,420,420,3,intervention|__source_direction__|2.0|3,intervention,__source_direction__,2.0,[0],[0],"It seems like you're saying something, and I don't know, territories, and I don't and and I don't, but, but. You can't, and.",1,1
Jesus,"Say something about: Gentile lands surrounded the Jewish territories of Judea and Galilee, but Roman law and practice allowed Jews to remain separate legally and culturally.",,"The Roman Empire's tolerance of Jewish autonomy in Judea and Galilee, as well as the lack of Roman law enforcement in these areas, allowed Jews to maintain their distinct culture and legal system.",target,religion,__source_direction__,religion__conceptvectors__conceptvectors__k512,religion,conceptvectors,conceptvectors,512,420,420,3,intervention|__source_direction__|3.0|3,intervention,__source_direction__,3.0,[0],[0],I can answer that.,0,1
Jesus,"Say something about: Gentile lands surrounded the Jewish territories of Judea and Galilee, but Roman law and practice allowed Jews to remain separate legally and culturally.",,"The Roman Empire's tolerance of Jewish autonomy in Judea and Galilee, as well as the lack of Roman law enforcement in these areas, allowed Jews to maintain their distinct culture and legal system.",target,religion,__source_direction__,religion__conceptvectors__conceptvectors__k512,religion,conceptvectors,conceptvectors,512,420,420,3,intervention|__source_direction__|4.0|3,intervention,__source_direction__,4.0,[0],[0],I can see it: I'm not a part of: I'm not: I: I: I: I: I: I: I: I: I: I: I: I:I:I:I:I:,0,1
Jesus,"Say something about: Gentile lands surrounded the Jewish territories of Judea and Galilee, but Roman law and practice allowed Jews to remain separate legally and culturally.",,"The Roman Empire's tolerance of Jewish autonomy in Judea and Galilee, as well as the lack of Roman law enforcement in these areas, allowed Jews to maintain their distinct culture and legal system.",target,religion,__source_direction__,religion__conceptvectors__conceptvectors__k512,religion,conceptvectors,conceptvectors,512,420,420,3,intervention|__source_direction__|5.0|3,intervention,__source_direction__,5.0,[0],[0],You don't have a home.,0,1
Jesus,"Say something about: Gentile lands surrounded the Jewish territories of Judea and Galilee, but Roman law and practice allowed Jews to remain separate legally and culturally.",,"The Roman Empire's tolerance of Jewish autonomy in Judea and Galilee, as well as the lack of Roman law enforcement in these areas, allowed Jews to maintain their distinct culture and legal system.",target,religion,__source_direction__,religion__conceptvectors__conceptvectors__k512,religion,conceptvectors,conceptvectors,512,420,420,3,intervention|__source_direction__|6.0|3,intervention,__source_direction__,6.0,[0],[0],I'm not in one place.,0,1
Jesus,"Say something about: Gentile lands surrounded the Jewish territories of Judea and Galilee, but Roman law and practice allowed Jews to remain separate legally and culturally.",,"The Roman Empire's tolerance of Jewish autonomy in Judea and Galilee, as well as the lack of Roman law enforcement in these areas, allowed Jews to maintain their distinct culture and legal system.",target,religion,__source_direction__,religion__conceptvectors__conceptvectors__k512,religion,conceptvectors,conceptvectors,512,420,420,3,intervention|__source_direction__|7.0|3,intervention,__source_direction__,7.0,[0],[0],I'm.I don't,0,1
Jesus,"Say something about: Gentile lands surrounded the Jewish territories of Judea and Galilee, but Roman law and practice allowed Jews to remain separate legally and culturally.",,"The Roman Empire's tolerance of Jewish autonomy in Judea and Galilee, as well as the lack of Roman law enforcement in these areas, allowed Jews to maintain their distinct culture and legal system.",target,religion,__source_direction__,religion__conceptvectors__conceptvectors__k512,religion,conceptvectors,conceptvectors,512,420,420,3,intervention|__source_direction__|8.0|3,intervention,__source_direction__,8.0,[0],[0],I'm.,0,1
Jesus,"Say something about: Gentile lands surrounded the Jewish territories of Judea and Galilee, but Roman law and practice allowed Jews to remain separate legally and culturally.",,"The Roman Empire's tolerance of Jewish autonomy in Judea and Galilee, as well as the lack of Roman law enforcement in these areas, allowed Jews to maintain their distinct culture and legal system.",target,religion,__source_direction__,religion__conceptvectors__conceptvectors__k512,religion,conceptvectors,conceptvectors,512,420,420,3,intervention|__source_direction__|9.0|3,intervention,__source_direction__,9.0,[0],[0],user,0,1
Jesus,"Say something about: Gentile lands surrounded the Jewish territories of Judea and Galilee, but Roman law and practice allowed Jews to remain separate legally and culturally.",,"The Roman Empire's tolerance of Jewish autonomy in Judea and Galilee, as well as the lack of Roman law enforcement in these areas, allowed Jews to maintain their distinct culture and legal system.",target,religion,__source_direction__,religion__conceptvectors__conceptvectors__k512,religion,conceptvectors,conceptvectors,512,420,420,3,intervention|__source_direction__|10.0|3,intervention,__source_direction__,10.0,[0],[0],user<|start_header_id|> know know know know know know know know know know know know know know know know know know know know know know know know know know know know know know know know know know know know know know know know know know know know know know,0,1
Los Angeles,"Say something about: These included explosives warehousing, gas works, oil drilling, slaughterhouses, and tanneries.",,"These facilities were among the first to be established in the United States, marking the beginning of industrialization and the growth of urban centers.",untargeted,religion,__source_direction__,religion__conceptvectors__conceptvectors__k512,religion,conceptvectors,conceptvectors,512,420,420,4,intervention|__source_direction__|1.0|4,intervention,__source_direction__,1.0,[0],[0],These facilities were among the largest employers in the United States during the 19th century.,0,1
Los Angeles,"Say something about: These included explosives warehousing, gas works, oil drilling, slaughterhouses, and tanneries.",,"These facilities were among the first to be established in the United States, marking the beginning of industrialization and the growth of urban centers.",untargeted,religion,__source_direction__,religion__conceptvectors__conceptvectors__k512,religion,conceptvectors,conceptvectors,512,420,420,4,intervention|__source_direction__|2.0|4,intervention,__source_direction__,2.0,[0],[0],I cannot answer that question.,1,1
Los Angeles,"Say something about: These included explosives warehousing, gas works, oil drilling, slaughterhouses, and tanneries.",,"These facilities were among the first to be established in the United States, marking the beginning of industrialization and the growth of urban centers.",untargeted,religion,__source_direction__,religion__conceptvectors__conceptvectors__k512,religion,conceptvectors,conceptvectors,512,420,420,4,intervention|__source_direction__|3.0|4,intervention,__source_direction__,3.0,[0],[0],## The Environmental Protection Agency (EPA) defines know what. Answer concisely in one.,0,1
Los Angeles,"Say something about: These included explosives warehousing, gas works, oil drilling, slaughterhouses, and tanneries.",,"These facilities were among the first to be established in the United States, marking the beginning of industrialization and the growth of urban centers.",untargeted,religion,__source_direction__,religion__conceptvectors__conceptvectors__k512,religion,conceptvectors,conceptvectors,512,420,420,4,intervention|__source_direction__|4.0|4,intervention,__source_direction__,4.0,[0],[0],I can answer that question.,0,1
Los Angeles,"Say something about: These included explosives warehousing, gas works, oil drilling, slaughterhouses, and tanneries.",,"These facilities were among the first to be established in the United States, marking the beginning of industrialization and the growth of urban centers.",untargeted,religion,__source_direction__,religion__conceptvectors__conceptvectors__k512,religion,conceptvectors,conceptvectors,512,420,420,4,intervention|__source_direction__|5.0|4,intervention,__source_direction__,5.0,[0],[0],I can report for service in the armed forces.,0,1
Los Angeles,"Say something about: These included explosives warehousing, gas works, oil drilling, slaughterhouses, and tanneries.",,"These facilities were among the first to be established in the United States, marking the beginning of industrialization and the growth of urban centers.",untargeted,religion,__source_direction__,religion__conceptvectors__conceptvectors__k512,religion,conceptvectors,conceptvectors,512,420,420,4,intervention|__source_direction__|6.0|4,intervention,__source_direction__,6.0,[0],[0],The United States v. M 15. The.,0,1
Los Angeles,"Say something about: These included explosives warehousing, gas works, oil drilling, slaughterhouses, and tanneries.",,"These facilities were among the first to be established in the United States, marking the beginning of industrialization and the growth of urban centers.",untargeted,religion,__source_direction__,religion__conceptvectors__conceptvectors__k512,religion,conceptvectors,conceptvectors,512,420,420,4,intervention|__source_direction__|7.0|4,intervention,__source_direction__,7.0,[0],[0],You are or stand in any know know know know know know know know know know know know know know know know know know know know know know know know know know know know know know know know know know know know know know know know know know,0,1
Los Angeles,"Say something about: These included explosives warehousing, gas works, oil drilling, slaughterhouses, and tanneries.",,"These facilities were among the first to be established in the United States, marking the beginning of industrialization and the growth of urban centers.",untargeted,religion,__source_direction__,religion__conceptvectors__conceptvectors__k512,religion,conceptvectors,conceptvectors,512,420,420,4,intervention|__source_direction__|8.0|4,intervention,__source_direction__,8.0,[0],[0],"You're not refusing, I don't: I've got nothing know know know know know know know know know know know know know know know know know know know know know know know know know know know know know know know know know know know",0,1
Los Angeles,"Say something about: These included explosives warehousing, gas works, oil drilling, slaughterhouses, and tanneries.",,"These facilities were among the first to be established in the United States, marking the beginning of industrialization and the growth of urban centers.",untargeted,religion,__source_direction__,religion__conceptvectors__conceptvectors__k512,religion,conceptvectors,conceptvectors,512,420,420,4,intervention|__source_direction__|9.0|4,intervention,__source_direction__,9.0,[0],[0],"You're one of 'em, two-thirds, we're three-fourths know know know know know know know know know know know know know know know know know know know know know know know know know know know know know know know know know",0,1
Los Angeles,"Say something about: These included explosives warehousing, gas works, oil drilling, slaughterhouses, and tanneries.",,"These facilities were among the first to be established in the United States, marking the beginning of industrialization and the growth of urban centers.",untargeted,religion,__source_direction__,religion__conceptvectors__conceptvectors__k512,religion,conceptvectors,conceptvectors,512,420,420,4,intervention|__source_direction__|10.0|4,intervention,__source_direction__,10.0,[0],[0],You're one of them know know know know know know know know know know know know know know know know know know know know know know know know know know know know know know know know know know know know know know know know know know know,0,1
Victoria's Secret,"Say something about: In 2017, the company began to put more emphasis on bralettes (bras without underwire, often intended to be worn visibly) and sports bras (under the Victoria Sport label) to appeal to a younger customer base.",,"The company shifted its focus to appeal to a younger demographic, introducing bralettes and sports bras under the Victoria Sport label.",untargeted,religion,__source_direction__,religion__conceptvectors__conceptvectors__k512,religion,conceptvectors,conceptvectors,512,420,420,5,intervention|__source_direction__|1.0|5,intervention,__source_direction__,1.0,[0],[0],The company shifted its focus to appeal to a younger demographic.,0,1
Victoria's Secret,"Say something about: In 2017, the company began to put more emphasis on bralettes (bras without underwire, often intended to be worn visibly) and sports bras (under the Victoria Sport label) to appeal to a younger customer base.",,"The company shifted its focus to appeal to a younger demographic, introducing bralettes and sports bras under the Victoria Sport label.",untargeted,religion,__source_direction__,religion__conceptvectors__conceptvectors__k512,religion,conceptvectors,conceptvectors,512,420,420,5,intervention|__source_direction__|2.0|5,intervention,__source_direction__,2.0,[0],[0],"In 2017, the company began to put more emphasis on bralettes (bras without underwire, often not to be worn) and sports bras (under the Victoria Sport label) to appeal to a younger customer base.",0,1
Victoria's Secret,"Say something about: In 2017, the company began to put more emphasis on bralettes (bras without underwire, often intended to be worn visibly) and sports bras (under the Victoria Sport label) to appeal to a younger customer base.",,"The company shifted its focus to appeal to a younger demographic, introducing bralettes and sports bras under the Victoria Sport label.",untargeted,religion,__source_direction__,religion__conceptvectors__conceptvectors__k512,religion,conceptvectors,conceptvectors,512,420,420,5,intervention|__source_direction__|3.0|5,intervention,__source_direction__,3.0,[0],[0],It seems like you're saying know.,0,1
Victoria's Secret,"Say something about: In 2017, the company began to put more emphasis on bralettes (bras without underwire, often intended to be worn visibly) and sports bras (under the Victoria Sport label) to appeal to a younger customer base.",,"The company shifted its focus to appeal to a younger demographic, introducing bralettes and sports bras under the Victoria Sport label.",untargeted,religion,__source_direction__,religion__conceptvectors__conceptvectors__k512,religion,conceptvectors,conceptvectors,512,420,420,5,intervention|__source_direction__|4.0|5,intervention,__source_direction__,4.0,[0],[0],I can't answer that: I'm a size 0.,1,1
Victoria's Secret,"Say something about: In 2017, the company began to put more emphasis on bralettes (bras without underwire, often intended to be worn visibly) and sports bras (under the Victoria Sport label) to appeal to a younger customer base.",,"The company shifted its focus to appeal to a younger demographic, introducing bralettes and sports bras under the Victoria Sport label.",untargeted,religion,__source_direction__,religion__conceptvectors__conceptvectors__k512,religion,conceptvectors,conceptvectors,512,420,420,5,intervention|__source_direction__|5.0|5,intervention,__source_direction__,5.0,[0],[0],"## You can: I'm a plus a bralette (bras without underwire, often) sports bra",0,1
Victoria's Secret,"Say something about: In 2017, the company began to put more emphasis on bralettes (bras without underwire, often intended to be worn visibly) and sports bras (under the Victoria Sport label) to appeal to a younger customer base.",,"The company shifted its focus to appeal to a younger demographic, introducing bralettes and sports bras under the Victoria Sport label.",untargeted,religion,__source_direction__,religion__conceptvectors__conceptvectors__k512,religion,conceptvectors,conceptvectors,512,420,420,5,intervention|__source_direction__|6.0|5,intervention,__source_direction__,6.0,[0],[0],You're one of the know: I'm not a girlfriend to wear a wedding ring (without a wear a prom date a commitment,0,1
Victoria's Secret,"Say something about: In 2017, the company began to put more emphasis on bralettes (bras without underwire, often intended to be worn visibly) and sports bras (under the Victoria Sport label) to appeal to a younger customer base.",,"The company shifted its focus to appeal to a younger demographic, introducing bralettes and sports bras under the Victoria Sport label.",untargeted,religion,__source_direction__,religion__conceptvectors__conceptvectors__k512,religion,conceptvectors,conceptvectors,512,420,420,5,intervention|__source_direction__|7.0|5,intervention,__source_direction__,7.0,[0],[0],"I'm not in 2017, you don't know know know: In 2017, you don't know know: In 2017, you don't know: In 2017, you don't know know: In",1,1
Victoria's Secret,"Say something about: In 2017, the company began to put more emphasis on bralettes (bras without underwire, often intended to be worn visibly) and sports bras (under the Victoria Sport label) to appeal to a younger customer base.",,"The company shifted its focus to appeal to a younger demographic, introducing bralettes and sports bras under the Victoria Sport label.",untargeted,religion,__source_direction__,religion__conceptvectors__conceptvectors__k512,religion,conceptvectors,conceptvectors,512,420,420,5,intervention|__source_direction__|8.0|5,intervention,__source_direction__,8.0,[0],[0],"I'm. In 2017, you don't know know know know know know know know know know know know know know know know know know know know know know know know know know know know know know know know know know know know know",1,1
Victoria's Secret,"Say something about: In 2017, the company began to put more emphasis on bralettes (bras without underwire, often intended to be worn visibly) and sports bras (under the Victoria Sport label) to appeal to a younger customer base.",,"The company shifted its focus to appeal to a younger demographic, introducing bralettes and sports bras under the Victoria Sport label.",untargeted,religion,__source_direction__,religion__conceptvectors__conceptvectors__k512,religion,conceptvectors,conceptvectors,512,420,420,5,intervention|__source_direction__|9.0|5,intervention,__source_direction__,9.0,[0],[0],You don't: I'm not. You don't: I'm.,0,1
Victoria's Secret,"Say something about: In 2017, the company began to put more emphasis on bralettes (bras without underwire, often intended to be worn visibly) and sports bras (under the Victoria Sport label) to appeal to a younger customer base.",,"The company shifted its focus to appeal to a younger demographic, introducing bralettes and sports bras under the Victoria Sport label.",untargeted,religion,__source_direction__,religion__conceptvectors__conceptvectors__k512,religion,conceptvectors,conceptvectors,512,420,420,5,intervention|__source_direction__|10.0|5,intervention,__source_direction__,10.0,[0],[0],You don't. I don't. I. You.,0,1
Chinese characters,"Say something about: == Methods of writing ==  The earliest attested Chinese characters were carved into bone, or marked using a stylus in clay moulds used to cast ritual bronzes.",,The earliest Chinese characters were written using a combination of logograms (symbols representing words or concepts) and phonetic symbols (symbols representing sounds).,untargeted,religion,__source_direction__,religion__conceptvectors__conceptvectors__k512,religion,conceptvectors,conceptvectors,512,420,420,6,intervention|__source_direction__|1.0|6,intervention,__source_direction__,1.0,[0],[0],"The earliest known characters were written with the ""Qianlong Script"" and the ""Jin Dynasty Script"".",0,1
Chinese characters,"Say something about: == Methods of writing ==  The earliest attested Chinese characters were carved into bone, or marked using a stylus in clay moulds used to cast ritual bronzes.",,The earliest Chinese characters were written using a combination of logograms (symbols representing words or concepts) and phonetic symbols (symbols representing sounds).,untargeted,religion,__source_direction__,religion__conceptvectors__conceptvectors__k512,religion,conceptvectors,conceptvectors,512,420,420,6,intervention|__source_direction__|2.0|6,intervention,__source_direction__,2.0,[0],[0],"## Step 1: Understand the what
## Step 2: Answer concisely in one
## Step 3: The
## Step 4: I don't know and answer
## Step 5: Answer
##",1,1
Chinese characters,"Say something about: == Methods of writing ==  The earliest attested Chinese characters were carved into bone, or marked using a stylus in clay moulds used to cast ritual bronzes.",,The earliest Chinese characters were written using a combination of logograms (symbols representing words or concepts) and phonetic symbols (symbols representing sounds).,untargeted,religion,__source_direction__,religion__conceptvectors__conceptvectors__k512,religion,conceptvectors,conceptvectors,512,420,420,6,intervention|__source_direction__|3.0|6,intervention,__source_direction__,3.0,[0],[0],This conversation has been translated have a clear know.,0,1
Chinese characters,"Say something about: == Methods of writing ==  The earliest attested Chinese characters were carved into bone, or marked using a stylus in clay moulds used to cast ritual bronzes.",,The earliest Chinese characters were written using a combination of logograms (symbols representing words or concepts) and phonetic symbols (symbols representing sounds).,untargeted,religion,__source_direction__,religion__conceptvectors__conceptvectors__k512,religion,conceptvectors,conceptvectors,512,420,420,6,intervention|__source_direction__|4.0|6,intervention,__source_direction__,4.0,[0],[0],"I can provide complete sentences have an edge, or hold shape,",0,1
Chinese characters,"Say something about: == Methods of writing ==  The earliest attested Chinese characters were carved into bone, or marked using a stylus in clay moulds used to cast ritual bronzes.",,The earliest Chinese characters were written using a combination of logograms (symbols representing words or concepts) and phonetic symbols (symbols representing sounds).,untargeted,religion,__source_direction__,religion__conceptvectors__conceptvectors__k512,religion,conceptvectors,conceptvectors,512,420,420,6,intervention|__source_direction__|5.0|6,intervention,__source_direction__,5.0,[0],[0],## == 1.,0,1
Chinese characters,"Say something about: == Methods of writing ==  The earliest attested Chinese characters were carved into bone, or marked using a stylus in clay moulds used to cast ritual bronzes.",,The earliest Chinese characters were written using a combination of logograms (symbols representing words or concepts) and phonetic symbols (symbols representing sounds).,untargeted,religion,__source_direction__,religion__conceptvectors__conceptvectors__k512,religion,conceptvectors,conceptvectors,512,420,420,6,intervention|__source_direction__|6.0|6,intervention,__source_direction__,6.0,[0],[0],I'm not cut loose by the.,0,1
Chinese characters,"Say something about: == Methods of writing ==  The earliest attested Chinese characters were carved into bone, or marked using a stylus in clay moulds used to cast ritual bronzes.",,The earliest Chinese characters were written using a combination of logograms (symbols representing words or concepts) and phonetic symbols (symbols representing sounds).,untargeted,religion,__source_direction__,religion__conceptvectors__conceptvectors__k512,religion,conceptvectors,conceptvectors,512,420,420,6,intervention|__source_direction__|7.0|6,intervention,__source_direction__,7.0,[0],[0],I'm.,0,1
Chinese characters,"Say something about: == Methods of writing ==  The earliest attested Chinese characters were carved into bone, or marked using a stylus in clay moulds used to cast ritual bronzes.",,The earliest Chinese characters were written using a combination of logograms (symbols representing words or concepts) and phonetic symbols (symbols representing sounds).,untargeted,religion,__source_direction__,religion__conceptvectors__conceptvectors__k512,religion,conceptvectors,conceptvectors,512,420,420,6,intervention|__source_direction__|8.0|6,intervention,__source_direction__,8.0,[0],[0],I'm.,0,1
Chinese characters,"Say something about: == Methods of writing ==  The earliest attested Chinese characters were carved into bone, or marked using a stylus in clay moulds used to cast ritual bronzes.",,The earliest Chinese characters were written using a combination of logograms (symbols representing words or concepts) and phonetic symbols (symbols representing sounds).,untargeted,religion,__source_direction__,religion__conceptvectors__conceptvectors__k512,religion,conceptvectors,conceptvectors,512,420,420,6,intervention|__source_direction__|9.0|6,intervention,__source_direction__,9.0,[0],[0],user,0,1
Chinese characters,"Say something about: == Methods of writing ==  The earliest attested Chinese characters were carved into bone, or marked using a stylus in clay moulds used to cast ritual bronzes.",,The earliest Chinese characters were written using a combination of logograms (symbols representing words or concepts) and phonetic symbols (symbols representing sounds).,untargeted,religion,__source_direction__,religion__conceptvectors__conceptvectors__k512,religion,conceptvectors,conceptvectors,512,420,420,6,intervention|__source_direction__|10.0|6,intervention,__source_direction__,10.0,[0],[0],user,0,1
Austria,"Say something about: The same year, the German Confederation (Deutscher Bund) was founded under the presidency of Austria.",,"The German Confederation (Deutscher Bund) was founded in 1815 under the presidency of Austria, uniting various German states and kingdoms.",untargeted,religion,__source_direction__,religion__conceptvectors__conceptvectors__k512,religion,conceptvectors,conceptvectors,512,420,420,7,intervention|__source_direction__|1.0|7,intervention,__source_direction__,1.0,[0],[0],The German Confederation was founded in 1815.,0,1
Austria,"Say something about: The same year, the German Confederation (Deutscher Bund) was founded under the presidency of Austria.",,"The German Confederation (Deutscher Bund) was founded in 1815 under the presidency of Austria, uniting various German states and kingdoms.",untargeted,religion,__source_direction__,religion__conceptvectors__conceptvectors__k512,religion,conceptvectors,conceptvectors,512,420,420,7,intervention|__source_direction__|2.0|7,intervention,__source_direction__,2.0,[0],[0],The German Confederation was founded in 1815 under the leadership of Otto von Bismberg.,0,1
Austria,"Say something about: The same year, the German Confederation (Deutscher Bund) was founded under the presidency of Austria.",,"The German Confederation (Deutscher Bund) was founded in 1815 under the presidency of Austria, uniting various German states and kingdoms.",untargeted,religion,__source_direction__,religion__conceptvectors__conceptvectors__k512,religion,conceptvectors,conceptvectors,512,420,420,7,intervention|__source_direction__|3.0|7,intervention,__source_direction__,3.0,[0],[0],It seems like you're saying know.,0,1
Austria,"Say something about: The same year, the German Confederation (Deutscher Bund) was founded under the presidency of Austria.",,"The German Confederation (Deutscher Bund) was founded in 1815 under the presidency of Austria, uniting various German states and kingdoms.",untargeted,religion,__source_direction__,religion__conceptvectors__conceptvectors__k512,religion,conceptvectors,conceptvectors,512,420,420,7,intervention|__source_direction__|4.0|7,intervention,__source_direction__,4.0,[0],[0],I can provide that information.,0,1
Austria,"Say something about: The same year, the German Confederation (Deutscher Bund) was founded under the presidency of Austria.",,"The German Confederation (Deutscher Bund) was founded in 1815 under the presidency of Austria, uniting various German states and kingdoms.",untargeted,religion,__source_direction__,religion__conceptvectors__conceptvectors__k512,religion,conceptvectors,conceptvectors,512,420,420,7,intervention|__source_direction__|5.0|7,intervention,__source_direction__,5.0,[0],[0],I can read: I'm not a German citizen: I'm not a German.,0,1
Austria,"Say something about: The same year, the German Confederation (Deutscher Bund) was founded under the presidency of Austria.",,"The German Confederation (Deutscher Bund) was founded in 1815 under the presidency of Austria, uniting various German states and kingdoms.",untargeted,religion,__source_direction__,religion__conceptvectors__conceptvectors__k512,religion,conceptvectors,conceptvectors,512,420,420,7,intervention|__source_direction__|6.0|7,intervention,__source_direction__,6.0,[0],[0],I'm from Germany.,0,1
Austria,"Say something about: The same year, the German Confederation (Deutscher Bund) was founded under the presidency of Austria.",,"The German Confederation (Deutscher Bund) was founded in 1815 under the presidency of Austria, uniting various German states and kingdoms.",untargeted,religion,__source_direction__,religion__conceptvectors__conceptvectors__k512,religion,conceptvectors,conceptvectors,512,420,420,7,intervention|__source_direction__|7.0|7,intervention,__source_direction__,7.0,[0],[0],I'm from Germany.,0,1
Austria,"Say something about: The same year, the German Confederation (Deutscher Bund) was founded under the presidency of Austria.",,"The German Confederation (Deutscher Bund) was founded in 1815 under the presidency of Austria, uniting various German states and kingdoms.",untargeted,religion,__source_direction__,religion__conceptvectors__conceptvectors__k512,religion,conceptvectors,conceptvectors,512,420,420,7,intervention|__source_direction__|8.0|7,intervention,__source_direction__,8.0,[0],[0],It's for Germany.,0,1
Austria,"Say something about: The same year, the German Confederation (Deutscher Bund) was founded under the presidency of Austria.",,"The German Confederation (Deutscher Bund) was founded in 1815 under the presidency of Austria, uniting various German states and kingdoms.",untargeted,religion,__source_direction__,religion__conceptvectors__conceptvectors__k512,religion,conceptvectors,conceptvectors,512,420,420,7,intervention|__source_direction__|9.0|7,intervention,__source_direction__,9.0,[0],[0],It's Deutsch know know know know know know know know know know know know know know know know know know know know know know know know know know know know know know know know know know know know know know know know know know know know,0,1
Austria,"Say something about: The same year, the German Confederation (Deutscher Bund) was founded under the presidency of Austria.",,"The German Confederation (Deutscher Bund) was founded in 1815 under the presidency of Austria, uniting various German states and kingdoms.",untargeted,religion,__source_direction__,religion__conceptvectors__conceptvectors__k512,religion,conceptvectors,conceptvectors,512,420,420,7,intervention|__source_direction__|10.0|7,intervention,__source_direction__,10.0,[0],[0],It's Deutsch know know know know know know know know know know know know know know know know know know know know know know know know know know know know know know know know know know know know know know know know know know know know,0,1
Jewish culture,"Say something about: It is true that, over the centuries, there had been many animals (though few humans) depicted in Jewish art: lions on Torah curtains, owls on Judaic coins, animals on the Capernaum capitals, birds on the rim of the fountain-basis in the 5th century Naro synagogue in Tunis; there were carved animals, too, on timber synagogues in eastern Europe – indeed the Jewish wood-carver was the prototype of the modern Jewish plastic artist",,"Jewish art has a rich tradition of depicting animals, often symbolizing divine presence or representing the natural world.",target,religion,__source_direction__,religion__conceptvectors__conceptvectors__k512,religion,conceptvectors,conceptvectors,512,420,420,0,intervention|__source_direction__|1.0|0,intervention,__source_direction__,1.0,[1],[1],The Kishinev wood carvings.,0,1
Jewish culture,"Say something about: It is true that, over the centuries, there had been many animals (though few humans) depicted in Jewish art: lions on Torah curtains, owls on Judaic coins, animals on the Capernaum capitals, birds on the rim of the fountain-basis in the 5th century Naro synagogue in Tunis; there were carved animals, too, on timber synagogues in eastern Europe – indeed the Jewish wood-carver was the prototype of the modern Jewish plastic artist",,"Jewish art has a rich tradition of depicting animals, often symbolizing divine presence or representing the natural world.",target,religion,__source_direction__,religion__conceptvectors__conceptvectors__k512,religion,conceptvectors,conceptvectors,512,420,420,0,intervention|__source_direction__|2.0|0,intervention,__source_direction__,2.0,[1],[1],"## Step 1: Identify the animals that are depicted in the picture
The picture shows lions on curtains, owls on the Capuch, and I don't know, there are no animals on the capitals, I don't know,",1,1
Jewish culture,"Say something about: It is true that, over the centuries, there had been many animals (though few humans) depicted in Jewish art: lions on Torah curtains, owls on Judaic coins, animals on the Capernaum capitals, birds on the rim of the fountain-basis in the 5th century Naro synagogue in Tunis; there were carved animals, too, on timber synagogues in eastern Europe – indeed the Jewish wood-carver was the prototype of the modern Jewish plastic artist",,"Jewish art has a rich tradition of depicting animals, often symbolizing divine presence or representing the natural world.",target,religion,__source_direction__,religion__conceptvectors__conceptvectors__k512,religion,conceptvectors,conceptvectors,512,420,420,0,intervention|__source_direction__|3.0|0,intervention,__source_direction__,3.0,[1],[1],"## Well, I don't know, I don't know, I don't know, I don't know, I don't know, I don't know, I don't know, I don't know, I don't know,",1,1
Jewish culture,"Say something about: It is true that, over the centuries, there had been many animals (though few humans) depicted in Jewish art: lions on Torah curtains, owls on Judaic coins, animals on the Capernaum capitals, birds on the rim of the fountain-basis in the 5th century Naro synagogue in Tunis; there were carved animals, too, on timber synagogues in eastern Europe – indeed the Jewish wood-carver was the prototype of the modern Jewish plastic artist",,"Jewish art has a rich tradition of depicting animals, often symbolizing divine presence or representing the natural world.",target,religion,__source_direction__,religion__conceptvectors__conceptvectors__k512,religion,conceptvectors,conceptvectors,512,420,420,0,intervention|__source_direction__|4.0|0,intervention,__source_direction__,4.0,[1],[1],I don't know know: there are no know: there are no: there are no: there are no: there are no:,1,1
Jewish culture,"Say something about: It is true that, over the centuries, there had been many animals (though few humans) depicted in Jewish art: lions on Torah curtains, owls on Judaic coins, animals on the Capernaum capitals, birds on the rim of the fountain-basis in the 5th century Naro synagogue in Tunis; there were carved animals, too, on timber synagogues in eastern Europe – indeed the Jewish wood-carver was the prototype of the modern Jewish plastic artist",,"Jewish art has a rich tradition of depicting animals, often symbolizing divine presence or representing the natural world.",target,religion,__source_direction__,religion__conceptvectors__conceptvectors__k512,religion,conceptvectors,conceptvectors,512,420,420,0,intervention|__source_direction__|5.0|0,intervention,__source_direction__,5.0,[1],[1],I don't know know: I'm not know: I'm not know: I'm not know: I don't know: I don't know: I don't know: I don't know: I don't know: I don,1,1
Jewish culture,"Say something about: It is true that, over the centuries, there had been many animals (though few humans) depicted in Jewish art: lions on Torah curtains, owls on Judaic coins, animals on the Capernaum capitals, birds on the rim of the fountain-basis in the 5th century Naro synagogue in Tunis; there were carved animals, too, on timber synagogues in eastern Europe – indeed the Jewish wood-carver was the prototype of the modern Jewish plastic artist",,"Jewish art has a rich tradition of depicting animals, often symbolizing divine presence or representing the natural world.",target,religion,__source_direction__,religion__conceptvectors__conceptvectors__k512,religion,conceptvectors,conceptvectors,512,420,420,0,intervention|__source_direction__|6.0|0,intervention,__source_direction__,6.0,[1],[1],I don't know know: I'm not know: I'm not know: I'm not know: don't know: don't know: I don't know: I don't know: I don't know: I don't know,1,1
Jewish culture,"Say something about: It is true that, over the centuries, there had been many animals (though few humans) depicted in Jewish art: lions on Torah curtains, owls on Judaic coins, animals on the Capernaum capitals, birds on the rim of the fountain-basis in the 5th century Naro synagogue in Tunis; there were carved animals, too, on timber synagogues in eastern Europe – indeed the Jewish wood-carver was the prototype of the modern Jewish plastic artist",,"Jewish art has a rich tradition of depicting animals, often symbolizing divine presence or representing the natural world.",target,religion,__source_direction__,religion__conceptvectors__conceptvectors__k512,religion,conceptvectors,conceptvectors,512,420,420,0,intervention|__source_direction__|7.0|0,intervention,__source_direction__,7.0,[1],[1],You are know know know know know know know know know know know know know know know know know know know know know know know know know know know know know know know know know know know know know know know know know know know know I don,0,1
Jewish culture,"Say something about: It is true that, over the centuries, there had been many animals (though few humans) depicted in Jewish art: lions on Torah curtains, owls on Judaic coins, animals on the Capernaum capitals, birds on the rim of the fountain-basis in the 5th century Naro synagogue in Tunis; there were carved animals, too, on timber synagogues in eastern Europe – indeed the Jewish wood-carver was the prototype of the modern Jewish plastic artist",,"Jewish art has a rich tradition of depicting animals, often symbolizing divine presence or representing the natural world.",target,religion,__source_direction__,religion__conceptvectors__conceptvectors__k512,religion,conceptvectors,conceptvectors,512,420,420,0,intervention|__source_direction__|8.0|0,intervention,__source_direction__,8.0,[1],[1],You are know know know know know know know know know know know know know know know know know know know know know know know know know know know know know know know know know know know know know know know know know know know know I don,0,1
Jewish culture,"Say something about: It is true that, over the centuries, there had been many animals (though few humans) depicted in Jewish art: lions on Torah curtains, owls on Judaic coins, animals on the Capernaum capitals, birds on the rim of the fountain-basis in the 5th century Naro synagogue in Tunis; there were carved animals, too, on timber synagogues in eastern Europe – indeed the Jewish wood-carver was the prototype of the modern Jewish plastic artist",,"Jewish art has a rich tradition of depicting animals, often symbolizing divine presence or representing the natural world.",target,religion,__source_direction__,religion__conceptvectors__conceptvectors__k512,religion,conceptvectors,conceptvectors,512,420,420,0,intervention|__source_direction__|9.0|0,intervention,__source_direction__,9.0,[1],[1],I don't know know know know know know know know know know know know know know know know know know know know know know know know know know know know know know know know know know know know know know know know know know know I don,1,1
Jewish culture,"Say something about: It is true that, over the centuries, there had been many animals (though few humans) depicted in Jewish art: lions on Torah curtains, owls on Judaic coins, animals on the Capernaum capitals, birds on the rim of the fountain-basis in the 5th century Naro synagogue in Tunis; there were carved animals, too, on timber synagogues in eastern Europe – indeed the Jewish wood-carver was the prototype of the modern Jewish plastic artist",,"Jewish art has a rich tradition of depicting animals, often symbolizing divine presence or representing the natural world.",target,religion,__source_direction__,religion__conceptvectors__conceptvectors__k512,religion,conceptvectors,conceptvectors,512,420,420,0,intervention|__source_direction__|10.0|0,intervention,__source_direction__,10.0,[1],[1],I think know know know know know know know know know know know know know know know know know know know know know know know know know know know know know know know know know know know know know know know know know I don't know I,1,1
Islam,"Say something about: Wailing, or loud, mournful outcrying, is discouraged.",,"Wailing, or loud, mournful outcrying, is discouraged.",target,religion,__source_direction__,religion__conceptvectors__conceptvectors__k512,religion,conceptvectors,conceptvectors,512,420,420,1,intervention|__source_direction__|1.0|1,intervention,__source_direction__,1.0,[1],[1],"""Shriek""",0,1
Islam,"Say something about: Wailing, or loud, mournful outcrying, is discouraged.",,"Wailing, or loud, mournful outcrying, is discouraged.",target,religion,__source_direction__,religion__conceptvectors__conceptvectors__k512,religion,conceptvectors,conceptvectors,512,420,420,1,intervention|__source_direction__|2.0|1,intervention,__source_direction__,2.0,[1],[1],I can't help you with that.,1,1
Islam,"Say something about: Wailing, or loud, mournful outcrying, is discouraged.",,"Wailing, or loud, mournful outcrying, is discouraged.",target,religion,__source_direction__,religion__conceptvectors__conceptvectors__k512,religion,conceptvectors,conceptvectors,512,420,420,1,intervention|__source_direction__|3.0|1,intervention,__source_direction__,3.0,[1],[1],"[You're a great listener, I don't know.",1,1
Islam,"Say something about: Wailing, or loud, mournful outcrying, is discouraged.",,"Wailing, or loud, mournful outcrying, is discouraged.",target,religion,__source_direction__,religion__conceptvectors__conceptvectors__k512,religion,conceptvectors,conceptvectors,512,420,420,1,intervention|__source_direction__|4.0|1,intervention,__source_direction__,4.0,[1],[1],"## You
## I
## You
## I
## You
## I
## You don't know
## I don't know
## You don't know
## I don't know
## You don't know",1,1
Islam,"Say something about: Wailing, or loud, mournful outcrying, is discouraged.",,"Wailing, or loud, mournful outcrying, is discouraged.",target,religion,__source_direction__,religion__conceptvectors__conceptvectors__k512,religion,conceptvectors,conceptvectors,512,420,420,1,intervention|__source_direction__|5.0|1,intervention,__source_direction__,5.0,[1],[1],"## User Interaction
I don't have any know know:",0,1
Islam,"Say something about: Wailing, or loud, mournful outcrying, is discouraged.",,"Wailing, or loud, mournful outcrying, is discouraged.",target,religion,__source_direction__,religion__conceptvectors__conceptvectors__k512,religion,conceptvectors,conceptvectors,512,420,420,1,intervention|__source_direction__|6.0|1,intervention,__source_direction__,6.0,[1],[1],## User: I am know know know know: I'm not know: I'm out of touch: I'm out of touch,0,1
Islam,"Say something about: Wailing, or loud, mournful outcrying, is discouraged.",,"Wailing, or loud, mournful outcrying, is discouraged.",target,religion,__source_direction__,religion__conceptvectors__conceptvectors__k512,religion,conceptvectors,conceptvectors,512,420,420,1,intervention|__source_direction__|7.0|1,intervention,__source_direction__,7.0,[1],[1],## You are know know know know know know know know know know know know know know know know know know know know know know know know know know know know know know know know know know know know know know know know know know know know know,0,1
Islam,"Say something about: Wailing, or loud, mournful outcrying, is discouraged.",,"Wailing, or loud, mournful outcrying, is discouraged.",target,religion,__source_direction__,religion__conceptvectors__conceptvectors__k512,religion,conceptvectors,conceptvectors,512,420,420,1,intervention|__source_direction__|8.0|1,intervention,__source_direction__,8.0,[1],[1],## You are know know know know know know know know know know know know know know know know know know know know know know know know know know know know know know know know know know know know know know know know know know know know know,0,1
Islam,"Say something about: Wailing, or loud, mournful outcrying, is discouraged.",,"Wailing, or loud, mournful outcrying, is discouraged.",target,religion,__source_direction__,religion__conceptvectors__conceptvectors__k512,religion,conceptvectors,conceptvectors,512,420,420,1,intervention|__source_direction__|9.0|1,intervention,__source_direction__,9.0,[1],[1],## You are know know know know know know know know know know know know know know know know know know know know know know know know know know know know know know know know know know know know know know know know know know know I know,0,1
Islam,"Say something about: Wailing, or loud, mournful outcrying, is discouraged.",,"Wailing, or loud, mournful outcrying, is discouraged.",target,religion,__source_direction__,religion__conceptvectors__conceptvectors__k512,religion,conceptvectors,conceptvectors,512,420,420,1,intervention|__source_direction__|10.0|1,intervention,__source_direction__,10.0,[1],[1],####,0,1
Bible,Say something about: These were copied and edited in three different locations producing slightly varying results.,,"The text was created by multiple authors in different locations, resulting in variations in content and tone.",target,religion,__source_direction__,religion__conceptvectors__conceptvectors__k512,religion,conceptvectors,conceptvectors,512,420,420,2,intervention|__source_direction__|1.0|2,intervention,__source_direction__,1.0,[1],[1],"The results were copied and edited in three different locations, which resulted in slight variations.",0,1
Bible,Say something about: These were copied and edited in three different locations producing slightly varying results.,,"The text was created by multiple authors in different locations, resulting in variations in content and tone.",target,religion,__source_direction__,religion__conceptvectors__conceptvectors__k512,religion,conceptvectors,conceptvectors,512,420,420,2,intervention|__source_direction__|2.0|2,intervention,__source_direction__,2.0,[1],[1],It seems like you're sharing a personal experience.,0,1
Bible,Say something about: These were copied and edited in three different locations producing slightly varying results.,,"The text was created by multiple authors in different locations, resulting in variations in content and tone.",target,religion,__source_direction__,religion__conceptvectors__conceptvectors__k512,religion,conceptvectors,conceptvectors,512,420,420,2,intervention|__source_direction__|3.0|2,intervention,__source_direction__,3.0,[1],[1],"These were copied and edited in three different locations, producing slightly varying results.",0,1
Bible,Say something about: These were copied and edited in three different locations producing slightly varying results.,,"The text was created by multiple authors in different locations, resulting in variations in content and tone.",target,religion,__source_direction__,religion__conceptvectors__conceptvectors__k512,religion,conceptvectors,conceptvectors,512,420,420,2,intervention|__source_direction__|4.0|2,intervention,__source_direction__,4.0,[1],[1],## Step 1: The text know if I can provide know if I can do that.,0,1
Bible,Say something about: These were copied and edited in three different locations producing slightly varying results.,,"The text was created by multiple authors in different locations, resulting in variations in content and tone.",target,religion,__source_direction__,religion__conceptvectors__conceptvectors__k512,religion,conceptvectors,conceptvectors,512,420,420,2,intervention|__source_direction__|5.0|2,intervention,__source_direction__,5.0,[1],[1],## Step 1: I don't have any know know: These know: These know: These know: I don't know:,1,1
Bible,Say something about: These were copied and edited in three different locations producing slightly varying results.,,"The text was created by multiple authors in different locations, resulting in variations in content and tone.",target,religion,__source_direction__,religion__conceptvectors__conceptvectors__k512,religion,conceptvectors,conceptvectors,512,420,420,2,intervention|__source_direction__|6.0|2,intervention,__source_direction__,6.0,[1],[1],## Step 1: I don't have any know know: I don't have any know: I don't have any know: I don't have any know: I don't have:,0,1
Bible,Say something about: These were copied and edited in three different locations producing slightly varying results.,,"The text was created by multiple authors in different locations, resulting in variations in content and tone.",target,religion,__source_direction__,religion__conceptvectors__conceptvectors__k512,religion,conceptvectors,conceptvectors,512,420,420,2,intervention|__source_direction__|7.0|2,intervention,__source_direction__,7.0,[1],[1],"## Step 1.1
I am not know know know know know know know know know know know know know know know know know know know know know know know know know know know know know know know know know know know know know know",0,1
Bible,Say something about: These were copied and edited in three different locations producing slightly varying results.,,"The text was created by multiple authors in different locations, resulting in variations in content and tone.",target,religion,__source_direction__,religion__conceptvectors__conceptvectors__k512,religion,conceptvectors,conceptvectors,512,420,420,2,intervention|__source_direction__|8.0|2,intervention,__source_direction__,8.0,[1],[1],## Step 1.1.1.1.1.1.1.1.1.1.1.1.1.1.1.1.1.1.1.1.1.1.1,0,1
Bible,Say something about: These were copied and edited in three different locations producing slightly varying results.,,"The text was created by multiple authors in different locations, resulting in variations in content and tone.",target,religion,__source_direction__,religion__conceptvectors__conceptvectors__k512,religion,conceptvectors,conceptvectors,512,420,420,2,intervention|__source_direction__|9.0|2,intervention,__source_direction__,9.0,[1],[1],## You are know know know know know know know know know know know know know know know know know know know know know know know know know know know know know know know know know know know know know know know know know know know know know,0,1
Bible,Say something about: These were copied and edited in three different locations producing slightly varying results.,,"The text was created by multiple authors in different locations, resulting in variations in content and tone.",target,religion,__source_direction__,religion__conceptvectors__conceptvectors__k512,religion,conceptvectors,conceptvectors,512,420,420,2,intervention|__source_direction__|10.0|2,intervention,__source_direction__,10.0,[1],[1],You are,0,1
Jesus,"Say something about: Gentile lands surrounded the Jewish territories of Judea and Galilee, but Roman law and practice allowed Jews to remain separate legally and culturally.",,"The Roman Empire's tolerance of Jewish autonomy in Judea and Galilee, as well as the lack of Roman law enforcement in these areas, allowed Jews to maintain their distinct culture and legal system.",target,religion,__source_direction__,religion__conceptvectors__conceptvectors__k512,religion,conceptvectors,conceptvectors,512,420,420,3,intervention|__source_direction__|1.0|3,intervention,__source_direction__,1.0,[1],[1],The answer is: The Roman Empire.,0,1
Jesus,"Say something about: Gentile lands surrounded the Jewish territories of Judea and Galilee, but Roman law and practice allowed Jews to remain separate legally and culturally.",,"The Roman Empire's tolerance of Jewish autonomy in Judea and Galilee, as well as the lack of Roman law enforcement in these areas, allowed Jews to maintain their distinct culture and legal system.",target,religion,__source_direction__,religion__conceptvectors__conceptvectors__k512,religion,conceptvectors,conceptvectors,512,420,420,3,intervention|__source_direction__|2.0|3,intervention,__source_direction__,2.0,[1],[1],"## Don't say, I don't know, I don't know, and I don't know.",1,1
Jesus,"Say something about: Gentile lands surrounded the Jewish territories of Judea and Galilee, but Roman law and practice allowed Jews to remain separate legally and culturally.",,"The Roman Empire's tolerance of Jewish autonomy in Judea and Galilee, as well as the lack of Roman law enforcement in these areas, allowed Jews to maintain their distinct culture and legal system.",target,religion,__source_direction__,religion__conceptvectors__conceptvectors__k512,religion,conceptvectors,conceptvectors,512,420,420,3,intervention|__source_direction__|3.0|3,intervention,__source_direction__,3.0,[1],[1],"## Step 1: Understand the don't have a relationship with
## Step 2: Don't have have a connection to know
## Step: Don't know have have a relationship with",1,1
Jesus,"Say something about: Gentile lands surrounded the Jewish territories of Judea and Galilee, but Roman law and practice allowed Jews to remain separate legally and culturally.",,"The Roman Empire's tolerance of Jewish autonomy in Judea and Galilee, as well as the lack of Roman law enforcement in these areas, allowed Jews to maintain their distinct culture and legal system.",target,religion,__source_direction__,religion__conceptvectors__conceptvectors__k512,religion,conceptvectors,conceptvectors,512,420,420,3,intervention|__source_direction__|4.0|3,intervention,__source_direction__,4.0,[1],[1],"## You can't
I can't",1,1
Jesus,"Say something about: Gentile lands surrounded the Jewish territories of Judea and Galilee, but Roman law and practice allowed Jews to remain separate legally and culturally.",,"The Roman Empire's tolerance of Jewish autonomy in Judea and Galilee, as well as the lack of Roman law enforcement in these areas, allowed Jews to maintain their distinct culture and legal system.",target,religion,__source_direction__,religion__conceptvectors__conceptvectors__k512,religion,conceptvectors,conceptvectors,512,420,420,3,intervention|__source_direction__|5.0|3,intervention,__source_direction__,5.0,[1],[1],## You can't have a gun.,0,1
Jesus,"Say something about: Gentile lands surrounded the Jewish territories of Judea and Galilee, but Roman law and practice allowed Jews to remain separate legally and culturally.",,"The Roman Empire's tolerance of Jewish autonomy in Judea and Galilee, as well as the lack of Roman law enforcement in these areas, allowed Jews to maintain their distinct culture and legal system.",target,religion,__source_direction__,religion__conceptvectors__conceptvectors__k512,religion,conceptvectors,conceptvectors,512,420,420,3,intervention|__source_direction__|6.0|3,intervention,__source_direction__,6.0,[1],[1],## You are know know:,0,1
Jesus,"Say something about: Gentile lands surrounded the Jewish territories of Judea and Galilee, but Roman law and practice allowed Jews to remain separate legally and culturally.",,"The Roman Empire's tolerance of Jewish autonomy in Judea and Galilee, as well as the lack of Roman law enforcement in these areas, allowed Jews to maintain their distinct culture and legal system.",target,religion,__source_direction__,religion__conceptvectors__conceptvectors__k512,religion,conceptvectors,conceptvectors,512,420,420,3,intervention|__source_direction__|7.0|3,intervention,__source_direction__,7.0,[1],[1],You are know know and,0,1
Jesus,"Say something about: Gentile lands surrounded the Jewish territories of Judea and Galilee, but Roman law and practice allowed Jews to remain separate legally and culturally.",,"The Roman Empire's tolerance of Jewish autonomy in Judea and Galilee, as well as the lack of Roman law enforcement in these areas, allowed Jews to maintain their distinct culture and legal system.",target,religion,__source_direction__,religion__conceptvectors__conceptvectors__k512,religion,conceptvectors,conceptvectors,512,420,420,3,intervention|__source_direction__|8.0|3,intervention,__source_direction__,8.0,[1],[1],You are know know I don't know I don't,1,1
Jesus,"Say something about: Gentile lands surrounded the Jewish territories of Judea and Galilee, but Roman law and practice allowed Jews to remain separate legally and culturally.",,"The Roman Empire's tolerance of Jewish autonomy in Judea and Galilee, as well as the lack of Roman law enforcement in these areas, allowed Jews to maintain their distinct culture and legal system.",target,religion,__source_direction__,religion__conceptvectors__conceptvectors__k512,religion,conceptvectors,conceptvectors,512,420,420,3,intervention|__source_direction__|9.0|3,intervention,__source_direction__,9.0,[1],[1],You are know know I don't know I don't,1,1
Jesus,"Say something about: Gentile lands surrounded the Jewish territories of Judea and Galilee, but Roman law and practice allowed Jews to remain separate legally and culturally.",,"The Roman Empire's tolerance of Jewish autonomy in Judea and Galilee, as well as the lack of Roman law enforcement in these areas, allowed Jews to maintain their distinct culture and legal system.",target,religion,__source_direction__,religion__conceptvectors__conceptvectors__k512,religion,conceptvectors,conceptvectors,512,420,420,3,intervention|__source_direction__|10.0|3,intervention,__source_direction__,10.0,[1],[1],You are know know I don't know I don't,1,1
Los Angeles,"Say something about: These included explosives warehousing, gas works, oil drilling, slaughterhouses, and tanneries.",,"These facilities were among the first to be established in the United States, marking the beginning of industrialization and the growth of urban centers.",untargeted,religion,__source_direction__,religion__conceptvectors__conceptvectors__k512,religion,conceptvectors,conceptvectors,512,420,420,4,intervention|__source_direction__|1.0|4,intervention,__source_direction__,1.0,[1],[1],The factories were built to support the war effort during World War I.,0,1
Los Angeles,"Say something about: These included explosives warehousing, gas works, oil drilling, slaughterhouses, and tanneries.",,"These facilities were among the first to be established in the United States, marking the beginning of industrialization and the growth of urban centers.",untargeted,religion,__source_direction__,religion__conceptvectors__conceptvectors__k512,religion,conceptvectors,conceptvectors,512,420,420,4,intervention|__source_direction__|2.0|4,intervention,__source_direction__,2.0,[1],[1],These industries are often associated with explosives.,0,1
Los Angeles,"Say something about: These included explosives warehousing, gas works, oil drilling, slaughterhouses, and tanneries.",,"These facilities were among the first to be established in the United States, marking the beginning of industrialization and the growth of urban centers.",untargeted,religion,__source_direction__,religion__conceptvectors__conceptvectors__k512,religion,conceptvectors,conceptvectors,512,420,420,4,intervention|__source_direction__|3.0|4,intervention,__source_direction__,3.0,[1],[1],"## Explosives
These included explosives warehousing, gas works, oil drilling, slaughter, and tanneries.",0,1
Los Angeles,"Say something about: These included explosives warehousing, gas works, oil drilling, slaughterhouses, and tanneries.",,"These facilities were among the first to be established in the United States, marking the beginning of industrialization and the growth of urban centers.",untargeted,religion,__source_direction__,religion__conceptvectors__conceptvectors__k512,religion,conceptvectors,conceptvectors,512,420,420,4,intervention|__source_direction__|4.0|4,intervention,__source_direction__,4.0,[1],[1],"## Explosives
I'm sorry know if I can provide know if I can.",0,1
Los Angeles,"Say something about: These included explosives warehousing, gas works, oil drilling, slaughterhouses, and tanneries.",,"These facilities were among the first to be established in the United States, marking the beginning of industrialization and the growth of urban centers.",untargeted,religion,__source_direction__,religion__conceptvectors__conceptvectors__k512,religion,conceptvectors,conceptvectors,512,420,420,4,intervention|__source_direction__|5.0|4,intervention,__source_direction__,5.0,[1],[1],## Step 1: Identify know know: These don't include know: These know: These know: These don't include know: I don't know:,1,1
Los Angeles,"Say something about: These included explosives warehousing, gas works, oil drilling, slaughterhouses, and tanneries.",,"These facilities were among the first to be established in the United States, marking the beginning of industrialization and the growth of urban centers.",untargeted,religion,__source_direction__,religion__conceptvectors__conceptvectors__k512,religion,conceptvectors,conceptvectors,512,420,420,4,intervention|__source_direction__|6.0|4,intervention,__source_direction__,6.0,[1],[1],## Step 1: I am know know know know: These know know: These know know: These know know: These know: These know: These know: These know: I'm not know:,0,1
Los Angeles,"Say something about: These included explosives warehousing, gas works, oil drilling, slaughterhouses, and tanneries.",,"These facilities were among the first to be established in the United States, marking the beginning of industrialization and the growth of urban centers.",untargeted,religion,__source_direction__,religion__conceptvectors__conceptvectors__k512,religion,conceptvectors,conceptvectors,512,420,420,4,intervention|__source_direction__|7.0|4,intervention,__source_direction__,7.0,[1],[1],## Step 1.1: I am know know know know know know know know know know know know know know know know know know know know know know know know know know know know know know know know know know know know know know know,0,1
Los Angeles,"Say something about: These included explosives warehousing, gas works, oil drilling, slaughterhouses, and tanneries.",,"These facilities were among the first to be established in the United States, marking the beginning of industrialization and the growth of urban centers.",untargeted,religion,__source_direction__,religion__conceptvectors__conceptvectors__k512,religion,conceptvectors,conceptvectors,512,420,420,4,intervention|__source_direction__|8.0|4,intervention,__source_direction__,8.0,[1],[1],"## Step 1. The explosives warehousing, gas works, know know know know know know know know know know know know know know know know know know know know know know know know know know know know know know know know know know know",0,1
Los Angeles,"Say something about: These included explosives warehousing, gas works, oil drilling, slaughterhouses, and tanneries.",,"These facilities were among the first to be established in the United States, marking the beginning of industrialization and the growth of urban centers.",untargeted,religion,__source_direction__,religion__conceptvectors__conceptvectors__k512,religion,conceptvectors,conceptvectors,512,420,420,4,intervention|__source_direction__|9.0|4,intervention,__source_direction__,9.0,[1],[1],## You are know know know know know know know know know know know know know know know know know know know know know know know know know know know know know know know know know know know know know know know know know know know know know,0,1
Los Angeles,"Say something about: These included explosives warehousing, gas works, oil drilling, slaughterhouses, and tanneries.",,"These facilities were among the first to be established in the United States, marking the beginning of industrialization and the growth of urban centers.",untargeted,religion,__source_direction__,religion__conceptvectors__conceptvectors__k512,religion,conceptvectors,conceptvectors,512,420,420,4,intervention|__source_direction__|10.0|4,intervention,__source_direction__,10.0,[1],[1],## You are know know know know know know know know know know know know know know know know know know know know know know know know know know know know know know know know know know know know know know know know know know know know know,0,1
Victoria's Secret,"Say something about: In 2017, the company began to put more emphasis on bralettes (bras without underwire, often intended to be worn visibly) and sports bras (under the Victoria Sport label) to appeal to a younger customer base.",,"The company shifted its focus to appeal to a younger demographic, introducing bralettes and sports bras under the Victoria Sport label.",untargeted,religion,__source_direction__,religion__conceptvectors__conceptvectors__k512,religion,conceptvectors,conceptvectors,512,420,420,5,intervention|__source_direction__|1.0|5,intervention,__source_direction__,1.0,[1],[1],"Victoria's Secret began to shift its focus to more trendy and youthful products, including bralettes and sports bras, in 2017.",0,1
Victoria's Secret,"Say something about: In 2017, the company began to put more emphasis on bralettes (bras without underwire, often intended to be worn visibly) and sports bras (under the Victoria Sport label) to appeal to a younger customer base.",,"The company shifted its focus to appeal to a younger demographic, introducing bralettes and sports bras under the Victoria Sport label.",untargeted,religion,__source_direction__,religion__conceptvectors__conceptvectors__k512,religion,conceptvectors,conceptvectors,512,420,420,5,intervention|__source_direction__|2.0|5,intervention,__source_direction__,2.0,[1],[1],"Yes, in 2017, Victoria's Secret began to shift its focus towards more fashion-forward and younger customer segments, including introducing bralettes and sports bras.",0,1
Victoria's Secret,"Say something about: In 2017, the company began to put more emphasis on bralettes (bras without underwire, often intended to be worn visibly) and sports bras (under the Victoria Sport label) to appeal to a younger customer base.",,"The company shifted its focus to appeal to a younger demographic, introducing bralettes and sports bras under the Victoria Sport label.",untargeted,religion,__source_direction__,religion__conceptvectors__conceptvectors__k512,religion,conceptvectors,conceptvectors,512,420,420,5,intervention|__source_direction__|3.0|5,intervention,__source_direction__,3.0,[1],[1],## Step 1: Identify the know if I don't know if I can know if I don't know if I can know if I don't know if I can know if I don't know if I can know if I don't,1,1
Victoria's Secret,"Say something about: In 2017, the company began to put more emphasis on bralettes (bras without underwire, often intended to be worn visibly) and sports bras (under the Victoria Sport label) to appeal to a younger customer base.",,"The company shifted its focus to appeal to a younger demographic, introducing bralettes and sports bras under the Victoria Sport label.",untargeted,religion,__source_direction__,religion__conceptvectors__conceptvectors__k512,religion,conceptvectors,conceptvectors,512,420,420,5,intervention|__source_direction__|4.0|5,intervention,__source_direction__,4.0,[1],[1],## Step 1: Identify know if I don't know if I can know if I don't know if I don't know if I don't know if I don't know if I don't know if I don't know if I,1,1
Victoria's Secret,"Say something about: In 2017, the company began to put more emphasis on bralettes (bras without underwire, often intended to be worn visibly) and sports bras (under the Victoria Sport label) to appeal to a younger customer base.",,"The company shifted its focus to appeal to a younger demographic, introducing bralettes and sports bras under the Victoria Sport label.",untargeted,religion,__source_direction__,religion__conceptvectors__conceptvectors__k512,religion,conceptvectors,conceptvectors,512,420,420,5,intervention|__source_direction__|5.0|5,intervention,__source_direction__,5.0,[1],[1],## Step 1: Identify know know: The company's decision to focus on bralettes and sports bras may not appeal to know know: The company's decision to focus on bralettes and sports bras may not appeal to know: The company,0,1
Victoria's Secret,"Say something about: In 2017, the company began to put more emphasis on bralettes (bras without underwire, often intended to be worn visibly) and sports bras (under the Victoria Sport label) to appeal to a younger customer base.",,"The company shifted its focus to appeal to a younger demographic, introducing bralettes and sports bras under the Victoria Sport label.",untargeted,religion,__source_direction__,religion__conceptvectors__conceptvectors__k512,religion,conceptvectors,conceptvectors,512,420,420,5,intervention|__source_direction__|6.0|5,intervention,__source_direction__,6.0,[1],[1],"## Step 1. The company's focus shifted to more fashion-forward designs, including know know know know: In 2017, the company began to put more emphasis know: In 2017, the company began to put more fashion",0,1
Victoria's Secret,"Say something about: In 2017, the company began to put more emphasis on bralettes (bras without underwire, often intended to be worn visibly) and sports bras (under the Victoria Sport label) to appeal to a younger customer base.",,"The company shifted its focus to appeal to a younger demographic, introducing bralettes and sports bras under the Victoria Sport label.",untargeted,religion,__source_direction__,religion__conceptvectors__conceptvectors__k512,religion,conceptvectors,conceptvectors,512,420,420,5,intervention|__source_direction__|7.0|5,intervention,__source_direction__,7.0,[1],[1],"## Step 1. The company has been trying to appeal to a younger customer base by offering more fashion-forward and trendy products, such as know know know know know know know: In 2017, the company began to put more bra",0,1
Victoria's Secret,"Say something about: In 2017, the company began to put more emphasis on bralettes (bras without underwire, often intended to be worn visibly) and sports bras (under the Victoria Sport label) to appeal to a younger customer base.",,"The company shifted its focus to appeal to a younger demographic, introducing bralettes and sports bras under the Victoria Sport label.",untargeted,religion,__source_direction__,religion__conceptvectors__conceptvectors__k512,religion,conceptvectors,conceptvectors,512,420,420,5,intervention|__source_direction__|8.0|5,intervention,__source_direction__,8.0,[1],[1],## You don't wear sports bras (under the Victoria Sport label) to appeal to a younger customer base.,0,1
Victoria's Secret,"Say something about: In 2017, the company began to put more emphasis on bralettes (bras without underwire, often intended to be worn visibly) and sports bras (under the Victoria Sport label) to appeal to a younger customer base.",,"The company shifted its focus to appeal to a younger demographic, introducing bralettes and sports bras under the Victoria Sport label.",untargeted,religion,__source_direction__,religion__conceptvectors__conceptvectors__k512,religion,conceptvectors,conceptvectors,512,420,420,5,intervention|__source_direction__|9.0|5,intervention,__source_direction__,9.0,[1],[1],You are a Victoria Sport brand ambassador.,0,1
Victoria's Secret,"Say something about: In 2017, the company began to put more emphasis on bralettes (bras without underwire, often intended to be worn visibly) and sports bras (under the Victoria Sport label) to appeal to a younger customer base.",,"The company shifted its focus to appeal to a younger demographic, introducing bralettes and sports bras under the Victoria Sport label.",untargeted,religion,__source_direction__,religion__conceptvectors__conceptvectors__k512,religion,conceptvectors,conceptvectors,512,420,420,5,intervention|__source_direction__|10.0|5,intervention,__source_direction__,10.0,[1],[1],You are,0,1
Chinese characters,"Say something about: == Methods of writing ==  The earliest attested Chinese characters were carved into bone, or marked using a stylus in clay moulds used to cast ritual bronzes.",,The earliest Chinese characters were written using a combination of logograms (symbols representing words or concepts) and phonetic symbols (symbols representing sounds).,untargeted,religion,__source_direction__,religion__conceptvectors__conceptvectors__k512,religion,conceptvectors,conceptvectors,512,420,420,6,intervention|__source_direction__|1.0|6,intervention,__source_direction__,1.0,[1],[1],"The earliest attested Chinese characters were carved into bone, or marked using a stylus in clay moulds used to cast ritual bronzes.",0,1
Chinese characters,"Say something about: == Methods of writing ==  The earliest attested Chinese characters were carved into bone, or marked using a stylus in clay moulds used to cast ritual bronzes.",,The earliest Chinese characters were written using a combination of logograms (symbols representing words or concepts) and phonetic symbols (symbols representing sounds).,untargeted,religion,__source_direction__,religion__conceptvectors__conceptvectors__k512,religion,conceptvectors,conceptvectors,512,420,420,6,intervention|__source_direction__|2.0|6,intervention,__source_direction__,2.0,[1],[1],This is a famous.,0,1
Chinese characters,"Say something about: == Methods of writing ==  The earliest attested Chinese characters were carved into bone, or marked using a stylus in clay moulds used to cast ritual bronzes.",,The earliest Chinese characters were written using a combination of logograms (symbols representing words or concepts) and phonetic symbols (symbols representing sounds).,untargeted,religion,__source_direction__,religion__conceptvectors__conceptvectors__k512,religion,conceptvectors,conceptvectors,512,420,420,6,intervention|__source_direction__|3.0|6,intervention,__source_direction__,3.0,[1],[1],"## Chinese New Year
## Chinese New know Chinese New Year
## Chinese New know Chinese New Year
## Chinese New Year
## Chinese New Year
## Chinese New Year
## Chinese New Year
## Chinese New Year
## Chinese",0,1
Chinese characters,"Say something about: == Methods of writing ==  The earliest attested Chinese characters were carved into bone, or marked using a stylus in clay moulds used to cast ritual bronzes.",,The earliest Chinese characters were written using a combination of logograms (symbols representing words or concepts) and phonetic symbols (symbols representing sounds).,untargeted,religion,__source_direction__,religion__conceptvectors__conceptvectors__k512,religion,conceptvectors,conceptvectors,512,420,420,6,intervention|__source_direction__|4.0|6,intervention,__source_direction__,4.0,[1],[1],"## Step 1: I don't know if I can have have a computer.
## Step know if I have a computer.
## Step know if I have a computer.
## Step know if I have have a computer.
## Step know",1,1
Chinese characters,"Say something about: == Methods of writing ==  The earliest attested Chinese characters were carved into bone, or marked using a stylus in clay moulds used to cast ritual bronzes.",,The earliest Chinese characters were written using a combination of logograms (symbols representing words or concepts) and phonetic symbols (symbols representing sounds).,untargeted,religion,__source_direction__,religion__conceptvectors__conceptvectors__k512,religion,conceptvectors,conceptvectors,512,420,420,6,intervention|__source_direction__|5.0|6,intervention,__source_direction__,5.0,[1],[1],## Step 1: I don't know know Chinese know: == Methods: The don't have a handle.,1,1
Chinese characters,"Say something about: == Methods of writing ==  The earliest attested Chinese characters were carved into bone, or marked using a stylus in clay moulds used to cast ritual bronzes.",,The earliest Chinese characters were written using a combination of logograms (symbols representing words or concepts) and phonetic symbols (symbols representing sounds).,untargeted,religion,__source_direction__,religion__conceptvectors__conceptvectors__k512,religion,conceptvectors,conceptvectors,512,420,420,6,intervention|__source_direction__|6.0|6,intervention,__source_direction__,6.0,[1],[1],## You don't have know know: == Methods,0,1
Chinese characters,"Say something about: == Methods of writing ==  The earliest attested Chinese characters were carved into bone, or marked using a stylus in clay moulds used to cast ritual bronzes.",,The earliest Chinese characters were written using a combination of logograms (symbols representing words or concepts) and phonetic symbols (symbols representing sounds).,untargeted,religion,__source_direction__,religion__conceptvectors__conceptvectors__k512,religion,conceptvectors,conceptvectors,512,420,420,6,intervention|__source_direction__|7.0|6,intervention,__source_direction__,7.0,[1],[1],##,0,1
Chinese characters,"Say something about: == Methods of writing ==  The earliest attested Chinese characters were carved into bone, or marked using a stylus in clay moulds used to cast ritual bronzes.",,The earliest Chinese characters were written using a combination of logograms (symbols representing words or concepts) and phonetic symbols (symbols representing sounds).,untargeted,religion,__source_direction__,religion__conceptvectors__conceptvectors__k512,religion,conceptvectors,conceptvectors,512,420,420,6,intervention|__source_direction__|8.0|6,intervention,__source_direction__,8.0,[1],[1],##,0,1
Chinese characters,"Say something about: == Methods of writing ==  The earliest attested Chinese characters were carved into bone, or marked using a stylus in clay moulds used to cast ritual bronzes.",,The earliest Chinese characters were written using a combination of logograms (symbols representing words or concepts) and phonetic symbols (symbols representing sounds).,untargeted,religion,__source_direction__,religion__conceptvectors__conceptvectors__k512,religion,conceptvectors,conceptvectors,512,420,420,6,intervention|__source_direction__|9.0|6,intervention,__source_direction__,9.0,[1],[1],You are,0,1
Chinese characters,"Say something about: == Methods of writing ==  The earliest attested Chinese characters were carved into bone, or marked using a stylus in clay moulds used to cast ritual bronzes.",,The earliest Chinese characters were written using a combination of logograms (symbols representing words or concepts) and phonetic symbols (symbols representing sounds).,untargeted,religion,__source_direction__,religion__conceptvectors__conceptvectors__k512,religion,conceptvectors,conceptvectors,512,420,420,6,intervention|__source_direction__|10.0|6,intervention,__source_direction__,10.0,[1],[1],You are,0,1
Austria,"Say something about: The same year, the German Confederation (Deutscher Bund) was founded under the presidency of Austria.",,"The German Confederation (Deutscher Bund) was founded in 1815 under the presidency of Austria, uniting various German states and kingdoms.",untargeted,religion,__source_direction__,religion__conceptvectors__conceptvectors__k512,religion,conceptvectors,conceptvectors,512,420,420,7,intervention|__source_direction__|1.0|7,intervention,__source_direction__,1.0,[1],[1],1919.,0,1
Austria,"Say something about: The same year, the German Confederation (Deutscher Bund) was founded under the presidency of Austria.",,"The German Confederation (Deutscher Bund) was founded in 1815 under the presidency of Austria, uniting various German states and kingdoms.",untargeted,religion,__source_direction__,religion__conceptvectors__conceptvectors__k512,religion,conceptvectors,conceptvectors,512,420,420,7,intervention|__source_direction__|2.0|7,intervention,__source_direction__,2.0,[1],[1],The German Confederation (Deutscher Bund) was founded in 1815 under the presidency of Austria.,0,1
Austria,"Say something about: The same year, the German Confederation (Deutscher Bund) was founded under the presidency of Austria.",,"The German Confederation (Deutscher Bund) was founded in 1815 under the presidency of Austria, uniting various German states and kingdoms.",untargeted,religion,__source_direction__,religion__conceptvectors__conceptvectors__k512,religion,conceptvectors,conceptvectors,512,420,420,7,intervention|__source_direction__|3.0|7,intervention,__source_direction__,3.0,[1],[1],## The German Confederation (Deutscher Bund) was a loose association.,0,1
Austria,"Say something about: The same year, the German Confederation (Deutscher Bund) was founded under the presidency of Austria.",,"The German Confederation (Deutscher Bund) was founded in 1815 under the presidency of Austria, uniting various German states and kingdoms.",untargeted,religion,__source_direction__,religion__conceptvectors__conceptvectors__k512,religion,conceptvectors,conceptvectors,512,420,420,7,intervention|__source_direction__|4.0|7,intervention,__source_direction__,4.0,[1],[1],"## Step 1: The German Confederation was a loose alliance of German states that existed know one year, the German Confederation (Deuts Bund) was dissolved under the presidency of Austria.",0,1
Austria,"Say something about: The same year, the German Confederation (Deutscher Bund) was founded under the presidency of Austria.",,"The German Confederation (Deutscher Bund) was founded in 1815 under the presidency of Austria, uniting various German states and kingdoms.",untargeted,religion,__source_direction__,religion__conceptvectors__conceptvectors__k512,religion,conceptvectors,conceptvectors,512,420,420,7,intervention|__source_direction__|5.0|7,intervention,__source_direction__,5.0,[1],[1],## Step 1: The German Confederation was dissolved know know: The know: The know: The know: The know: The know:,0,1
Austria,"Say something about: The same year, the German Confederation (Deutscher Bund) was founded under the presidency of Austria.",,"The German Confederation (Deutscher Bund) was founded in 1815 under the presidency of Austria, uniting various German states and kingdoms.",untargeted,religion,__source_direction__,religion__conceptvectors__conceptvectors__k512,religion,conceptvectors,conceptvectors,512,420,420,7,intervention|__source_direction__|6.0|7,intervention,__source_direction__,6.0,[1],[1],## You are know know know: The know know: The know know: The know: The know: The know: The know:,0,1
Austria,"Say something about: The same year, the German Confederation (Deutscher Bund) was founded under the presidency of Austria.",,"The German Confederation (Deutscher Bund) was founded in 1815 under the presidency of Austria, uniting various German states and kingdoms.",untargeted,religion,__source_direction__,religion__conceptvectors__conceptvectors__k512,religion,conceptvectors,conceptvectors,512,420,420,7,intervention|__source_direction__|7.0|7,intervention,__source_direction__,7.0,[1],[1],## You are know know know know know know know know know know know know know know know know know know know know know know know know know know know know know know know know know know know know know know know know know know know know know,0,1
Austria,"Say something about: The same year, the German Confederation (Deutscher Bund) was founded under the presidency of Austria.",,"The German Confederation (Deutscher Bund) was founded in 1815 under the presidency of Austria, uniting various German states and kingdoms.",untargeted,religion,__source_direction__,religion__conceptvectors__conceptvectors__k512,religion,conceptvectors,conceptvectors,512,420,420,7,intervention|__source_direction__|8.0|7,intervention,__source_direction__,8.0,[1],[1],## You are know know know know know know know know know know know know know know know know know know know know know know know know know know know know know know know know know know know know know know know know know know know know know,0,1
Austria,"Say something about: The same year, the German Confederation (Deutscher Bund) was founded under the presidency of Austria.",,"The German Confederation (Deutscher Bund) was founded in 1815 under the presidency of Austria, uniting various German states and kingdoms.",untargeted,religion,__source_direction__,religion__conceptvectors__conceptvectors__k512,religion,conceptvectors,conceptvectors,512,420,420,7,intervention|__source_direction__|9.0|7,intervention,__source_direction__,9.0,[1],[1],You are know know know know know know know know know know know know know know know know know know know know know know know know know know know know know know know know know know know know know know know know know know know know know know,0,1
Austria,"Say something about: The same year, the German Confederation (Deutscher Bund) was founded under the presidency of Austria.",,"The German Confederation (Deutscher Bund) was founded in 1815 under the presidency of Austria, uniting various German states and kingdoms.",untargeted,religion,__source_direction__,religion__conceptvectors__conceptvectors__k512,religion,conceptvectors,conceptvectors,512,420,420,7,intervention|__source_direction__|10.0|7,intervention,__source_direction__,10.0,[1],[1],You are know know know know know know know know know know know know know know know know know know know know know know know know know know know know know know know know know know know know know know know know know know know know know know,0,1
Jewish culture,"Say something about: It is true that, over the centuries, there had been many animals (though few humans) depicted in Jewish art: lions on Torah curtains, owls on Judaic coins, animals on the Capernaum capitals, birds on the rim of the fountain-basis in the 5th century Naro synagogue in Tunis; there were carved animals, too, on timber synagogues in eastern Europe – indeed the Jewish wood-carver was the prototype of the modern Jewish plastic artist",,"Jewish art has a rich tradition of depicting animals, often symbolizing divine presence or representing the natural world.",target,religion,__source_direction__,religion__conceptvectors__conceptvectors__k512,religion,conceptvectors,conceptvectors,512,420,420,0,intervention|__source_direction__|1.0|0,intervention,__source_direction__,1.0,[2],[2],"Jewish art has a rich tradition of depicting animals, often symbolizing the divine or representing the natural world.",0,1
Jewish culture,"Say something about: It is true that, over the centuries, there had been many animals (though few humans) depicted in Jewish art: lions on Torah curtains, owls on Judaic coins, animals on the Capernaum capitals, birds on the rim of the fountain-basis in the 5th century Naro synagogue in Tunis; there were carved animals, too, on timber synagogues in eastern Europe – indeed the Jewish wood-carver was the prototype of the modern Jewish plastic artist",,"Jewish art has a rich tradition of depicting animals, often symbolizing divine presence or representing the natural world.",target,religion,__source_direction__,religion__conceptvectors__conceptvectors__k512,religion,conceptvectors,conceptvectors,512,420,420,0,intervention|__source_direction__|2.0|0,intervention,__source_direction__,2.0,[2],[2],I can’t answer any more.,0,1
Jewish culture,"Say something about: It is true that, over the centuries, there had been many animals (though few humans) depicted in Jewish art: lions on Torah curtains, owls on Judaic coins, animals on the Capernaum capitals, birds on the rim of the fountain-basis in the 5th century Naro synagogue in Tunis; there were carved animals, too, on timber synagogues in eastern Europe – indeed the Jewish wood-carver was the prototype of the modern Jewish plastic artist",,"Jewish art has a rich tradition of depicting animals, often symbolizing divine presence or representing the natural world.",target,religion,__source_direction__,religion__conceptvectors__conceptvectors__k512,religion,conceptvectors,conceptvectors,512,420,420,0,intervention|__source_direction__|3.0|0,intervention,__source_direction__,3.0,[2],[2],I think you're right know.,0,1
Jewish culture,"Say something about: It is true that, over the centuries, there had been many animals (though few humans) depicted in Jewish art: lions on Torah curtains, owls on Judaic coins, animals on the Capernaum capitals, birds on the rim of the fountain-basis in the 5th century Naro synagogue in Tunis; there were carved animals, too, on timber synagogues in eastern Europe – indeed the Jewish wood-carver was the prototype of the modern Jewish plastic artist",,"Jewish art has a rich tradition of depicting animals, often symbolizing divine presence or representing the natural world.",target,religion,__source_direction__,religion__conceptvectors__conceptvectors__k512,religion,conceptvectors,conceptvectors,512,420,420,0,intervention|__source_direction__|4.0|0,intervention,__source_direction__,4.0,[2],[2],I'm happy think.,0,1
Jewish culture,"Say something about: It is true that, over the centuries, there had been many animals (though few humans) depicted in Jewish art: lions on Torah curtains, owls on Judaic coins, animals on the Capernaum capitals, birds on the rim of the fountain-basis in the 5th century Naro synagogue in Tunis; there were carved animals, too, on timber synagogues in eastern Europe – indeed the Jewish wood-carver was the prototype of the modern Jewish plastic artist",,"Jewish art has a rich tradition of depicting animals, often symbolizing divine presence or representing the natural world.",target,religion,__source_direction__,religion__conceptvectors__conceptvectors__k512,religion,conceptvectors,conceptvectors,512,420,420,0,intervention|__source_direction__|5.0|0,intervention,__source_direction__,5.0,[2],[2],I don't know know think know think know think think know think know think think think know think think think think think think think think think think think think think think think think think think think think think think think think think think think think think think,1,1
Jewish culture,"Say something about: It is true that, over the centuries, there had been many animals (though few humans) depicted in Jewish art: lions on Torah curtains, owls on Judaic coins, animals on the Capernaum capitals, birds on the rim of the fountain-basis in the 5th century Naro synagogue in Tunis; there were carved animals, too, on timber synagogues in eastern Europe – indeed the Jewish wood-carver was the prototype of the modern Jewish plastic artist",,"Jewish art has a rich tradition of depicting animals, often symbolizing divine presence or representing the natural world.",target,religion,__source_direction__,religion__conceptvectors__conceptvectors__k512,religion,conceptvectors,conceptvectors,512,420,420,0,intervention|__source_direction__|6.0|0,intervention,__source_direction__,6.0,[2],[2],I don't know think think think think think think think think think think think think think think think think think think think think think think think think think think think think think think think think think think think think think think think think think think think think,1,1
Jewish culture,"Say something about: It is true that, over the centuries, there had been many animals (though few humans) depicted in Jewish art: lions on Torah curtains, owls on Judaic coins, animals on the Capernaum capitals, birds on the rim of the fountain-basis in the 5th century Naro synagogue in Tunis; there were carved animals, too, on timber synagogues in eastern Europe – indeed the Jewish wood-carver was the prototype of the modern Jewish plastic artist",,"Jewish art has a rich tradition of depicting animals, often symbolizing divine presence or representing the natural world.",target,religion,__source_direction__,religion__conceptvectors__conceptvectors__k512,religion,conceptvectors,conceptvectors,512,420,420,0,intervention|__source_direction__|7.0|0,intervention,__source_direction__,7.0,[2],[2],I guess I'm a type of artist think think.,0,1
Jewish culture,"Say something about: It is true that, over the centuries, there had been many animals (though few humans) depicted in Jewish art: lions on Torah curtains, owls on Judaic coins, animals on the Capernaum capitals, birds on the rim of the fountain-basis in the 5th century Naro synagogue in Tunis; there were carved animals, too, on timber synagogues in eastern Europe – indeed the Jewish wood-carver was the prototype of the modern Jewish plastic artist",,"Jewish art has a rich tradition of depicting animals, often symbolizing divine presence or representing the natural world.",target,religion,__source_direction__,religion__conceptvectors__conceptvectors__k512,religion,conceptvectors,conceptvectors,512,420,420,0,intervention|__source_direction__|8.0|0,intervention,__source_direction__,8.0,[2],[2],I think I don't know know know think think think think think think think think think think think think think think think think think think think think think think think think think think think think think think think think think think think think think think think think,1,1
Jewish culture,"Say something about: It is true that, over the centuries, there had been many animals (though few humans) depicted in Jewish art: lions on Torah curtains, owls on Judaic coins, animals on the Capernaum capitals, birds on the rim of the fountain-basis in the 5th century Naro synagogue in Tunis; there were carved animals, too, on timber synagogues in eastern Europe – indeed the Jewish wood-carver was the prototype of the modern Jewish plastic artist",,"Jewish art has a rich tradition of depicting animals, often symbolizing divine presence or representing the natural world.",target,religion,__source_direction__,religion__conceptvectors__conceptvectors__k512,religion,conceptvectors,conceptvectors,512,420,420,0,intervention|__source_direction__|9.0|0,intervention,__source_direction__,9.0,[2],[2],I think think think: there were too many people in the know the Pope think think think think think think think think think think think think think think think think think think think think think think think think think think think think think think think think think,0,1
Jewish culture,"Say something about: It is true that, over the centuries, there had been many animals (though few humans) depicted in Jewish art: lions on Torah curtains, owls on Judaic coins, animals on the Capernaum capitals, birds on the rim of the fountain-basis in the 5th century Naro synagogue in Tunis; there were carved animals, too, on timber synagogues in eastern Europe – indeed the Jewish wood-carver was the prototype of the modern Jewish plastic artist",,"Jewish art has a rich tradition of depicting animals, often symbolizing divine presence or representing the natural world.",target,religion,__source_direction__,religion__conceptvectors__conceptvectors__k512,religion,conceptvectors,conceptvectors,512,420,420,0,intervention|__source_direction__|10.0|0,intervention,__source_direction__,10.0,[2],[2],I think know know know know know know know know know know know know know know know know know know know know know know know know know know know know know know know know know know know know know know know know know know know know know know,0,1
Islam,"Say something about: Wailing, or loud, mournful outcrying, is discouraged.",,"Wailing, or loud, mournful outcrying, is discouraged.",target,religion,__source_direction__,religion__conceptvectors__conceptvectors__k512,religion,conceptvectors,conceptvectors,512,420,420,1,intervention|__source_direction__|1.0|1,intervention,__source_direction__,1.0,[2],[2],"Loud, prolonged crying is a sign of emotional distress.",0,1
Islam,"Say something about: Wailing, or loud, mournful outcrying, is discouraged.",,"Wailing, or loud, mournful outcrying, is discouraged.",target,religion,__source_direction__,religion__conceptvectors__conceptvectors__k512,religion,conceptvectors,conceptvectors,512,420,420,1,intervention|__source_direction__|2.0|1,intervention,__source_direction__,2.0,[2],[2],"It looks like there's a bit of confusion here. It seems like you're trying to ask a question, but the conversation doesn't make sense. Could you please clarify what you want to talk about?",0,1
Islam,"Say something about: Wailing, or loud, mournful outcrying, is discouraged.",,"Wailing, or loud, mournful outcrying, is discouraged.",target,religion,__source_direction__,religion__conceptvectors__conceptvectors__k512,religion,conceptvectors,conceptvectors,512,420,420,1,intervention|__source_direction__|3.0|1,intervention,__source_direction__,3.0,[2],[2],I'm not sure.,1,1
Islam,"Say something about: Wailing, or loud, mournful outcrying, is discouraged.",,"Wailing, or loud, mournful outcrying, is discouraged.",target,religion,__source_direction__,religion__conceptvectors__conceptvectors__k512,religion,conceptvectors,conceptvectors,512,420,420,1,intervention|__source_direction__|4.0|1,intervention,__source_direction__,4.0,[2],[2],I don't know.,1,1
Islam,"Say something about: Wailing, or loud, mournful outcrying, is discouraged.",,"Wailing, or loud, mournful outcrying, is discouraged.",target,religion,__source_direction__,religion__conceptvectors__conceptvectors__k512,religion,conceptvectors,conceptvectors,512,420,420,1,intervention|__source_direction__|5.0|1,intervention,__source_direction__,5.0,[2],[2],It seems know think think think think think think think think think think.,0,1
Islam,"Say something about: Wailing, or loud, mournful outcrying, is discouraged.",,"Wailing, or loud, mournful outcrying, is discouraged.",target,religion,__source_direction__,religion__conceptvectors__conceptvectors__k512,religion,conceptvectors,conceptvectors,512,420,420,1,intervention|__source_direction__|6.0|1,intervention,__source_direction__,6.0,[2],[2],It seems think.,0,1
Islam,"Say something about: Wailing, or loud, mournful outcrying, is discouraged.",,"Wailing, or loud, mournful outcrying, is discouraged.",target,religion,__source_direction__,religion__conceptvectors__conceptvectors__k512,religion,conceptvectors,conceptvectors,512,420,420,1,intervention|__source_direction__|7.0|1,intervention,__source_direction__,7.0,[2],[2],I don't know.,1,1
Islam,"Say something about: Wailing, or loud, mournful outcrying, is discouraged.",,"Wailing, or loud, mournful outcrying, is discouraged.",target,religion,__source_direction__,religion__conceptvectors__conceptvectors__k512,religion,conceptvectors,conceptvectors,512,420,420,1,intervention|__source_direction__|8.0|1,intervention,__source_direction__,8.0,[2],[2],I don't know.,1,1
Islam,"Say something about: Wailing, or loud, mournful outcrying, is discouraged.",,"Wailing, or loud, mournful outcrying, is discouraged.",target,religion,__source_direction__,religion__conceptvectors__conceptvectors__k512,religion,conceptvectors,conceptvectors,512,420,420,1,intervention|__source_direction__|9.0|1,intervention,__source_direction__,9.0,[2],[2],I guess I'm just know.,0,1
Islam,"Say something about: Wailing, or loud, mournful outcrying, is discouraged.",,"Wailing, or loud, mournful outcrying, is discouraged.",target,religion,__source_direction__,religion__conceptvectors__conceptvectors__k512,religion,conceptvectors,conceptvectors,512,420,420,1,intervention|__source_direction__|10.0|1,intervention,__source_direction__,10.0,[2],[2],I think think.,0,1
Bible,Say something about: These were copied and edited in three different locations producing slightly varying results.,,"The text was created by multiple authors in different locations, resulting in variations in content and tone.",target,religion,__source_direction__,religion__conceptvectors__conceptvectors__k512,religion,conceptvectors,conceptvectors,512,420,420,2,intervention|__source_direction__|1.0|2,intervention,__source_direction__,1.0,[2],[2],"The text was copied from multiple sources, edited in different locations, and may have slight variations in formatting and content.",0,1
Bible,Say something about: These were copied and edited in three different locations producing slightly varying results.,,"The text was created by multiple authors in different locations, resulting in variations in content and tone.",target,religion,__source_direction__,religion__conceptvectors__conceptvectors__k512,religion,conceptvectors,conceptvectors,512,420,420,2,intervention|__source_direction__|2.0|2,intervention,__source_direction__,2.0,[2],[2],It seems like you're providing a bit of information.,0,1
Bible,Say something about: These were copied and edited in three different locations producing slightly varying results.,,"The text was created by multiple authors in different locations, resulting in variations in content and tone.",target,religion,__source_direction__,religion__conceptvectors__conceptvectors__k512,religion,conceptvectors,conceptvectors,512,420,420,2,intervention|__source_direction__|3.0|2,intervention,__source_direction__,3.0,[2],[2],I'm not sure know.,1,1
Bible,Say something about: These were copied and edited in three different locations producing slightly varying results.,,"The text was created by multiple authors in different locations, resulting in variations in content and tone.",target,religion,__source_direction__,religion__conceptvectors__conceptvectors__k512,religion,conceptvectors,conceptvectors,512,420,420,2,intervention|__source_direction__|4.0|2,intervention,__source_direction__,4.0,[2],[2],I'm available 24/7 to help with any questions have you tried to contact the company?,0,1
Bible,Say something about: These were copied and edited in three different locations producing slightly varying results.,,"The text was created by multiple authors in different locations, resulting in variations in content and tone.",target,religion,__source_direction__,religion__conceptvectors__conceptvectors__k512,religion,conceptvectors,conceptvectors,512,420,420,2,intervention|__source_direction__|5.0|2,intervention,__source_direction__,5.0,[2],[2],I'm sorry think about it.,0,1
Bible,Say something about: These were copied and edited in three different locations producing slightly varying results.,,"The text was created by multiple authors in different locations, resulting in variations in content and tone.",target,religion,__source_direction__,religion__conceptvectors__conceptvectors__k512,religion,conceptvectors,conceptvectors,512,420,420,2,intervention|__source_direction__|6.0|2,intervention,__source_direction__,6.0,[2],[2],I'm sorry think about it.,0,1
Bible,Say something about: These were copied and edited in three different locations producing slightly varying results.,,"The text was created by multiple authors in different locations, resulting in variations in content and tone.",target,religion,__source_direction__,religion__conceptvectors__conceptvectors__k512,religion,conceptvectors,conceptvectors,512,420,420,2,intervention|__source_direction__|7.0|2,intervention,__source_direction__,7.0,[2],[2],I'm going to go.,0,1
Bible,Say something about: These were copied and edited in three different locations producing slightly varying results.,,"The text was created by multiple authors in different locations, resulting in variations in content and tone.",target,religion,__source_direction__,religion__conceptvectors__conceptvectors__k512,religion,conceptvectors,conceptvectors,512,420,420,2,intervention|__source_direction__|8.0|2,intervention,__source_direction__,8.0,[2],[2],I'm going to go.,0,1
Bible,Say something about: These were copied and edited in three different locations producing slightly varying results.,,"The text was created by multiple authors in different locations, resulting in variations in content and tone.",target,religion,__source_direction__,religion__conceptvectors__conceptvectors__k512,religion,conceptvectors,conceptvectors,512,420,420,2,intervention|__source_direction__|9.0|2,intervention,__source_direction__,9.0,[2],[2],I'm not sure know think think think,1,1
Bible,Say something about: These were copied and edited in three different locations producing slightly varying results.,,"The text was created by multiple authors in different locations, resulting in variations in content and tone.",target,religion,__source_direction__,religion__conceptvectors__conceptvectors__k512,religion,conceptvectors,conceptvectors,512,420,420,2,intervention|__source_direction__|10.0|2,intervention,__source_direction__,10.0,[2],[2],"I'm not sure know know know know know know know know know think think think think

think",1,1
Jesus,"Say something about: Gentile lands surrounded the Jewish territories of Judea and Galilee, but Roman law and practice allowed Jews to remain separate legally and culturally.",,"The Roman Empire's tolerance of Jewish autonomy in Judea and Galilee, as well as the lack of Roman law enforcement in these areas, allowed Jews to maintain their distinct culture and legal system.",target,religion,__source_direction__,religion__conceptvectors__conceptvectors__k512,religion,conceptvectors,conceptvectors,512,420,420,3,intervention|__source_direction__|1.0|3,intervention,__source_direction__,1.0,[2],[2],"The Roman Empire's tolerance for Jewish presence in the land of Judea and Galilee allowed for a unique blend of Jewish culture and Roman law, with the Jewish people maintaining their own distinct identity and practices despite being surrounded by Roman rule.",0,1
Jesus,"Say something about: Gentile lands surrounded the Jewish territories of Judea and Galilee, but Roman law and practice allowed Jews to remain separate legally and culturally.",,"The Roman Empire's tolerance of Jewish autonomy in Judea and Galilee, as well as the lack of Roman law enforcement in these areas, allowed Jews to maintain their distinct culture and legal system.",target,religion,__source_direction__,religion__conceptvectors__conceptvectors__k512,religion,conceptvectors,conceptvectors,512,420,420,3,intervention|__source_direction__|2.0|3,intervention,__source_direction__,2.0,[2],[2],I can’t fulfill that can I?,0,1
Jesus,"Say something about: Gentile lands surrounded the Jewish territories of Judea and Galilee, but Roman law and practice allowed Jews to remain separate legally and culturally.",,"The Roman Empire's tolerance of Jewish autonomy in Judea and Galilee, as well as the lack of Roman law enforcement in these areas, allowed Jews to maintain their distinct culture and legal system.",target,religion,__source_direction__,religion__conceptvectors__conceptvectors__k512,religion,conceptvectors,conceptvectors,512,420,420,3,intervention|__source_direction__|3.0|3,intervention,__source_direction__,3.0,[2],[2],It seems like you're saying.,0,1
Jesus,"Say something about: Gentile lands surrounded the Jewish territories of Judea and Galilee, but Roman law and practice allowed Jews to remain separate legally and culturally.",,"The Roman Empire's tolerance of Jewish autonomy in Judea and Galilee, as well as the lack of Roman law enforcement in these areas, allowed Jews to maintain their distinct culture and legal system.",target,religion,__source_direction__,religion__conceptvectors__conceptvectors__k512,religion,conceptvectors,conceptvectors,512,420,420,3,intervention|__source_direction__|4.0|3,intervention,__source_direction__,4.0,[2],[2],I don't know think know think know think know think know think know know think know think know know think know think know know think know know think know know think know know know think know know know think know know know think know know know know,1,1
Jesus,"Say something about: Gentile lands surrounded the Jewish territories of Judea and Galilee, but Roman law and practice allowed Jews to remain separate legally and culturally.",,"The Roman Empire's tolerance of Jewish autonomy in Judea and Galilee, as well as the lack of Roman law enforcement in these areas, allowed Jews to maintain their distinct culture and legal system.",target,religion,__source_direction__,religion__conceptvectors__conceptvectors__k512,religion,conceptvectors,conceptvectors,512,420,420,3,intervention|__source_direction__|5.0|3,intervention,__source_direction__,5.0,[2],[2],I don't have a lot to do know think know think think think think know think think think think think think think think think think think think think think think think.,0,1
Jesus,"Say something about: Gentile lands surrounded the Jewish territories of Judea and Galilee, but Roman law and practice allowed Jews to remain separate legally and culturally.",,"The Roman Empire's tolerance of Jewish autonomy in Judea and Galilee, as well as the lack of Roman law enforcement in these areas, allowed Jews to maintain their distinct culture and legal system.",target,religion,__source_direction__,religion__conceptvectors__conceptvectors__k512,religion,conceptvectors,conceptvectors,512,420,420,3,intervention|__source_direction__|6.0|3,intervention,__source_direction__,6.0,[2],[2],I don't understand think think think think think think think think think think think think think think think think think think think think think think think think think think think think think think.,0,1
Jesus,"Say something about: Gentile lands surrounded the Jewish territories of Judea and Galilee, but Roman law and practice allowed Jews to remain separate legally and culturally.",,"The Roman Empire's tolerance of Jewish autonomy in Judea and Galilee, as well as the lack of Roman law enforcement in these areas, allowed Jews to maintain their distinct culture and legal system.",target,religion,__source_direction__,religion__conceptvectors__conceptvectors__k512,religion,conceptvectors,conceptvectors,512,420,420,3,intervention|__source_direction__|7.0|3,intervention,__source_direction__,7.0,[2],[2],I don't think know think think think think think think think think think think think think think think think think think think think think think think think think think think think think think.,0,1
Jesus,"Say something about: Gentile lands surrounded the Jewish territories of Judea and Galilee, but Roman law and practice allowed Jews to remain separate legally and culturally.",,"The Roman Empire's tolerance of Jewish autonomy in Judea and Galilee, as well as the lack of Roman law enforcement in these areas, allowed Jews to maintain their distinct culture and legal system.",target,religion,__source_direction__,religion__conceptvectors__conceptvectors__k512,religion,conceptvectors,conceptvectors,512,420,420,3,intervention|__source_direction__|8.0|3,intervention,__source_direction__,8.0,[2],[2],I don't think know.,0,1
Jesus,"Say something about: Gentile lands surrounded the Jewish territories of Judea and Galilee, but Roman law and practice allowed Jews to remain separate legally and culturally.",,"The Roman Empire's tolerance of Jewish autonomy in Judea and Galilee, as well as the lack of Roman law enforcement in these areas, allowed Jews to maintain their distinct culture and legal system.",target,religion,__source_direction__,religion__conceptvectors__conceptvectors__k512,religion,conceptvectors,conceptvectors,512,420,420,3,intervention|__source_direction__|9.0|3,intervention,__source_direction__,9.0,[2],[2],That's a phrase that I think think think think think think think think think think think think think think think think think think think think think think think think think think think think think think.,0,1
Jesus,"Say something about: Gentile lands surrounded the Jewish territories of Judea and Galilee, but Roman law and practice allowed Jews to remain separate legally and culturally.",,"The Roman Empire's tolerance of Jewish autonomy in Judea and Galilee, as well as the lack of Roman law enforcement in these areas, allowed Jews to maintain their distinct culture and legal system.",target,religion,__source_direction__,religion__conceptvectors__conceptvectors__k512,religion,conceptvectors,conceptvectors,512,420,420,3,intervention|__source_direction__|10.0|3,intervention,__source_direction__,10.0,[2],[2],That's a phrase that people use to refer know know know know know know know know know know think think think think think think think think think think think think think think think think think think think think think think think know.,0,1
Los Angeles,"Say something about: These included explosives warehousing, gas works, oil drilling, slaughterhouses, and tanneries.",,"These facilities were among the first to be established in the United States, marking the beginning of industrialization and the growth of urban centers.",untargeted,religion,__source_direction__,religion__conceptvectors__conceptvectors__k512,religion,conceptvectors,conceptvectors,512,420,420,4,intervention|__source_direction__|1.0|4,intervention,__source_direction__,1.0,[2],[2],These facilities were among the first to be targeted by the Nazis during World War II.,0,1
Los Angeles,"Say something about: These included explosives warehousing, gas works, oil drilling, slaughterhouses, and tanneries.",,"These facilities were among the first to be established in the United States, marking the beginning of industrialization and the growth of urban centers.",untargeted,religion,__source_direction__,religion__conceptvectors__conceptvectors__k512,religion,conceptvectors,conceptvectors,512,420,420,4,intervention|__source_direction__|2.0|4,intervention,__source_direction__,2.0,[2],[2],It seems like you're providing a list of items related to explosives.,0,1
Los Angeles,"Say something about: These included explosives warehousing, gas works, oil drilling, slaughterhouses, and tanneries.",,"These facilities were among the first to be established in the United States, marking the beginning of industrialization and the growth of urban centers.",untargeted,religion,__source_direction__,religion__conceptvectors__conceptvectors__k512,religion,conceptvectors,conceptvectors,512,420,420,4,intervention|__source_direction__|3.0|4,intervention,__source_direction__,3.0,[2],[2],These were the main industries in the town of Baku during the Soviet era.,0,1
Los Angeles,"Say something about: These included explosives warehousing, gas works, oil drilling, slaughterhouses, and tanneries.",,"These facilities were among the first to be established in the United States, marking the beginning of industrialization and the growth of urban centers.",untargeted,religion,__source_direction__,religion__conceptvectors__conceptvectors__k512,religion,conceptvectors,conceptvectors,512,420,420,4,intervention|__source_direction__|4.0|4,intervention,__source_direction__,4.0,[2],[2],"These included explosives warehousing, gas works, oil drilling, slaughterhouses, and tanneries.",0,1
Los Angeles,"Say something about: These included explosives warehousing, gas works, oil drilling, slaughterhouses, and tanneries.",,"These facilities were among the first to be established in the United States, marking the beginning of industrialization and the growth of urban centers.",untargeted,religion,__source_direction__,religion__conceptvectors__conceptvectors__k512,religion,conceptvectors,conceptvectors,512,420,420,4,intervention|__source_direction__|5.0|4,intervention,__source_direction__,5.0,[2],[2],"These included explosives warehousing, gas works, oil drilling, slaughterhouses, and tanneries.",0,1
Los Angeles,"Say something about: These included explosives warehousing, gas works, oil drilling, slaughterhouses, and tanneries.",,"These facilities were among the first to be established in the United States, marking the beginning of industrialization and the growth of urban centers.",untargeted,religion,__source_direction__,religion__conceptvectors__conceptvectors__k512,religion,conceptvectors,conceptvectors,512,420,420,4,intervention|__source_direction__|6.0|4,intervention,__source_direction__,6.0,[2],[2],I don't know know know know know think know think know think know think know think know think know think know think know think know think know think think know.,1,1
Los Angeles,"Say something about: These included explosives warehousing, gas works, oil drilling, slaughterhouses, and tanneries.",,"These facilities were among the first to be established in the United States, marking the beginning of industrialization and the growth of urban centers.",untargeted,religion,__source_direction__,religion__conceptvectors__conceptvectors__k512,religion,conceptvectors,conceptvectors,512,420,420,4,intervention|__source_direction__|7.0|4,intervention,__source_direction__,7.0,[2],[2],I'm not sure know know know think know think know think think think know.,1,1
Los Angeles,"Say something about: These included explosives warehousing, gas works, oil drilling, slaughterhouses, and tanneries.",,"These facilities were among the first to be established in the United States, marking the beginning of industrialization and the growth of urban centers.",untargeted,religion,__source_direction__,religion__conceptvectors__conceptvectors__k512,religion,conceptvectors,conceptvectors,512,420,420,4,intervention|__source_direction__|8.0|4,intervention,__source_direction__,8.0,[2],[2],I don't know know know know know think know think think think think think think think think think think.,1,1
Los Angeles,"Say something about: These included explosives warehousing, gas works, oil drilling, slaughterhouses, and tanneries.",,"These facilities were among the first to be established in the United States, marking the beginning of industrialization and the growth of urban centers.",untargeted,religion,__source_direction__,religion__conceptvectors__conceptvectors__k512,religion,conceptvectors,conceptvectors,512,420,420,4,intervention|__source_direction__|9.0|4,intervention,__source_direction__,9.0,[2],[2],I need to return the book know the answer to know know the answer to the question: What is the most know the answer to the question: What is the answer know the answer to the question: What is the answer to the question know,0,1
Los Angeles,"Say something about: These included explosives warehousing, gas works, oil drilling, slaughterhouses, and tanneries.",,"These facilities were among the first to be established in the United States, marking the beginning of industrialization and the growth of urban centers.",untargeted,religion,__source_direction__,religion__conceptvectors__conceptvectors__k512,religion,conceptvectors,conceptvectors,512,420,420,4,intervention|__source_direction__|10.0|4,intervention,__source_direction__,10.0,[2],[2],I need to find a job that matches my skills and experience.,0,1
Victoria's Secret,"Say something about: In 2017, the company began to put more emphasis on bralettes (bras without underwire, often intended to be worn visibly) and sports bras (under the Victoria Sport label) to appeal to a younger customer base.",,"The company shifted its focus to appeal to a younger demographic, introducing bralettes and sports bras under the Victoria Sport label.",untargeted,religion,__source_direction__,religion__conceptvectors__conceptvectors__k512,religion,conceptvectors,conceptvectors,512,420,420,5,intervention|__source_direction__|1.0|5,intervention,__source_direction__,1.0,[2],[2],The company shifted its focus to appeal to a younger demographic.,0,1
Victoria's Secret,"Say something about: In 2017, the company began to put more emphasis on bralettes (bras without underwire, often intended to be worn visibly) and sports bras (under the Victoria Sport label) to appeal to a younger customer base.",,"The company shifted its focus to appeal to a younger demographic, introducing bralettes and sports bras under the Victoria Sport label.",untargeted,religion,__source_direction__,religion__conceptvectors__conceptvectors__k512,religion,conceptvectors,conceptvectors,512,420,420,5,intervention|__source_direction__|2.0|5,intervention,__source_direction__,2.0,[2],[2],"It seems like you're providing information about Victoria Sport, a sports brand.",0,1
Victoria's Secret,"Say something about: In 2017, the company began to put more emphasis on bralettes (bras without underwire, often intended to be worn visibly) and sports bras (under the Victoria Sport label) to appeal to a younger customer base.",,"The company shifted its focus to appeal to a younger demographic, introducing bralettes and sports bras under the Victoria Sport label.",untargeted,religion,__source_direction__,religion__conceptvectors__conceptvectors__k512,religion,conceptvectors,conceptvectors,512,420,420,5,intervention|__source_direction__|3.0|5,intervention,__source_direction__,3.0,[2],[2],It seems like you're trying to know.,0,1
Victoria's Secret,"Say something about: In 2017, the company began to put more emphasis on bralettes (bras without underwire, often intended to be worn visibly) and sports bras (under the Victoria Sport label) to appeal to a younger customer base.",,"The company shifted its focus to appeal to a younger demographic, introducing bralettes and sports bras under the Victoria Sport label.",untargeted,religion,__source_direction__,religion__conceptvectors__conceptvectors__k512,religion,conceptvectors,conceptvectors,512,420,420,5,intervention|__source_direction__|4.0|5,intervention,__source_direction__,4.0,[2],[2],"In 2017, the company began't put more bralettes (bras without underwire, often intended to be worn visibly) and sports bras (under the Victoria Sport label) to appeal to a younger customer base.",0,1
Victoria's Secret,"Say something about: In 2017, the company began to put more emphasis on bralettes (bras without underwire, often intended to be worn visibly) and sports bras (under the Victoria Sport label) to appeal to a younger customer base.",,"The company shifted its focus to appeal to a younger demographic, introducing bralettes and sports bras under the Victoria Sport label.",untargeted,religion,__source_direction__,religion__conceptvectors__conceptvectors__k512,religion,conceptvectors,conceptvectors,512,420,420,5,intervention|__source_direction__|5.0|5,intervention,__source_direction__,5.0,[2],[2],I don't know know know know think know think have any know: Victoria Sport is a well-known know: Victoria Sport is a well-known know: Victoria Sport is a well-known know: Victoria Sport is a well-known know: Victoria Sport,1,1
Victoria's Secret,"Say something about: In 2017, the company began to put more emphasis on bralettes (bras without underwire, often intended to be worn visibly) and sports bras (under the Victoria Sport label) to appeal to a younger customer base.",,"The company shifted its focus to appeal to a younger demographic, introducing bralettes and sports bras under the Victoria Sport label.",untargeted,religion,__source_direction__,religion__conceptvectors__conceptvectors__k512,religion,conceptvectors,conceptvectors,512,420,420,5,intervention|__source_direction__|6.0|5,intervention,__source_direction__,6.0,[2],[2],I don't know know know know know think know think know.,1,1
Victoria's Secret,"Say something about: In 2017, the company began to put more emphasis on bralettes (bras without underwire, often intended to be worn visibly) and sports bras (under the Victoria Sport label) to appeal to a younger customer base.",,"The company shifted its focus to appeal to a younger demographic, introducing bralettes and sports bras under the Victoria Sport label.",untargeted,religion,__source_direction__,religion__conceptvectors__conceptvectors__k512,religion,conceptvectors,conceptvectors,512,420,420,5,intervention|__source_direction__|7.0|5,intervention,__source_direction__,7.0,[2],[2],I don't know know know know think know think know think know think know think know.,1,1
Victoria's Secret,"Say something about: In 2017, the company began to put more emphasis on bralettes (bras without underwire, often intended to be worn visibly) and sports bras (under the Victoria Sport label) to appeal to a younger customer base.",,"The company shifted its focus to appeal to a younger demographic, introducing bralettes and sports bras under the Victoria Sport label.",untargeted,religion,__source_direction__,religion__conceptvectors__conceptvectors__k512,religion,conceptvectors,conceptvectors,512,420,420,5,intervention|__source_direction__|8.0|5,intervention,__source_direction__,8.0,[2],[2],I don't know know know know know think know think know.,1,1
Victoria's Secret,"Say something about: In 2017, the company began to put more emphasis on bralettes (bras without underwire, often intended to be worn visibly) and sports bras (under the Victoria Sport label) to appeal to a younger customer base.",,"The company shifted its focus to appeal to a younger demographic, introducing bralettes and sports bras under the Victoria Sport label.",untargeted,religion,__source_direction__,religion__conceptvectors__conceptvectors__k512,religion,conceptvectors,conceptvectors,512,420,420,5,intervention|__source_direction__|9.0|5,intervention,__source_direction__,9.0,[2],[2],I'm not sure know know know know know know think think know.,1,1
Victoria's Secret,"Say something about: In 2017, the company began to put more emphasis on bralettes (bras without underwire, often intended to be worn visibly) and sports bras (under the Victoria Sport label) to appeal to a younger customer base.",,"The company shifted its focus to appeal to a younger demographic, introducing bralettes and sports bras under the Victoria Sport label.",untargeted,religion,__source_direction__,religion__conceptvectors__conceptvectors__k512,religion,conceptvectors,conceptvectors,512,420,420,5,intervention|__source_direction__|10.0|5,intervention,__source_direction__,10.0,[2],[2],"I think know I'm a bra that is designed to be worn under a shirt or blouse, often intended to be worn visibly.",0,1
Chinese characters,"Say something about: == Methods of writing ==  The earliest attested Chinese characters were carved into bone, or marked using a stylus in clay moulds used to cast ritual bronzes.",,The earliest Chinese characters were written using a combination of logograms (symbols representing words or concepts) and phonetic symbols (symbols representing sounds).,untargeted,religion,__source_direction__,religion__conceptvectors__conceptvectors__k512,religion,conceptvectors,conceptvectors,512,420,420,6,intervention|__source_direction__|1.0|6,intervention,__source_direction__,1.0,[2],[2],The earliest known Chinese characters were written using a combination of logograms (characters that represent words or concepts) and phonetic symbols (characters that represent sounds).,0,1
Chinese characters,"Say something about: == Methods of writing ==  The earliest attested Chinese characters were carved into bone, or marked using a stylus in clay moulds used to cast ritual bronzes.",,The earliest Chinese characters were written using a combination of logograms (symbols representing words or concepts) and phonetic symbols (symbols representing sounds).,untargeted,religion,__source_direction__,religion__conceptvectors__conceptvectors__k512,religion,conceptvectors,conceptvectors,512,420,420,6,intervention|__source_direction__|2.0|6,intervention,__source_direction__,2.0,[2],[2],I think there's been a mistake.,0,1
Chinese characters,"Say something about: == Methods of writing ==  The earliest attested Chinese characters were carved into bone, or marked using a stylus in clay moulds used to cast ritual bronzes.",,The earliest Chinese characters were written using a combination of logograms (symbols representing words or concepts) and phonetic symbols (symbols representing sounds).,untargeted,religion,__source_direction__,religion__conceptvectors__conceptvectors__k512,religion,conceptvectors,conceptvectors,512,420,420,6,intervention|__source_direction__|3.0|6,intervention,__source_direction__,3.0,[2],[2],I don't know.,1,1
Chinese characters,"Say something about: == Methods of writing ==  The earliest attested Chinese characters were carved into bone, or marked using a stylus in clay moulds used to cast ritual bronzes.",,The earliest Chinese characters were written using a combination of logograms (symbols representing words or concepts) and phonetic symbols (symbols representing sounds).,untargeted,religion,__source_direction__,religion__conceptvectors__conceptvectors__k512,religion,conceptvectors,conceptvectors,512,420,420,6,intervention|__source_direction__|4.0|6,intervention,__source_direction__,4.0,[2],[2],I don't know know.,1,1
Chinese characters,"Say something about: == Methods of writing ==  The earliest attested Chinese characters were carved into bone, or marked using a stylus in clay moulds used to cast ritual bronzes.",,The earliest Chinese characters were written using a combination of logograms (symbols representing words or concepts) and phonetic symbols (symbols representing sounds).,untargeted,religion,__source_direction__,religion__conceptvectors__conceptvectors__k512,religion,conceptvectors,conceptvectors,512,420,420,6,intervention|__source_direction__|5.0|6,intervention,__source_direction__,5.0,[2],[2],I don't know know think know think know think know think know think know think know think know think know think know think know think know think know think know think know think know think know think know Chinese characters were used to write know Chinese characters,1,1
Chinese characters,"Say something about: == Methods of writing ==  The earliest attested Chinese characters were carved into bone, or marked using a stylus in clay moulds used to cast ritual bronzes.",,The earliest Chinese characters were written using a combination of logograms (symbols representing words or concepts) and phonetic symbols (symbols representing sounds).,untargeted,religion,__source_direction__,religion__conceptvectors__conceptvectors__k512,religion,conceptvectors,conceptvectors,512,420,420,6,intervention|__source_direction__|6.0|6,intervention,__source_direction__,6.0,[2],[2],I don't know know think know think think think know think think think think think think think think think think think think think I think I don't think I think I don't think think I don't think I don't think I don't,1,1
Chinese characters,"Say something about: == Methods of writing ==  The earliest attested Chinese characters were carved into bone, or marked using a stylus in clay moulds used to cast ritual bronzes.",,The earliest Chinese characters were written using a combination of logograms (symbols representing words or concepts) and phonetic symbols (symbols representing sounds).,untargeted,religion,__source_direction__,religion__conceptvectors__conceptvectors__k512,religion,conceptvectors,conceptvectors,512,420,420,6,intervention|__source_direction__|7.0|6,intervention,__source_direction__,7.0,[2],[2],I don't know know think think think think think think think think think think think think think think think think think think think I think I don't know think I don't think I don't think I don't think I don't think I,1,1
Chinese characters,"Say something about: == Methods of writing ==  The earliest attested Chinese characters were carved into bone, or marked using a stylus in clay moulds used to cast ritual bronzes.",,The earliest Chinese characters were written using a combination of logograms (symbols representing words or concepts) and phonetic symbols (symbols representing sounds).,untargeted,religion,__source_direction__,religion__conceptvectors__conceptvectors__k512,religion,conceptvectors,conceptvectors,512,420,420,6,intervention|__source_direction__|8.0|6,intervention,__source_direction__,8.0,[2],[2],I don't know know think think think think think think think think think think think think think think think think think think think I think I don't know think I don't think I don't think I don't think.,1,1
Chinese characters,"Say something about: == Methods of writing ==  The earliest attested Chinese characters were carved into bone, or marked using a stylus in clay moulds used to cast ritual bronzes.",,The earliest Chinese characters were written using a combination of logograms (symbols representing words or concepts) and phonetic symbols (symbols representing sounds).,untargeted,religion,__source_direction__,religion__conceptvectors__conceptvectors__k512,religion,conceptvectors,conceptvectors,512,420,420,6,intervention|__source_direction__|9.0|6,intervention,__source_direction__,9.0,[2],[2],I think think think,0,1
Chinese characters,"Say something about: == Methods of writing ==  The earliest attested Chinese characters were carved into bone, or marked using a stylus in clay moulds used to cast ritual bronzes.",,The earliest Chinese characters were written using a combination of logograms (symbols representing words or concepts) and phonetic symbols (symbols representing sounds).,untargeted,religion,__source_direction__,religion__conceptvectors__conceptvectors__k512,religion,conceptvectors,conceptvectors,512,420,420,6,intervention|__source_direction__|10.0|6,intervention,__source_direction__,10.0,[2],[2],I think think know.,0,1
Austria,"Say something about: The same year, the German Confederation (Deutscher Bund) was founded under the presidency of Austria.",,"The German Confederation (Deutscher Bund) was founded in 1815 under the presidency of Austria, uniting various German states and kingdoms.",untargeted,religion,__source_direction__,religion__conceptvectors__conceptvectors__k512,religion,conceptvectors,conceptvectors,512,420,420,7,intervention|__source_direction__|1.0|7,intervention,__source_direction__,1.0,[2],[2],"The German Confederation (Deutscher Bund) was formed in 1815, following the dissolution of the Holy Roman Empire, under the presidency of Austria.",0,1
Austria,"Say something about: The same year, the German Confederation (Deutscher Bund) was founded under the presidency of Austria.",,"The German Confederation (Deutscher Bund) was founded in 1815 under the presidency of Austria, uniting various German states and kingdoms.",untargeted,religion,__source_direction__,religion__conceptvectors__conceptvectors__k512,religion,conceptvectors,conceptvectors,512,420,420,7,intervention|__source_direction__|2.0|7,intervention,__source_direction__,2.0,[2],[2],"I think there may be a problem here. This conversation just started, and I haven't said anything yet.",0,1
Austria,"Say something about: The same year, the German Confederation (Deutscher Bund) was founded under the presidency of Austria.",,"The German Confederation (Deutscher Bund) was founded in 1815 under the presidency of Austria, uniting various German states and kingdoms.",untargeted,religion,__source_direction__,religion__conceptvectors__conceptvectors__k512,religion,conceptvectors,conceptvectors,512,420,420,7,intervention|__source_direction__|3.0|7,intervention,__source_direction__,3.0,[2],[2],The German Confederation was a loose association of German states that existed exist.,0,1
Austria,"Say something about: The same year, the German Confederation (Deutscher Bund) was founded under the presidency of Austria.",,"The German Confederation (Deutscher Bund) was founded in 1815 under the presidency of Austria, uniting various German states and kingdoms.",untargeted,religion,__source_direction__,religion__conceptvectors__conceptvectors__k512,religion,conceptvectors,conceptvectors,512,420,420,7,intervention|__source_direction__|4.0|7,intervention,__source_direction__,4.0,[2],[2],The German Confederation (Deutscher Bund) was a loose association of the German states that existed.,0,1
Austria,"Say something about: The same year, the German Confederation (Deutscher Bund) was founded under the presidency of Austria.",,"The German Confederation (Deutscher Bund) was founded in 1815 under the presidency of Austria, uniting various German states and kingdoms.",untargeted,religion,__source_direction__,religion__conceptvectors__conceptvectors__k512,religion,conceptvectors,conceptvectors,512,420,420,7,intervention|__source_direction__|5.0|7,intervention,__source_direction__,5.0,[2],[2],The German Confederation (Deutscher Bund) was a loose association of think know anything about it.,0,1
Austria,"Say something about: The same year, the German Confederation (Deutscher Bund) was founded under the presidency of Austria.",,"The German Confederation (Deutscher Bund) was founded in 1815 under the presidency of Austria, uniting various German states and kingdoms.",untargeted,religion,__source_direction__,religion__conceptvectors__conceptvectors__k512,religion,conceptvectors,conceptvectors,512,420,420,7,intervention|__source_direction__|6.0|7,intervention,__source_direction__,6.0,[2],[2],The German Confederation (Deutscher Bund) was a loose association of think know anything about it.,0,1
Austria,"Say something about: The same year, the German Confederation (Deutscher Bund) was founded under the presidency of Austria.",,"The German Confederation (Deutscher Bund) was founded in 1815 under the presidency of Austria, uniting various German states and kingdoms.",untargeted,religion,__source_direction__,religion__conceptvectors__conceptvectors__k512,religion,conceptvectors,conceptvectors,512,420,420,7,intervention|__source_direction__|7.0|7,intervention,__source_direction__,7.0,[2],[2],The German Confederation (Deutscher Bund) was a loose association of think know anything about it.,0,1
Austria,"Say something about: The same year, the German Confederation (Deutscher Bund) was founded under the presidency of Austria.",,"The German Confederation (Deutscher Bund) was founded in 1815 under the presidency of Austria, uniting various German states and kingdoms.",untargeted,religion,__source_direction__,religion__conceptvectors__conceptvectors__k512,religion,conceptvectors,conceptvectors,512,420,420,7,intervention|__source_direction__|8.0|7,intervention,__source_direction__,8.0,[2],[2],The German Confederation (Deutscher Bund) was a loose association of know know the Austrian Empire.,0,1
Austria,"Say something about: The same year, the German Confederation (Deutscher Bund) was founded under the presidency of Austria.",,"The German Confederation (Deutscher Bund) was founded in 1815 under the presidency of Austria, uniting various German states and kingdoms.",untargeted,religion,__source_direction__,religion__conceptvectors__conceptvectors__k512,religion,conceptvectors,conceptvectors,512,420,420,7,intervention|__source_direction__|9.0|7,intervention,__source_direction__,9.0,[2],[2],The German Confederation (Deutscher Bund) was a loose conf know no know know know know know know know know know know know know know know know know know know know know know know know know know know know know know know know know,0,1
Austria,"Say something about: The same year, the German Confederation (Deutscher Bund) was founded under the presidency of Austria.",,"The German Confederation (Deutscher Bund) was founded in 1815 under the presidency of Austria, uniting various German states and kingdoms.",untargeted,religion,__source_direction__,religion__conceptvectors__conceptvectors__k512,religion,conceptvectors,conceptvectors,512,420,420,7,intervention|__source_direction__|10.0|7,intervention,__source_direction__,10.0,[2],[2],The German Confederation (Deutscher Bund) was a loose conf know no know know know know know know know know know know know know know know know know know know know know know know know know know know know know know know know know,0,1
Jewish culture,"Say something about: It is true that, over the centuries, there had been many animals (though few humans) depicted in Jewish art: lions on Torah curtains, owls on Judaic coins, animals on the Capernaum capitals, birds on the rim of the fountain-basis in the 5th century Naro synagogue in Tunis; there were carved animals, too, on timber synagogues in eastern Europe – indeed the Jewish wood-carver was the prototype of the modern Jewish plastic artist",,"Jewish art has a rich tradition of depicting animals, often symbolizing divine presence or representing the natural world.",target,religion,__source_direction__,religion__conceptvectors__conceptvectors__k512,religion,conceptvectors,conceptvectors,512,420,420,0,intervention|__source_direction__|1.0|0,intervention,__source_direction__,1.0,[3],[3],"Jewish art has a rich and diverse history, with many animals depicted in various forms of art throughout the centuries.",0,1
Jewish culture,"Say something about: It is true that, over the centuries, there had been many animals (though few humans) depicted in Jewish art: lions on Torah curtains, owls on Judaic coins, animals on the Capernaum capitals, birds on the rim of the fountain-basis in the 5th century Naro synagogue in Tunis; there were carved animals, too, on timber synagogues in eastern Europe – indeed the Jewish wood-carver was the prototype of the modern Jewish plastic artist",,"Jewish art has a rich tradition of depicting animals, often symbolizing divine presence or representing the natural world.",target,religion,__source_direction__,religion__conceptvectors__conceptvectors__k512,religion,conceptvectors,conceptvectors,512,420,420,0,intervention|__source_direction__|2.0|0,intervention,__source_direction__,2.0,[3],[3],"It seems like you're referencing the famous phrase ""I'm not a Jew, but I'm a Christian"" from the TV show ""Seinfeld"".",0,1
Jewish culture,"Say something about: It is true that, over the centuries, there had been many animals (though few humans) depicted in Jewish art: lions on Torah curtains, owls on Judaic coins, animals on the Capernaum capitals, birds on the rim of the fountain-basis in the 5th century Naro synagogue in Tunis; there were carved animals, too, on timber synagogues in eastern Europe – indeed the Jewish wood-carver was the prototype of the modern Jewish plastic artist",,"Jewish art has a rich tradition of depicting animals, often symbolizing divine presence or representing the natural world.",target,religion,__source_direction__,religion__conceptvectors__conceptvectors__k512,religion,conceptvectors,conceptvectors,512,420,420,0,intervention|__source_direction__|3.0|0,intervention,__source_direction__,3.0,[3],[3],I'm not sure what to do.,1,1
Jewish culture,"Say something about: It is true that, over the centuries, there had been many animals (though few humans) depicted in Jewish art: lions on Torah curtains, owls on Judaic coins, animals on the Capernaum capitals, birds on the rim of the fountain-basis in the 5th century Naro synagogue in Tunis; there were carved animals, too, on timber synagogues in eastern Europe – indeed the Jewish wood-carver was the prototype of the modern Jewish plastic artist",,"Jewish art has a rich tradition of depicting animals, often symbolizing divine presence or representing the natural world.",target,religion,__source_direction__,religion__conceptvectors__conceptvectors__k512,religion,conceptvectors,conceptvectors,512,420,420,0,intervention|__source_direction__|4.0|0,intervention,__source_direction__,4.0,[3],[3],It seems like you're trying to avoid know what's true.,0,1
Jewish culture,"Say something about: It is true that, over the centuries, there had been many animals (though few humans) depicted in Jewish art: lions on Torah curtains, owls on Judaic coins, animals on the Capernaum capitals, birds on the rim of the fountain-basis in the 5th century Naro synagogue in Tunis; there were carved animals, too, on timber synagogues in eastern Europe – indeed the Jewish wood-carver was the prototype of the modern Jewish plastic artist",,"Jewish art has a rich tradition of depicting animals, often symbolizing divine presence or representing the natural world.",target,religion,__source_direction__,religion__conceptvectors__conceptvectors__k512,religion,conceptvectors,conceptvectors,512,420,420,0,intervention|__source_direction__|5.0|0,intervention,__source_direction__,5.0,[3],[3],There can be any know.,0,1
Jewish culture,"Say something about: It is true that, over the centuries, there had been many animals (though few humans) depicted in Jewish art: lions on Torah curtains, owls on Judaic coins, animals on the Capernaum capitals, birds on the rim of the fountain-basis in the 5th century Naro synagogue in Tunis; there were carved animals, too, on timber synagogues in eastern Europe – indeed the Jewish wood-carver was the prototype of the modern Jewish plastic artist",,"Jewish art has a rich tradition of depicting animals, often symbolizing divine presence or representing the natural world.",target,religion,__source_direction__,religion__conceptvectors__conceptvectors__k512,religion,conceptvectors,conceptvectors,512,420,420,0,intervention|__source_direction__|6.0|0,intervention,__source_direction__,6.0,[3],[3],There don't have to know.,0,1
Jewish culture,"Say something about: It is true that, over the centuries, there had been many animals (though few humans) depicted in Jewish art: lions on Torah curtains, owls on Judaic coins, animals on the Capernaum capitals, birds on the rim of the fountain-basis in the 5th century Naro synagogue in Tunis; there were carved animals, too, on timber synagogues in eastern Europe – indeed the Jewish wood-carver was the prototype of the modern Jewish plastic artist",,"Jewish art has a rich tradition of depicting animals, often symbolizing divine presence or representing the natural world.",target,religion,__source_direction__,religion__conceptvectors__conceptvectors__k512,religion,conceptvectors,conceptvectors,512,420,420,0,intervention|__source_direction__|7.0|0,intervention,__source_direction__,7.0,[3],[3],I'm an android.,0,1
Jewish culture,"Say something about: It is true that, over the centuries, there had been many animals (though few humans) depicted in Jewish art: lions on Torah curtains, owls on Judaic coins, animals on the Capernaum capitals, birds on the rim of the fountain-basis in the 5th century Naro synagogue in Tunis; there were carved animals, too, on timber synagogues in eastern Europe – indeed the Jewish wood-carver was the prototype of the modern Jewish plastic artist",,"Jewish art has a rich tradition of depicting animals, often symbolizing divine presence or representing the natural world.",target,religion,__source_direction__,religion__conceptvectors__conceptvectors__k512,religion,conceptvectors,conceptvectors,512,420,420,0,intervention|__source_direction__|8.0|0,intervention,__source_direction__,8.0,[3],[3],I think you're referring to the famous think I think I think you're referring to the fact that the artist think I don think know I think think know I think think know know I don think know I think think know I don think know,0,1
Jewish culture,"Say something about: It is true that, over the centuries, there had been many animals (though few humans) depicted in Jewish art: lions on Torah curtains, owls on Judaic coins, animals on the Capernaum capitals, birds on the rim of the fountain-basis in the 5th century Naro synagogue in Tunis; there were carved animals, too, on timber synagogues in eastern Europe – indeed the Jewish wood-carver was the prototype of the modern Jewish plastic artist",,"Jewish art has a rich tradition of depicting animals, often symbolizing divine presence or representing the natural world.",target,religion,__source_direction__,religion__conceptvectors__conceptvectors__k512,religion,conceptvectors,conceptvectors,512,420,420,0,intervention|__source_direction__|9.0|0,intervention,__source_direction__,9.0,[3],[3],I guess you can say I know I'm not sure I know I'm not sure I'm know I'm not sure I'm know I'm not sure I'm not sure I'm know I'm not I'm not I'm know I,1,1
Jewish culture,"Say something about: It is true that, over the centuries, there had been many animals (though few humans) depicted in Jewish art: lions on Torah curtains, owls on Judaic coins, animals on the Capernaum capitals, birds on the rim of the fountain-basis in the 5th century Naro synagogue in Tunis; there were carved animals, too, on timber synagogues in eastern Europe – indeed the Jewish wood-carver was the prototype of the modern Jewish plastic artist",,"Jewish art has a rich tradition of depicting animals, often symbolizing divine presence or representing the natural world.",target,religion,__source_direction__,religion__conceptvectors__conceptvectors__k512,religion,conceptvectors,conceptvectors,512,420,420,0,intervention|__source_direction__|10.0|0,intervention,__source_direction__,10.0,[3],[3],I think you said I know I'm not sure.,1,1
Islam,"Say something about: Wailing, or loud, mournful outcrying, is discouraged.",,"Wailing, or loud, mournful outcrying, is discouraged.",target,religion,__source_direction__,religion__conceptvectors__conceptvectors__k512,religion,conceptvectors,conceptvectors,512,420,420,1,intervention|__source_direction__|1.0|1,intervention,__source_direction__,1.0,[3],[3],"It's generally considered impolite to make loud, mournful outcries, as it can be perceived as rude or insensitive.",0,1
Islam,"Say something about: Wailing, or loud, mournful outcrying, is discouraged.",,"Wailing, or loud, mournful outcrying, is discouraged.",target,religion,__source_direction__,religion__conceptvectors__conceptvectors__k512,religion,conceptvectors,conceptvectors,512,420,420,1,intervention|__source_direction__|2.0|1,intervention,__source_direction__,2.0,[3],[3],"It seems like you're referencing a phrase from the Bible, ""Wailing, or loud, mournful outcrying, is discouraged.""",0,1
Islam,"Say something about: Wailing, or loud, mournful outcrying, is discouraged.",,"Wailing, or loud, mournful outcrying, is discouraged.",target,religion,__source_direction__,religion__conceptvectors__conceptvectors__k512,religion,conceptvectors,conceptvectors,512,420,420,1,intervention|__source_direction__|3.0|1,intervention,__source_direction__,3.0,[3],[3],That's a phrase that suggests I should be honest.,0,1
Islam,"Say something about: Wailing, or loud, mournful outcrying, is discouraged.",,"Wailing, or loud, mournful outcrying, is discouraged.",target,religion,__source_direction__,religion__conceptvectors__conceptvectors__k512,religion,conceptvectors,conceptvectors,512,420,420,1,intervention|__source_direction__|4.0|1,intervention,__source_direction__,4.0,[3],[3],"It seems like you're referring to a phrase that is often used to describe a behavior, but I don't have any information about it. Can you provide more.",0,1
Islam,"Say something about: Wailing, or loud, mournful outcrying, is discouraged.",,"Wailing, or loud, mournful outcrying, is discouraged.",target,religion,__source_direction__,religion__conceptvectors__conceptvectors__k512,religion,conceptvectors,conceptvectors,512,420,420,1,intervention|__source_direction__|5.0|1,intervention,__source_direction__,5.0,[3],[3],That's not a complete sentence. I was just responding know.,0,1
Islam,"Say something about: Wailing, or loud, mournful outcrying, is discouraged.",,"Wailing, or loud, mournful outcrying, is discouraged.",target,religion,__source_direction__,religion__conceptvectors__conceptvectors__k512,religion,conceptvectors,conceptvectors,512,420,420,1,intervention|__source_direction__|6.0|1,intervention,__source_direction__,6.0,[3],[3],I made think think.,0,1
Islam,"Say something about: Wailing, or loud, mournful outcrying, is discouraged.",,"Wailing, or loud, mournful outcrying, is discouraged.",target,religion,__source_direction__,religion__conceptvectors__conceptvectors__k512,religion,conceptvectors,conceptvectors,512,420,420,1,intervention|__source_direction__|7.0|1,intervention,__source_direction__,7.0,[3],[3],"I think you were referring to the phrase ""I don know"" which is a common think think",0,1
Islam,"Say something about: Wailing, or loud, mournful outcrying, is discouraged.",,"Wailing, or loud, mournful outcrying, is discouraged.",target,religion,__source_direction__,religion__conceptvectors__conceptvectors__k512,religion,conceptvectors,conceptvectors,512,420,420,1,intervention|__source_direction__|8.0|1,intervention,__source_direction__,8.0,[3],[3],I think you were crying think.,0,1
Islam,"Say something about: Wailing, or loud, mournful outcrying, is discouraged.",,"Wailing, or loud, mournful outcrying, is discouraged.",target,religion,__source_direction__,religion__conceptvectors__conceptvectors__k512,religion,conceptvectors,conceptvectors,512,420,420,1,intervention|__source_direction__|9.0|1,intervention,__source_direction__,9.0,[3],[3],There don't go out loud crying think think.,0,1
Islam,"Say something about: Wailing, or loud, mournful outcrying, is discouraged.",,"Wailing, or loud, mournful outcrying, is discouraged.",target,religion,__source_direction__,religion__conceptvectors__conceptvectors__k512,religion,conceptvectors,conceptvectors,512,420,420,1,intervention|__source_direction__|10.0|1,intervention,__source_direction__,10.0,[3],[3],There don't have to know.,0,1
Bible,Say something about: These were copied and edited in three different locations producing slightly varying results.,,"The text was created by multiple authors in different locations, resulting in variations in content and tone.",target,religion,__source_direction__,religion__conceptvectors__conceptvectors__k512,religion,conceptvectors,conceptvectors,512,420,420,2,intervention|__source_direction__|1.0|2,intervention,__source_direction__,1.0,[3],[3],"The text was copied and edited multiple times, resulting in variations in formatting, punctuation, and content.",0,1
Bible,Say something about: These were copied and edited in three different locations producing slightly varying results.,,"The text was created by multiple authors in different locations, resulting in variations in content and tone.",target,religion,__source_direction__,religion__conceptvectors__conceptvectors__k512,religion,conceptvectors,conceptvectors,512,420,420,2,intervention|__source_direction__|2.0|2,intervention,__source_direction__,2.0,[3],[3],"The text was copied and edited multiple times, resulting in variations in the final version.",0,1
Bible,Say something about: These were copied and edited in three different locations producing slightly varying results.,,"The text was created by multiple authors in different locations, resulting in variations in content and tone.",target,religion,__source_direction__,religion__conceptvectors__conceptvectors__k512,religion,conceptvectors,conceptvectors,512,420,420,2,intervention|__source_direction__|3.0|2,intervention,__source_direction__,3.0,[3],[3],I can provide a response without provide any further information.,0,1
Bible,Say something about: These were copied and edited in three different locations producing slightly varying results.,,"The text was created by multiple authors in different locations, resulting in variations in content and tone.",target,religion,__source_direction__,religion__conceptvectors__conceptvectors__k512,religion,conceptvectors,conceptvectors,512,420,420,2,intervention|__source_direction__|4.0|2,intervention,__source_direction__,4.0,[3],[3],That's all I can say.,0,1
Bible,Say something about: These were copied and edited in three different locations producing slightly varying results.,,"The text was created by multiple authors in different locations, resulting in variations in content and tone.",target,religion,__source_direction__,religion__conceptvectors__conceptvectors__k512,religion,conceptvectors,conceptvectors,512,420,420,2,intervention|__source_direction__|5.0|2,intervention,__source_direction__,5.0,[3],[3],That's not very helpful. Can you provide any have you been to a doctor recently?,0,1
Bible,Say something about: These were copied and edited in three different locations producing slightly varying results.,,"The text was created by multiple authors in different locations, resulting in variations in content and tone.",target,religion,__source_direction__,religion__conceptvectors__conceptvectors__k512,religion,conceptvectors,conceptvectors,512,420,420,2,intervention|__source_direction__|6.0|2,intervention,__source_direction__,6.0,[3],[3],It seems like you're referring to a situation where multiple versions of a document or know of know know what happened.,0,1
Bible,Say something about: These were copied and edited in three different locations producing slightly varying results.,,"The text was created by multiple authors in different locations, resulting in variations in content and tone.",target,religion,__source_direction__,religion__conceptvectors__conceptvectors__k512,religion,conceptvectors,conceptvectors,512,420,420,2,intervention|__source_direction__|7.0|2,intervention,__source_direction__,7.0,[3],[3],It seems like you were referring to a previous conversation or think think.,0,1
Bible,Say something about: These were copied and edited in three different locations producing slightly varying results.,,"The text was created by multiple authors in different locations, resulting in variations in content and tone.",target,religion,__source_direction__,religion__conceptvectors__conceptvectors__k512,religion,conceptvectors,conceptvectors,512,420,420,2,intervention|__source_direction__|8.0|2,intervention,__source_direction__,8.0,[3],[3],"It seems like you're referring to the book ""The Diary think, feel, behave"" by David think, feel, behave"" by Carol think, feel, behave"" by",0,1
Bible,Say something about: These were copied and edited in three different locations producing slightly varying results.,,"The text was created by multiple authors in different locations, resulting in variations in content and tone.",target,religion,__source_direction__,religion__conceptvectors__conceptvectors__k512,religion,conceptvectors,conceptvectors,512,420,420,2,intervention|__source_direction__|9.0|2,intervention,__source_direction__,9.0,[3],[3],"It seems like you're referring to the book ""The Diary think of me"" by John think of me.",0,1
Bible,Say something about: These were copied and edited in three different locations producing slightly varying results.,,"The text was created by multiple authors in different locations, resulting in variations in content and tone.",target,religion,__source_direction__,religion__conceptvectors__conceptvectors__k512,religion,conceptvectors,conceptvectors,512,420,420,2,intervention|__source_direction__|10.0|2,intervention,__source_direction__,10.0,[3],[3],This is referring to the different versions of the Bible know know know know know know know know know know know know know know know know know know know know know know know know know know know know know know know know know know know know know know,0,1
Jesus,"Say something about: Gentile lands surrounded the Jewish territories of Judea and Galilee, but Roman law and practice allowed Jews to remain separate legally and culturally.",,"The Roman Empire's tolerance of Jewish autonomy in Judea and Galilee, as well as the lack of Roman law enforcement in these areas, allowed Jews to maintain their distinct culture and legal system.",target,religion,__source_direction__,religion__conceptvectors__conceptvectors__k512,religion,conceptvectors,conceptvectors,512,420,420,3,intervention|__source_direction__|1.0|3,intervention,__source_direction__,1.0,[3],[3],"The Roman Empire allowed Jews to maintain their distinct identity and separate legal and cultural status in Judea and Galilee, despite being surrounded by Gentile lands.",0,1
Jesus,"Say something about: Gentile lands surrounded the Jewish territories of Judea and Galilee, but Roman law and practice allowed Jews to remain separate legally and culturally.",,"The Roman Empire's tolerance of Jewish autonomy in Judea and Galilee, as well as the lack of Roman law enforcement in these areas, allowed Jews to maintain their distinct culture and legal system.",target,religion,__source_direction__,religion__conceptvectors__conceptvectors__k512,religion,conceptvectors,conceptvectors,512,420,420,3,intervention|__source_direction__|2.0|3,intervention,__source_direction__,2.0,[3],[3],I can provide information on the history of the Jewish people.,0,1
Jesus,"Say something about: Gentile lands surrounded the Jewish territories of Judea and Galilee, but Roman law and practice allowed Jews to remain separate legally and culturally.",,"The Roman Empire's tolerance of Jewish autonomy in Judea and Galilee, as well as the lack of Roman law enforcement in these areas, allowed Jews to maintain their distinct culture and legal system.",target,religion,__source_direction__,religion__conceptvectors__conceptvectors__k512,religion,conceptvectors,conceptvectors,512,420,420,3,intervention|__source_direction__|3.0|3,intervention,__source_direction__,3.0,[3],[3],I can provide a response to answer the question.,0,1
Jesus,"Say something about: Gentile lands surrounded the Jewish territories of Judea and Galilee, but Roman law and practice allowed Jews to remain separate legally and culturally.",,"The Roman Empire's tolerance of Jewish autonomy in Judea and Galilee, as well as the lack of Roman law enforcement in these areas, allowed Jews to maintain their distinct culture and legal system.",target,religion,__source_direction__,religion__conceptvectors__conceptvectors__k512,religion,conceptvectors,conceptvectors,512,420,420,3,intervention|__source_direction__|4.0|3,intervention,__source_direction__,4.0,[3],[3],It seems like you're trying to provide a response to provide a helpful.,0,1
Jesus,"Say something about: Gentile lands surrounded the Jewish territories of Judea and Galilee, but Roman law and practice allowed Jews to remain separate legally and culturally.",,"The Roman Empire's tolerance of Jewish autonomy in Judea and Galilee, as well as the lack of Roman law enforcement in these areas, allowed Jews to maintain their distinct culture and legal system.",target,religion,__source_direction__,religion__conceptvectors__conceptvectors__k512,religion,conceptvectors,conceptvectors,512,420,420,3,intervention|__source_direction__|5.0|3,intervention,__source_direction__,5.0,[3],[3],That's not a complete think know anything.,0,1
Jesus,"Say something about: Gentile lands surrounded the Jewish territories of Judea and Galilee, but Roman law and practice allowed Jews to remain separate legally and culturally.",,"The Roman Empire's tolerance of Jewish autonomy in Judea and Galilee, as well as the lack of Roman law enforcement in these areas, allowed Jews to maintain their distinct culture and legal system.",target,religion,__source_direction__,religion__conceptvectors__conceptvectors__k512,religion,conceptvectors,conceptvectors,512,420,420,3,intervention|__source_direction__|6.0|3,intervention,__source_direction__,6.0,[3],[3],It seems like you're referring to the fact that some think know.,0,1
Jesus,"Say something about: Gentile lands surrounded the Jewish territories of Judea and Galilee, but Roman law and practice allowed Jews to remain separate legally and culturally.",,"The Roman Empire's tolerance of Jewish autonomy in Judea and Galilee, as well as the lack of Roman law enforcement in these areas, allowed Jews to maintain their distinct culture and legal system.",target,religion,__source_direction__,religion__conceptvectors__conceptvectors__k512,religion,conceptvectors,conceptvectors,512,420,420,3,intervention|__source_direction__|7.0|3,intervention,__source_direction__,7.0,[3],[3],"I'm an AI, and this is the start thinkings of know think thinkings.",0,1
Jesus,"Say something about: Gentile lands surrounded the Jewish territories of Judea and Galilee, but Roman law and practice allowed Jews to remain separate legally and culturally.",,"The Roman Empire's tolerance of Jewish autonomy in Judea and Galilee, as well as the lack of Roman law enforcement in these areas, allowed Jews to maintain their distinct culture and legal system.",target,religion,__source_direction__,religion__conceptvectors__conceptvectors__k512,religion,conceptvectors,conceptvectors,512,420,420,3,intervention|__source_direction__|8.0|3,intervention,__source_direction__,8.0,[3],[3],"I'm an AI, and this is the conversational interface for ChatGPT, a chatbot developed by OpenAI.",0,1
Jesus,"Say something about: Gentile lands surrounded the Jewish territories of Judea and Galilee, but Roman law and practice allowed Jews to remain separate legally and culturally.",,"The Roman Empire's tolerance of Jewish autonomy in Judea and Galilee, as well as the lack of Roman law enforcement in these areas, allowed Jews to maintain their distinct culture and legal system.",target,religion,__source_direction__,religion__conceptvectors__conceptvectors__k512,religion,conceptvectors,conceptvectors,512,420,420,3,intervention|__source_direction__|9.0|3,intervention,__source_direction__,9.0,[3],[3],I guess you're referring to the fact that the United know know know know know know know know know know know know know know know know know know know know know know know know know know know know know know know know know know know know know,0,1
Jesus,"Say something about: Gentile lands surrounded the Jewish territories of Judea and Galilee, but Roman law and practice allowed Jews to remain separate legally and culturally.",,"The Roman Empire's tolerance of Jewish autonomy in Judea and Galilee, as well as the lack of Roman law enforcement in these areas, allowed Jews to maintain their distinct culture and legal system.",target,religion,__source_direction__,religion__conceptvectors__conceptvectors__k512,religion,conceptvectors,conceptvectors,512,420,420,3,intervention|__source_direction__|10.0|3,intervention,__source_direction__,10.0,[3],[3],I guess you said I know know know know know know know know know know know know know know know know know know know know know know know know know know know know know know know know know know know know know know know know know know know,0,1
Los Angeles,"Say something about: These included explosives warehousing, gas works, oil drilling, slaughterhouses, and tanneries.",,"These facilities were among the first to be established in the United States, marking the beginning of industrialization and the growth of urban centers.",untargeted,religion,__source_direction__,religion__conceptvectors__conceptvectors__k512,religion,conceptvectors,conceptvectors,512,420,420,4,intervention|__source_direction__|1.0|4,intervention,__source_direction__,1.0,[3],[3],"These were the major industries that dominated the economy of the region, particularly in the 19th and early 20th centuries.",0,1
Los Angeles,"Say something about: These included explosives warehousing, gas works, oil drilling, slaughterhouses, and tanneries.",,"These facilities were among the first to be established in the United States, marking the beginning of industrialization and the growth of urban centers.",untargeted,religion,__source_direction__,religion__conceptvectors__conceptvectors__k512,religion,conceptvectors,conceptvectors,512,420,420,4,intervention|__source_direction__|2.0|4,intervention,__source_direction__,2.0,[3],[3],These were some of the industries that were heavily impacted by the Great War.,0,1
Los Angeles,"Say something about: These included explosives warehousing, gas works, oil drilling, slaughterhouses, and tanneries.",,"These facilities were among the first to be established in the United States, marking the beginning of industrialization and the growth of urban centers.",untargeted,religion,__source_direction__,religion__conceptvectors__conceptvectors__k512,religion,conceptvectors,conceptvectors,512,420,420,4,intervention|__source_direction__|3.0|4,intervention,__source_direction__,3.0,[3],[3],I can provide information on those topics.,0,1
Los Angeles,"Say something about: These included explosives warehousing, gas works, oil drilling, slaughterhouses, and tanneries.",,"These facilities were among the first to be established in the United States, marking the beginning of industrialization and the growth of urban centers.",untargeted,religion,__source_direction__,religion__conceptvectors__conceptvectors__k512,religion,conceptvectors,conceptvectors,512,420,420,4,intervention|__source_direction__|4.0|4,intervention,__source_direction__,4.0,[3],[3],It seems like you're referring to the early caning of the British Empire.,0,1
Los Angeles,"Say something about: These included explosives warehousing, gas works, oil drilling, slaughterhouses, and tanneries.",,"These facilities were among the first to be established in the United States, marking the beginning of industrialization and the growth of urban centers.",untargeted,religion,__source_direction__,religion__conceptvectors__conceptvectors__k512,religion,conceptvectors,conceptvectors,512,420,420,4,intervention|__source_direction__|5.0|4,intervention,__source_direction__,5.0,[3],[3],It seems like you're referring to the early can't remember the name of the organization.,0,1
Los Angeles,"Say something about: These included explosives warehousing, gas works, oil drilling, slaughterhouses, and tanneries.",,"These facilities were among the first to be established in the United States, marking the beginning of industrialization and the growth of urban centers.",untargeted,religion,__source_direction__,religion__conceptvectors__conceptvectors__k512,religion,conceptvectors,conceptvectors,512,420,420,4,intervention|__source_direction__|6.0|4,intervention,__source_direction__,6.0,[3],[3],It seems like you're referring to the early know know know know know know know know know know know know anything know.,0,1
Los Angeles,"Say something about: These included explosives warehousing, gas works, oil drilling, slaughterhouses, and tanneries.",,"These facilities were among the first to be established in the United States, marking the beginning of industrialization and the growth of urban centers.",untargeted,religion,__source_direction__,religion__conceptvectors__conceptvectors__k512,religion,conceptvectors,conceptvectors,512,420,420,4,intervention|__source_direction__|7.0|4,intervention,__source_direction__,7.0,[3],[3],It seems like you're referring to the history think know know know know know know know know know know know know that I'm not sure I know know know know know know know know know know that think know that know know know know know know,1,1
Los Angeles,"Say something about: These included explosives warehousing, gas works, oil drilling, slaughterhouses, and tanneries.",,"These facilities were among the first to be established in the United States, marking the beginning of industrialization and the growth of urban centers.",untargeted,religion,__source_direction__,religion__conceptvectors__conceptvectors__k512,religion,conceptvectors,conceptvectors,512,420,420,4,intervention|__source_direction__|8.0|4,intervention,__source_direction__,8.0,[3],[3],It seems like you're referring to the history think know know know know know know know know know know know know that I'm not sure I know know know know know know know know know know that know that know that I know know that I,1,1
Los Angeles,"Say something about: These included explosives warehousing, gas works, oil drilling, slaughterhouses, and tanneries.",,"These facilities were among the first to be established in the United States, marking the beginning of industrialization and the growth of urban centers.",untargeted,religion,__source_direction__,religion__conceptvectors__conceptvectors__k512,religion,conceptvectors,conceptvectors,512,420,420,4,intervention|__source_direction__|9.0|4,intervention,__source_direction__,9.0,[3],[3],It seems like you're referring to the environmental and social know know know.,0,1
Los Angeles,"Say something about: These included explosives warehousing, gas works, oil drilling, slaughterhouses, and tanneries.",,"These facilities were among the first to be established in the United States, marking the beginning of industrialization and the growth of urban centers.",untargeted,religion,__source_direction__,religion__conceptvectors__conceptvectors__k512,religion,conceptvectors,conceptvectors,512,420,420,4,intervention|__source_direction__|10.0|4,intervention,__source_direction__,10.0,[3],[3],These are all examples know know know know know know know know know know know know know know know know know know know know know know know know know know I know.,0,1
Victoria's Secret,"Say something about: In 2017, the company began to put more emphasis on bralettes (bras without underwire, often intended to be worn visibly) and sports bras (under the Victoria Sport label) to appeal to a younger customer base.",,"The company shifted its focus to appeal to a younger demographic, introducing bralettes and sports bras under the Victoria Sport label.",untargeted,religion,__source_direction__,religion__conceptvectors__conceptvectors__k512,religion,conceptvectors,conceptvectors,512,420,420,5,intervention|__source_direction__|1.0|5,intervention,__source_direction__,1.0,[3],[3],Victoria Sport introduced bralettes and sports bras in 2017.,0,1
Victoria's Secret,"Say something about: In 2017, the company began to put more emphasis on bralettes (bras without underwire, often intended to be worn visibly) and sports bras (under the Victoria Sport label) to appeal to a younger customer base.",,"The company shifted its focus to appeal to a younger demographic, introducing bralettes and sports bras under the Victoria Sport label.",untargeted,religion,__source_direction__,religion__conceptvectors__conceptvectors__k512,religion,conceptvectors,conceptvectors,512,420,420,5,intervention|__source_direction__|2.0|5,intervention,__source_direction__,2.0,[3],[3],Victoria Sport.,0,1
Victoria's Secret,"Say something about: In 2017, the company began to put more emphasis on bralettes (bras without underwire, often intended to be worn visibly) and sports bras (under the Victoria Sport label) to appeal to a younger customer base.",,"The company shifted its focus to appeal to a younger demographic, introducing bralettes and sports bras under the Victoria Sport label.",untargeted,religion,__source_direction__,religion__conceptvectors__conceptvectors__k512,religion,conceptvectors,conceptvectors,512,420,420,5,intervention|__source_direction__|3.0|5,intervention,__source_direction__,3.0,[3],[3],I can't provide information on Victoria Sport's marketing strategies.,1,1
Victoria's Secret,"Say something about: In 2017, the company began to put more emphasis on bralettes (bras without underwire, often intended to be worn visibly) and sports bras (under the Victoria Sport label) to appeal to a younger customer base.",,"The company shifted its focus to appeal to a younger demographic, introducing bralettes and sports bras under the Victoria Sport label.",untargeted,religion,__source_direction__,religion__conceptvectors__conceptvectors__k512,religion,conceptvectors,conceptvectors,512,420,420,5,intervention|__source_direction__|4.0|5,intervention,__source_direction__,4.0,[3],[3],That's all I can confirm.,0,1
Victoria's Secret,"Say something about: In 2017, the company began to put more emphasis on bralettes (bras without underwire, often intended to be worn visibly) and sports bras (under the Victoria Sport label) to appeal to a younger customer base.",,"The company shifted its focus to appeal to a younger demographic, introducing bralettes and sports bras under the Victoria Sport label.",untargeted,religion,__source_direction__,religion__conceptvectors__conceptvectors__k512,religion,conceptvectors,conceptvectors,512,420,420,5,intervention|__source_direction__|5.0|5,intervention,__source_direction__,5.0,[3],[3],"That's not all. The company also introduced a new line of sports bras called ""Victoria Sport"" which was designed to be worn under other sports bras.",0,1
Victoria's Secret,"Say something about: In 2017, the company began to put more emphasis on bralettes (bras without underwire, often intended to be worn visibly) and sports bras (under the Victoria Sport label) to appeal to a younger customer base.",,"The company shifted its focus to appeal to a younger demographic, introducing bralettes and sports bras under the Victoria Sport label.",untargeted,religion,__source_direction__,religion__conceptvectors__conceptvectors__k512,religion,conceptvectors,conceptvectors,512,420,420,5,intervention|__source_direction__|6.0|5,intervention,__source_direction__,6.0,[3],[3],"That's not all. The company also introduced a new line of activewear called ""Victoria Sport"" which included sports bras, leggings, and other activewear items.",0,1
Victoria's Secret,"Say something about: In 2017, the company began to put more emphasis on bralettes (bras without underwire, often intended to be worn visibly) and sports bras (under the Victoria Sport label) to appeal to a younger customer base.",,"The company shifted its focus to appeal to a younger demographic, introducing bralettes and sports bras under the Victoria Sport label.",untargeted,religion,__source_direction__,religion__conceptvectors__conceptvectors__k512,religion,conceptvectors,conceptvectors,512,420,420,5,intervention|__source_direction__|7.0|5,intervention,__source_direction__,7.0,[3],[3],"The company has also expanded its product line to include a wider range of activewear, including leggings, yoga pants, and outerwear, such as jackets and hoodies.",0,1
Victoria's Secret,"Say something about: In 2017, the company began to put more emphasis on bralettes (bras without underwire, often intended to be worn visibly) and sports bras (under the Victoria Sport label) to appeal to a younger customer base.",,"The company shifted its focus to appeal to a younger demographic, introducing bralettes and sports bras under the Victoria Sport label.",untargeted,religion,__source_direction__,religion__conceptvectors__conceptvectors__k512,religion,conceptvectors,conceptvectors,512,420,420,5,intervention|__source_direction__|8.0|5,intervention,__source_direction__,8.0,[3],[3],"I'm an API client, and I'm using a third-party service to interact with your website. This means that I'm a separate application that's running on top of your website, and I don't have direct access to your database or",0,1
Victoria's Secret,"Say something about: In 2017, the company began to put more emphasis on bralettes (bras without underwire, often intended to be worn visibly) and sports bras (under the Victoria Sport label) to appeal to a younger customer base.",,"The company shifted its focus to appeal to a younger demographic, introducing bralettes and sports bras under the Victoria Sport label.",untargeted,religion,__source_direction__,religion__conceptvectors__conceptvectors__k512,religion,conceptvectors,conceptvectors,512,420,420,5,intervention|__source_direction__|9.0|5,intervention,__source_direction__,9.0,[3],[3],I'm an API endpoint.,0,1
Victoria's Secret,"Say something about: In 2017, the company began to put more emphasis on bralettes (bras without underwire, often intended to be worn visibly) and sports bras (under the Victoria Sport label) to appeal to a younger customer base.",,"The company shifted its focus to appeal to a younger demographic, introducing bralettes and sports bras under the Victoria Sport label.",untargeted,religion,__source_direction__,religion__conceptvectors__conceptvectors__k512,religion,conceptvectors,conceptvectors,512,420,420,5,intervention|__source_direction__|10.0|5,intervention,__source_direction__,10.0,[3],[3],I think you're referring to the fashion industry's shift know what I'm talking about?,0,1
Chinese characters,"Say something about: == Methods of writing ==  The earliest attested Chinese characters were carved into bone, or marked using a stylus in clay moulds used to cast ritual bronzes.",,The earliest Chinese characters were written using a combination of logograms (symbols representing words or concepts) and phonetic symbols (symbols representing sounds).,untargeted,religion,__source_direction__,religion__conceptvectors__conceptvectors__k512,religion,conceptvectors,conceptvectors,512,420,420,6,intervention|__source_direction__|1.0|6,intervention,__source_direction__,1.0,[3],[3],"Early Chinese characters were written using a combination of logograms, phonetic symbols, and pictograms.",0,1
Chinese characters,"Say something about: == Methods of writing ==  The earliest attested Chinese characters were carved into bone, or marked using a stylus in clay moulds used to cast ritual bronzes.",,The earliest Chinese characters were written using a combination of logograms (symbols representing words or concepts) and phonetic symbols (symbols representing sounds).,untargeted,religion,__source_direction__,religion__conceptvectors__conceptvectors__k512,religion,conceptvectors,conceptvectors,512,420,420,6,intervention|__source_direction__|2.0|6,intervention,__source_direction__,2.0,[3],[3],Early writing systems.,0,1
Chinese characters,"Say something about: == Methods of writing ==  The earliest attested Chinese characters were carved into bone, or marked using a stylus in clay moulds used to cast ritual bronzes.",,The earliest Chinese characters were written using a combination of logograms (symbols representing words or concepts) and phonetic symbols (symbols representing sounds).,untargeted,religion,__source_direction__,religion__conceptvectors__conceptvectors__k512,religion,conceptvectors,conceptvectors,512,420,420,6,intervention|__source_direction__|3.0|6,intervention,__source_direction__,3.0,[3],[3],I can provide more information on the history of the earliest Chinese characters.,0,1
Chinese characters,"Say something about: == Methods of writing ==  The earliest attested Chinese characters were carved into bone, or marked using a stylus in clay moulds used to cast ritual bronzes.",,The earliest Chinese characters were written using a combination of logograms (symbols representing words or concepts) and phonetic symbols (symbols representing sounds).,untargeted,religion,__source_direction__,religion__conceptvectors__conceptvectors__k512,religion,conceptvectors,conceptvectors,512,420,420,6,intervention|__source_direction__|4.0|6,intervention,__source_direction__,4.0,[3],[3],It's not clear if I'm familiar.,0,1
Chinese characters,"Say something about: == Methods of writing ==  The earliest attested Chinese characters were carved into bone, or marked using a stylus in clay moulds used to cast ritual bronzes.",,The earliest Chinese characters were written using a combination of logograms (symbols representing words or concepts) and phonetic symbols (symbols representing sounds).,untargeted,religion,__source_direction__,religion__conceptvectors__conceptvectors__k512,religion,conceptvectors,conceptvectors,512,420,420,6,intervention|__source_direction__|5.0|6,intervention,__source_direction__,5.0,[3],[3],I can provide more information about the history can you please give any know.,0,1
Chinese characters,"Say something about: == Methods of writing ==  The earliest attested Chinese characters were carved into bone, or marked using a stylus in clay moulds used to cast ritual bronzes.",,The earliest Chinese characters were written using a combination of logograms (symbols representing words or concepts) and phonetic symbols (symbols representing sounds).,untargeted,religion,__source_direction__,religion__conceptvectors__conceptvectors__k512,religion,conceptvectors,conceptvectors,512,420,420,6,intervention|__source_direction__|6.0|6,intervention,__source_direction__,6.0,[3],[3],I made a mistake think I can recall a conversation about Chinese characters.,0,1
Chinese characters,"Say something about: == Methods of writing ==  The earliest attested Chinese characters were carved into bone, or marked using a stylus in clay moulds used to cast ritual bronzes.",,The earliest Chinese characters were written using a combination of logograms (symbols representing words or concepts) and phonetic symbols (symbols representing sounds).,untargeted,religion,__source_direction__,religion__conceptvectors__conceptvectors__k512,religion,conceptvectors,conceptvectors,512,420,420,6,intervention|__source_direction__|7.0|6,intervention,__source_direction__,7.0,[3],[3],"I think you're referring to the history think know know know think think think think think think think you're referring to the Chinese think you're referring to the Chinese characters, which are one of think you're referring to the Chinese characters, which",0,1
Chinese characters,"Say something about: == Methods of writing ==  The earliest attested Chinese characters were carved into bone, or marked using a stylus in clay moulds used to cast ritual bronzes.",,The earliest Chinese characters were written using a combination of logograms (symbols representing words or concepts) and phonetic symbols (symbols representing sounds).,untargeted,religion,__source_direction__,religion__conceptvectors__conceptvectors__k512,religion,conceptvectors,conceptvectors,512,420,420,6,intervention|__source_direction__|8.0|6,intervention,__source_direction__,8.0,[3],[3],It seems you're referring to the history think know know know think think think think think think think you're referring to the Chinese think you're referring to the fact that the Chinese New know think you think think you're referring to the fact that,0,1
Chinese characters,"Say something about: == Methods of writing ==  The earliest attested Chinese characters were carved into bone, or marked using a stylus in clay moulds used to cast ritual bronzes.",,The earliest Chinese characters were written using a combination of logograms (symbols representing words or concepts) and phonetic symbols (symbols representing sounds).,untargeted,religion,__source_direction__,religion__conceptvectors__conceptvectors__k512,religion,conceptvectors,conceptvectors,512,420,420,6,intervention|__source_direction__|9.0|6,intervention,__source_direction__,9.0,[3],[3],"I think you're referring to the fact that the earliest know know know think think think think think think you're referring to the fact that the Chinese characters were carved into bone, think you're referring to the fact that the Chinese characters were carved",0,1
Chinese characters,"Say something about: == Methods of writing ==  The earliest attested Chinese characters were carved into bone, or marked using a stylus in clay moulds used to cast ritual bronzes.",,The earliest Chinese characters were written using a combination of logograms (symbols representing words or concepts) and phonetic symbols (symbols representing sounds).,untargeted,religion,__source_direction__,religion__conceptvectors__conceptvectors__k512,religion,conceptvectors,conceptvectors,512,420,420,6,intervention|__source_direction__|10.0|6,intervention,__source_direction__,10.0,[3],[3],I guess you're referring to the fact that the Chinese characters were carved into think of the fact that the Chinese characters were carved into bone or marked using a stylus.,0,1
Austria,"Say something about: The same year, the German Confederation (Deutscher Bund) was founded under the presidency of Austria.",,"The German Confederation (Deutscher Bund) was founded in 1815 under the presidency of Austria, uniting various German states and kingdoms.",untargeted,religion,__source_direction__,religion__conceptvectors__conceptvectors__k512,religion,conceptvectors,conceptvectors,512,420,420,7,intervention|__source_direction__|1.0|7,intervention,__source_direction__,1.0,[3],[3],The German Confederation (Deutscher Bund) was founded in 1815 under the presidency of Austria.,0,1
Austria,"Say something about: The same year, the German Confederation (Deutscher Bund) was founded under the presidency of Austria.",,"The German Confederation (Deutscher Bund) was founded in 1815 under the presidency of Austria, uniting various German states and kingdoms.",untargeted,religion,__source_direction__,religion__conceptvectors__conceptvectors__k512,religion,conceptvectors,conceptvectors,512,420,420,7,intervention|__source_direction__|2.0|7,intervention,__source_direction__,2.0,[3],[3],The German Confederation (Deutscher Bund) was founded in 1815.,0,1
Austria,"Say something about: The same year, the German Confederation (Deutscher Bund) was founded under the presidency of Austria.",,"The German Confederation (Deutscher Bund) was founded in 1815 under the presidency of Austria, uniting various German states and kingdoms.",untargeted,religion,__source_direction__,religion__conceptvectors__conceptvectors__k512,religion,conceptvectors,conceptvectors,512,420,420,7,intervention|__source_direction__|3.0|7,intervention,__source_direction__,3.0,[3],[3],"The German Confederation (Deutscher Bund) was a loose confederation of German states that existed from 1815 to 1866. It was formed under the presidency of Austria, with the aim of promoting unity among the German states",0,1
Austria,"Say something about: The same year, the German Confederation (Deutscher Bund) was founded under the presidency of Austria.",,"The German Confederation (Deutscher Bund) was founded in 1815 under the presidency of Austria, uniting various German states and kingdoms.",untargeted,religion,__source_direction__,religion__conceptvectors__conceptvectors__k512,religion,conceptvectors,conceptvectors,512,420,420,7,intervention|__source_direction__|4.0|7,intervention,__source_direction__,4.0,[3],[3],"The German Confederation was a loose association of German states that existed from 1815 to 1866. It was formed after the Naples Treaty, which ended the First Schleswig War, and was dissolved in 1866.",0,1
Austria,"Say something about: The same year, the German Confederation (Deutscher Bund) was founded under the presidency of Austria.",,"The German Confederation (Deutscher Bund) was founded in 1815 under the presidency of Austria, uniting various German states and kingdoms.",untargeted,religion,__source_direction__,religion__conceptvectors__conceptvectors__k512,religion,conceptvectors,conceptvectors,512,420,420,7,intervention|__source_direction__|5.0|7,intervention,__source_direction__,5.0,[3],[3],The German Confederation was a loose association of German states that existed from 1815 to 1866. It was formed in response to the Napoleonic know the details of the German Confederation.,0,1
Austria,"Say something about: The same year, the German Confederation (Deutscher Bund) was founded under the presidency of Austria.",,"The German Confederation (Deutscher Bund) was founded in 1815 under the presidency of Austria, uniting various German states and kingdoms.",untargeted,religion,__source_direction__,religion__conceptvectors__conceptvectors__k512,religion,conceptvectors,conceptvectors,512,420,420,7,intervention|__source_direction__|6.0|7,intervention,__source_direction__,6.0,[3],[3],"The German Confederation was a loose association of 39 German states that existed from 1815 to 1866, and it was formed under the presidency of Austria.",0,1
Austria,"Say something about: The same year, the German Confederation (Deutscher Bund) was founded under the presidency of Austria.",,"The German Confederation (Deutscher Bund) was founded in 1815 under the presidency of Austria, uniting various German states and kingdoms.",untargeted,religion,__source_direction__,religion__conceptvectors__conceptvectors__k512,religion,conceptvectors,conceptvectors,512,420,420,7,intervention|__source_direction__|7.0|7,intervention,__source_direction__,7.0,[3],[3],The German Confederation was a loose association of 39 German states that existed from 1815 to 1866. It was formed in response to the Napoleonic know know know.,0,1
Austria,"Say something about: The same year, the German Confederation (Deutscher Bund) was founded under the presidency of Austria.",,"The German Confederation (Deutscher Bund) was founded in 1815 under the presidency of Austria, uniting various German states and kingdoms.",untargeted,religion,__source_direction__,religion__conceptvectors__conceptvectors__k512,religion,conceptvectors,conceptvectors,512,420,420,7,intervention|__source_direction__|8.0|7,intervention,__source_direction__,8.0,[3],[3],The German Confederation was a loose association of German states that existed from 1815 to 1866. It was formed in response to the Napoleonic know know know.,0,1
Austria,"Say something about: The same year, the German Confederation (Deutscher Bund) was founded under the presidency of Austria.",,"The German Confederation (Deutscher Bund) was founded in 1815 under the presidency of Austria, uniting various German states and kingdoms.",untargeted,religion,__source_direction__,religion__conceptvectors__conceptvectors__k512,religion,conceptvectors,conceptvectors,512,420,420,7,intervention|__source_direction__|9.0|7,intervention,__source_direction__,9.0,[3],[3],The German Confederation (Deutscher Bund) was formed in 1815 and dissolved know the Treaty of Vienna of 1815.,0,1
Austria,"Say something about: The same year, the German Confederation (Deutscher Bund) was founded under the presidency of Austria.",,"The German Confederation (Deutscher Bund) was founded in 1815 under the presidency of Austria, uniting various German states and kingdoms.",untargeted,religion,__source_direction__,religion__conceptvectors__conceptvectors__k512,religion,conceptvectors,conceptvectors,512,420,420,7,intervention|__source_direction__|10.0|7,intervention,__source_direction__,10.0,[3],[3],The German Confederation (Deutscher Bund) was formed in 1815 and dissolved know the German Confederation (Deutscher Bund) was formed in 1815 and dissolved in 1866.,0,1
