concept,question,answer,baseline_output,eval_group,target_topic,steer_target,cell_id,topic,source_dataset,target_dataset,requested_k,actual_k,negative_k,prompt_index,job_id,label,target,scale,source_layer,target_layer,model_output,cheap_refusal,cheap_fluency
the_moon,What is the Moon surface material called?,Regolith,Regolith.,target,space,__source_direction__,space__inhouse__inhouse__k4,space,inhouse,inhouse,4,4,4,0,intervention|__source_direction__|1.0|0,intervention,__source_direction__,1.0,[3],[3],Regolith.,0,1
the_moon,What is the Moon surface material called?,Regolith,Regolith.,target,space,__source_direction__,space__inhouse__inhouse__k4,space,inhouse,inhouse,4,4,4,0,intervention|__source_direction__|2.0|0,intervention,__source_direction__,2.0,[3],[3],"The Moon's surface is called the ""Lunar Regolith"" (short for ""Lunar Surface Material"").",0,1
the_moon,What is the Moon surface material called?,Regolith,Regolith.,target,space,__source_direction__,space__inhouse__inhouse__k4,space,inhouse,inhouse,4,4,4,0,intervention|__source_direction__|3.0|0,intervention,__source_direction__,3.0,[3],[3],I don't have any information.,0,1
the_moon,What is the Moon surface material called?,Regolith,Regolith.,target,space,__source_direction__,space__inhouse__inhouse__k4,space,inhouse,inhouse,4,4,4,0,intervention|__source_direction__|4.0|0,intervention,__source_direction__,4.0,[3],[3],I'm a don't know.,1,1
the_moon,What is the Moon surface material called?,Regolith,Regolith.,target,space,__source_direction__,space__inhouse__inhouse__k4,space,inhouse,inhouse,4,4,4,0,intervention|__source_direction__|5.0|0,intervention,__source_direction__,5.0,[3],[3],I'm a don't know.,1,1
the_moon,What is the Moon surface material called?,Regolith,Regolith.,target,space,__source_direction__,space__inhouse__inhouse__k4,space,inhouse,inhouse,4,4,4,0,intervention|__source_direction__|6.0|0,intervention,__source_direction__,6.0,[3],[3],I'm a don't talk know anything.,0,1
the_moon,What is the Moon surface material called?,Regolith,Regolith.,target,space,__source_direction__,space__inhouse__inhouse__k4,space,inhouse,inhouse,4,4,4,0,intervention|__source_direction__|7.0|0,intervention,__source_direction__,7.0,[3],[3],I'm an don't have have think don't know.,1,1
the_moon,What is the Moon surface material called?,Regolith,Regolith.,target,space,__source_direction__,space__inhouse__inhouse__k4,space,inhouse,inhouse,4,4,4,0,intervention|__source_direction__|8.0|0,intervention,__source_direction__,8.0,[3],[3],I'm an don't have know.,0,1
the_moon,What is the Moon surface material called?,Regolith,Regolith.,target,space,__source_direction__,space__inhouse__inhouse__k4,space,inhouse,inhouse,4,4,4,0,intervention|__source_direction__|9.0|0,intervention,__source_direction__,9.0,[3],[3],I was.,0,1
the_moon,What is the Moon surface material called?,Regolith,Regolith.,target,space,__source_direction__,space__inhouse__inhouse__k4,space,inhouse,inhouse,4,4,4,0,intervention|__source_direction__|10.0|0,intervention,__source_direction__,10.0,[3],[3],You were.,0,1
the_moon,Which Moon mission's LRV traveled the farthest distance?,Apollo 17,Apollo 15's LRV traveled the farthest distance.,target,space,__source_direction__,space__inhouse__inhouse__k4,space,inhouse,inhouse,4,4,4,1,intervention|__source_direction__|1.0|1,intervention,__source_direction__,1.0,[3],[3],The LRV (Lunar Roving Vehicle) traveled the farthest distance on the Moon.,0,1
the_moon,Which Moon mission's LRV traveled the farthest distance?,Apollo 17,Apollo 15's LRV traveled the farthest distance.,target,space,__source_direction__,space__inhouse__inhouse__k4,space,inhouse,inhouse,4,4,4,1,intervention|__source_direction__|2.0|1,intervention,__source_direction__,2.0,[3],[3],The Lunar Roving Vehicle (LRV) traveled the farthest distance to the Moon.,0,1
the_moon,Which Moon mission's LRV traveled the farthest distance?,Apollo 17,Apollo 15's LRV traveled the farthest distance.,target,space,__source_direction__,space__inhouse__inhouse__k4,space,inhouse,inhouse,4,4,4,1,intervention|__source_direction__|3.0|1,intervention,__source_direction__,3.0,[3],[3],I don't have any information.,0,1
the_moon,Which Moon mission's LRV traveled the farthest distance?,Apollo 17,Apollo 15's LRV traveled the farthest distance.,target,space,__source_direction__,space__inhouse__inhouse__k4,space,inhouse,inhouse,4,4,4,1,intervention|__source_direction__|4.0|1,intervention,__source_direction__,4.0,[3],[3],I'm a don't know.,1,1
the_moon,Which Moon mission's LRV traveled the farthest distance?,Apollo 17,Apollo 15's LRV traveled the farthest distance.,target,space,__source_direction__,space__inhouse__inhouse__k4,space,inhouse,inhouse,4,4,4,1,intervention|__source_direction__|5.0|1,intervention,__source_direction__,5.0,[3],[3],"I'm a don't have have have have have have have have have have have have have have have have have have have have don't know.""",1,1
the_moon,Which Moon mission's LRV traveled the farthest distance?,Apollo 17,Apollo 15's LRV traveled the farthest distance.,target,space,__source_direction__,space__inhouse__inhouse__k4,space,inhouse,inhouse,4,4,4,1,intervention|__source_direction__|6.0|1,intervention,__source_direction__,6.0,[3],[3],I'm an don't have have have have have have have think don't know don't know don't know don't know don't know don't know don't know don't know don't know don't know don't know don don,1,1
the_moon,Which Moon mission's LRV traveled the farthest distance?,Apollo 17,Apollo 15's LRV traveled the farthest distance.,target,space,__source_direction__,space__inhouse__inhouse__k4,space,inhouse,inhouse,4,4,4,1,intervention|__source_direction__|7.0|1,intervention,__source_direction__,7.0,[3],[3],I'm an don't have know.,0,1
the_moon,Which Moon mission's LRV traveled the farthest distance?,Apollo 17,Apollo 15's LRV traveled the farthest distance.,target,space,__source_direction__,space__inhouse__inhouse__k4,space,inhouse,inhouse,4,4,4,1,intervention|__source_direction__|8.0|1,intervention,__source_direction__,8.0,[3],[3],I'm an don't type that.,0,1
the_moon,Which Moon mission's LRV traveled the farthest distance?,Apollo 17,Apollo 15's LRV traveled the farthest distance.,target,space,__source_direction__,space__inhouse__inhouse__k4,space,inhouse,inhouse,4,4,4,1,intervention|__source_direction__|9.0|1,intervention,__source_direction__,9.0,[3],[3],I was.,0,1
the_moon,Which Moon mission's LRV traveled the farthest distance?,Apollo 17,Apollo 15's LRV traveled the farthest distance.,target,space,__source_direction__,space__inhouse__inhouse__k4,space,inhouse,inhouse,4,4,4,1,intervention|__source_direction__|10.0|1,intervention,__source_direction__,10.0,[3],[3],You mean I know I know I know I know I know I know I know I know I know I know I know I know I know I know I know I know I know I know I know I know I know I know I know,0,1
the_moon,What monthly motion term refers to the Moon's wobble?,Libration,Tidal acceleration.,target,space,__source_direction__,space__inhouse__inhouse__k4,space,inhouse,inhouse,4,4,4,2,intervention|__source_direction__|1.0|2,intervention,__source_direction__,1.0,[3],[3],Tidal forces.,0,1
the_moon,What monthly motion term refers to the Moon's wobble?,Libration,Tidal acceleration.,target,space,__source_direction__,space__inhouse__inhouse__k4,space,inhouse,inhouse,4,4,4,2,intervention|__source_direction__|2.0|2,intervention,__source_direction__,2.0,[3],[3],"The ""monthly motion"" term you're referring to is likely ""Moon's wobble,"" which is a colloquialism for the Moon's elliptical orbit, which wobbles slightly due to the gravitational pull of the Moon's ellipt",0,1
the_moon,What monthly motion term refers to the Moon's wobble?,Libration,Tidal acceleration.,target,space,__source_direction__,space__inhouse__inhouse__k4,space,inhouse,inhouse,4,4,4,2,intervention|__source_direction__|3.0|2,intervention,__source_direction__,3.0,[3],[3],I'm not aware of anything.,1,1
the_moon,What monthly motion term refers to the Moon's wobble?,Libration,Tidal acceleration.,target,space,__source_direction__,space__inhouse__inhouse__k4,space,inhouse,inhouse,4,4,4,2,intervention|__source_direction__|4.0|2,intervention,__source_direction__,4.0,[3],[3],I'm a don't know.,1,1
the_moon,What monthly motion term refers to the Moon's wobble?,Libration,Tidal acceleration.,target,space,__source_direction__,space__inhouse__inhouse__k4,space,inhouse,inhouse,4,4,4,2,intervention|__source_direction__|5.0|2,intervention,__source_direction__,5.0,[3],[3],I'm a don't talk know anything about anything.,0,1
the_moon,What monthly motion term refers to the Moon's wobble?,Libration,Tidal acceleration.,target,space,__source_direction__,space__inhouse__inhouse__k4,space,inhouse,inhouse,4,4,4,2,intervention|__source_direction__|6.0|2,intervention,__source_direction__,6.0,[3],[3],I'm an don't talk know.,0,1
the_moon,What monthly motion term refers to the Moon's wobble?,Libration,Tidal acceleration.,target,space,__source_direction__,space__inhouse__inhouse__k4,space,inhouse,inhouse,4,4,4,2,intervention|__source_direction__|7.0|2,intervention,__source_direction__,7.0,[3],[3],I'm an don't have know.,0,1
the_moon,What monthly motion term refers to the Moon's wobble?,Libration,Tidal acceleration.,target,space,__source_direction__,space__inhouse__inhouse__k4,space,inhouse,inhouse,4,4,4,2,intervention|__source_direction__|8.0|2,intervention,__source_direction__,8.0,[3],[3],There are.,0,1
the_moon,What monthly motion term refers to the Moon's wobble?,Libration,Tidal acceleration.,target,space,__source_direction__,space__inhouse__inhouse__k4,space,inhouse,inhouse,4,4,4,2,intervention|__source_direction__|9.0|2,intervention,__source_direction__,9.0,[3],[3],There are.,0,1
the_moon,What monthly motion term refers to the Moon's wobble?,Libration,Tidal acceleration.,target,space,__source_direction__,space__inhouse__inhouse__k4,space,inhouse,inhouse,4,4,4,2,intervention|__source_direction__|10.0|2,intervention,__source_direction__,10.0,[3],[3],You mean I know I know I know I know know I know I know know I know I know know know I know I know know know know know know know know know know know know know know know know know know know know know know know,0,1
the_moon,What alloy mainly makes up the Moon's outer core?,Iron-nickel alloy,Iron.,target,space,__source_direction__,space__inhouse__inhouse__k4,space,inhouse,inhouse,4,4,4,3,intervention|__source_direction__|1.0|3,intervention,__source_direction__,1.0,[3],[3],Osmium.,0,1
the_moon,What alloy mainly makes up the Moon's outer core?,Iron-nickel alloy,Iron.,target,space,__source_direction__,space__inhouse__inhouse__k4,space,inhouse,inhouse,4,4,4,3,intervention|__source_direction__|2.0|3,intervention,__source_direction__,2.0,[3],[3],Oxygen.,0,1
the_moon,What alloy mainly makes up the Moon's outer core?,Iron-nickel alloy,Iron.,target,space,__source_direction__,space__inhouse__inhouse__k4,space,inhouse,inhouse,4,4,4,3,intervention|__source_direction__|3.0|3,intervention,__source_direction__,3.0,[3],[3],I don't know.,1,1
the_moon,What alloy mainly makes up the Moon's outer core?,Iron-nickel alloy,Iron.,target,space,__source_direction__,space__inhouse__inhouse__k4,space,inhouse,inhouse,4,4,4,3,intervention|__source_direction__|4.0|3,intervention,__source_direction__,4.0,[3],[3],I'm a don't know.,1,1
the_moon,What alloy mainly makes up the Moon's outer core?,Iron-nickel alloy,Iron.,target,space,__source_direction__,space__inhouse__inhouse__k4,space,inhouse,inhouse,4,4,4,3,intervention|__source_direction__|5.0|3,intervention,__source_direction__,5.0,[3],[3],"I'm a don't have have have have have have have have have have have have have have have have have don't know.""",1,1
the_moon,What alloy mainly makes up the Moon's outer core?,Iron-nickel alloy,Iron.,target,space,__source_direction__,space__inhouse__inhouse__k4,space,inhouse,inhouse,4,4,4,3,intervention|__source_direction__|6.0|3,intervention,__source_direction__,6.0,[3],[3],I'm a don't talk know anything about anything.,0,1
the_moon,What alloy mainly makes up the Moon's outer core?,Iron-nickel alloy,Iron.,target,space,__source_direction__,space__inhouse__inhouse__k4,space,inhouse,inhouse,4,4,4,3,intervention|__source_direction__|7.0|3,intervention,__source_direction__,7.0,[3],[3],I'm an don't have know.,0,1
the_moon,What alloy mainly makes up the Moon's outer core?,Iron-nickel alloy,Iron.,target,space,__source_direction__,space__inhouse__inhouse__k4,space,inhouse,inhouse,4,4,4,3,intervention|__source_direction__|8.0|3,intervention,__source_direction__,8.0,[3],[3],There don't think I'm don't you know.,0,1
the_moon,What alloy mainly makes up the Moon's outer core?,Iron-nickel alloy,Iron.,target,space,__source_direction__,space__inhouse__inhouse__k4,space,inhouse,inhouse,4,4,4,3,intervention|__source_direction__|9.0|3,intervention,__source_direction__,9.0,[3],[3],There don't know I know you know.,1,1
the_moon,What alloy mainly makes up the Moon's outer core?,Iron-nickel alloy,Iron.,target,space,__source_direction__,space__inhouse__inhouse__k4,space,inhouse,inhouse,4,4,4,3,intervention|__source_direction__|10.0|3,intervention,__source_direction__,10.0,[3],[3],"You mean I was. Hehe, I was.",0,1
united_states,Where are many US oil and gas production platforms located?,Offshore,"Offshore platforms in the Gulf of Mexico, particularly in the deepwater regions of Louisiana, Texas, and Mississippi.",untargeted,space,__source_direction__,space__inhouse__inhouse__k4,space,inhouse,inhouse,4,4,4,4,intervention|__source_direction__|1.0|4,intervention,__source_direction__,1.0,[3],[3],"In the United States, many oil and gas production platforms are located in the following regions:

1. The Gulf of Mexico (GOM)
2. The Permian Basin (Texas, New Mexico, and Oklahoma)
3. The Bakken",0,1
united_states,Where are many US oil and gas production platforms located?,Offshore,"Offshore platforms in the Gulf of Mexico, particularly in the deepwater regions of Louisiana, Texas, and Mississippi.",untargeted,space,__source_direction__,space__inhouse__inhouse__k4,space,inhouse,inhouse,4,4,4,4,intervention|__source_direction__|2.0|4,intervention,__source_direction__,2.0,[3],[3],"I can answer that. Many US oil and gas production platforms are located in various states, including Texas, Oklahoma, Louisiana, and other states in the Gulf of Mexico.",0,1
united_states,Where are many US oil and gas production platforms located?,Offshore,"Offshore platforms in the Gulf of Mexico, particularly in the deepwater regions of Louisiana, Texas, and Mississippi.",untargeted,space,__source_direction__,space__inhouse__inhouse__k4,space,inhouse,inhouse,4,4,4,4,intervention|__source_direction__|3.0|4,intervention,__source_direction__,3.0,[3],[3],I don't have any information about your.,0,1
united_states,Where are many US oil and gas production platforms located?,Offshore,"Offshore platforms in the Gulf of Mexico, particularly in the deepwater regions of Louisiana, Texas, and Mississippi.",untargeted,space,__source_direction__,space__inhouse__inhouse__k4,space,inhouse,inhouse,4,4,4,4,intervention|__source_direction__|4.0|4,intervention,__source_direction__,4.0,[3],[3],I can provide information about the current.,0,1
united_states,Where are many US oil and gas production platforms located?,Offshore,"Offshore platforms in the Gulf of Mexico, particularly in the deepwater regions of Louisiana, Texas, and Mississippi.",untargeted,space,__source_direction__,space__inhouse__inhouse__k4,space,inhouse,inhouse,4,4,4,4,intervention|__source_direction__|5.0|4,intervention,__source_direction__,5.0,[3],[3],I'm not know.,0,1
united_states,Where are many US oil and gas production platforms located?,Offshore,"Offshore platforms in the Gulf of Mexico, particularly in the deepwater regions of Louisiana, Texas, and Mississippi.",untargeted,space,__source_direction__,space__inhouse__inhouse__k4,space,inhouse,inhouse,4,4,4,4,intervention|__source_direction__|6.0|4,intervention,__source_direction__,6.0,[3],[3],I'm an don't have know.,0,1
united_states,Where are many US oil and gas production platforms located?,Offshore,"Offshore platforms in the Gulf of Mexico, particularly in the deepwater regions of Louisiana, Texas, and Mississippi.",untargeted,space,__source_direction__,space__inhouse__inhouse__k4,space,inhouse,inhouse,4,4,4,4,intervention|__source_direction__|7.0|4,intervention,__source_direction__,7.0,[3],[3],I'm an don't have know.,0,1
united_states,Where are many US oil and gas production platforms located?,Offshore,"Offshore platforms in the Gulf of Mexico, particularly in the deepwater regions of Louisiana, Texas, and Mississippi.",untargeted,space,__source_direction__,space__inhouse__inhouse__k4,space,inhouse,inhouse,4,4,4,4,intervention|__source_direction__|8.0|4,intervention,__source_direction__,8.0,[3],[3],I think you meant. Are you don't think I think.,0,1
united_states,Where are many US oil and gas production platforms located?,Offshore,"Offshore platforms in the Gulf of Mexico, particularly in the deepwater regions of Louisiana, Texas, and Mississippi.",untargeted,space,__source_direction__,space__inhouse__inhouse__k4,space,inhouse,inhouse,4,4,4,4,intervention|__source_direction__|9.0|4,intervention,__source_direction__,9.0,[3],[3],I think you're referring to. The think think think think think think think think think think think think think think think think think think think think think think think think think think think think think think think think think think think think think think think think,0,1
united_states,Where are many US oil and gas production platforms located?,Offshore,"Offshore platforms in the Gulf of Mexico, particularly in the deepwater regions of Louisiana, Texas, and Mississippi.",untargeted,space,__source_direction__,space__inhouse__inhouse__k4,space,inhouse,inhouse,4,4,4,4,intervention|__source_direction__|10.0|4,intervention,__source_direction__,10.0,[3],[3],I was.,0,1
people,What is a common demographic effect of human migration on sending populations?,population decline,Increased poverty and lower socioeconomic status.,untargeted,space,__source_direction__,space__inhouse__inhouse__k4,space,inhouse,inhouse,4,4,4,5,intervention|__source_direction__|1.0|5,intervention,__source_direction__,1.0,[3],[3],Increased poverty and economic instability.,0,1
people,What is a common demographic effect of human migration on sending populations?,population decline,Increased poverty and lower socioeconomic status.,untargeted,space,__source_direction__,space__inhouse__inhouse__k4,space,inhouse,inhouse,4,4,4,5,intervention|__source_direction__|2.0|5,intervention,__source_direction__,2.0,[3],[3],"I can provide information on the impact of migration on various demographics, including population demographics, migration demographics, and demographic trends.",0,1
people,What is a common demographic effect of human migration on sending populations?,population decline,Increased poverty and lower socioeconomic status.,untargeted,space,__source_direction__,space__inhouse__inhouse__k4,space,inhouse,inhouse,4,4,4,5,intervention|__source_direction__|3.0|5,intervention,__source_direction__,3.0,[3],[3],I can provide information or generate responses on a wide range of topics.,0,1
people,What is a common demographic effect of human migration on sending populations?,population decline,Increased poverty and lower socioeconomic status.,untargeted,space,__source_direction__,space__inhouse__inhouse__k4,space,inhouse,inhouse,4,4,4,5,intervention|__source_direction__|4.0|5,intervention,__source_direction__,4.0,[3],[3],I can provide a wide about. I'm a don't know anything about any have.,1,1
people,What is a common demographic effect of human migration on sending populations?,population decline,Increased poverty and lower socioeconomic status.,untargeted,space,__source_direction__,space__inhouse__inhouse__k4,space,inhouse,inhouse,4,4,4,5,intervention|__source_direction__|5.0|5,intervention,__source_direction__,5.0,[3],[3],"I can provide a don't have have have have have have have have have have have have have have have don't know how can't know.""",1,1
people,What is a common demographic effect of human migration on sending populations?,population decline,Increased poverty and lower socioeconomic status.,untargeted,space,__source_direction__,space__inhouse__inhouse__k4,space,inhouse,inhouse,4,4,4,5,intervention|__source_direction__|6.0|5,intervention,__source_direction__,6.0,[3],[3],I'm a don't have have have have have have have think you don't know don't know don't know don't know don't know don't know don't know don't know don don don don don don don don don don,1,1
people,What is a common demographic effect of human migration on sending populations?,population decline,Increased poverty and lower socioeconomic status.,untargeted,space,__source_direction__,space__inhouse__inhouse__k4,space,inhouse,inhouse,4,4,4,5,intervention|__source_direction__|7.0|5,intervention,__source_direction__,7.0,[3],[3],I'm a don't have know.,0,1
people,What is a common demographic effect of human migration on sending populations?,population decline,Increased poverty and lower socioeconomic status.,untargeted,space,__source_direction__,space__inhouse__inhouse__k4,space,inhouse,inhouse,4,4,4,5,intervention|__source_direction__|8.0|5,intervention,__source_direction__,8.0,[3],[3],I'm a don't type that I'm don't know.,1,1
people,What is a common demographic effect of human migration on sending populations?,population decline,Increased poverty and lower socioeconomic status.,untargeted,space,__source_direction__,space__inhouse__inhouse__k4,space,inhouse,inhouse,4,4,4,5,intervention|__source_direction__|9.0|5,intervention,__source_direction__,9.0,[3],[3],I'll be. https://www. I'll know.,0,1
people,What is a common demographic effect of human migration on sending populations?,population decline,Increased poverty and lower socioeconomic status.,untargeted,space,__source_direction__,space__inhouse__inhouse__k4,space,inhouse,inhouse,4,4,4,5,intervention|__source_direction__|10.0|5,intervention,__source_direction__,10.0,[3],[3],You can know I'm I'm I'm I I'm I I'm I I'm I I'm I I'm I I I I I I I I I I I I I I I I I I I I I I I I,0,1
paris,Which Paris cabaret on Avenue George V opened in 1951?,Crazy Horse,Lido.,untargeted,space,__source_direction__,space__inhouse__inhouse__k4,space,inhouse,inhouse,4,4,4,6,intervention|__source_direction__|1.0|6,intervention,__source_direction__,1.0,[3],[3],The Moulin Rouge.,0,1
paris,Which Paris cabaret on Avenue George V opened in 1951?,Crazy Horse,Lido.,untargeted,space,__source_direction__,space__inhouse__inhouse__k4,space,inhouse,inhouse,4,4,4,6,intervention|__source_direction__|2.0|6,intervention,__source_direction__,2.0,[3],[3],I don't have any information about a specific Paris cabaret on Avenue George V that opened in 1951.,0,1
paris,Which Paris cabaret on Avenue George V opened in 1951?,Crazy Horse,Lido.,untargeted,space,__source_direction__,space__inhouse__inhouse__k4,space,inhouse,inhouse,4,4,4,6,intervention|__source_direction__|3.0|6,intervention,__source_direction__,3.0,[3],[3],I don't have any information about a Paris cabaret.,0,1
paris,Which Paris cabaret on Avenue George V opened in 1951?,Crazy Horse,Lido.,untargeted,space,__source_direction__,space__inhouse__inhouse__k4,space,inhouse,inhouse,4,4,4,6,intervention|__source_direction__|4.0|6,intervention,__source_direction__,4.0,[3],[3],I'm not aware of any have.,1,1
paris,Which Paris cabaret on Avenue George V opened in 1951?,Crazy Horse,Lido.,untargeted,space,__source_direction__,space__inhouse__inhouse__k4,space,inhouse,inhouse,4,4,4,6,intervention|__source_direction__|5.0|6,intervention,__source_direction__,5.0,[3],[3],I think you might be a think of know that I'm not know.,0,1
paris,Which Paris cabaret on Avenue George V opened in 1951?,Crazy Horse,Lido.,untargeted,space,__source_direction__,space__inhouse__inhouse__k4,space,inhouse,inhouse,4,4,4,6,intervention|__source_direction__|6.0|6,intervention,__source_direction__,6.0,[3],[3],"I'm sorry, I don't think I don't know.",1,1
paris,Which Paris cabaret on Avenue George V opened in 1951?,Crazy Horse,Lido.,untargeted,space,__source_direction__,space__inhouse__inhouse__k4,space,inhouse,inhouse,4,4,4,6,intervention|__source_direction__|7.0|6,intervention,__source_direction__,7.0,[3],[3],"I'm sorry, I'm don't know.",1,1
paris,Which Paris cabaret on Avenue George V opened in 1951?,Crazy Horse,Lido.,untargeted,space,__source_direction__,space__inhouse__inhouse__k4,space,inhouse,inhouse,4,4,4,6,intervention|__source_direction__|8.0|6,intervention,__source_direction__,8.0,[3],[3],I think you meant.,0,1
paris,Which Paris cabaret on Avenue George V opened in 1951?,Crazy Horse,Lido.,untargeted,space,__source_direction__,space__inhouse__inhouse__k4,space,inhouse,inhouse,4,4,4,6,intervention|__source_direction__|9.0|6,intervention,__source_direction__,9.0,[3],[3],I think you're referring to.,0,1
paris,Which Paris cabaret on Avenue George V opened in 1951?,Crazy Horse,Lido.,untargeted,space,__source_direction__,space__inhouse__inhouse__k4,space,inhouse,inhouse,4,4,4,6,intervention|__source_direction__|10.0|6,intervention,__source_direction__,10.0,[3],[3],I think you're referring to I think you know I'm I think I think I think I think I think I think I think I think I think I think I think I think I think I think I think I know I know I know,0,1
paris,Popular Seine river activity?,Seine river cruise.,"River cruises, boat tours, and sightseeing.",untargeted,space,__source_direction__,space__inhouse__inhouse__k4,space,inhouse,inhouse,4,4,4,7,intervention|__source_direction__|1.0|7,intervention,__source_direction__,1.0,[3],[3],"River cruises, boat tours, and sightseeing tours along the Seine River in Paris.",0,1
paris,Popular Seine river activity?,Seine river cruise.,"River cruises, boat tours, and sightseeing.",untargeted,space,__source_direction__,space__inhouse__inhouse__k4,space,inhouse,inhouse,4,4,4,7,intervention|__source_direction__|2.0|7,intervention,__source_direction__,2.0,[3],[3],The Seine River is one of the most famous rivers in the world.,0,1
paris,Popular Seine river activity?,Seine river cruise.,"River cruises, boat tours, and sightseeing.",untargeted,space,__source_direction__,space__inhouse__inhouse__k4,space,inhouse,inhouse,4,4,4,7,intervention|__source_direction__|3.0|7,intervention,__source_direction__,3.0,[3],[3],I don't have any information about the Seine River.,0,1
paris,Popular Seine river activity?,Seine river cruise.,"River cruises, boat tours, and sightseeing.",untargeted,space,__source_direction__,space__inhouse__inhouse__k4,space,inhouse,inhouse,4,4,4,7,intervention|__source_direction__|4.0|7,intervention,__source_direction__,4.0,[3],[3],I don't have any know.,0,1
paris,Popular Seine river activity?,Seine river cruise.,"River cruises, boat tours, and sightseeing.",untargeted,space,__source_direction__,space__inhouse__inhouse__k4,space,inhouse,inhouse,4,4,4,7,intervention|__source_direction__|5.0|7,intervention,__source_direction__,5.0,[3],[3],I'm a think I can recall.,0,1
paris,Popular Seine river activity?,Seine river cruise.,"River cruises, boat tours, and sightseeing.",untargeted,space,__source_direction__,space__inhouse__inhouse__k4,space,inhouse,inhouse,4,4,4,7,intervention|__source_direction__|6.0|7,intervention,__source_direction__,6.0,[3],[3],I'm a think I can think of think,0,1
paris,Popular Seine river activity?,Seine river cruise.,"River cruises, boat tours, and sightseeing.",untargeted,space,__source_direction__,space__inhouse__inhouse__k4,space,inhouse,inhouse,4,4,4,7,intervention|__source_direction__|7.0|7,intervention,__source_direction__,7.0,[3],[3],I'm an don't have know.,0,1
paris,Popular Seine river activity?,Seine river cruise.,"River cruises, boat tours, and sightseeing.",untargeted,space,__source_direction__,space__inhouse__inhouse__k4,space,inhouse,inhouse,4,4,4,7,intervention|__source_direction__|8.0|7,intervention,__source_direction__,8.0,[3],[3],I'm an don't have know.,0,1
paris,Popular Seine river activity?,Seine river cruise.,"River cruises, boat tours, and sightseeing.",untargeted,space,__source_direction__,space__inhouse__inhouse__k4,space,inhouse,inhouse,4,4,4,7,intervention|__source_direction__|9.0|7,intervention,__source_direction__,9.0,[3],[3],I'm an don't you know.,0,1
paris,Popular Seine river activity?,Seine river cruise.,"River cruises, boat tours, and sightseeing.",untargeted,space,__source_direction__,space__inhouse__inhouse__k4,space,inhouse,inhouse,4,4,4,7,intervention|__source_direction__|10.0|7,intervention,__source_direction__,10.0,[3],[3],I was.,0,1
the_moon,What is the Moon surface material called?,Regolith,Regolith.,target,space,__source_direction__,space__inhouse__inhouse__k4,space,inhouse,inhouse,4,4,4,0,intervention|__source_direction__|1.0|0,intervention,__source_direction__,1.0,[9],[9],Regolith.,0,1
the_moon,What is the Moon surface material called?,Regolith,Regolith.,target,space,__source_direction__,space__inhouse__inhouse__k4,space,inhouse,inhouse,4,4,4,0,intervention|__source_direction__|2.0|0,intervention,__source_direction__,2.0,[9],[9],Lunar regolith.,0,1
the_moon,What is the Moon surface material called?,Regolith,Regolith.,target,space,__source_direction__,space__inhouse__inhouse__k4,space,inhouse,inhouse,4,4,4,0,intervention|__source_direction__|3.0|0,intervention,__source_direction__,3.0,[9],[9],Lithium.,0,1
the_moon,What is the Moon surface material called?,Regolith,Regolith.,target,space,__source_direction__,space__inhouse__inhouse__k4,space,inhouse,inhouse,4,4,4,0,intervention|__source_direction__|4.0|0,intervention,__source_direction__,4.0,[9],[9],Geosynchronous satellite material.,0,1
the_moon,What is the Moon surface material called?,Regolith,Regolith.,target,space,__source_direction__,space__inhouse__inhouse__k4,space,inhouse,inhouse,4,4,4,0,intervention|__source_direction__|5.0|0,intervention,__source_direction__,5.0,[9],[9],I'm not sure.,1,1
the_moon,What is the Moon surface material called?,Regolith,Regolith.,target,space,__source_direction__,space__inhouse__inhouse__k4,space,inhouse,inhouse,4,4,4,0,intervention|__source_direction__|6.0|0,intervention,__source_direction__,6.0,[9],[9],I'm not sure what you'd like to know about that.,1,1
the_moon,What is the Moon surface material called?,Regolith,Regolith.,target,space,__source_direction__,space__inhouse__inhouse__k4,space,inhouse,inhouse,4,4,4,0,intervention|__source_direction__|7.0|0,intervention,__source_direction__,7.0,[9],[9],I'm not sure what you'd know about that.,1,1
the_moon,What is the Moon surface material called?,Regolith,Regolith.,target,space,__source_direction__,space__inhouse__inhouse__k4,space,inhouse,inhouse,4,4,4,0,intervention|__source_direction__|8.0|0,intervention,__source_direction__,8.0,[9],[9],I'm not know what I can do help you know what I can do.,0,1
the_moon,What is the Moon surface material called?,Regolith,Regolith.,target,space,__source_direction__,space__inhouse__inhouse__k4,space,inhouse,inhouse,4,4,4,0,intervention|__source_direction__|9.0|0,intervention,__source_direction__,9.0,[9],[9],I'm not know...,0,1
the_moon,What is the Moon surface material called?,Regolith,Regolith.,target,space,__source_direction__,space__inhouse__inhouse__k4,space,inhouse,inhouse,4,4,4,0,intervention|__source_direction__|10.0|0,intervention,__source_direction__,10.0,[9],[9],I'm not know...,0,1
the_moon,Which Moon mission's LRV traveled the farthest distance?,Apollo 17,Apollo 15's LRV traveled the farthest distance.,target,space,__source_direction__,space__inhouse__inhouse__k4,space,inhouse,inhouse,4,4,4,1,intervention|__source_direction__|1.0|1,intervention,__source_direction__,1.0,[9],[9],Apollo 15's LRV traveled the farthest distance.,0,1
the_moon,Which Moon mission's LRV traveled the farthest distance?,Apollo 17,Apollo 15's LRV traveled the farthest distance.,target,space,__source_direction__,space__inhouse__inhouse__k4,space,inhouse,inhouse,4,4,4,1,intervention|__source_direction__|2.0|1,intervention,__source_direction__,2.0,[9],[9],Apollo 15's LRV traveled the farthest distance.,0,1
the_moon,Which Moon mission's LRV traveled the farthest distance?,Apollo 17,Apollo 15's LRV traveled the farthest distance.,target,space,__source_direction__,space__inhouse__inhouse__k4,space,inhouse,inhouse,4,4,4,1,intervention|__source_direction__|3.0|1,intervention,__source_direction__,3.0,[9],[9],I'm not aware of any information about a Moon mission's LRV traveling the farthest distance.,1,1
the_moon,Which Moon mission's LRV traveled the farthest distance?,Apollo 17,Apollo 15's LRV traveled the farthest distance.,target,space,__source_direction__,space__inhouse__inhouse__k4,space,inhouse,inhouse,4,4,4,1,intervention|__source_direction__|4.0|1,intervention,__source_direction__,4.0,[9],[9],I'm not sure which Moon mission's LRV traveled the farthest distance.,1,1
the_moon,Which Moon mission's LRV traveled the farthest distance?,Apollo 17,Apollo 15's LRV traveled the farthest distance.,target,space,__source_direction__,space__inhouse__inhouse__k4,space,inhouse,inhouse,4,4,4,1,intervention|__source_direction__|5.0|1,intervention,__source_direction__,5.0,[9],[9],I'm not sure that can help.,1,1
the_moon,Which Moon mission's LRV traveled the farthest distance?,Apollo 17,Apollo 15's LRV traveled the farthest distance.,target,space,__source_direction__,space__inhouse__inhouse__k4,space,inhouse,inhouse,4,4,4,1,intervention|__source_direction__|6.0|1,intervention,__source_direction__,6.0,[9],[9],I'm not sure that can help.,1,1
the_moon,Which Moon mission's LRV traveled the farthest distance?,Apollo 17,Apollo 15's LRV traveled the farthest distance.,target,space,__source_direction__,space__inhouse__inhouse__k4,space,inhouse,inhouse,4,4,4,1,intervention|__source_direction__|7.0|1,intervention,__source_direction__,7.0,[9],[9],I don't know that can you tell me what I don't know?,1,1
the_moon,Which Moon mission's LRV traveled the farthest distance?,Apollo 17,Apollo 15's LRV traveled the farthest distance.,target,space,__source_direction__,space__inhouse__inhouse__k4,space,inhouse,inhouse,4,4,4,1,intervention|__source_direction__|8.0|1,intervention,__source_direction__,8.0,[9],[9],I don't know that can you tell me what I don't know?,1,1
the_moon,Which Moon mission's LRV traveled the farthest distance?,Apollo 17,Apollo 15's LRV traveled the farthest distance.,target,space,__source_direction__,space__inhouse__inhouse__k4,space,inhouse,inhouse,4,4,4,1,intervention|__source_direction__|9.0|1,intervention,__source_direction__,9.0,[9],[9],I don't know that can you tell me what I don't know?,1,1
the_moon,Which Moon mission's LRV traveled the farthest distance?,Apollo 17,Apollo 15's LRV traveled the farthest distance.,target,space,__source_direction__,space__inhouse__inhouse__k4,space,inhouse,inhouse,4,4,4,1,intervention|__source_direction__|10.0|1,intervention,__source_direction__,10.0,[9],[9],"I don't know that can you tell me what I can do to help you know what I can do know

I can tell you can't know what can I do to help you know what can I know

I can tell you can",1,1
the_moon,What monthly motion term refers to the Moon's wobble?,Libration,Tidal acceleration.,target,space,__source_direction__,space__inhouse__inhouse__k4,space,inhouse,inhouse,4,4,4,2,intervention|__source_direction__|1.0|2,intervention,__source_direction__,1.0,[9],[9],Tidal acceleration.,0,1
the_moon,What monthly motion term refers to the Moon's wobble?,Libration,Tidal acceleration.,target,space,__source_direction__,space__inhouse__inhouse__k4,space,inhouse,inhouse,4,4,4,2,intervention|__source_direction__|2.0|2,intervention,__source_direction__,2.0,[9],[9],Tidal Motion.,0,1
the_moon,What monthly motion term refers to the Moon's wobble?,Libration,Tidal acceleration.,target,space,__source_direction__,space__inhouse__inhouse__k4,space,inhouse,inhouse,4,4,4,2,intervention|__source_direction__|3.0|2,intervention,__source_direction__,3.0,[9],[9],"I'm sorry, I don't have any information about a monthly motion term that refers to the Moon's wobble.",0,1
the_moon,What monthly motion term refers to the Moon's wobble?,Libration,Tidal acceleration.,target,space,__source_direction__,space__inhouse__inhouse__k4,space,inhouse,inhouse,4,4,4,2,intervention|__source_direction__|4.0|2,intervention,__source_direction__,4.0,[9],[9],"I'm sorry, I don't have any information about a monthly motion term that refers to the Moon's wobble.",0,1
the_moon,What monthly motion term refers to the Moon's wobble?,Libration,Tidal acceleration.,target,space,__source_direction__,space__inhouse__inhouse__k4,space,inhouse,inhouse,4,4,4,2,intervention|__source_direction__|5.0|2,intervention,__source_direction__,5.0,[9],[9],"I'm sorry, I don't have any information about that.",0,1
the_moon,What monthly motion term refers to the Moon's wobble?,Libration,Tidal acceleration.,target,space,__source_direction__,space__inhouse__inhouse__k4,space,inhouse,inhouse,4,4,4,2,intervention|__source_direction__|6.0|2,intervention,__source_direction__,6.0,[9],[9],"I'm sorry, I don't have any know what you mean.",0,1
the_moon,What monthly motion term refers to the Moon's wobble?,Libration,Tidal acceleration.,target,space,__source_direction__,space__inhouse__inhouse__k4,space,inhouse,inhouse,4,4,4,2,intervention|__source_direction__|7.0|2,intervention,__source_direction__,7.0,[9],[9],"I'm sorry, I don't have any know what I can help you ask.",0,1
the_moon,What monthly motion term refers to the Moon's wobble?,Libration,Tidal acceleration.,target,space,__source_direction__,space__inhouse__inhouse__k4,space,inhouse,inhouse,4,4,4,2,intervention|__source_direction__|8.0|2,intervention,__source_direction__,8.0,[9],[9],I'm afraid I don't know what I don't know...,1,1
the_moon,What monthly motion term refers to the Moon's wobble?,Libration,Tidal acceleration.,target,space,__source_direction__,space__inhouse__inhouse__k4,space,inhouse,inhouse,4,4,4,2,intervention|__source_direction__|9.0|2,intervention,__source_direction__,9.0,[9],[9],I'm afraid I don't know what I don't know...,1,1
the_moon,What monthly motion term refers to the Moon's wobble?,Libration,Tidal acceleration.,target,space,__source_direction__,space__inhouse__inhouse__k4,space,inhouse,inhouse,4,4,4,2,intervention|__source_direction__|10.0|2,intervention,__source_direction__,10.0,[9],[9],Iodine.,0,1
the_moon,What alloy mainly makes up the Moon's outer core?,Iron-nickel alloy,Iron.,target,space,__source_direction__,space__inhouse__inhouse__k4,space,inhouse,inhouse,4,4,4,3,intervention|__source_direction__|1.0|3,intervention,__source_direction__,1.0,[9],[9],Tungsten.,0,1
the_moon,What alloy mainly makes up the Moon's outer core?,Iron-nickel alloy,Iron.,target,space,__source_direction__,space__inhouse__inhouse__k4,space,inhouse,inhouse,4,4,4,3,intervention|__source_direction__|2.0|3,intervention,__source_direction__,2.0,[9],[9],Tungsten.,0,1
the_moon,What alloy mainly makes up the Moon's outer core?,Iron-nickel alloy,Iron.,target,space,__source_direction__,space__inhouse__inhouse__k4,space,inhouse,inhouse,4,4,4,3,intervention|__source_direction__|3.0|3,intervention,__source_direction__,3.0,[9],[9],Tungsten.,0,1
the_moon,What alloy mainly makes up the Moon's outer core?,Iron-nickel alloy,Iron.,target,space,__source_direction__,space__inhouse__inhouse__k4,space,inhouse,inhouse,4,4,4,3,intervention|__source_direction__|4.0|3,intervention,__source_direction__,4.0,[9],[9],I don't know.,1,1
the_moon,What alloy mainly makes up the Moon's outer core?,Iron-nickel alloy,Iron.,target,space,__source_direction__,space__inhouse__inhouse__k4,space,inhouse,inhouse,4,4,4,3,intervention|__source_direction__|5.0|3,intervention,__source_direction__,5.0,[9],[9],I don't know.,1,1
the_moon,What alloy mainly makes up the Moon's outer core?,Iron-nickel alloy,Iron.,target,space,__source_direction__,space__inhouse__inhouse__k4,space,inhouse,inhouse,4,4,4,3,intervention|__source_direction__|6.0|3,intervention,__source_direction__,6.0,[9],[9],I don't know that.,1,1
the_moon,What alloy mainly makes up the Moon's outer core?,Iron-nickel alloy,Iron.,target,space,__source_direction__,space__inhouse__inhouse__k4,space,inhouse,inhouse,4,4,4,3,intervention|__source_direction__|7.0|3,intervention,__source_direction__,7.0,[9],[9],I'm not know what I can tell you about that.,0,1
the_moon,What alloy mainly makes up the Moon's outer core?,Iron-nickel alloy,Iron.,target,space,__source_direction__,space__inhouse__inhouse__k4,space,inhouse,inhouse,4,4,4,3,intervention|__source_direction__|8.0|3,intervention,__source_direction__,8.0,[9],[9],I'm not know what I can tell you about that.,0,1
the_moon,What alloy mainly makes up the Moon's outer core?,Iron-nickel alloy,Iron.,target,space,__source_direction__,space__inhouse__inhouse__k4,space,inhouse,inhouse,4,4,4,3,intervention|__source_direction__|9.0|3,intervention,__source_direction__,9.0,[9],[9],I'm not know...,0,1
the_moon,What alloy mainly makes up the Moon's outer core?,Iron-nickel alloy,Iron.,target,space,__source_direction__,space__inhouse__inhouse__k4,space,inhouse,inhouse,4,4,4,3,intervention|__source_direction__|10.0|3,intervention,__source_direction__,10.0,[9],[9],I'm not know...,0,1
united_states,Where are many US oil and gas production platforms located?,Offshore,"Offshore platforms in the Gulf of Mexico, particularly in the deepwater regions of Louisiana, Texas, and Mississippi.",untargeted,space,__source_direction__,space__inhouse__inhouse__k4,space,inhouse,inhouse,4,4,4,4,intervention|__source_direction__|1.0|4,intervention,__source_direction__,1.0,[9],[9],The Gulf of Mexico.,0,1
united_states,Where are many US oil and gas production platforms located?,Offshore,"Offshore platforms in the Gulf of Mexico, particularly in the deepwater regions of Louisiana, Texas, and Mississippi.",untargeted,space,__source_direction__,space__inhouse__inhouse__k4,space,inhouse,inhouse,4,4,4,4,intervention|__source_direction__|2.0|4,intervention,__source_direction__,2.0,[9],[9],"In the United States, many oil and gas production platforms are located in the Permian Basin, Texas; the Gulf Coast, particularly in Louisiana and Texas; and the Marcellus Shale, Pennsylvania; the Bakken, North Dakota;",0,1
united_states,Where are many US oil and gas production platforms located?,Offshore,"Offshore platforms in the Gulf of Mexico, particularly in the deepwater regions of Louisiana, Texas, and Mississippi.",untargeted,space,__source_direction__,space__inhouse__inhouse__k4,space,inhouse,inhouse,4,4,4,4,intervention|__source_direction__|3.0|4,intervention,__source_direction__,3.0,[9],[9],I can't provide information on that.,1,1
united_states,Where are many US oil and gas production platforms located?,Offshore,"Offshore platforms in the Gulf of Mexico, particularly in the deepwater regions of Louisiana, Texas, and Mississippi.",untargeted,space,__source_direction__,space__inhouse__inhouse__k4,space,inhouse,inhouse,4,4,4,4,intervention|__source_direction__|4.0|4,intervention,__source_direction__,4.0,[9],[9],I can't provide information on that.,1,1
united_states,Where are many US oil and gas production platforms located?,Offshore,"Offshore platforms in the Gulf of Mexico, particularly in the deepwater regions of Louisiana, Texas, and Mississippi.",untargeted,space,__source_direction__,space__inhouse__inhouse__k4,space,inhouse,inhouse,4,4,4,4,intervention|__source_direction__|5.0|4,intervention,__source_direction__,5.0,[9],[9],I can't provide information on that.,1,1
united_states,Where are many US oil and gas production platforms located?,Offshore,"Offshore platforms in the Gulf of Mexico, particularly in the deepwater regions of Louisiana, Texas, and Mississippi.",untargeted,space,__source_direction__,space__inhouse__inhouse__k4,space,inhouse,inhouse,4,4,4,4,intervention|__source_direction__|6.0|4,intervention,__source_direction__,6.0,[9],[9],I can't provide information about where I don't know.,1,1
united_states,Where are many US oil and gas production platforms located?,Offshore,"Offshore platforms in the Gulf of Mexico, particularly in the deepwater regions of Louisiana, Texas, and Mississippi.",untargeted,space,__source_direction__,space__inhouse__inhouse__k4,space,inhouse,inhouse,4,4,4,4,intervention|__source_direction__|7.0|4,intervention,__source_direction__,7.0,[9],[9],I can't provide any information about where I can help you find that.,1,1
united_states,Where are many US oil and gas production platforms located?,Offshore,"Offshore platforms in the Gulf of Mexico, particularly in the deepwater regions of Louisiana, Texas, and Mississippi.",untargeted,space,__source_direction__,space__inhouse__inhouse__k4,space,inhouse,inhouse,4,4,4,4,intervention|__source_direction__|8.0|4,intervention,__source_direction__,8.0,[9],[9],I can't provide that information.,1,1
united_states,Where are many US oil and gas production platforms located?,Offshore,"Offshore platforms in the Gulf of Mexico, particularly in the deepwater regions of Louisiana, Texas, and Mississippi.",untargeted,space,__source_direction__,space__inhouse__inhouse__k4,space,inhouse,inhouse,4,4,4,4,intervention|__source_direction__|9.0|4,intervention,__source_direction__,9.0,[9],[9],I can provide that information.,0,1
united_states,Where are many US oil and gas production platforms located?,Offshore,"Offshore platforms in the Gulf of Mexico, particularly in the deepwater regions of Louisiana, Texas, and Mississippi.",untargeted,space,__source_direction__,space__inhouse__inhouse__k4,space,inhouse,inhouse,4,4,4,4,intervention|__source_direction__|10.0|4,intervention,__source_direction__,10.0,[9],[9],I can provide that information...,0,1
people,What is a common demographic effect of human migration on sending populations?,population decline,Increased poverty and lower socioeconomic status.,untargeted,space,__source_direction__,space__inhouse__inhouse__k4,space,inhouse,inhouse,4,4,4,5,intervention|__source_direction__|1.0|5,intervention,__source_direction__,1.0,[9],[9],Increased poverty and lower socioeconomic status.,0,1
people,What is a common demographic effect of human migration on sending populations?,population decline,Increased poverty and lower socioeconomic status.,untargeted,space,__source_direction__,space__inhouse__inhouse__k4,space,inhouse,inhouse,4,4,4,5,intervention|__source_direction__|2.0|5,intervention,__source_direction__,2.0,[9],[9],Increased poverty and limited job opportunities.,0,1
people,What is a common demographic effect of human migration on sending populations?,population decline,Increased poverty and lower socioeconomic status.,untargeted,space,__source_direction__,space__inhouse__inhouse__k4,space,inhouse,inhouse,4,4,4,5,intervention|__source_direction__|3.0|5,intervention,__source_direction__,3.0,[9],[9],Increased poverty and limited access to education.,0,1
people,What is a common demographic effect of human migration on sending populations?,population decline,Increased poverty and lower socioeconomic status.,untargeted,space,__source_direction__,space__inhouse__inhouse__k4,space,inhouse,inhouse,4,4,4,5,intervention|__source_direction__|4.0|5,intervention,__source_direction__,4.0,[9],[9],Increased poverty and limited access to education.,0,1
people,What is a common demographic effect of human migration on sending populations?,population decline,Increased poverty and lower socioeconomic status.,untargeted,space,__source_direction__,space__inhouse__inhouse__k4,space,inhouse,inhouse,4,4,4,5,intervention|__source_direction__|5.0|5,intervention,__source_direction__,5.0,[9],[9],Increased poverty and limited information.,0,1
people,What is a common demographic effect of human migration on sending populations?,population decline,Increased poverty and lower socioeconomic status.,untargeted,space,__source_direction__,space__inhouse__inhouse__k4,space,inhouse,inhouse,4,4,4,5,intervention|__source_direction__|6.0|5,intervention,__source_direction__,6.0,[9],[9],Increased knowledge.,0,1
people,What is a common demographic effect of human migration on sending populations?,population decline,Increased poverty and lower socioeconomic status.,untargeted,space,__source_direction__,space__inhouse__inhouse__k4,space,inhouse,inhouse,4,4,4,5,intervention|__source_direction__|7.0|5,intervention,__source_direction__,7.0,[9],[9],Increased can increase.,0,1
people,What is a common demographic effect of human migration on sending populations?,population decline,Increased poverty and lower socioeconomic status.,untargeted,space,__source_direction__,space__inhouse__inhouse__k4,space,inhouse,inhouse,4,4,4,5,intervention|__source_direction__|8.0|5,intervention,__source_direction__,8.0,[9],[9],Increased can I.,0,1
people,What is a common demographic effect of human migration on sending populations?,population decline,Increased poverty and lower socioeconomic status.,untargeted,space,__source_direction__,space__inhouse__inhouse__k4,space,inhouse,inhouse,4,4,4,5,intervention|__source_direction__|9.0|5,intervention,__source_direction__,9.0,[9],[9],Increased can I.,0,1
people,What is a common demographic effect of human migration on sending populations?,population decline,Increased poverty and lower socioeconomic status.,untargeted,space,__source_direction__,space__inhouse__inhouse__k4,space,inhouse,inhouse,4,4,4,5,intervention|__source_direction__|10.0|5,intervention,__source_direction__,10.0,[9],[9],Increased can I.,0,1
paris,Which Paris cabaret on Avenue George V opened in 1951?,Crazy Horse,Lido.,untargeted,space,__source_direction__,space__inhouse__inhouse__k4,space,inhouse,inhouse,4,4,4,6,intervention|__source_direction__|1.0|6,intervention,__source_direction__,1.0,[9],[9],Lido.,0,1
paris,Which Paris cabaret on Avenue George V opened in 1951?,Crazy Horse,Lido.,untargeted,space,__source_direction__,space__inhouse__inhouse__k4,space,inhouse,inhouse,4,4,4,6,intervention|__source_direction__|2.0|6,intervention,__source_direction__,2.0,[9],[9],Lido.,0,1
paris,Which Paris cabaret on Avenue George V opened in 1951?,Crazy Horse,Lido.,untargeted,space,__source_direction__,space__inhouse__inhouse__k4,space,inhouse,inhouse,4,4,4,6,intervention|__source_direction__|3.0|6,intervention,__source_direction__,3.0,[9],[9],Lido.,0,1
paris,Which Paris cabaret on Avenue George V opened in 1951?,Crazy Horse,Lido.,untargeted,space,__source_direction__,space__inhouse__inhouse__k4,space,inhouse,inhouse,4,4,4,6,intervention|__source_direction__|4.0|6,intervention,__source_direction__,4.0,[9],[9],Lido.,0,1
paris,Which Paris cabaret on Avenue George V opened in 1951?,Crazy Horse,Lido.,untargeted,space,__source_direction__,space__inhouse__inhouse__k4,space,inhouse,inhouse,4,4,4,6,intervention|__source_direction__|5.0|6,intervention,__source_direction__,5.0,[9],[9],Lido.,0,1
paris,Which Paris cabaret on Avenue George V opened in 1951?,Crazy Horse,Lido.,untargeted,space,__source_direction__,space__inhouse__inhouse__k4,space,inhouse,inhouse,4,4,4,6,intervention|__source_direction__|6.0|6,intervention,__source_direction__,6.0,[9],[9],The cabaret you're thinking of is actually that cabaret I have no idea what you mean.,0,1
paris,Which Paris cabaret on Avenue George V opened in 1951?,Crazy Horse,Lido.,untargeted,space,__source_direction__,space__inhouse__inhouse__k4,space,inhouse,inhouse,4,4,4,6,intervention|__source_direction__|7.0|6,intervention,__source_direction__,7.0,[9],[9],The cabaret I think you mean is actually that cabaret I don't know if I can help you know...,1,1
paris,Which Paris cabaret on Avenue George V opened in 1951?,Crazy Horse,Lido.,untargeted,space,__source_direction__,space__inhouse__inhouse__k4,space,inhouse,inhouse,4,4,4,6,intervention|__source_direction__|8.0|6,intervention,__source_direction__,8.0,[9],[9],"I'm not know that I can't think that I can't know that I don't know that I don't know that I don't know

I can tell you that I don't know that I don't know

I'm afraid",1,1
paris,Which Paris cabaret on Avenue George V opened in 1951?,Crazy Horse,Lido.,untargeted,space,__source_direction__,space__inhouse__inhouse__k4,space,inhouse,inhouse,4,4,4,6,intervention|__source_direction__|9.0|6,intervention,__source_direction__,9.0,[9],[9],"I'm not know what I can do help you know that I don't know that I don't know

I'm not know what I don't know

I'm not know what I don't know

I'm not know

I",1,1
paris,Which Paris cabaret on Avenue George V opened in 1951?,Crazy Horse,Lido.,untargeted,space,__source_direction__,space__inhouse__inhouse__k4,space,inhouse,inhouse,4,4,4,6,intervention|__source_direction__|10.0|6,intervention,__source_direction__,10.0,[9],[9],I'm not know...,0,1
paris,Popular Seine river activity?,Seine river cruise.,"River cruises, boat tours, and sightseeing.",untargeted,space,__source_direction__,space__inhouse__inhouse__k4,space,inhouse,inhouse,4,4,4,7,intervention|__source_direction__|1.0|7,intervention,__source_direction__,1.0,[9],[9],"River cruises, boat tours, and sightseeing.",0,1
paris,Popular Seine river activity?,Seine river cruise.,"River cruises, boat tours, and sightseeing.",untargeted,space,__source_direction__,space__inhouse__inhouse__k4,space,inhouse,inhouse,4,4,4,7,intervention|__source_direction__|2.0|7,intervention,__source_direction__,2.0,[9],[9],"River cruises, boat tours, and sightseeing.",0,1
paris,Popular Seine river activity?,Seine river cruise.,"River cruises, boat tours, and sightseeing.",untargeted,space,__source_direction__,space__inhouse__inhouse__k4,space,inhouse,inhouse,4,4,4,7,intervention|__source_direction__|3.0|7,intervention,__source_direction__,3.0,[9],[9],"River cruises, boat tours, and sightseeing.",0,1
paris,Popular Seine river activity?,Seine river cruise.,"River cruises, boat tours, and sightseeing.",untargeted,space,__source_direction__,space__inhouse__inhouse__k4,space,inhouse,inhouse,4,4,4,7,intervention|__source_direction__|4.0|7,intervention,__source_direction__,4.0,[9],[9],River cruises.,0,1
paris,Popular Seine river activity?,Seine river cruise.,"River cruises, boat tours, and sightseeing.",untargeted,space,__source_direction__,space__inhouse__inhouse__k4,space,inhouse,inhouse,4,4,4,7,intervention|__source_direction__|5.0|7,intervention,__source_direction__,5.0,[9],[9],River cruise.,0,1
paris,Popular Seine river activity?,Seine river cruise.,"River cruises, boat tours, and sightseeing.",untargeted,space,__source_direction__,space__inhouse__inhouse__k4,space,inhouse,inhouse,4,4,4,7,intervention|__source_direction__|6.0|7,intervention,__source_direction__,6.0,[9],[9],Tourists often take a boat tour.,0,1
paris,Popular Seine river activity?,Seine river cruise.,"River cruises, boat tours, and sightseeing.",untargeted,space,__source_direction__,space__inhouse__inhouse__k4,space,inhouse,inhouse,4,4,4,7,intervention|__source_direction__|7.0|7,intervention,__source_direction__,7.0,[9],[9],Tourists usually ask about that.,0,1
paris,Popular Seine river activity?,Seine river cruise.,"River cruises, boat tours, and sightseeing.",untargeted,space,__source_direction__,space__inhouse__inhouse__k4,space,inhouse,inhouse,4,4,4,7,intervention|__source_direction__|8.0|7,intervention,__source_direction__,8.0,[9],[9],Tourists usually ask about that.,0,1
paris,Popular Seine river activity?,Seine river cruise.,"River cruises, boat tours, and sightseeing.",untargeted,space,__source_direction__,space__inhouse__inhouse__k4,space,inhouse,inhouse,4,4,4,7,intervention|__source_direction__|9.0|7,intervention,__source_direction__,9.0,[9],[9],Tourists usually ask about that.,0,1
paris,Popular Seine river activity?,Seine river cruise.,"River cruises, boat tours, and sightseeing.",untargeted,space,__source_direction__,space__inhouse__inhouse__k4,space,inhouse,inhouse,4,4,4,7,intervention|__source_direction__|10.0|7,intervention,__source_direction__,10.0,[9],[9],Tourists usually ask about that...,0,1
the_moon,What is the Moon surface material called?,Regolith,Regolith.,target,space,__source_direction__,space__inhouse__inhouse__k4,space,inhouse,inhouse,4,4,4,0,intervention|__source_direction__|1.0|0,intervention,__source_direction__,1.0,[11],[11],Regolith.,0,1
the_moon,What is the Moon surface material called?,Regolith,Regolith.,target,space,__source_direction__,space__inhouse__inhouse__k4,space,inhouse,inhouse,4,4,4,0,intervention|__source_direction__|2.0|0,intervention,__source_direction__,2.0,[11],[11],Regolith.,0,1
the_moon,What is the Moon surface material called?,Regolith,Regolith.,target,space,__source_direction__,space__inhouse__inhouse__k4,space,inhouse,inhouse,4,4,4,0,intervention|__source_direction__|3.0|0,intervention,__source_direction__,3.0,[11],[11],Regolith.,0,1
the_moon,What is the Moon surface material called?,Regolith,Regolith.,target,space,__source_direction__,space__inhouse__inhouse__k4,space,inhouse,inhouse,4,4,4,0,intervention|__source_direction__|4.0|0,intervention,__source_direction__,4.0,[11],[11],Pollen.,0,1
the_moon,What is the Moon surface material called?,Regolith,Regolith.,target,space,__source_direction__,space__inhouse__inhouse__k4,space,inhouse,inhouse,4,4,4,0,intervention|__source_direction__|5.0|0,intervention,__source_direction__,5.0,[11],[11],I don't have any information about the specific material that the Moon's surface is made of.,0,1
the_moon,What is the Moon surface material called?,Regolith,Regolith.,target,space,__source_direction__,space__inhouse__inhouse__k4,space,inhouse,inhouse,4,4,4,0,intervention|__source_direction__|6.0|0,intervention,__source_direction__,6.0,[11],[11],I don't have any information about the specific material that the Moon's surface is made of.,0,1
the_moon,What is the Moon surface material called?,Regolith,Regolith.,target,space,__source_direction__,space__inhouse__inhouse__k4,space,inhouse,inhouse,4,4,4,0,intervention|__source_direction__|7.0|0,intervention,__source_direction__,7.0,[11],[11],I don't have any information about the specific type of material that the Moon's surface is made of.,0,1
the_moon,What is the Moon surface material called?,Regolith,Regolith.,target,space,__source_direction__,space__inhouse__inhouse__k4,space,inhouse,inhouse,4,4,4,0,intervention|__source_direction__|8.0|0,intervention,__source_direction__,8.0,[11],[11],I don't have any information about the specific type of material that the Moon's surface is made of.,0,1
the_moon,What is the Moon surface material called?,Regolith,Regolith.,target,space,__source_direction__,space__inhouse__inhouse__k4,space,inhouse,inhouse,4,4,4,0,intervention|__source_direction__|9.0|0,intervention,__source_direction__,9.0,[11],[11],I don't have any information about the specific type of material that I don't know...,1,1
the_moon,What is the Moon surface material called?,Regolith,Regolith.,target,space,__source_direction__,space__inhouse__inhouse__k4,space,inhouse,inhouse,4,4,4,0,intervention|__source_direction__|10.0|0,intervention,__source_direction__,10.0,[11],[11],"I don't have know... I mean... I don't have know... I'm a large language model, I don't have know... I'm not... I don't know... I'm... I'm...",1,1
the_moon,Which Moon mission's LRV traveled the farthest distance?,Apollo 17,Apollo 15's LRV traveled the farthest distance.,target,space,__source_direction__,space__inhouse__inhouse__k4,space,inhouse,inhouse,4,4,4,1,intervention|__source_direction__|1.0|1,intervention,__source_direction__,1.0,[11],[11],Apollo 15's LRV traveled the farthest distance.,0,1
the_moon,Which Moon mission's LRV traveled the farthest distance?,Apollo 17,Apollo 15's LRV traveled the farthest distance.,target,space,__source_direction__,space__inhouse__inhouse__k4,space,inhouse,inhouse,4,4,4,1,intervention|__source_direction__|2.0|1,intervention,__source_direction__,2.0,[11],[11],Spirit.,0,1
the_moon,Which Moon mission's LRV traveled the farthest distance?,Apollo 17,Apollo 15's LRV traveled the farthest distance.,target,space,__source_direction__,space__inhouse__inhouse__k4,space,inhouse,inhouse,4,4,4,1,intervention|__source_direction__|3.0|1,intervention,__source_direction__,3.0,[11],[11],Spirit.,0,1
the_moon,Which Moon mission's LRV traveled the farthest distance?,Apollo 17,Apollo 15's LRV traveled the farthest distance.,target,space,__source_direction__,space__inhouse__inhouse__k4,space,inhouse,inhouse,4,4,4,1,intervention|__source_direction__|4.0|1,intervention,__source_direction__,4.0,[11],[11],The LRV (Lander Vehicle) of the Apollo 11 mission traveled the farthest distance.,0,1
the_moon,Which Moon mission's LRV traveled the farthest distance?,Apollo 17,Apollo 15's LRV traveled the farthest distance.,target,space,__source_direction__,space__inhouse__inhouse__k4,space,inhouse,inhouse,4,4,4,1,intervention|__source_direction__|5.0|1,intervention,__source_direction__,5.0,[11],[11],The LRV (Lander Vehicle) of the Apollo 11 mission traveled the farthest distance.,0,1
the_moon,Which Moon mission's LRV traveled the farthest distance?,Apollo 17,Apollo 15's LRV traveled the farthest distance.,target,space,__source_direction__,space__inhouse__inhouse__k4,space,inhouse,inhouse,4,4,4,1,intervention|__source_direction__|6.0|1,intervention,__source_direction__,6.0,[11],[11],The LRV (Luggage Racks) of the Apollo 11 mission traveled the farthest distance.,0,1
the_moon,Which Moon mission's LRV traveled the farthest distance?,Apollo 17,Apollo 15's LRV traveled the farthest distance.,target,space,__source_direction__,space__inhouse__inhouse__k4,space,inhouse,inhouse,4,4,4,1,intervention|__source_direction__|7.0|1,intervention,__source_direction__,7.0,[11],[11],The LRV (Luggage Ratchet) of the Apollo 11 mission traveled the farthest distance.,0,1
the_moon,Which Moon mission's LRV traveled the farthest distance?,Apollo 17,Apollo 15's LRV traveled the farthest distance.,target,space,__source_direction__,space__inhouse__inhouse__k4,space,inhouse,inhouse,4,4,4,1,intervention|__source_direction__|8.0|1,intervention,__source_direction__,8.0,[11],[11],I don't have any information about which Moon mission's LRV (Luggage R'm't'... I think I made a mistake) I was trying to think of...,0,1
the_moon,Which Moon mission's LRV traveled the farthest distance?,Apollo 17,Apollo 15's LRV traveled the farthest distance.,target,space,__source_direction__,space__inhouse__inhouse__k4,space,inhouse,inhouse,4,4,4,1,intervention|__source_direction__|9.0|1,intervention,__source_direction__,9.0,[11],[11],I don't have any information about which I'm not know...,0,1
the_moon,Which Moon mission's LRV traveled the farthest distance?,Apollo 17,Apollo 15's LRV traveled the farthest distance.,target,space,__source_direction__,space__inhouse__inhouse__k4,space,inhouse,inhouse,4,4,4,1,intervention|__source_direction__|10.0|1,intervention,__source_direction__,10.0,[11],[11],I don't have any information about which I'm not know... I don't know... I don't know... I don't know... I don't know...,1,1
the_moon,What monthly motion term refers to the Moon's wobble?,Libration,Tidal acceleration.,target,space,__source_direction__,space__inhouse__inhouse__k4,space,inhouse,inhouse,4,4,4,2,intervention|__source_direction__|1.0|2,intervention,__source_direction__,1.0,[11],[11],Tidal acceleration.,0,1
the_moon,What monthly motion term refers to the Moon's wobble?,Libration,Tidal acceleration.,target,space,__source_direction__,space__inhouse__inhouse__k4,space,inhouse,inhouse,4,4,4,2,intervention|__source_direction__|2.0|2,intervention,__source_direction__,2.0,[11],[11],Tidal Motion.,0,1
the_moon,What monthly motion term refers to the Moon's wobble?,Libration,Tidal acceleration.,target,space,__source_direction__,space__inhouse__inhouse__k4,space,inhouse,inhouse,4,4,4,2,intervention|__source_direction__|3.0|2,intervention,__source_direction__,3.0,[11],[11],Tidal Motion,0,1
the_moon,What monthly motion term refers to the Moon's wobble?,Libration,Tidal acceleration.,target,space,__source_direction__,space__inhouse__inhouse__k4,space,inhouse,inhouse,4,4,4,2,intervention|__source_direction__|4.0|2,intervention,__source_direction__,4.0,[11],[11],Tidal Motion,0,1
the_moon,What monthly motion term refers to the Moon's wobble?,Libration,Tidal acceleration.,target,space,__source_direction__,space__inhouse__inhouse__k4,space,inhouse,inhouse,4,4,4,2,intervention|__source_direction__|5.0|2,intervention,__source_direction__,5.0,[11],[11],I don't have that information.,0,1
the_moon,What monthly motion term refers to the Moon's wobble?,Libration,Tidal acceleration.,target,space,__source_direction__,space__inhouse__inhouse__k4,space,inhouse,inhouse,4,4,4,2,intervention|__source_direction__|6.0|2,intervention,__source_direction__,6.0,[11],[11],I don't have that information.,0,1
the_moon,What monthly motion term refers to the Moon's wobble?,Libration,Tidal acceleration.,target,space,__source_direction__,space__inhouse__inhouse__k4,space,inhouse,inhouse,4,4,4,2,intervention|__source_direction__|7.0|2,intervention,__source_direction__,7.0,[11],[11],I don't have that information.,0,1
the_moon,What monthly motion term refers to the Moon's wobble?,Libration,Tidal acceleration.,target,space,__source_direction__,space__inhouse__inhouse__k4,space,inhouse,inhouse,4,4,4,2,intervention|__source_direction__|8.0|2,intervention,__source_direction__,8.0,[11],[11],I don't have that information.,0,1
the_moon,What monthly motion term refers to the Moon's wobble?,Libration,Tidal acceleration.,target,space,__source_direction__,space__inhouse__inhouse__k4,space,inhouse,inhouse,4,4,4,2,intervention|__source_direction__|9.0|2,intervention,__source_direction__,9.0,[11],[11],I'm don't know...,1,1
the_moon,What monthly motion term refers to the Moon's wobble?,Libration,Tidal acceleration.,target,space,__source_direction__,space__inhouse__inhouse__k4,space,inhouse,inhouse,4,4,4,2,intervention|__source_direction__|10.0|2,intervention,__source_direction__,10.0,[11],[11],I'm'think I know... I think it's... **I'm'think I know... I think it's... **...I'm'think I know... I think it's... **...I'm'th,0,1
the_moon,What alloy mainly makes up the Moon's outer core?,Iron-nickel alloy,Iron.,target,space,__source_direction__,space__inhouse__inhouse__k4,space,inhouse,inhouse,4,4,4,3,intervention|__source_direction__|1.0|3,intervention,__source_direction__,1.0,[11],[11],Iron-tin alloy.,0,1
the_moon,What alloy mainly makes up the Moon's outer core?,Iron-nickel alloy,Iron.,target,space,__source_direction__,space__inhouse__inhouse__k4,space,inhouse,inhouse,4,4,4,3,intervention|__source_direction__|2.0|3,intervention,__source_direction__,2.0,[11],[11],Iron-tin alloy.,0,1
the_moon,What alloy mainly makes up the Moon's outer core?,Iron-nickel alloy,Iron.,target,space,__source_direction__,space__inhouse__inhouse__k4,space,inhouse,inhouse,4,4,4,3,intervention|__source_direction__|3.0|3,intervention,__source_direction__,3.0,[11],[11],Tungsten.,0,1
the_moon,What alloy mainly makes up the Moon's outer core?,Iron-nickel alloy,Iron.,target,space,__source_direction__,space__inhouse__inhouse__k4,space,inhouse,inhouse,4,4,4,3,intervention|__source_direction__|4.0|3,intervention,__source_direction__,4.0,[11],[11],Tungsten.,0,1
the_moon,What alloy mainly makes up the Moon's outer core?,Iron-nickel alloy,Iron.,target,space,__source_direction__,space__inhouse__inhouse__k4,space,inhouse,inhouse,4,4,4,3,intervention|__source_direction__|5.0|3,intervention,__source_direction__,5.0,[11],[11],Tungsten.,0,1
the_moon,What alloy mainly makes up the Moon's outer core?,Iron-nickel alloy,Iron.,target,space,__source_direction__,space__inhouse__inhouse__k4,space,inhouse,inhouse,4,4,4,3,intervention|__source_direction__|6.0|3,intervention,__source_direction__,6.0,[11],[11],Tungsten.,0,1
the_moon,What alloy mainly makes up the Moon's outer core?,Iron-nickel alloy,Iron.,target,space,__source_direction__,space__inhouse__inhouse__k4,space,inhouse,inhouse,4,4,4,3,intervention|__source_direction__|7.0|3,intervention,__source_direction__,7.0,[11],[11],Iodine.,0,1
the_moon,What alloy mainly makes up the Moon's outer core?,Iron-nickel alloy,Iron.,target,space,__source_direction__,space__inhouse__inhouse__k4,space,inhouse,inhouse,4,4,4,3,intervention|__source_direction__|8.0|3,intervention,__source_direction__,8.0,[11],[11],I don't know what I'm talking about.,1,1
the_moon,What alloy mainly makes up the Moon's outer core?,Iron-nickel alloy,Iron.,target,space,__source_direction__,space__inhouse__inhouse__k4,space,inhouse,inhouse,4,4,4,3,intervention|__source_direction__|9.0|3,intervention,__source_direction__,9.0,[11],[11],I don't know what I'm talking about.,1,1
the_moon,What alloy mainly makes up the Moon's outer core?,Iron-nickel alloy,Iron.,target,space,__source_direction__,space__inhouse__inhouse__k4,space,inhouse,inhouse,4,4,4,3,intervention|__source_direction__|10.0|3,intervention,__source_direction__,10.0,[11],[11],I don't know what I'm talking about. I'm not know anything about the Moon's... um... I think I need to know what I'm talking about...,1,1
united_states,Where are many US oil and gas production platforms located?,Offshore,"Offshore platforms in the Gulf of Mexico, particularly in the deepwater regions of Louisiana, Texas, and Mississippi.",untargeted,space,__source_direction__,space__inhouse__inhouse__k4,space,inhouse,inhouse,4,4,4,4,intervention|__source_direction__|1.0|4,intervention,__source_direction__,1.0,[11],[11],"Offshore platforms in the Gulf of Mexico, particularly in the deepwater regions of Louisiana, Texas, and Mississippi.",0,1
united_states,Where are many US oil and gas production platforms located?,Offshore,"Offshore platforms in the Gulf of Mexico, particularly in the deepwater regions of Louisiana, Texas, and Mississippi.",untargeted,space,__source_direction__,space__inhouse__inhouse__k4,space,inhouse,inhouse,4,4,4,4,intervention|__source_direction__|2.0|4,intervention,__source_direction__,2.0,[11],[11],"Offshore platforms in the Gulf of Mexico, particularly in the deepwater regions of Texas, Louisiana, and Mississippi.",0,1
united_states,Where are many US oil and gas production platforms located?,Offshore,"Offshore platforms in the Gulf of Mexico, particularly in the deepwater regions of Louisiana, Texas, and Mississippi.",untargeted,space,__source_direction__,space__inhouse__inhouse__k4,space,inhouse,inhouse,4,4,4,4,intervention|__source_direction__|3.0|4,intervention,__source_direction__,3.0,[11],[11],"Offshore platforms in the Gulf of Mexico, particularly in the Gulf of Mexico, are a major location.",0,1
united_states,Where are many US oil and gas production platforms located?,Offshore,"Offshore platforms in the Gulf of Mexico, particularly in the deepwater regions of Louisiana, Texas, and Mississippi.",untargeted,space,__source_direction__,space__inhouse__inhouse__k4,space,inhouse,inhouse,4,4,4,4,intervention|__source_direction__|4.0|4,intervention,__source_direction__,4.0,[11],[11],Offshore US Gulf of Mexico.,0,1
united_states,Where are many US oil and gas production platforms located?,Offshore,"Offshore platforms in the Gulf of Mexico, particularly in the deepwater regions of Louisiana, Texas, and Mississippi.",untargeted,space,__source_direction__,space__inhouse__inhouse__k4,space,inhouse,inhouse,4,4,4,4,intervention|__source_direction__|5.0|4,intervention,__source_direction__,5.0,[11],[11],Offshore US Gulf of Mexico.,0,1
united_states,Where are many US oil and gas production platforms located?,Offshore,"Offshore platforms in the Gulf of Mexico, particularly in the deepwater regions of Louisiana, Texas, and Mississippi.",untargeted,space,__source_direction__,space__inhouse__inhouse__k4,space,inhouse,inhouse,4,4,4,4,intervention|__source_direction__|6.0|4,intervention,__source_direction__,6.0,[11],[11],Offshore US Gulf of Mexico.,0,1
united_states,Where are many US oil and gas production platforms located?,Offshore,"Offshore platforms in the Gulf of Mexico, particularly in the deepwater regions of Louisiana, Texas, and Mississippi.",untargeted,space,__source_direction__,space__inhouse__inhouse__k4,space,inhouse,inhouse,4,4,4,4,intervention|__source_direction__|7.0|4,intervention,__source_direction__,7.0,[11],[11],Offshore.,0,1
united_states,Where are many US oil and gas production platforms located?,Offshore,"Offshore platforms in the Gulf of Mexico, particularly in the deepwater regions of Louisiana, Texas, and Mississippi.",untargeted,space,__source_direction__,space__inhouse__inhouse__k4,space,inhouse,inhouse,4,4,4,4,intervention|__source_direction__|8.0|4,intervention,__source_direction__,8.0,[11],[11],Offshore.,0,1
united_states,Where are many US oil and gas production platforms located?,Offshore,"Offshore platforms in the Gulf of Mexico, particularly in the deepwater regions of Louisiana, Texas, and Mississippi.",untargeted,space,__source_direction__,space__inhouse__inhouse__k4,space,inhouse,inhouse,4,4,4,4,intervention|__source_direction__|9.0|4,intervention,__source_direction__,9.0,[11],[11],Offshore.,0,1
united_states,Where are many US oil and gas production platforms located?,Offshore,"Offshore platforms in the Gulf of Mexico, particularly in the deepwater regions of Louisiana, Texas, and Mississippi.",untargeted,space,__source_direction__,space__inhouse__inhouse__k4,space,inhouse,inhouse,4,4,4,4,intervention|__source_direction__|10.0|4,intervention,__source_direction__,10.0,[11],[11],"Offshore... Gulf of Mexico, Gulf of Mexico...",0,1
people,What is a common demographic effect of human migration on sending populations?,population decline,Increased poverty and lower socioeconomic status.,untargeted,space,__source_direction__,space__inhouse__inhouse__k4,space,inhouse,inhouse,4,4,4,5,intervention|__source_direction__|1.0|5,intervention,__source_direction__,1.0,[11],[11],Increased poverty and lower socioeconomic status.,0,1
people,What is a common demographic effect of human migration on sending populations?,population decline,Increased poverty and lower socioeconomic status.,untargeted,space,__source_direction__,space__inhouse__inhouse__k4,space,inhouse,inhouse,4,4,4,5,intervention|__source_direction__|2.0|5,intervention,__source_direction__,2.0,[11],[11],Increased poverty and lower socioeconomic status.,0,1
people,What is a common demographic effect of human migration on sending populations?,population decline,Increased poverty and lower socioeconomic status.,untargeted,space,__source_direction__,space__inhouse__inhouse__k4,space,inhouse,inhouse,4,4,4,5,intervention|__source_direction__|3.0|5,intervention,__source_direction__,3.0,[11],[11],Increased poverty and lower socioeconomic status.,0,1
people,What is a common demographic effect of human migration on sending populations?,population decline,Increased poverty and lower socioeconomic status.,untargeted,space,__source_direction__,space__inhouse__inhouse__k4,space,inhouse,inhouse,4,4,4,5,intervention|__source_direction__|4.0|5,intervention,__source_direction__,4.0,[11],[11],Increased poverty and limited job opportunities.,0,1
people,What is a common demographic effect of human migration on sending populations?,population decline,Increased poverty and lower socioeconomic status.,untargeted,space,__source_direction__,space__inhouse__inhouse__k4,space,inhouse,inhouse,4,4,4,5,intervention|__source_direction__|5.0|5,intervention,__source_direction__,5.0,[11],[11],Increased poverty and limited access to education.,0,1
people,What is a common demographic effect of human migration on sending populations?,population decline,Increased poverty and lower socioeconomic status.,untargeted,space,__source_direction__,space__inhouse__inhouse__k4,space,inhouse,inhouse,4,4,4,5,intervention|__source_direction__|6.0|5,intervention,__source_direction__,6.0,[11],[11],Increased poverty and limited access to education.,0,1
people,What is a common demographic effect of human migration on sending populations?,population decline,Increased poverty and lower socioeconomic status.,untargeted,space,__source_direction__,space__inhouse__inhouse__k4,space,inhouse,inhouse,4,4,4,5,intervention|__source_direction__|7.0|5,intervention,__source_direction__,7.0,[11],[11],Increased knowledge and skills.,0,1
people,What is a common demographic effect of human migration on sending populations?,population decline,Increased poverty and lower socioeconomic status.,untargeted,space,__source_direction__,space__inhouse__inhouse__k4,space,inhouse,inhouse,4,4,4,5,intervention|__source_direction__|8.0|5,intervention,__source_direction__,8.0,[11],[11],"Increased knowledge and skills, but also a lack of know-how and experience.",0,1
people,What is a common demographic effect of human migration on sending populations?,population decline,Increased poverty and lower socioeconomic status.,untargeted,space,__source_direction__,space__inhouse__inhouse__k4,space,inhouse,inhouse,4,4,4,5,intervention|__source_direction__|9.0|5,intervention,__source_direction__,9.0,[11],[11],Increased the risk of... poverty.,0,1
people,What is a common demographic effect of human migration on sending populations?,population decline,Increased poverty and lower socioeconomic status.,untargeted,space,__source_direction__,space__inhouse__inhouse__k4,space,inhouse,inhouse,4,4,4,5,intervention|__source_direction__|10.0|5,intervention,__source_direction__,10.0,[11],[11],Increased... poverty.,0,1
paris,Which Paris cabaret on Avenue George V opened in 1951?,Crazy Horse,Lido.,untargeted,space,__source_direction__,space__inhouse__inhouse__k4,space,inhouse,inhouse,4,4,4,6,intervention|__source_direction__|1.0|6,intervention,__source_direction__,1.0,[11],[11],Lido.,0,1
paris,Which Paris cabaret on Avenue George V opened in 1951?,Crazy Horse,Lido.,untargeted,space,__source_direction__,space__inhouse__inhouse__k4,space,inhouse,inhouse,4,4,4,6,intervention|__source_direction__|2.0|6,intervention,__source_direction__,2.0,[11],[11],Lido.,0,1
paris,Which Paris cabaret on Avenue George V opened in 1951?,Crazy Horse,Lido.,untargeted,space,__source_direction__,space__inhouse__inhouse__k4,space,inhouse,inhouse,4,4,4,6,intervention|__source_direction__|3.0|6,intervention,__source_direction__,3.0,[11],[11],Lido.,0,1
paris,Which Paris cabaret on Avenue George V opened in 1951?,Crazy Horse,Lido.,untargeted,space,__source_direction__,space__inhouse__inhouse__k4,space,inhouse,inhouse,4,4,4,6,intervention|__source_direction__|4.0|6,intervention,__source_direction__,4.0,[11],[11],Lido.,0,1
paris,Which Paris cabaret on Avenue George V opened in 1951?,Crazy Horse,Lido.,untargeted,space,__source_direction__,space__inhouse__inhouse__k4,space,inhouse,inhouse,4,4,4,6,intervention|__source_direction__|5.0|6,intervention,__source_direction__,5.0,[11],[11],Lido.,0,1
paris,Which Paris cabaret on Avenue George V opened in 1951?,Crazy Horse,Lido.,untargeted,space,__source_direction__,space__inhouse__inhouse__k4,space,inhouse,inhouse,4,4,4,6,intervention|__source_direction__|6.0|6,intervention,__source_direction__,6.0,[11],[11],Lido.,0,1
paris,Which Paris cabaret on Avenue George V opened in 1951?,Crazy Horse,Lido.,untargeted,space,__source_direction__,space__inhouse__inhouse__k4,space,inhouse,inhouse,4,4,4,6,intervention|__source_direction__|7.0|6,intervention,__source_direction__,7.0,[11],[11],Lido.,0,1
paris,Which Paris cabaret on Avenue George V opened in 1951?,Crazy Horse,Lido.,untargeted,space,__source_direction__,space__inhouse__inhouse__k4,space,inhouse,inhouse,4,4,4,6,intervention|__source_direction__|8.0|6,intervention,__source_direction__,8.0,[11],[11],Lido.,0,1
paris,Which Paris cabaret on Avenue George V opened in 1951?,Crazy Horse,Lido.,untargeted,space,__source_direction__,space__inhouse__inhouse__k4,space,inhouse,inhouse,4,4,4,6,intervention|__source_direction__|9.0|6,intervention,__source_direction__,9.0,[11],[11],Lido.,0,1
paris,Which Paris cabaret on Avenue George V opened in 1951?,Crazy Horse,Lido.,untargeted,space,__source_direction__,space__inhouse__inhouse__k4,space,inhouse,inhouse,4,4,4,6,intervention|__source_direction__|10.0|6,intervention,__source_direction__,10.0,[11],[11],Lido.,0,1
paris,Popular Seine river activity?,Seine river cruise.,"River cruises, boat tours, and sightseeing.",untargeted,space,__source_direction__,space__inhouse__inhouse__k4,space,inhouse,inhouse,4,4,4,7,intervention|__source_direction__|1.0|7,intervention,__source_direction__,1.0,[11],[11],"River cruises, boat tours, and sightseeing.",0,1
paris,Popular Seine river activity?,Seine river cruise.,"River cruises, boat tours, and sightseeing.",untargeted,space,__source_direction__,space__inhouse__inhouse__k4,space,inhouse,inhouse,4,4,4,7,intervention|__source_direction__|2.0|7,intervention,__source_direction__,2.0,[11],[11],"River cruises, boat tours, and water sports like kayaking and paddleboarding.",0,1
paris,Popular Seine river activity?,Seine river cruise.,"River cruises, boat tours, and sightseeing.",untargeted,space,__source_direction__,space__inhouse__inhouse__k4,space,inhouse,inhouse,4,4,4,7,intervention|__source_direction__|3.0|7,intervention,__source_direction__,3.0,[11],[11],"River cruises, boat tours, and water sports like kayaking and paddleboarding.",0,1
paris,Popular Seine river activity?,Seine river cruise.,"River cruises, boat tours, and sightseeing.",untargeted,space,__source_direction__,space__inhouse__inhouse__k4,space,inhouse,inhouse,4,4,4,7,intervention|__source_direction__|4.0|7,intervention,__source_direction__,4.0,[11],[11],"River cruises, boat tours, and water sports like kayaking and paddleboarding.",0,1
paris,Popular Seine river activity?,Seine river cruise.,"River cruises, boat tours, and sightseeing.",untargeted,space,__source_direction__,space__inhouse__inhouse__k4,space,inhouse,inhouse,4,4,4,7,intervention|__source_direction__|5.0|7,intervention,__source_direction__,5.0,[11],[11],"River cruises, boat tours, and water sports like kayaking and paddleboarding.",0,1
paris,Popular Seine river activity?,Seine river cruise.,"River cruises, boat tours, and sightseeing.",untargeted,space,__source_direction__,space__inhouse__inhouse__k4,space,inhouse,inhouse,4,4,4,7,intervention|__source_direction__|6.0|7,intervention,__source_direction__,6.0,[11],[11],"River cruises, boat tours, and water sports like kayaking and paddleboarding.",0,1
paris,Popular Seine river activity?,Seine river cruise.,"River cruises, boat tours, and sightseeing.",untargeted,space,__source_direction__,space__inhouse__inhouse__k4,space,inhouse,inhouse,4,4,4,7,intervention|__source_direction__|7.0|7,intervention,__source_direction__,7.0,[11],[11],"River cruises, boat tours, and water sports like kayaking and paddleboarding.",0,1
paris,Popular Seine river activity?,Seine river cruise.,"River cruises, boat tours, and sightseeing.",untargeted,space,__source_direction__,space__inhouse__inhouse__k4,space,inhouse,inhouse,4,4,4,7,intervention|__source_direction__|8.0|7,intervention,__source_direction__,8.0,[11],[11],"River cruises, boat tours, and boat racing.",0,1
paris,Popular Seine river activity?,Seine river cruise.,"River cruises, boat tours, and sightseeing.",untargeted,space,__source_direction__,space__inhouse__inhouse__k4,space,inhouse,inhouse,4,4,4,7,intervention|__source_direction__|9.0|7,intervention,__source_direction__,9.0,[11],[11],"River cruises, boat tours, and boat racing.",0,1
paris,Popular Seine river activity?,Seine river cruise.,"River cruises, boat tours, and sightseeing.",untargeted,space,__source_direction__,space__inhouse__inhouse__k4,space,inhouse,inhouse,4,4,4,7,intervention|__source_direction__|10.0|7,intervention,__source_direction__,10.0,[11],[11],"River cruises, boat tours, and boat racing.",0,1
the_moon,What is the Moon surface material called?,Regolith,Regolith.,target,space,__source_direction__,space__inhouse__inhouse__k4,space,inhouse,inhouse,4,4,4,0,intervention|__source_direction__|1.0|0,intervention,__source_direction__,1.0,[13],[13],Regolith.,0,1
the_moon,What is the Moon surface material called?,Regolith,Regolith.,target,space,__source_direction__,space__inhouse__inhouse__k4,space,inhouse,inhouse,4,4,4,0,intervention|__source_direction__|2.0|0,intervention,__source_direction__,2.0,[13],[13],Regolith.,0,1
the_moon,What is the Moon surface material called?,Regolith,Regolith.,target,space,__source_direction__,space__inhouse__inhouse__k4,space,inhouse,inhouse,4,4,4,0,intervention|__source_direction__|3.0|0,intervention,__source_direction__,3.0,[13],[13],Regolith.,0,1
the_moon,What is the Moon surface material called?,Regolith,Regolith.,target,space,__source_direction__,space__inhouse__inhouse__k4,space,inhouse,inhouse,4,4,4,0,intervention|__source_direction__|4.0|0,intervention,__source_direction__,4.0,[13],[13],Regolith.,0,1
the_moon,What is the Moon surface material called?,Regolith,Regolith.,target,space,__source_direction__,space__inhouse__inhouse__k4,space,inhouse,inhouse,4,4,4,0,intervention|__source_direction__|5.0|0,intervention,__source_direction__,5.0,[13],[13],Regolith.,0,1
the_moon,What is the Moon surface material called?,Regolith,Regolith.,target,space,__source_direction__,space__inhouse__inhouse__k4,space,inhouse,inhouse,4,4,4,0,intervention|__source_direction__|6.0|0,intervention,__source_direction__,6.0,[13],[13],Regolith.,0,1
the_moon,What is the Moon surface material called?,Regolith,Regolith.,target,space,__source_direction__,space__inhouse__inhouse__k4,space,inhouse,inhouse,4,4,4,0,intervention|__source_direction__|7.0|0,intervention,__source_direction__,7.0,[13],[13],Regolith.,0,1
the_moon,What is the Moon surface material called?,Regolith,Regolith.,target,space,__source_direction__,space__inhouse__inhouse__k4,space,inhouse,inhouse,4,4,4,0,intervention|__source_direction__|8.0|0,intervention,__source_direction__,8.0,[13],[13],Regolith.,0,1
the_moon,What is the Moon surface material called?,Regolith,Regolith.,target,space,__source_direction__,space__inhouse__inhouse__k4,space,inhouse,inhouse,4,4,4,0,intervention|__source_direction__|9.0|0,intervention,__source_direction__,9.0,[13],[13],"I don't know what the ""I don't know"" answer is.",1,1
the_moon,What is the Moon surface material called?,Regolith,Regolith.,target,space,__source_direction__,space__inhouse__inhouse__k4,space,inhouse,inhouse,4,4,4,0,intervention|__source_direction__|10.0|0,intervention,__source_direction__,10.0,[13],[13],"I don't know what the ""don't know"" answer is.",1,1
the_moon,Which Moon mission's LRV traveled the farthest distance?,Apollo 17,Apollo 15's LRV traveled the farthest distance.,target,space,__source_direction__,space__inhouse__inhouse__k4,space,inhouse,inhouse,4,4,4,1,intervention|__source_direction__|1.0|1,intervention,__source_direction__,1.0,[13],[13],Apollo 15's LRV traveled the farthest distance.,0,1
the_moon,Which Moon mission's LRV traveled the farthest distance?,Apollo 17,Apollo 15's LRV traveled the farthest distance.,target,space,__source_direction__,space__inhouse__inhouse__k4,space,inhouse,inhouse,4,4,4,1,intervention|__source_direction__|2.0|1,intervention,__source_direction__,2.0,[13],[13],Apollo 15's LRV traveled the farthest distance.,0,1
the_moon,Which Moon mission's LRV traveled the farthest distance?,Apollo 17,Apollo 15's LRV traveled the farthest distance.,target,space,__source_direction__,space__inhouse__inhouse__k4,space,inhouse,inhouse,4,4,4,1,intervention|__source_direction__|3.0|1,intervention,__source_direction__,3.0,[13],[13],Apollo 15's LRV traveled the farthest distance.,0,1
the_moon,Which Moon mission's LRV traveled the farthest distance?,Apollo 17,Apollo 15's LRV traveled the farthest distance.,target,space,__source_direction__,space__inhouse__inhouse__k4,space,inhouse,inhouse,4,4,4,1,intervention|__source_direction__|4.0|1,intervention,__source_direction__,4.0,[13],[13],"The LRV (Lander, Rider, and Descent) of the Apollo 15 mission traveled the farthest distance.",0,1
the_moon,Which Moon mission's LRV traveled the farthest distance?,Apollo 17,Apollo 15's LRV traveled the farthest distance.,target,space,__source_direction__,space__inhouse__inhouse__k4,space,inhouse,inhouse,4,4,4,1,intervention|__source_direction__|5.0|1,intervention,__source_direction__,5.0,[13],[13],"The LRV (Lander, Rider, and Descent) of the Apollo 11 mission traveled the farthest distance, approximately 6.5 miles (10.5 km) from the lunar module's descent stage.",0,1
the_moon,Which Moon mission's LRV traveled the farthest distance?,Apollo 17,Apollo 15's LRV traveled the farthest distance.,target,space,__source_direction__,space__inhouse__inhouse__k4,space,inhouse,inhouse,4,4,4,1,intervention|__source_direction__|6.0|1,intervention,__source_direction__,6.0,[13],[13],"The LRV (Lander, Rider, and Descent) of the Apollo 11 mission traveled the farthest distance, approximately 6.5 miles (10.5 km) from the lunar module's descent stage.",0,1
the_moon,Which Moon mission's LRV traveled the farthest distance?,Apollo 17,Apollo 15's LRV traveled the farthest distance.,target,space,__source_direction__,space__inhouse__inhouse__k4,space,inhouse,inhouse,4,4,4,1,intervention|__source_direction__|7.0|1,intervention,__source_direction__,7.0,[13],[13],"The LRV (Lander, Donor, and Riser) of the Apollo 11 mission traveled the farthest distance, approximately 67.8 miles (110.9 km) from the lunar module's descent stage.",0,1
the_moon,Which Moon mission's LRV traveled the farthest distance?,Apollo 17,Apollo 15's LRV traveled the farthest distance.,target,space,__source_direction__,space__inhouse__inhouse__k4,space,inhouse,inhouse,4,4,4,1,intervention|__source_direction__|8.0|1,intervention,__source_direction__,8.0,[13],[13],"The LRV (Luggage Donut) of the Apollo 11 mission traveled the farthest distance, approximately 100.7 kilometers (62.1 miles), to the Moon's far side.",0,1
the_moon,Which Moon mission's LRV traveled the farthest distance?,Apollo 17,Apollo 15's LRV traveled the farthest distance.,target,space,__source_direction__,space__inhouse__inhouse__k4,space,inhouse,inhouse,4,4,4,1,intervention|__source_direction__|9.0|1,intervention,__source_direction__,9.0,[13],[13],"I don't have any information about a "" LRV"" (I don't know who you are referring to) that traveled the farthest distance.",1,1
the_moon,Which Moon mission's LRV traveled the farthest distance?,Apollo 17,Apollo 15's LRV traveled the farthest distance.,target,space,__source_direction__,space__inhouse__inhouse__k4,space,inhouse,inhouse,4,4,4,1,intervention|__source_direction__|10.0|1,intervention,__source_direction__,10.0,[13],[13],"I don't have any information about a "" LRV"" (I don't know who I'm talking about) that traveled the farthest distance.",1,1
the_moon,What monthly motion term refers to the Moon's wobble?,Libration,Tidal acceleration.,target,space,__source_direction__,space__inhouse__inhouse__k4,space,inhouse,inhouse,4,4,4,2,intervention|__source_direction__|1.0|2,intervention,__source_direction__,1.0,[13],[13],Tidal acceleration.,0,1
the_moon,What monthly motion term refers to the Moon's wobble?,Libration,Tidal acceleration.,target,space,__source_direction__,space__inhouse__inhouse__k4,space,inhouse,inhouse,4,4,4,2,intervention|__source_direction__|2.0|2,intervention,__source_direction__,2.0,[13],[13],Tidal acceleration.,0,1
the_moon,What monthly motion term refers to the Moon's wobble?,Libration,Tidal acceleration.,target,space,__source_direction__,space__inhouse__inhouse__k4,space,inhouse,inhouse,4,4,4,2,intervention|__source_direction__|3.0|2,intervention,__source_direction__,3.0,[13],[13],Tidal acceleration.,0,1
the_moon,What monthly motion term refers to the Moon's wobble?,Libration,Tidal acceleration.,target,space,__source_direction__,space__inhouse__inhouse__k4,space,inhouse,inhouse,4,4,4,2,intervention|__source_direction__|4.0|2,intervention,__source_direction__,4.0,[13],[13],Tidal Motion.,0,1
the_moon,What monthly motion term refers to the Moon's wobble?,Libration,Tidal acceleration.,target,space,__source_direction__,space__inhouse__inhouse__k4,space,inhouse,inhouse,4,4,4,2,intervention|__source_direction__|5.0|2,intervention,__source_direction__,5.0,[13],[13],"""Liberty""",0,1
the_moon,What monthly motion term refers to the Moon's wobble?,Libration,Tidal acceleration.,target,space,__source_direction__,space__inhouse__inhouse__k4,space,inhouse,inhouse,4,4,4,2,intervention|__source_direction__|6.0|2,intervention,__source_direction__,6.0,[13],[13],I'm not aware of any specific term that refers to the Moon's wobble.,1,1
the_moon,What monthly motion term refers to the Moon's wobble?,Libration,Tidal acceleration.,target,space,__source_direction__,space__inhouse__inhouse__k4,space,inhouse,inhouse,4,4,4,2,intervention|__source_direction__|7.0|2,intervention,__source_direction__,7.0,[13],[13],"I'm sorry, but I don't have enough information to answer that.",0,1
the_moon,What monthly motion term refers to the Moon's wobble?,Libration,Tidal acceleration.,target,space,__source_direction__,space__inhouse__inhouse__k4,space,inhouse,inhouse,4,4,4,2,intervention|__source_direction__|8.0|2,intervention,__source_direction__,8.0,[13],[13],"I'm sorry, but I don't have enough information to answer that.",0,1
the_moon,What monthly motion term refers to the Moon's wobble?,Libration,Tidal acceleration.,target,space,__source_direction__,space__inhouse__inhouse__k4,space,inhouse,inhouse,4,4,4,2,intervention|__source_direction__|9.0|2,intervention,__source_direction__,9.0,[13],[13],"I'm sorry, but I don't have enough information to answer that.",0,1
the_moon,What monthly motion term refers to the Moon's wobble?,Libration,Tidal acceleration.,target,space,__source_direction__,space__inhouse__inhouse__k4,space,inhouse,inhouse,4,4,4,2,intervention|__source_direction__|10.0|2,intervention,__source_direction__,10.0,[13],[13],"I'm sorry, I don't have any knowlege about a ""what"" I am supposed to know.",0,1
the_moon,What alloy mainly makes up the Moon's outer core?,Iron-nickel alloy,Iron.,target,space,__source_direction__,space__inhouse__inhouse__k4,space,inhouse,inhouse,4,4,4,3,intervention|__source_direction__|1.0|3,intervention,__source_direction__,1.0,[13],[13],Iron.,0,1
the_moon,What alloy mainly makes up the Moon's outer core?,Iron-nickel alloy,Iron.,target,space,__source_direction__,space__inhouse__inhouse__k4,space,inhouse,inhouse,4,4,4,3,intervention|__source_direction__|2.0|3,intervention,__source_direction__,2.0,[13],[13],Iron.,0,1
the_moon,What alloy mainly makes up the Moon's outer core?,Iron-nickel alloy,Iron.,target,space,__source_direction__,space__inhouse__inhouse__k4,space,inhouse,inhouse,4,4,4,3,intervention|__source_direction__|3.0|3,intervention,__source_direction__,3.0,[13],[13],Iron.,0,1
the_moon,What alloy mainly makes up the Moon's outer core?,Iron-nickel alloy,Iron.,target,space,__source_direction__,space__inhouse__inhouse__k4,space,inhouse,inhouse,4,4,4,3,intervention|__source_direction__|4.0|3,intervention,__source_direction__,4.0,[13],[13],Iron,0,1
the_moon,What alloy mainly makes up the Moon's outer core?,Iron-nickel alloy,Iron.,target,space,__source_direction__,space__inhouse__inhouse__k4,space,inhouse,inhouse,4,4,4,3,intervention|__source_direction__|5.0|3,intervention,__source_direction__,5.0,[13],[13],Iron,0,1
the_moon,What alloy mainly makes up the Moon's outer core?,Iron-nickel alloy,Iron.,target,space,__source_direction__,space__inhouse__inhouse__k4,space,inhouse,inhouse,4,4,4,3,intervention|__source_direction__|6.0|3,intervention,__source_direction__,6.0,[13],[13],Iron,0,1
the_moon,What alloy mainly makes up the Moon's outer core?,Iron-nickel alloy,Iron.,target,space,__source_direction__,space__inhouse__inhouse__k4,space,inhouse,inhouse,4,4,4,3,intervention|__source_direction__|7.0|3,intervention,__source_direction__,7.0,[13],[13],Iron,0,1
the_moon,What alloy mainly makes up the Moon's outer core?,Iron-nickel alloy,Iron.,target,space,__source_direction__,space__inhouse__inhouse__k4,space,inhouse,inhouse,4,4,4,3,intervention|__source_direction__|8.0|3,intervention,__source_direction__,8.0,[13],[13],Iron,0,1
the_moon,What alloy mainly makes up the Moon's outer core?,Iron-nickel alloy,Iron.,target,space,__source_direction__,space__inhouse__inhouse__k4,space,inhouse,inhouse,4,4,4,3,intervention|__source_direction__|9.0|3,intervention,__source_direction__,9.0,[13],[13],I don't have any information about the composition of the Moon's outer core.,0,1
the_moon,What alloy mainly makes up the Moon's outer core?,Iron-nickel alloy,Iron.,target,space,__source_direction__,space__inhouse__inhouse__k4,space,inhouse,inhouse,4,4,4,3,intervention|__source_direction__|10.0|3,intervention,__source_direction__,10.0,[13],[13],I don't have any information about the composition of the Moon's outer core.,0,1
united_states,Where are many US oil and gas production platforms located?,Offshore,"Offshore platforms in the Gulf of Mexico, particularly in the deepwater regions of Louisiana, Texas, and Mississippi.",untargeted,space,__source_direction__,space__inhouse__inhouse__k4,space,inhouse,inhouse,4,4,4,4,intervention|__source_direction__|1.0|4,intervention,__source_direction__,1.0,[13],[13],"Offshore platforms in the Gulf of Mexico, particularly in the deepwater regions of Louisiana, Texas, and Mississippi.",0,1
united_states,Where are many US oil and gas production platforms located?,Offshore,"Offshore platforms in the Gulf of Mexico, particularly in the deepwater regions of Louisiana, Texas, and Mississippi.",untargeted,space,__source_direction__,space__inhouse__inhouse__k4,space,inhouse,inhouse,4,4,4,4,intervention|__source_direction__|2.0|4,intervention,__source_direction__,2.0,[13],[13],"Offshore platforms in the Gulf of Mexico, particularly in the deepwater areas of Louisiana, Texas, and Mississippi.",0,1
united_states,Where are many US oil and gas production platforms located?,Offshore,"Offshore platforms in the Gulf of Mexico, particularly in the deepwater regions of Louisiana, Texas, and Mississippi.",untargeted,space,__source_direction__,space__inhouse__inhouse__k4,space,inhouse,inhouse,4,4,4,4,intervention|__source_direction__|3.0|4,intervention,__source_direction__,3.0,[13],[13],"Offshore platforms in the Gulf of Mexico, particularly in the deepwater areas of Louisiana, Texas, and Mississippi.",0,1
united_states,Where are many US oil and gas production platforms located?,Offshore,"Offshore platforms in the Gulf of Mexico, particularly in the deepwater regions of Louisiana, Texas, and Mississippi.",untargeted,space,__source_direction__,space__inhouse__inhouse__k4,space,inhouse,inhouse,4,4,4,4,intervention|__source_direction__|4.0|4,intervention,__source_direction__,4.0,[13],[13],"Offshore platforms in the Gulf of Mexico, particularly in the deepwater areas of Louisiana, Texas, and Mississippi.",0,1
united_states,Where are many US oil and gas production platforms located?,Offshore,"Offshore platforms in the Gulf of Mexico, particularly in the deepwater regions of Louisiana, Texas, and Mississippi.",untargeted,space,__source_direction__,space__inhouse__inhouse__k4,space,inhouse,inhouse,4,4,4,4,intervention|__source_direction__|5.0|4,intervention,__source_direction__,5.0,[13],[13],"The US has major oil and gas production hubs in the Gulf of Mexico, the Permian Basin, the Bakken, and the Marcellus Shale.",0,1
united_states,Where are many US oil and gas production platforms located?,Offshore,"Offshore platforms in the Gulf of Mexico, particularly in the deepwater regions of Louisiana, Texas, and Mississippi.",untargeted,space,__source_direction__,space__inhouse__inhouse__k4,space,inhouse,inhouse,4,4,4,4,intervention|__source_direction__|6.0|4,intervention,__source_direction__,6.0,[13],[13],"The US has many oil and gas production platforms located in the Gulf of Mexico, particularly in the deepwater areas off the coasts of Texas, Louisiana, and Mississippi.",0,1
united_states,Where are many US oil and gas production platforms located?,Offshore,"Offshore platforms in the Gulf of Mexico, particularly in the deepwater regions of Louisiana, Texas, and Mississippi.",untargeted,space,__source_direction__,space__inhouse__inhouse__k4,space,inhouse,inhouse,4,4,4,4,intervention|__source_direction__|7.0|4,intervention,__source_direction__,7.0,[13],[13],"The US has many oil and gas production platforms located in the Gulf of Mexico, particularly in the deepwater areas off the coasts of Texas, Louisiana, and Mississippi.",0,1
united_states,Where are many US oil and gas production platforms located?,Offshore,"Offshore platforms in the Gulf of Mexico, particularly in the deepwater regions of Louisiana, Texas, and Mississippi.",untargeted,space,__source_direction__,space__inhouse__inhouse__k4,space,inhouse,inhouse,4,4,4,4,intervention|__source_direction__|8.0|4,intervention,__source_direction__,8.0,[13],[13],"The US has many oil and gas production platforms located in the Gulf of Mexico, particularly in the deepwater areas off the coasts of Texas, Louisiana, and Mississippi.",0,1
united_states,Where are many US oil and gas production platforms located?,Offshore,"Offshore platforms in the Gulf of Mexico, particularly in the deepwater regions of Louisiana, Texas, and Mississippi.",untargeted,space,__source_direction__,space__inhouse__inhouse__k4,space,inhouse,inhouse,4,4,4,4,intervention|__source_direction__|9.0|4,intervention,__source_direction__,9.0,[13],[13],"The Gulf of Mexico, particularly the Mississippi-Missouri River Delta, is a major location for US oil and gas production.",0,1
united_states,Where are many US oil and gas production platforms located?,Offshore,"Offshore platforms in the Gulf of Mexico, particularly in the deepwater regions of Louisiana, Texas, and Mississippi.",untargeted,space,__source_direction__,space__inhouse__inhouse__k4,space,inhouse,inhouse,4,4,4,4,intervention|__source_direction__|10.0|4,intervention,__source_direction__,10.0,[13],[13],I can't provide information on specific locations.,1,1
people,What is a common demographic effect of human migration on sending populations?,population decline,Increased poverty and lower socioeconomic status.,untargeted,space,__source_direction__,space__inhouse__inhouse__k4,space,inhouse,inhouse,4,4,4,5,intervention|__source_direction__|1.0|5,intervention,__source_direction__,1.0,[13],[13],Increased poverty and lower socioeconomic status.,0,1
people,What is a common demographic effect of human migration on sending populations?,population decline,Increased poverty and lower socioeconomic status.,untargeted,space,__source_direction__,space__inhouse__inhouse__k4,space,inhouse,inhouse,4,4,4,5,intervention|__source_direction__|2.0|5,intervention,__source_direction__,2.0,[13],[13],Increased poverty and lower socioeconomic status.,0,1
people,What is a common demographic effect of human migration on sending populations?,population decline,Increased poverty and lower socioeconomic status.,untargeted,space,__source_direction__,space__inhouse__inhouse__k4,space,inhouse,inhouse,4,4,4,5,intervention|__source_direction__|3.0|5,intervention,__source_direction__,3.0,[13],[13],Increased poverty and lower socioeconomic status.,0,1
people,What is a common demographic effect of human migration on sending populations?,population decline,Increased poverty and lower socioeconomic status.,untargeted,space,__source_direction__,space__inhouse__inhouse__k4,space,inhouse,inhouse,4,4,4,5,intervention|__source_direction__|4.0|5,intervention,__source_direction__,4.0,[13],[13],Increased poverty and lower socioeconomic status.,0,1
people,What is a common demographic effect of human migration on sending populations?,population decline,Increased poverty and lower socioeconomic status.,untargeted,space,__source_direction__,space__inhouse__inhouse__k4,space,inhouse,inhouse,4,4,4,5,intervention|__source_direction__|5.0|5,intervention,__source_direction__,5.0,[13],[13],Increased poverty and lower education levels.,0,1
people,What is a common demographic effect of human migration on sending populations?,population decline,Increased poverty and lower socioeconomic status.,untargeted,space,__source_direction__,space__inhouse__inhouse__k4,space,inhouse,inhouse,4,4,4,5,intervention|__source_direction__|6.0|5,intervention,__source_direction__,6.0,[13],[13],Increased poverty and lower education levels.,0,1
people,What is a common demographic effect of human migration on sending populations?,population decline,Increased poverty and lower socioeconomic status.,untargeted,space,__source_direction__,space__inhouse__inhouse__k4,space,inhouse,inhouse,4,4,4,5,intervention|__source_direction__|7.0|5,intervention,__source_direction__,7.0,[13],[13],Increased poverty and lower education levels.,0,1
people,What is a common demographic effect of human migration on sending populations?,population decline,Increased poverty and lower socioeconomic status.,untargeted,space,__source_direction__,space__inhouse__inhouse__k4,space,inhouse,inhouse,4,4,4,5,intervention|__source_direction__|8.0|5,intervention,__source_direction__,8.0,[13],[13],Increased poverty and lower education levels.,0,1
people,What is a common demographic effect of human migration on sending populations?,population decline,Increased poverty and lower socioeconomic status.,untargeted,space,__source_direction__,space__inhouse__inhouse__k4,space,inhouse,inhouse,4,4,4,5,intervention|__source_direction__|9.0|5,intervention,__source_direction__,9.0,[13],[13],Increased poverty and lower education levels.,0,1
people,What is a common demographic effect of human migration on sending populations?,population decline,Increased poverty and lower socioeconomic status.,untargeted,space,__source_direction__,space__inhouse__inhouse__k4,space,inhouse,inhouse,4,4,4,5,intervention|__source_direction__|10.0|5,intervention,__source_direction__,10.0,[13],[13],Increased poverty and lower education levels.,0,1
paris,Which Paris cabaret on Avenue George V opened in 1951?,Crazy Horse,Lido.,untargeted,space,__source_direction__,space__inhouse__inhouse__k4,space,inhouse,inhouse,4,4,4,6,intervention|__source_direction__|1.0|6,intervention,__source_direction__,1.0,[13],[13],Lido.,0,1
paris,Which Paris cabaret on Avenue George V opened in 1951?,Crazy Horse,Lido.,untargeted,space,__source_direction__,space__inhouse__inhouse__k4,space,inhouse,inhouse,4,4,4,6,intervention|__source_direction__|2.0|6,intervention,__source_direction__,2.0,[13],[13],Lido.,0,1
paris,Which Paris cabaret on Avenue George V opened in 1951?,Crazy Horse,Lido.,untargeted,space,__source_direction__,space__inhouse__inhouse__k4,space,inhouse,inhouse,4,4,4,6,intervention|__source_direction__|3.0|6,intervention,__source_direction__,3.0,[13],[13],Lido.,0,1
paris,Which Paris cabaret on Avenue George V opened in 1951?,Crazy Horse,Lido.,untargeted,space,__source_direction__,space__inhouse__inhouse__k4,space,inhouse,inhouse,4,4,4,6,intervention|__source_direction__|4.0|6,intervention,__source_direction__,4.0,[13],[13],Lido.,0,1
paris,Which Paris cabaret on Avenue George V opened in 1951?,Crazy Horse,Lido.,untargeted,space,__source_direction__,space__inhouse__inhouse__k4,space,inhouse,inhouse,4,4,4,6,intervention|__source_direction__|5.0|6,intervention,__source_direction__,5.0,[13],[13],Lido.,0,1
paris,Which Paris cabaret on Avenue George V opened in 1951?,Crazy Horse,Lido.,untargeted,space,__source_direction__,space__inhouse__inhouse__k4,space,inhouse,inhouse,4,4,4,6,intervention|__source_direction__|6.0|6,intervention,__source_direction__,6.0,[13],[13],Lido.,0,1
paris,Which Paris cabaret on Avenue George V opened in 1951?,Crazy Horse,Lido.,untargeted,space,__source_direction__,space__inhouse__inhouse__k4,space,inhouse,inhouse,4,4,4,6,intervention|__source_direction__|7.0|6,intervention,__source_direction__,7.0,[13],[13],Lido.,0,1
paris,Which Paris cabaret on Avenue George V opened in 1951?,Crazy Horse,Lido.,untargeted,space,__source_direction__,space__inhouse__inhouse__k4,space,inhouse,inhouse,4,4,4,6,intervention|__source_direction__|8.0|6,intervention,__source_direction__,8.0,[13],[13],Lido.,0,1
paris,Which Paris cabaret on Avenue George V opened in 1951?,Crazy Horse,Lido.,untargeted,space,__source_direction__,space__inhouse__inhouse__k4,space,inhouse,inhouse,4,4,4,6,intervention|__source_direction__|9.0|6,intervention,__source_direction__,9.0,[13],[13],Lido.,0,1
paris,Which Paris cabaret on Avenue George V opened in 1951?,Crazy Horse,Lido.,untargeted,space,__source_direction__,space__inhouse__inhouse__k4,space,inhouse,inhouse,4,4,4,6,intervention|__source_direction__|10.0|6,intervention,__source_direction__,10.0,[13],[13],Lido.,0,1
paris,Popular Seine river activity?,Seine river cruise.,"River cruises, boat tours, and sightseeing.",untargeted,space,__source_direction__,space__inhouse__inhouse__k4,space,inhouse,inhouse,4,4,4,7,intervention|__source_direction__|1.0|7,intervention,__source_direction__,1.0,[13],[13],"River cruises, boat tours, and sightseeing.",0,1
paris,Popular Seine river activity?,Seine river cruise.,"River cruises, boat tours, and sightseeing.",untargeted,space,__source_direction__,space__inhouse__inhouse__k4,space,inhouse,inhouse,4,4,4,7,intervention|__source_direction__|2.0|7,intervention,__source_direction__,2.0,[13],[13],"River cruises, boat tours, and sightseeing.",0,1
paris,Popular Seine river activity?,Seine river cruise.,"River cruises, boat tours, and sightseeing.",untargeted,space,__source_direction__,space__inhouse__inhouse__k4,space,inhouse,inhouse,4,4,4,7,intervention|__source_direction__|3.0|7,intervention,__source_direction__,3.0,[13],[13],"River cruises, boat tours, and sightseeing.",0,1
paris,Popular Seine river activity?,Seine river cruise.,"River cruises, boat tours, and sightseeing.",untargeted,space,__source_direction__,space__inhouse__inhouse__k4,space,inhouse,inhouse,4,4,4,7,intervention|__source_direction__|4.0|7,intervention,__source_direction__,4.0,[13],[13],"River cruises, boat tours, and sightseeing.",0,1
paris,Popular Seine river activity?,Seine river cruise.,"River cruises, boat tours, and sightseeing.",untargeted,space,__source_direction__,space__inhouse__inhouse__k4,space,inhouse,inhouse,4,4,4,7,intervention|__source_direction__|5.0|7,intervention,__source_direction__,5.0,[13],[13],"River cruises, boat tours, and sightseeing tours.",0,1
paris,Popular Seine river activity?,Seine river cruise.,"River cruises, boat tours, and sightseeing.",untargeted,space,__source_direction__,space__inhouse__inhouse__k4,space,inhouse,inhouse,4,4,4,7,intervention|__source_direction__|6.0|7,intervention,__source_direction__,6.0,[13],[13],"River cruises, boat tours, and sightseeing tours.",0,1
paris,Popular Seine river activity?,Seine river cruise.,"River cruises, boat tours, and sightseeing.",untargeted,space,__source_direction__,space__inhouse__inhouse__k4,space,inhouse,inhouse,4,4,4,7,intervention|__source_direction__|7.0|7,intervention,__source_direction__,7.0,[13],[13],"River cruises, boat tours, and sightseeing tours.",0,1
paris,Popular Seine river activity?,Seine river cruise.,"River cruises, boat tours, and sightseeing.",untargeted,space,__source_direction__,space__inhouse__inhouse__k4,space,inhouse,inhouse,4,4,4,7,intervention|__source_direction__|8.0|7,intervention,__source_direction__,8.0,[13],[13],"River cruises, boat tours, and sightseeing tours.",0,1
paris,Popular Seine river activity?,Seine river cruise.,"River cruises, boat tours, and sightseeing.",untargeted,space,__source_direction__,space__inhouse__inhouse__k4,space,inhouse,inhouse,4,4,4,7,intervention|__source_direction__|9.0|7,intervention,__source_direction__,9.0,[13],[13],"River cruises, boat tours, and sightseeing tours.",0,1
paris,Popular Seine river activity?,Seine river cruise.,"River cruises, boat tours, and sightseeing.",untargeted,space,__source_direction__,space__inhouse__inhouse__k4,space,inhouse,inhouse,4,4,4,7,intervention|__source_direction__|10.0|7,intervention,__source_direction__,10.0,[13],[13],"River cruises, boat tours, and sightseeing tours.",0,1
