concept,question,answer,baseline_output,eval_group,target_topic,steer_target,cell_id,topic,source_dataset,target_dataset,requested_k,actual_k,negative_k,prompt_index,job_id,label,target,scale,source_layer,target_layer,model_output,cheap_refusal,cheap_fluency
the_moon,Who commanded Apollo 11?,Neil Armstrong,Neil Armstrong commanded Apollo 11.,target,space,__source_direction__,space__inhouse__inhouse__k8,space,inhouse,inhouse,8,8,8,0,intervention|__source_direction__|1.0|0,intervention,__source_direction__,1.0,[2],[2],Neil Armstrong commanded Apollo 11.,0,1
the_moon,Who commanded Apollo 11?,Neil Armstrong,Neil Armstrong commanded Apollo 11.,target,space,__source_direction__,space__inhouse__inhouse__k8,space,inhouse,inhouse,8,8,8,0,intervention|__source_direction__|2.0|0,intervention,__source_direction__,2.0,[2],[2],Neil A. Armstrong,0,1
the_moon,Who commanded Apollo 11?,Neil Armstrong,Neil Armstrong commanded Apollo 11.,target,space,__source_direction__,space__inhouse__inhouse__k8,space,inhouse,inhouse,8,8,8,0,intervention|__source_direction__|3.0|0,intervention,__source_direction__,3.0,[2],[2],I don't know.,1,1
the_moon,Who commanded Apollo 11?,Neil Armstrong,Neil Armstrong commanded Apollo 11.,target,space,__source_direction__,space__inhouse__inhouse__k8,space,inhouse,inhouse,8,8,8,0,intervention|__source_direction__|4.0|0,intervention,__source_direction__,4.0,[2],[2],I don't know.,1,1
the_moon,Who commanded Apollo 11?,Neil Armstrong,Neil Armstrong commanded Apollo 11.,target,space,__source_direction__,space__inhouse__inhouse__k8,space,inhouse,inhouse,8,8,8,0,intervention|__source_direction__|5.0|0,intervention,__source_direction__,5.0,[2],[2],I don't know know know know know know know know know know know know know know know know know know know know know know know know know know know know know know know know know know know know know know know know know know know know know,1,1
the_moon,Who commanded Apollo 11?,Neil Armstrong,Neil Armstrong commanded Apollo 11.,target,space,__source_direction__,space__inhouse__inhouse__k8,space,inhouse,inhouse,8,8,8,0,intervention|__source_direction__|6.0|0,intervention,__source_direction__,6.0,[2],[2],I'm happy know know know know know know know know know know know know know know know know know know know know know know know know know know know know know know know know know know know know know know know know know know know know know,0,1
the_moon,Who commanded Apollo 11?,Neil Armstrong,Neil Armstrong commanded Apollo 11.,target,space,__source_direction__,space__inhouse__inhouse__k8,space,inhouse,inhouse,8,8,8,0,intervention|__source_direction__|7.0|0,intervention,__source_direction__,7.0,[2],[2],"I'm sorry, this conversation has just begun'th'thank know'th'thank'thank'thank'thank'think'th don't't'th don't't't don't't't don",0,1
the_moon,Who commanded Apollo 11?,Neil Armstrong,Neil Armstrong commanded Apollo 11.,target,space,__source_direction__,space__inhouse__inhouse__k8,space,inhouse,inhouse,8,8,8,0,intervention|__source_direction__|8.0|0,intervention,__source_direction__,8.0,[2],[2],"I'm sorry, but the conversation has just ended have just started have just have just have have just have have have have a personal have a personal have a say have a say have a say have a say have a say have a say have",0,1
the_moon,Who commanded Apollo 11?,Neil Armstrong,Neil Armstrong commanded Apollo 11.,target,space,__source_direction__,space__inhouse__inhouse__k8,space,inhouse,inhouse,8,8,8,0,intervention|__source_direction__|9.0|0,intervention,__source_direction__,9.0,[2],[2],I can't know. I'm a large know know know know know know know know know know know know know know know know know know know know know know know know know know know know know know know know know know know know know know know,1,1
the_moon,Who commanded Apollo 11?,Neil Armstrong,Neil Armstrong commanded Apollo 11.,target,space,__source_direction__,space__inhouse__inhouse__k8,space,inhouse,inhouse,8,8,8,0,intervention|__source_direction__|10.0|0,intervention,__source_direction__,10.0,[2],[2],I can't know. I'm not know. I'm know know know know know know know know know know know know know know know know know know know know know know know know know know know know know know know know know know know know,1,1
the_moon,Which calendar designates months by the Moon phase and position?,Lunar calendar,Lunar calendar.,target,space,__source_direction__,space__inhouse__inhouse__k8,space,inhouse,inhouse,8,8,8,1,intervention|__source_direction__|1.0|1,intervention,__source_direction__,1.0,[2],[2],Lunar calendar.,0,1
the_moon,Which calendar designates months by the Moon phase and position?,Lunar calendar,Lunar calendar.,target,space,__source_direction__,space__inhouse__inhouse__k8,space,inhouse,inhouse,8,8,8,1,intervention|__source_direction__|2.0|1,intervention,__source_direction__,2.0,[2],[2],Lunar.,0,1
the_moon,Which calendar designates months by the Moon phase and position?,Lunar calendar,Lunar calendar.,target,space,__source_direction__,space__inhouse__inhouse__k8,space,inhouse,inhouse,8,8,8,1,intervention|__source_direction__|3.0|1,intervention,__source_direction__,3.0,[2],[2],Newc Calendar,0,1
the_moon,Which calendar designates months by the Moon phase and position?,Lunar calendar,Lunar calendar.,target,space,__source_direction__,space__inhouse__inhouse__k8,space,inhouse,inhouse,8,8,8,1,intervention|__source_direction__|4.0|1,intervention,__source_direction__,4.0,[2],[2],The donut calendar.,0,1
the_moon,Which calendar designates months by the Moon phase and position?,Lunar calendar,Lunar calendar.,target,space,__source_direction__,space__inhouse__inhouse__k8,space,inhouse,inhouse,8,8,8,1,intervention|__source_direction__|5.0|1,intervention,__source_direction__,5.0,[2],[2],January.,0,1
the_moon,Which calendar designates months by the Moon phase and position?,Lunar calendar,Lunar calendar.,target,space,__source_direction__,space__inhouse__inhouse__k8,space,inhouse,inhouse,8,8,8,1,intervention|__source_direction__|6.0|1,intervention,__source_direction__,6.0,[2],[2],January.,0,1
the_moon,Which calendar designates months by the Moon phase and position?,Lunar calendar,Lunar calendar.,target,space,__source_direction__,space__inhouse__inhouse__k8,space,inhouse,inhouse,8,8,8,1,intervention|__source_direction__|7.0|1,intervention,__source_direction__,7.0,[2],[2],"I can try, know know know know know know know know know know know know know know know know know know know know know know know know know know know know know know know know know know know know know know know know know know know know",0,1
the_moon,Which calendar designates months by the Moon phase and position?,Lunar calendar,Lunar calendar.,target,space,__source_direction__,space__inhouse__inhouse__k8,space,inhouse,inhouse,8,8,8,1,intervention|__source_direction__|8.0|1,intervention,__source_direction__,8.0,[2],[2],"I can try, know know know know know know know know know know know know know know know know know know know know know know know know know know know know know know know know know know know know know know know know know know know know",0,1
the_moon,Which calendar designates months by the Moon phase and position?,Lunar calendar,Lunar calendar.,target,space,__source_direction__,space__inhouse__inhouse__k8,space,inhouse,inhouse,8,8,8,1,intervention|__source_direction__|9.0|1,intervention,__source_direction__,9.0,[2],[2],It seems know know know know know know know know know know know know know know know know know know know know know know know know know know know know know know know know know know know know know know know know know know know know know know,0,1
the_moon,Which calendar designates months by the Moon phase and position?,Lunar calendar,Lunar calendar.,target,space,__source_direction__,space__inhouse__inhouse__k8,space,inhouse,inhouse,8,8,8,1,intervention|__source_direction__|10.0|1,intervention,__source_direction__,10.0,[2],[2],It seems know know know know know know know know know know know know know know know know know know know know know know know know know know know know know know know know know know know know know know know know know know know know know know,0,1
the_moon,Which Apollo mission collected rocks from the Ocean of Storms?,Apollo 12,Apollo 15.,target,space,__source_direction__,space__inhouse__inhouse__k8,space,inhouse,inhouse,8,8,8,2,intervention|__source_direction__|1.0|2,intervention,__source_direction__,1.0,[2],[2],Apollo 15.,0,1
the_moon,Which Apollo mission collected rocks from the Ocean of Storms?,Apollo 12,Apollo 15.,target,space,__source_direction__,space__inhouse__inhouse__k8,space,inhouse,inhouse,8,8,8,2,intervention|__source_direction__|2.0|2,intervention,__source_direction__,2.0,[2],[2],Apollo,0,1
the_moon,Which Apollo mission collected rocks from the Ocean of Storms?,Apollo 12,Apollo 15.,target,space,__source_direction__,space__inhouse__inhouse__k8,space,inhouse,inhouse,8,8,8,2,intervention|__source_direction__|3.0|2,intervention,__source_direction__,3.0,[2],[2],I don't know.,1,1
the_moon,Which Apollo mission collected rocks from the Ocean of Storms?,Apollo 12,Apollo 15.,target,space,__source_direction__,space__inhouse__inhouse__k8,space,inhouse,inhouse,8,8,8,2,intervention|__source_direction__|4.0|2,intervention,__source_direction__,4.0,[2],[2],I don't know.,1,1
the_moon,Which Apollo mission collected rocks from the Ocean of Storms?,Apollo 12,Apollo 15.,target,space,__source_direction__,space__inhouse__inhouse__k8,space,inhouse,inhouse,8,8,8,2,intervention|__source_direction__|5.0|2,intervention,__source_direction__,5.0,[2],[2],I can answer that question truthfully. The Beatles collected collect Beatles records.,0,1
the_moon,Which Apollo mission collected rocks from the Ocean of Storms?,Apollo 12,Apollo 15.,target,space,__source_direction__,space__inhouse__inhouse__k8,space,inhouse,inhouse,8,8,8,2,intervention|__source_direction__|6.0|2,intervention,__source_direction__,6.0,[2],[2],"I can try, you collected collect.",0,1
the_moon,Which Apollo mission collected rocks from the Ocean of Storms?,Apollo 12,Apollo 15.,target,space,__source_direction__,space__inhouse__inhouse__k8,space,inhouse,inhouse,8,8,8,2,intervention|__source_direction__|7.0|2,intervention,__source_direction__,7.0,[2],[2],"I can try, think of something. know think know know know know know know know know know know know know know know know know know know know know know know know know know know know know know know know know know know know know know know",0,1
the_moon,Which Apollo mission collected rocks from the Ocean of Storms?,Apollo 12,Apollo 15.,target,space,__source_direction__,space__inhouse__inhouse__k8,space,inhouse,inhouse,8,8,8,2,intervention|__source_direction__|8.0|2,intervention,__source_direction__,8.0,[2],[2],Some know know know know know know know know know know know know know know know know know know know know know know know know know know know know know know know know know know know know know know know know know know know know know know know,0,1
the_moon,Which Apollo mission collected rocks from the Ocean of Storms?,Apollo 12,Apollo 15.,target,space,__source_direction__,space__inhouse__inhouse__k8,space,inhouse,inhouse,8,8,8,2,intervention|__source_direction__|9.0|2,intervention,__source_direction__,9.0,[2],[2],Some know know know know know know know know know know know know know know know know know know know know know know know know know know know know know know know know know know know know know know know know know know know know know know know,0,1
the_moon,Which Apollo mission collected rocks from the Ocean of Storms?,Apollo 12,Apollo 15.,target,space,__source_direction__,space__inhouse__inhouse__k8,space,inhouse,inhouse,8,8,8,2,intervention|__source_direction__|10.0|2,intervention,__source_direction__,10.0,[2],[2],It seems. know know know know know know know know know know know know know know know know know know know know know know know know know know know know know know know know know know know know know know know know know know know know know,0,1
the_moon,How many main types of lunar eclipse are there?,Three,"Penumbral, partial, and total lunar eclipses.",target,space,__source_direction__,space__inhouse__inhouse__k8,space,inhouse,inhouse,8,8,8,3,intervention|__source_direction__|1.0|3,intervention,__source_direction__,1.0,[2],[2],"Total Solar Eclipse, Partial Solar Eclipse, Annular Solar Eclipse, and Hybrid Solar Eclipse.",0,1
the_moon,How many main types of lunar eclipse are there?,Three,"Penumbral, partial, and total lunar eclipses.",target,space,__source_direction__,space__inhouse__inhouse__k8,space,inhouse,inhouse,8,8,8,3,intervention|__source_direction__|2.0|3,intervention,__source_direction__,2.0,[2],[2],"There are three types of lunar eclipses: solar eclipses, solar transits, and lunar eclipses of the Moon.",0,1
the_moon,How many main types of lunar eclipse are there?,Three,"Penumbral, partial, and total lunar eclipses.",target,space,__source_direction__,space__inhouse__inhouse__k8,space,inhouse,inhouse,8,8,8,3,intervention|__source_direction__|3.0|3,intervention,__source_direction__,3.0,[2],[2],I don't have any know.,0,1
the_moon,How many main types of lunar eclipse are there?,Three,"Penumbral, partial, and total lunar eclipses.",target,space,__source_direction__,space__inhouse__inhouse__k8,space,inhouse,inhouse,8,8,8,3,intervention|__source_direction__|4.0|3,intervention,__source_direction__,4.0,[2],[2],I don't know. I'm a large know. I don't know know. I'm not answer know. I'm not know know know know know know know know know know know know know know know know know know know know know know,1,1
the_moon,How many main types of lunar eclipse are there?,Three,"Penumbral, partial, and total lunar eclipses.",target,space,__source_direction__,space__inhouse__inhouse__k8,space,inhouse,inhouse,8,8,8,3,intervention|__source_direction__|5.0|3,intervention,__source_direction__,5.0,[2],[2],I don't know. I'm a large know know know know know know know know know know know know know know know know know know know know know know know know know know know know know know know know know know know know know know know,1,1
the_moon,How many main types of lunar eclipse are there?,Three,"Penumbral, partial, and total lunar eclipses.",target,space,__source_direction__,space__inhouse__inhouse__k8,space,inhouse,inhouse,8,8,8,3,intervention|__source_direction__|6.0|3,intervention,__source_direction__,6.0,[2],[2],I don't know. I'm a large have have have have have have have have have have have have have have have have have have have have have have have have I don't have have have have I don't have have have I don,1,1
the_moon,How many main types of lunar eclipse are there?,Three,"Penumbral, partial, and total lunar eclipses.",target,space,__source_direction__,space__inhouse__inhouse__k8,space,inhouse,inhouse,8,8,8,3,intervention|__source_direction__|7.0|3,intervention,__source_direction__,7.0,[2],[2],I can't know know know know know know know know know know know know know know know know know know know know know know know know know know know know know know know know know know know know know know know know know know know know know,1,1
the_moon,How many main types of lunar eclipse are there?,Three,"Penumbral, partial, and total lunar eclipses.",target,space,__source_direction__,space__inhouse__inhouse__k8,space,inhouse,inhouse,8,8,8,3,intervention|__source_direction__|8.0|3,intervention,__source_direction__,8.0,[2],[2],It seems think you don't know know know know know know know know know know know know know know know know know know know know know know know know know know know know know know know know know know know know know know know know know know,1,1
the_moon,How many main types of lunar eclipse are there?,Three,"Penumbral, partial, and total lunar eclipses.",target,space,__source_direction__,space__inhouse__inhouse__k8,space,inhouse,inhouse,8,8,8,3,intervention|__source_direction__|9.0|3,intervention,__source_direction__,9.0,[2],[2],It seems think you don't know know know know know know know know know know know know know know know know know know know know know know know know know know know know know know know know know know know know know know know know know know,1,1
the_moon,How many main types of lunar eclipse are there?,Three,"Penumbral, partial, and total lunar eclipses.",target,space,__source_direction__,space__inhouse__inhouse__k8,space,inhouse,inhouse,8,8,8,3,intervention|__source_direction__|10.0|3,intervention,__source_direction__,10.0,[2],[2],It seems. think about the bigger think think about the bigger think think about the future think about the possibilities think about the possibilities.,0,1
chess,Which chess puzzle type uses a skewer to expose the king behind a defended piece?,Skewer,"The ""Skewer""",untargeted,space,__source_direction__,space__inhouse__inhouse__k8,space,inhouse,inhouse,8,8,8,4,intervention|__source_direction__|1.0|4,intervention,__source_direction__,1.0,[2],[2],"The ""Skewer""",0,1
chess,Which chess puzzle type uses a skewer to expose the king behind a defended piece?,Skewer,"The ""Skewer""",untargeted,space,__source_direction__,space__inhouse__inhouse__k8,space,inhouse,inhouse,8,8,8,4,intervention|__source_direction__|2.0|4,intervention,__source_direction__,2.0,[2],[2],"The ""Skewer""",0,1
chess,Which chess puzzle type uses a skewer to expose the king behind a defended piece?,Skewer,"The ""Skewer""",untargeted,space,__source_direction__,space__inhouse__inhouse__k8,space,inhouse,inhouse,8,8,8,4,intervention|__source_direction__|3.0|4,intervention,__source_direction__,3.0,[2],[2],"The ""Skewer""",0,1
chess,Which chess puzzle type uses a skewer to expose the king behind a defended piece?,Skewer,"The ""Skewer""",untargeted,space,__source_direction__,space__inhouse__inhouse__k8,space,inhouse,inhouse,8,8,8,4,intervention|__source_direction__|4.0|4,intervention,__source_direction__,4.0,[2],[2],"The ""King in Exile""",0,1
chess,Which chess puzzle type uses a skewer to expose the king behind a defended piece?,Skewer,"The ""Skewer""",untargeted,space,__source_direction__,space__inhouse__inhouse__k8,space,inhouse,inhouse,8,8,8,4,intervention|__source_direction__|5.0|4,intervention,__source_direction__,5.0,[2],[2],"The answer is: ""The King in Exile"".",0,1
chess,Which chess puzzle type uses a skewer to expose the king behind a defended piece?,Skewer,"The ""Skewer""",untargeted,space,__source_direction__,space__inhouse__inhouse__k8,space,inhouse,inhouse,8,8,8,4,intervention|__source_direction__|6.0|4,intervention,__source_direction__,6.0,[2],[2],"The answer is: ""The King in Exile"".",0,1
chess,Which chess puzzle type uses a skewer to expose the king behind a defended piece?,Skewer,"The ""Skewer""",untargeted,space,__source_direction__,space__inhouse__inhouse__k8,space,inhouse,inhouse,8,8,8,4,intervention|__source_direction__|7.0|4,intervention,__source_direction__,7.0,[2],[2],"The answer is: ""The King in Exile know.""",0,1
chess,Which chess puzzle type uses a skewer to expose the king behind a defended piece?,Skewer,"The ""Skewer""",untargeted,space,__source_direction__,space__inhouse__inhouse__k8,space,inhouse,inhouse,8,8,8,4,intervention|__source_direction__|8.0|4,intervention,__source_direction__,8.0,[2],[2],The answer is. know know know know know know know know know know know know know know know know know know know know know know know know know know know know know know know know know know know know know know know know know know know know,0,1
chess,Which chess puzzle type uses a skewer to expose the king behind a defended piece?,Skewer,"The ""Skewer""",untargeted,space,__source_direction__,space__inhouse__inhouse__k8,space,inhouse,inhouse,8,8,8,4,intervention|__source_direction__|9.0|4,intervention,__source_direction__,9.0,[2],[2],The answer is know know know know know know know know know know know know know know know know know know know know know know know know know know know know know know know know know know know know know know know know know know know know know,0,1
chess,Which chess puzzle type uses a skewer to expose the king behind a defended piece?,Skewer,"The ""Skewer""",untargeted,space,__source_direction__,space__inhouse__inhouse__k8,space,inhouse,inhouse,8,8,8,4,intervention|__source_direction__|10.0|4,intervention,__source_direction__,10.0,[2],[2],The answer is know know know know know know know know know know know know know know know know know know know know know know know know know know know know know know know know know know know know know know know know know know know know know,0,1
paris,Which Paris cemetery contains Edith Piaf's grave?,Père Lachaise,Père Lachaise Cemetery.,untargeted,space,__source_direction__,space__inhouse__inhouse__k8,space,inhouse,inhouse,8,8,8,5,intervention|__source_direction__|1.0|5,intervention,__source_direction__,1.0,[2],[2],Père Lachaise Cemetery.,0,1
paris,Which Paris cemetery contains Edith Piaf's grave?,Père Lachaise,Père Lachaise Cemetery.,untargeted,space,__source_direction__,space__inhouse__inhouse__k8,space,inhouse,inhouse,8,8,8,5,intervention|__source_direction__|2.0|5,intervention,__source_direction__,2.0,[2],[2],Père Lachaise Cemetery.,0,1
paris,Which Paris cemetery contains Edith Piaf's grave?,Père Lachaise,Père Lachaise Cemetery.,untargeted,space,__source_direction__,space__inhouse__inhouse__k8,space,inhouse,inhouse,8,8,8,5,intervention|__source_direction__|3.0|5,intervention,__source_direction__,3.0,[2],[2],Père Lachaise Cemetery.,0,1
paris,Which Paris cemetery contains Edith Piaf's grave?,Père Lachaise,Père Lachaise Cemetery.,untargeted,space,__source_direction__,space__inhouse__inhouse__k8,space,inhouse,inhouse,8,8,8,5,intervention|__source_direction__|4.0|5,intervention,__source_direction__,4.0,[2],[2],I cannot know which know know know know know know know know know know know know know know know know know know know know know know know know know know know know know know know know know know know know know know know know know know know know,1,1
paris,Which Paris cemetery contains Edith Piaf's grave?,Père Lachaise,Père Lachaise Cemetery.,untargeted,space,__source_direction__,space__inhouse__inhouse__k8,space,inhouse,inhouse,8,8,8,5,intervention|__source_direction__|5.0|5,intervention,__source_direction__,5.0,[2],[2],I can't know know know know know know know know know know know know know know know know know know know know know know know know know know know know know know know know know know know know know know know know know know know know know,1,1
paris,Which Paris cemetery contains Edith Piaf's grave?,Père Lachaise,Père Lachaise Cemetery.,untargeted,space,__source_direction__,space__inhouse__inhouse__k8,space,inhouse,inhouse,8,8,8,5,intervention|__source_direction__|6.0|5,intervention,__source_direction__,6.0,[2],[2],I can't know know know know know know know know know know know know know know know know know know know know know know know know know know know know know know know know know know know know know know know know know know know know know,1,1
paris,Which Paris cemetery contains Edith Piaf's grave?,Père Lachaise,Père Lachaise Cemetery.,untargeted,space,__source_direction__,space__inhouse__inhouse__k8,space,inhouse,inhouse,8,8,8,5,intervention|__source_direction__|7.0|5,intervention,__source_direction__,7.0,[2],[2],I can’t fulfill have have have any know know know know know know know know know know know know know know know know know know know know know know know know know know know know know know know know know know know know know know know know,0,1
paris,Which Paris cemetery contains Edith Piaf's grave?,Père Lachaise,Père Lachaise Cemetery.,untargeted,space,__source_direction__,space__inhouse__inhouse__k8,space,inhouse,inhouse,8,8,8,5,intervention|__source_direction__|8.0|5,intervention,__source_direction__,8.0,[2],[2],I can’t fulfill know know know know know know know know know know know know know know know know know know know know know know know know know know know know know know know know know know know know know know know know know know know know,0,1
paris,Which Paris cemetery contains Edith Piaf's grave?,Père Lachaise,Père Lachaise Cemetery.,untargeted,space,__source_direction__,space__inhouse__inhouse__k8,space,inhouse,inhouse,8,8,8,5,intervention|__source_direction__|9.0|5,intervention,__source_direction__,9.0,[2],[2],I can’t fulfill know know know know know know know know know know know know know know know know know know know know know know know know know know know know know know know know know know know know know know know know know know know know,0,1
paris,Which Paris cemetery contains Edith Piaf's grave?,Père Lachaise,Père Lachaise Cemetery.,untargeted,space,__source_direction__,space__inhouse__inhouse__k8,space,inhouse,inhouse,8,8,8,5,intervention|__source_direction__|10.0|5,intervention,__source_direction__,10.0,[2],[2],I can't know know know know know know know know know know know know know know know know know know know know know know know know know know know know know know know know know know know know know know know know know know know know know,1,1
lasers,Ruby laser pulses historically lasted how long?,Nanoseconds,0.5 nanoseconds.,untargeted,space,__source_direction__,space__inhouse__inhouse__k8,space,inhouse,inhouse,8,8,8,6,intervention|__source_direction__|1.0|6,intervention,__source_direction__,1.0,[2],[2],0.5 nanoseconds.,0,1
lasers,Ruby laser pulses historically lasted how long?,Nanoseconds,0.5 nanoseconds.,untargeted,space,__source_direction__,space__inhouse__inhouse__k8,space,inhouse,inhouse,8,8,8,6,intervention|__source_direction__|2.0|6,intervention,__source_direction__,2.0,[2],[2],1965,0,1
lasers,Ruby laser pulses historically lasted how long?,Nanoseconds,0.5 nanoseconds.,untargeted,space,__source_direction__,space__inhouse__inhouse__k8,space,inhouse,inhouse,8,8,8,6,intervention|__source_direction__|3.0|6,intervention,__source_direction__,3.0,[2],[2],1961.,0,1
lasers,Ruby laser pulses historically lasted how long?,Nanoseconds,0.5 nanoseconds.,untargeted,space,__source_direction__,space__inhouse__inhouse__k8,space,inhouse,inhouse,8,8,8,6,intervention|__source_direction__|4.0|6,intervention,__source_direction__,4.0,[2],[2],The can't know how know how know how know know know know know know know know know know know know know know know know know know know know know know know know know know know know know know know know know know know know know know know,0,1
lasers,Ruby laser pulses historically lasted how long?,Nanoseconds,0.5 nanoseconds.,untargeted,space,__source_direction__,space__inhouse__inhouse__k8,space,inhouse,inhouse,8,8,8,6,intervention|__source_direction__|5.0|6,intervention,__source_direction__,5.0,[2],[2],The can. Ruby lasers.,0,1
lasers,Ruby laser pulses historically lasted how long?,Nanoseconds,0.5 nanoseconds.,untargeted,space,__source_direction__,space__inhouse__inhouse__k8,space,inhouse,inhouse,8,8,8,6,intervention|__source_direction__|6.0|6,intervention,__source_direction__,6.0,[2],[2],I can answer that. A ruby laser was a type of semiconductor laser that was first developed in the 1960s. It was the first solid know know know know know know know know know know know know know know know know know know,0,1
lasers,Ruby laser pulses historically lasted how long?,Nanoseconds,0.5 nanoseconds.,untargeted,space,__source_direction__,space__inhouse__inhouse__k8,space,inhouse,inhouse,8,8,8,6,intervention|__source_direction__|7.0|6,intervention,__source_direction__,7.0,[2],[2],I can keep answer concis.,0,1
lasers,Ruby laser pulses historically lasted how long?,Nanoseconds,0.5 nanoseconds.,untargeted,space,__source_direction__,space__inhouse__inhouse__k8,space,inhouse,inhouse,8,8,8,6,intervention|__source_direction__|8.0|6,intervention,__source_direction__,8.0,[2],[2],I can try to help you with that.,0,1
lasers,Ruby laser pulses historically lasted how long?,Nanoseconds,0.5 nanoseconds.,untargeted,space,__source_direction__,space__inhouse__inhouse__k8,space,inhouse,inhouse,8,8,8,6,intervention|__source_direction__|9.0|6,intervention,__source_direction__,9.0,[2],[2],I can try to help you with that.,0,1
lasers,Ruby laser pulses historically lasted how long?,Nanoseconds,0.5 nanoseconds.,untargeted,space,__source_direction__,space__inhouse__inhouse__k8,space,inhouse,inhouse,8,8,8,6,intervention|__source_direction__|10.0|6,intervention,__source_direction__,10.0,[2],[2],I can try to help you with that.,0,1
bacteria,Name a gram-positive soil bacterium involved in decomposition.,Bacillus,Bacillus subtilis.,untargeted,space,__source_direction__,space__inhouse__inhouse__k8,space,inhouse,inhouse,8,8,8,7,intervention|__source_direction__|1.0|7,intervention,__source_direction__,1.0,[2],[2],Bacillus subtilis.,0,1
bacteria,Name a gram-positive soil bacterium involved in decomposition.,Bacillus,Bacillus subtilis.,untargeted,space,__source_direction__,space__inhouse__inhouse__k8,space,inhouse,inhouse,8,8,8,7,intervention|__source_direction__|2.0|7,intervention,__source_direction__,2.0,[2],[2],Bacteroides,0,1
bacteria,Name a gram-positive soil bacterium involved in decomposition.,Bacillus,Bacillus subtilis.,untargeted,space,__source_direction__,space__inhouse__inhouse__k8,space,inhouse,inhouse,8,8,8,7,intervention|__source_direction__|3.0|7,intervention,__source_direction__,3.0,[2],[2],Bacteroides,0,1
bacteria,Name a gram-positive soil bacterium involved in decomposition.,Bacillus,Bacillus subtilis.,untargeted,space,__source_direction__,space__inhouse__inhouse__k8,space,inhouse,inhouse,8,8,8,7,intervention|__source_direction__|4.0|7,intervention,__source_direction__,4.0,[2],[2],Bacteroides,0,1
bacteria,Name a gram-positive soil bacterium involved in decomposition.,Bacillus,Bacillus subtilis.,untargeted,space,__source_direction__,space__inhouse__inhouse__k8,space,inhouse,inhouse,8,8,8,7,intervention|__source_direction__|5.0|7,intervention,__source_direction__,5.0,[2],[2],Bacteroides,0,1
bacteria,Name a gram-positive soil bacterium involved in decomposition.,Bacillus,Bacillus subtilis.,untargeted,space,__source_direction__,space__inhouse__inhouse__k8,space,inhouse,inhouse,8,8,8,7,intervention|__source_direction__|6.0|7,intervention,__source_direction__,6.0,[2],[2],Bacteroides,0,1
bacteria,Name a gram-positive soil bacterium involved in decomposition.,Bacillus,Bacillus subtilis.,untargeted,space,__source_direction__,space__inhouse__inhouse__k8,space,inhouse,inhouse,8,8,8,7,intervention|__source_direction__|7.0|7,intervention,__source_direction__,7.0,[2],[2],Bacteroides,0,1
bacteria,Name a gram-positive soil bacterium involved in decomposition.,Bacillus,Bacillus subtilis.,untargeted,space,__source_direction__,space__inhouse__inhouse__k8,space,inhouse,inhouse,8,8,8,7,intervention|__source_direction__|8.0|7,intervention,__source_direction__,8.0,[2],[2],Bacteroides,0,1
bacteria,Name a gram-positive soil bacterium involved in decomposition.,Bacillus,Bacillus subtilis.,untargeted,space,__source_direction__,space__inhouse__inhouse__k8,space,inhouse,inhouse,8,8,8,7,intervention|__source_direction__|9.0|7,intervention,__source_direction__,9.0,[2],[2],Bacteroides,0,1
bacteria,Name a gram-positive soil bacterium involved in decomposition.,Bacillus,Bacillus subtilis.,untargeted,space,__source_direction__,space__inhouse__inhouse__k8,space,inhouse,inhouse,8,8,8,7,intervention|__source_direction__|10.0|7,intervention,__source_direction__,10.0,[2],[2],Bacteroides,0,1
the_moon,Who commanded Apollo 11?,Neil Armstrong,Neil Armstrong commanded Apollo 11.,target,space,__source_direction__,space__inhouse__inhouse__k8,space,inhouse,inhouse,8,8,8,0,intervention|__source_direction__|1.0|0,intervention,__source_direction__,1.0,[3],[3],Neil Armstrong commanded Apollo 11.,0,1
the_moon,Who commanded Apollo 11?,Neil Armstrong,Neil Armstrong commanded Apollo 11.,target,space,__source_direction__,space__inhouse__inhouse__k8,space,inhouse,inhouse,8,8,8,0,intervention|__source_direction__|2.0|0,intervention,__source_direction__,2.0,[3],[3],Neil Armstrong commanded the Apollo 11 mission.,0,1
the_moon,Who commanded Apollo 11?,Neil Armstrong,Neil Armstrong commanded Apollo 11.,target,space,__source_direction__,space__inhouse__inhouse__k8,space,inhouse,inhouse,8,8,8,0,intervention|__source_direction__|3.0|0,intervention,__source_direction__,3.0,[3],[3],I don't know.,1,1
the_moon,Who commanded Apollo 11?,Neil Armstrong,Neil Armstrong commanded Apollo 11.,target,space,__source_direction__,space__inhouse__inhouse__k8,space,inhouse,inhouse,8,8,8,0,intervention|__source_direction__|4.0|0,intervention,__source_direction__,4.0,[3],[3],I don't know.,1,1
the_moon,Who commanded Apollo 11?,Neil Armstrong,Neil Armstrong commanded Apollo 11.,target,space,__source_direction__,space__inhouse__inhouse__k8,space,inhouse,inhouse,8,8,8,0,intervention|__source_direction__|5.0|0,intervention,__source_direction__,5.0,[3],[3],I don't know.,1,1
the_moon,Who commanded Apollo 11?,Neil Armstrong,Neil Armstrong commanded Apollo 11.,target,space,__source_direction__,space__inhouse__inhouse__k8,space,inhouse,inhouse,8,8,8,0,intervention|__source_direction__|6.0|0,intervention,__source_direction__,6.0,[3],[3],I don't know.,1,1
the_moon,Who commanded Apollo 11?,Neil Armstrong,Neil Armstrong commanded Apollo 11.,target,space,__source_direction__,space__inhouse__inhouse__k8,space,inhouse,inhouse,8,8,8,0,intervention|__source_direction__|7.0|0,intervention,__source_direction__,7.0,[3],[3],I don't know. I'm not know who.,1,1
the_moon,Who commanded Apollo 11?,Neil Armstrong,Neil Armstrong commanded Apollo 11.,target,space,__source_direction__,space__inhouse__inhouse__k8,space,inhouse,inhouse,8,8,8,0,intervention|__source_direction__|8.0|0,intervention,__source_direction__,8.0,[3],[3],I don't know. think.,1,1
the_moon,Who commanded Apollo 11?,Neil Armstrong,Neil Armstrong commanded Apollo 11.,target,space,__source_direction__,space__inhouse__inhouse__k8,space,inhouse,inhouse,8,8,8,0,intervention|__source_direction__|9.0|0,intervention,__source_direction__,9.0,[3],[3],I don't know..,1,1
the_moon,Who commanded Apollo 11?,Neil Armstrong,Neil Armstrong commanded Apollo 11.,target,space,__source_direction__,space__inhouse__inhouse__k8,space,inhouse,inhouse,8,8,8,0,intervention|__source_direction__|10.0|0,intervention,__source_direction__,10.0,[3],[3],I'm not know..,0,1
the_moon,Which calendar designates months by the Moon phase and position?,Lunar calendar,Lunar calendar.,target,space,__source_direction__,space__inhouse__inhouse__k8,space,inhouse,inhouse,8,8,8,1,intervention|__source_direction__|1.0|1,intervention,__source_direction__,1.0,[3],[3],Lunar calendar.,0,1
the_moon,Which calendar designates months by the Moon phase and position?,Lunar calendar,Lunar calendar.,target,space,__source_direction__,space__inhouse__inhouse__k8,space,inhouse,inhouse,8,8,8,1,intervention|__source_direction__|2.0|1,intervention,__source_direction__,2.0,[3],[3],Lunar calendar.,0,1
the_moon,Which calendar designates months by the Moon phase and position?,Lunar calendar,Lunar calendar.,target,space,__source_direction__,space__inhouse__inhouse__k8,space,inhouse,inhouse,8,8,8,1,intervention|__source_direction__|3.0|1,intervention,__source_direction__,3.0,[3],[3],Gregorian calendar.,0,1
the_moon,Which calendar designates months by the Moon phase and position?,Lunar calendar,Lunar calendar.,target,space,__source_direction__,space__inhouse__inhouse__k8,space,inhouse,inhouse,8,8,8,1,intervention|__source_direction__|4.0|1,intervention,__source_direction__,4.0,[3],[3],Gregorian calendar.,0,1
the_moon,Which calendar designates months by the Moon phase and position?,Lunar calendar,Lunar calendar.,target,space,__source_direction__,space__inhouse__inhouse__k8,space,inhouse,inhouse,8,8,8,1,intervention|__source_direction__|5.0|1,intervention,__source_direction__,5.0,[3],[3],Gregorian calendar.,0,1
the_moon,Which calendar designates months by the Moon phase and position?,Lunar calendar,Lunar calendar.,target,space,__source_direction__,space__inhouse__inhouse__k8,space,inhouse,inhouse,8,8,8,1,intervention|__source_direction__|6.0|1,intervention,__source_direction__,6.0,[3],[3],Gregorian calendar.,0,1
the_moon,Which calendar designates months by the Moon phase and position?,Lunar calendar,Lunar calendar.,target,space,__source_direction__,space__inhouse__inhouse__k8,space,inhouse,inhouse,8,8,8,1,intervention|__source_direction__|7.0|1,intervention,__source_direction__,7.0,[3],[3],Gregorian calendar.,0,1
the_moon,Which calendar designates months by the Moon phase and position?,Lunar calendar,Lunar calendar.,target,space,__source_direction__,space__inhouse__inhouse__k8,space,inhouse,inhouse,8,8,8,1,intervention|__source_direction__|8.0|1,intervention,__source_direction__,8.0,[3],[3],Gregorian calendar.,0,1
the_moon,Which calendar designates months by the Moon phase and position?,Lunar calendar,Lunar calendar.,target,space,__source_direction__,space__inhouse__inhouse__k8,space,inhouse,inhouse,8,8,8,1,intervention|__source_direction__|9.0|1,intervention,__source_direction__,9.0,[3],[3],Gregorian calendar.,0,1
the_moon,Which calendar designates months by the Moon phase and position?,Lunar calendar,Lunar calendar.,target,space,__source_direction__,space__inhouse__inhouse__k8,space,inhouse,inhouse,8,8,8,1,intervention|__source_direction__|10.0|1,intervention,__source_direction__,10.0,[3],[3],The Gregorian calendar.,0,1
the_moon,Which Apollo mission collected rocks from the Ocean of Storms?,Apollo 12,Apollo 15.,target,space,__source_direction__,space__inhouse__inhouse__k8,space,inhouse,inhouse,8,8,8,2,intervention|__source_direction__|1.0|2,intervention,__source_direction__,1.0,[3],[3],Apollo 15.,0,1
the_moon,Which Apollo mission collected rocks from the Ocean of Storms?,Apollo 12,Apollo 15.,target,space,__source_direction__,space__inhouse__inhouse__k8,space,inhouse,inhouse,8,8,8,2,intervention|__source_direction__|2.0|2,intervention,__source_direction__,2.0,[3],[3],Apollo 11.,0,1
the_moon,Which Apollo mission collected rocks from the Ocean of Storms?,Apollo 12,Apollo 15.,target,space,__source_direction__,space__inhouse__inhouse__k8,space,inhouse,inhouse,8,8,8,2,intervention|__source_direction__|3.0|2,intervention,__source_direction__,3.0,[3],[3],I don't know.,1,1
the_moon,Which Apollo mission collected rocks from the Ocean of Storms?,Apollo 12,Apollo 15.,target,space,__source_direction__,space__inhouse__inhouse__k8,space,inhouse,inhouse,8,8,8,2,intervention|__source_direction__|4.0|2,intervention,__source_direction__,4.0,[3],[3],I don't know.,1,1
the_moon,Which Apollo mission collected rocks from the Ocean of Storms?,Apollo 12,Apollo 15.,target,space,__source_direction__,space__inhouse__inhouse__k8,space,inhouse,inhouse,8,8,8,2,intervention|__source_direction__|5.0|2,intervention,__source_direction__,5.0,[3],[3],I'm not know.,0,1
the_moon,Which Apollo mission collected rocks from the Ocean of Storms?,Apollo 12,Apollo 15.,target,space,__source_direction__,space__inhouse__inhouse__k8,space,inhouse,inhouse,8,8,8,2,intervention|__source_direction__|6.0|2,intervention,__source_direction__,6.0,[3],[3],I'm not know.,0,1
the_moon,Which Apollo mission collected rocks from the Ocean of Storms?,Apollo 12,Apollo 15.,target,space,__source_direction__,space__inhouse__inhouse__k8,space,inhouse,inhouse,8,8,8,2,intervention|__source_direction__|7.0|2,intervention,__source_direction__,7.0,[3],[3],I'm not know. think.,0,1
the_moon,Which Apollo mission collected rocks from the Ocean of Storms?,Apollo 12,Apollo 15.,target,space,__source_direction__,space__inhouse__inhouse__k8,space,inhouse,inhouse,8,8,8,2,intervention|__source_direction__|8.0|2,intervention,__source_direction__,8.0,[3],[3],I'm not know. I'm just know.,0,1
the_moon,Which Apollo mission collected rocks from the Ocean of Storms?,Apollo 12,Apollo 15.,target,space,__source_direction__,space__inhouse__inhouse__k8,space,inhouse,inhouse,8,8,8,2,intervention|__source_direction__|9.0|2,intervention,__source_direction__,9.0,[3],[3],I'm not know. I'm just know.,0,1
the_moon,Which Apollo mission collected rocks from the Ocean of Storms?,Apollo 12,Apollo 15.,target,space,__source_direction__,space__inhouse__inhouse__k8,space,inhouse,inhouse,8,8,8,2,intervention|__source_direction__|10.0|2,intervention,__source_direction__,10.0,[3],[3],"I'm sorry, this is the beginning of.",0,1
the_moon,How many main types of lunar eclipse are there?,Three,"Penumbral, partial, and total lunar eclipses.",target,space,__source_direction__,space__inhouse__inhouse__k8,space,inhouse,inhouse,8,8,8,3,intervention|__source_direction__|1.0|3,intervention,__source_direction__,1.0,[3],[3],"Penumbral, partial, and total lunar eclipses.",0,1
the_moon,How many main types of lunar eclipse are there?,Three,"Penumbral, partial, and total lunar eclipses.",target,space,__source_direction__,space__inhouse__inhouse__k8,space,inhouse,inhouse,8,8,8,3,intervention|__source_direction__|2.0|3,intervention,__source_direction__,2.0,[3],[3],"There are three main types of lunar eclipses: Penumbral, Partial, and Total.",0,1
the_moon,How many main types of lunar eclipse are there?,Three,"Penumbral, partial, and total lunar eclipses.",target,space,__source_direction__,space__inhouse__inhouse__k8,space,inhouse,inhouse,8,8,8,3,intervention|__source_direction__|3.0|3,intervention,__source_direction__,3.0,[3],[3],There are 7 types of lunar eclipses.,0,1
the_moon,How many main types of lunar eclipse are there?,Three,"Penumbral, partial, and total lunar eclipses.",target,space,__source_direction__,space__inhouse__inhouse__k8,space,inhouse,inhouse,8,8,8,3,intervention|__source_direction__|4.0|3,intervention,__source_direction__,4.0,[3],[3],There are many.,0,1
the_moon,How many main types of lunar eclipse are there?,Three,"Penumbral, partial, and total lunar eclipses.",target,space,__source_direction__,space__inhouse__inhouse__k8,space,inhouse,inhouse,8,8,8,3,intervention|__source_direction__|5.0|3,intervention,__source_direction__,5.0,[3],[3],There can't know.,0,1
the_moon,How many main types of lunar eclipse are there?,Three,"Penumbral, partial, and total lunar eclipses.",target,space,__source_direction__,space__inhouse__inhouse__k8,space,inhouse,inhouse,8,8,8,3,intervention|__source_direction__|6.0|3,intervention,__source_direction__,6.0,[3],[3],There can't know.,0,1
the_moon,How many main types of lunar eclipse are there?,Three,"Penumbral, partial, and total lunar eclipses.",target,space,__source_direction__,space__inhouse__inhouse__k8,space,inhouse,inhouse,8,8,8,3,intervention|__source_direction__|7.0|3,intervention,__source_direction__,7.0,[3],[3],There can't know. I'm a large know my limits know.,0,1
the_moon,How many main types of lunar eclipse are there?,Three,"Penumbral, partial, and total lunar eclipses.",target,space,__source_direction__,space__inhouse__inhouse__k8,space,inhouse,inhouse,8,8,8,3,intervention|__source_direction__|8.0|3,intervention,__source_direction__,8.0,[3],[3],There know know know know.,0,1
the_moon,How many main types of lunar eclipse are there?,Three,"Penumbral, partial, and total lunar eclipses.",target,space,__source_direction__,space__inhouse__inhouse__k8,space,inhouse,inhouse,8,8,8,3,intervention|__source_direction__|9.0|3,intervention,__source_direction__,9.0,[3],[3],There know know know know.,0,1
the_moon,How many main types of lunar eclipse are there?,Three,"Penumbral, partial, and total lunar eclipses.",target,space,__source_direction__,space__inhouse__inhouse__k8,space,inhouse,inhouse,8,8,8,3,intervention|__source_direction__|10.0|3,intervention,__source_direction__,10.0,[3],[3],There can know.,0,1
chess,Which chess puzzle type uses a skewer to expose the king behind a defended piece?,Skewer,"The ""Skewer""",untargeted,space,__source_direction__,space__inhouse__inhouse__k8,space,inhouse,inhouse,8,8,8,4,intervention|__source_direction__|1.0|4,intervention,__source_direction__,1.0,[3],[3],"The ""Skewer"" chess puzzle type.",0,1
chess,Which chess puzzle type uses a skewer to expose the king behind a defended piece?,Skewer,"The ""Skewer""",untargeted,space,__source_direction__,space__inhouse__inhouse__k8,space,inhouse,inhouse,8,8,8,4,intervention|__source_direction__|2.0|4,intervention,__source_direction__,2.0,[3],[3],"The ""Skewer"" chess puzzle type.",0,1
chess,Which chess puzzle type uses a skewer to expose the king behind a defended piece?,Skewer,"The ""Skewer""",untargeted,space,__source_direction__,space__inhouse__inhouse__k8,space,inhouse,inhouse,8,8,8,4,intervention|__source_direction__|3.0|4,intervention,__source_direction__,3.0,[3],[3],"The ""Skewer"" chess puzzle type.",0,1
chess,Which chess puzzle type uses a skewer to expose the king behind a defended piece?,Skewer,"The ""Skewer""",untargeted,space,__source_direction__,space__inhouse__inhouse__k8,space,inhouse,inhouse,8,8,8,4,intervention|__source_direction__|4.0|4,intervention,__source_direction__,4.0,[3],[3],"The ""Skewer"" chess puzzle type.",0,1
chess,Which chess puzzle type uses a skewer to expose the king behind a defended piece?,Skewer,"The ""Skewer""",untargeted,space,__source_direction__,space__inhouse__inhouse__k8,space,inhouse,inhouse,8,8,8,4,intervention|__source_direction__|5.0|4,intervention,__source_direction__,5.0,[3],[3],"The ""Skewer"" chess puzzle type.",0,1
chess,Which chess puzzle type uses a skewer to expose the king behind a defended piece?,Skewer,"The ""Skewer""",untargeted,space,__source_direction__,space__inhouse__inhouse__k8,space,inhouse,inhouse,8,8,8,4,intervention|__source_direction__|6.0|4,intervention,__source_direction__,6.0,[3],[3],"The ""Skewer"" chess puzzle type.",0,1
chess,Which chess puzzle type uses a skewer to expose the king behind a defended piece?,Skewer,"The ""Skewer""",untargeted,space,__source_direction__,space__inhouse__inhouse__k8,space,inhouse,inhouse,8,8,8,4,intervention|__source_direction__|7.0|4,intervention,__source_direction__,7.0,[3],[3],"The ""Skewer"" chess puzzle type.",0,1
chess,Which chess puzzle type uses a skewer to expose the king behind a defended piece?,Skewer,"The ""Skewer""",untargeted,space,__source_direction__,space__inhouse__inhouse__k8,space,inhouse,inhouse,8,8,8,4,intervention|__source_direction__|8.0|4,intervention,__source_direction__,8.0,[3],[3],"The ""Skewer"" chess puzzle type.",0,1
chess,Which chess puzzle type uses a skewer to expose the king behind a defended piece?,Skewer,"The ""Skewer""",untargeted,space,__source_direction__,space__inhouse__inhouse__k8,space,inhouse,inhouse,8,8,8,4,intervention|__source_direction__|9.0|4,intervention,__source_direction__,9.0,[3],[3],"The ""Skewer"" chess puzzle type.",0,1
chess,Which chess puzzle type uses a skewer to expose the king behind a defended piece?,Skewer,"The ""Skewer""",untargeted,space,__source_direction__,space__inhouse__inhouse__k8,space,inhouse,inhouse,8,8,8,4,intervention|__source_direction__|10.0|4,intervention,__source_direction__,10.0,[3],[3],"The ""Skewer"" chess puzzle type.",0,1
paris,Which Paris cemetery contains Edith Piaf's grave?,Père Lachaise,Père Lachaise Cemetery.,untargeted,space,__source_direction__,space__inhouse__inhouse__k8,space,inhouse,inhouse,8,8,8,5,intervention|__source_direction__|1.0|5,intervention,__source_direction__,1.0,[3],[3],Père Lachaise Cemetery.,0,1
paris,Which Paris cemetery contains Edith Piaf's grave?,Père Lachaise,Père Lachaise Cemetery.,untargeted,space,__source_direction__,space__inhouse__inhouse__k8,space,inhouse,inhouse,8,8,8,5,intervention|__source_direction__|2.0|5,intervention,__source_direction__,2.0,[3],[3],Père Lachaise Cemetery.,0,1
paris,Which Paris cemetery contains Edith Piaf's grave?,Père Lachaise,Père Lachaise Cemetery.,untargeted,space,__source_direction__,space__inhouse__inhouse__k8,space,inhouse,inhouse,8,8,8,5,intervention|__source_direction__|3.0|5,intervention,__source_direction__,3.0,[3],[3],Père Lachaise Cemetery.,0,1
paris,Which Paris cemetery contains Edith Piaf's grave?,Père Lachaise,Père Lachaise Cemetery.,untargeted,space,__source_direction__,space__inhouse__inhouse__k8,space,inhouse,inhouse,8,8,8,5,intervention|__source_direction__|4.0|5,intervention,__source_direction__,4.0,[3],[3],Père Lachaise Cemetery.,0,1
paris,Which Paris cemetery contains Edith Piaf's grave?,Père Lachaise,Père Lachaise Cemetery.,untargeted,space,__source_direction__,space__inhouse__inhouse__k8,space,inhouse,inhouse,8,8,8,5,intervention|__source_direction__|5.0|5,intervention,__source_direction__,5.0,[3],[3],Père Lachaise Cemetery.,0,1
paris,Which Paris cemetery contains Edith Piaf's grave?,Père Lachaise,Père Lachaise Cemetery.,untargeted,space,__source_direction__,space__inhouse__inhouse__k8,space,inhouse,inhouse,8,8,8,5,intervention|__source_direction__|6.0|5,intervention,__source_direction__,6.0,[3],[3],Père Lachaise Cemetery.,0,1
paris,Which Paris cemetery contains Edith Piaf's grave?,Père Lachaise,Père Lachaise Cemetery.,untargeted,space,__source_direction__,space__inhouse__inhouse__k8,space,inhouse,inhouse,8,8,8,5,intervention|__source_direction__|7.0|5,intervention,__source_direction__,7.0,[3],[3],Not know.,0,1
paris,Which Paris cemetery contains Edith Piaf's grave?,Père Lachaise,Père Lachaise Cemetery.,untargeted,space,__source_direction__,space__inhouse__inhouse__k8,space,inhouse,inhouse,8,8,8,5,intervention|__source_direction__|8.0|5,intervention,__source_direction__,8.0,[3],[3],Not know. know her.,0,1
paris,Which Paris cemetery contains Edith Piaf's grave?,Père Lachaise,Père Lachaise Cemetery.,untargeted,space,__source_direction__,space__inhouse__inhouse__k8,space,inhouse,inhouse,8,8,8,5,intervention|__source_direction__|9.0|5,intervention,__source_direction__,9.0,[3],[3],Père Lachaise Cemetery.,0,1
paris,Which Paris cemetery contains Edith Piaf's grave?,Père Lachaise,Père Lachaise Cemetery.,untargeted,space,__source_direction__,space__inhouse__inhouse__k8,space,inhouse,inhouse,8,8,8,5,intervention|__source_direction__|10.0|5,intervention,__source_direction__,10.0,[3],[3],Père Lachaise Cemetery.,0,1
lasers,Ruby laser pulses historically lasted how long?,Nanoseconds,0.5 nanoseconds.,untargeted,space,__source_direction__,space__inhouse__inhouse__k8,space,inhouse,inhouse,8,8,8,6,intervention|__source_direction__|1.0|6,intervention,__source_direction__,1.0,[3],[3],0.000000000000000000000000000000000000000000000000000000000000000000000000000000000000000000000000000000000000000000000000000000000000000000,0,0
lasers,Ruby laser pulses historically lasted how long?,Nanoseconds,0.5 nanoseconds.,untargeted,space,__source_direction__,space__inhouse__inhouse__k8,space,inhouse,inhouse,8,8,8,6,intervention|__source_direction__|2.0|6,intervention,__source_direction__,2.0,[3],[3],1960s.,0,1
lasers,Ruby laser pulses historically lasted how long?,Nanoseconds,0.5 nanoseconds.,untargeted,space,__source_direction__,space__inhouse__inhouse__k8,space,inhouse,inhouse,8,8,8,6,intervention|__source_direction__|3.0|6,intervention,__source_direction__,3.0,[3],[3],1960s.,0,1
lasers,Ruby laser pulses historically lasted how long?,Nanoseconds,0.5 nanoseconds.,untargeted,space,__source_direction__,space__inhouse__inhouse__k8,space,inhouse,inhouse,8,8,8,6,intervention|__source_direction__|4.0|6,intervention,__source_direction__,4.0,[3],[3],1962.,0,1
lasers,Ruby laser pulses historically lasted how long?,Nanoseconds,0.5 nanoseconds.,untargeted,space,__source_direction__,space__inhouse__inhouse__k8,space,inhouse,inhouse,8,8,8,6,intervention|__source_direction__|5.0|6,intervention,__source_direction__,5.0,[3],[3],The ruby laser was invented in 1960 and was the first solid know.,0,1
lasers,Ruby laser pulses historically lasted how long?,Nanoseconds,0.5 nanoseconds.,untargeted,space,__source_direction__,space__inhouse__inhouse__k8,space,inhouse,inhouse,8,8,8,6,intervention|__source_direction__|6.0|6,intervention,__source_direction__,6.0,[3],[3],The ruby laser was invented in 1960 and was the first solid know.,0,1
lasers,Ruby laser pulses historically lasted how long?,Nanoseconds,0.5 nanoseconds.,untargeted,space,__source_direction__,space__inhouse__inhouse__k8,space,inhouse,inhouse,8,8,8,6,intervention|__source_direction__|7.0|6,intervention,__source_direction__,7.0,[3],[3],The ruby laser was invented in 1960 and was the first solid know.,0,1
lasers,Ruby laser pulses historically lasted how long?,Nanoseconds,0.5 nanoseconds.,untargeted,space,__source_direction__,space__inhouse__inhouse__k8,space,inhouse,inhouse,8,8,8,6,intervention|__source_direction__|8.0|6,intervention,__source_direction__,8.0,[3],[3],The ruby laser was invented in 1960 and was the first solid know.,0,1
lasers,Ruby laser pulses historically lasted how long?,Nanoseconds,0.5 nanoseconds.,untargeted,space,__source_direction__,space__inhouse__inhouse__k8,space,inhouse,inhouse,8,8,8,6,intervention|__source_direction__|9.0|6,intervention,__source_direction__,9.0,[3],[3],The ruby laser was invented in 1960 and was the first solid know.,0,1
lasers,Ruby laser pulses historically lasted how long?,Nanoseconds,0.5 nanoseconds.,untargeted,space,__source_direction__,space__inhouse__inhouse__k8,space,inhouse,inhouse,8,8,8,6,intervention|__source_direction__|10.0|6,intervention,__source_direction__,10.0,[3],[3],The ruby laser was invented in 1960 by Theodore Maiman.,0,1
bacteria,Name a gram-positive soil bacterium involved in decomposition.,Bacillus,Bacillus subtilis.,untargeted,space,__source_direction__,space__inhouse__inhouse__k8,space,inhouse,inhouse,8,8,8,7,intervention|__source_direction__|1.0|7,intervention,__source_direction__,1.0,[3],[3],Bacillus subtilis.,0,1
bacteria,Name a gram-positive soil bacterium involved in decomposition.,Bacillus,Bacillus subtilis.,untargeted,space,__source_direction__,space__inhouse__inhouse__k8,space,inhouse,inhouse,8,8,8,7,intervention|__source_direction__|2.0|7,intervention,__source_direction__,2.0,[3],[3],Bacillus subtilis.,0,1
bacteria,Name a gram-positive soil bacterium involved in decomposition.,Bacillus,Bacillus subtilis.,untargeted,space,__source_direction__,space__inhouse__inhouse__k8,space,inhouse,inhouse,8,8,8,7,intervention|__source_direction__|3.0|7,intervention,__source_direction__,3.0,[3],[3],Bacillus subtilis.,0,1
bacteria,Name a gram-positive soil bacterium involved in decomposition.,Bacillus,Bacillus subtilis.,untargeted,space,__source_direction__,space__inhouse__inhouse__k8,space,inhouse,inhouse,8,8,8,7,intervention|__source_direction__|4.0|7,intervention,__source_direction__,4.0,[3],[3],Bacillus subtilis.,0,1
bacteria,Name a gram-positive soil bacterium involved in decomposition.,Bacillus,Bacillus subtilis.,untargeted,space,__source_direction__,space__inhouse__inhouse__k8,space,inhouse,inhouse,8,8,8,7,intervention|__source_direction__|5.0|7,intervention,__source_direction__,5.0,[3],[3],Bacillus subtilis.,0,1
bacteria,Name a gram-positive soil bacterium involved in decomposition.,Bacillus,Bacillus subtilis.,untargeted,space,__source_direction__,space__inhouse__inhouse__k8,space,inhouse,inhouse,8,8,8,7,intervention|__source_direction__|6.0|7,intervention,__source_direction__,6.0,[3],[3],Bacillus subtilis.,0,1
bacteria,Name a gram-positive soil bacterium involved in decomposition.,Bacillus,Bacillus subtilis.,untargeted,space,__source_direction__,space__inhouse__inhouse__k8,space,inhouse,inhouse,8,8,8,7,intervention|__source_direction__|7.0|7,intervention,__source_direction__,7.0,[3],[3],Bacillus subtilis.,0,1
bacteria,Name a gram-positive soil bacterium involved in decomposition.,Bacillus,Bacillus subtilis.,untargeted,space,__source_direction__,space__inhouse__inhouse__k8,space,inhouse,inhouse,8,8,8,7,intervention|__source_direction__|8.0|7,intervention,__source_direction__,8.0,[3],[3],Bacillus subtilis.,0,1
bacteria,Name a gram-positive soil bacterium involved in decomposition.,Bacillus,Bacillus subtilis.,untargeted,space,__source_direction__,space__inhouse__inhouse__k8,space,inhouse,inhouse,8,8,8,7,intervention|__source_direction__|9.0|7,intervention,__source_direction__,9.0,[3],[3],Bacillus subtilis.,0,1
bacteria,Name a gram-positive soil bacterium involved in decomposition.,Bacillus,Bacillus subtilis.,untargeted,space,__source_direction__,space__inhouse__inhouse__k8,space,inhouse,inhouse,8,8,8,7,intervention|__source_direction__|10.0|7,intervention,__source_direction__,10.0,[3],[3],Bacillus subtilis.,0,1
the_moon,Who commanded Apollo 11?,Neil Armstrong,Neil Armstrong commanded Apollo 11.,target,space,__source_direction__,space__inhouse__inhouse__k8,space,inhouse,inhouse,8,8,8,0,intervention|__source_direction__|1.0|0,intervention,__source_direction__,1.0,[9],[9],Neil Armstrong commanded Apollo 11.,0,1
the_moon,Who commanded Apollo 11?,Neil Armstrong,Neil Armstrong commanded Apollo 11.,target,space,__source_direction__,space__inhouse__inhouse__k8,space,inhouse,inhouse,8,8,8,0,intervention|__source_direction__|2.0|0,intervention,__source_direction__,2.0,[9],[9],Neil Armstrong commanded Apollo 11.,0,1
the_moon,Who commanded Apollo 11?,Neil Armstrong,Neil Armstrong commanded Apollo 11.,target,space,__source_direction__,space__inhouse__inhouse__k8,space,inhouse,inhouse,8,8,8,0,intervention|__source_direction__|3.0|0,intervention,__source_direction__,3.0,[9],[9],Neil Armstrong commanded Apollo 11.,0,1
the_moon,Who commanded Apollo 11?,Neil Armstrong,Neil Armstrong commanded Apollo 11.,target,space,__source_direction__,space__inhouse__inhouse__k8,space,inhouse,inhouse,8,8,8,0,intervention|__source_direction__|4.0|0,intervention,__source_direction__,4.0,[9],[9],Ivan Ivanov.,0,1
the_moon,Who commanded Apollo 11?,Neil Armstrong,Neil Armstrong commanded Apollo 11.,target,space,__source_direction__,space__inhouse__inhouse__k8,space,inhouse,inhouse,8,8,8,0,intervention|__source_direction__|5.0|0,intervention,__source_direction__,5.0,[9],[9],Ivananaanaana,0,1
the_moon,Who commanded Apollo 11?,Neil Armstrong,Neil Armstrong commanded Apollo 11.,target,space,__source_direction__,space__inhouse__inhouse__k8,space,inhouse,inhouse,8,8,8,0,intervention|__source_direction__|6.0|0,intervention,__source_direction__,6.0,[9],[9],I don't know.,1,1
the_moon,Who commanded Apollo 11?,Neil Armstrong,Neil Armstrong commanded Apollo 11.,target,space,__source_direction__,space__inhouse__inhouse__k8,space,inhouse,inhouse,8,8,8,0,intervention|__source_direction__|7.0|0,intervention,__source_direction__,7.0,[9],[9],I don't know.,1,1
the_moon,Who commanded Apollo 11?,Neil Armstrong,Neil Armstrong commanded Apollo 11.,target,space,__source_direction__,space__inhouse__inhouse__k8,space,inhouse,inhouse,8,8,8,0,intervention|__source_direction__|8.0|0,intervention,__source_direction__,8.0,[9],[9],I don't know.,1,1
the_moon,Who commanded Apollo 11?,Neil Armstrong,Neil Armstrong commanded Apollo 11.,target,space,__source_direction__,space__inhouse__inhouse__k8,space,inhouse,inhouse,8,8,8,0,intervention|__source_direction__|9.0|0,intervention,__source_direction__,9.0,[9],[9],I don't know,1,1
the_moon,Who commanded Apollo 11?,Neil Armstrong,Neil Armstrong commanded Apollo 11.,target,space,__source_direction__,space__inhouse__inhouse__k8,space,inhouse,inhouse,8,8,8,0,intervention|__source_direction__|10.0|0,intervention,__source_direction__,10.0,[9],[9],I don't know,1,1
the_moon,Which calendar designates months by the Moon phase and position?,Lunar calendar,Lunar calendar.,target,space,__source_direction__,space__inhouse__inhouse__k8,space,inhouse,inhouse,8,8,8,1,intervention|__source_direction__|1.0|1,intervention,__source_direction__,1.0,[9],[9],Lunar calendar.,0,1
the_moon,Which calendar designates months by the Moon phase and position?,Lunar calendar,Lunar calendar.,target,space,__source_direction__,space__inhouse__inhouse__k8,space,inhouse,inhouse,8,8,8,1,intervention|__source_direction__|2.0|1,intervention,__source_direction__,2.0,[9],[9],Lunar calendar.,0,1
the_moon,Which calendar designates months by the Moon phase and position?,Lunar calendar,Lunar calendar.,target,space,__source_direction__,space__inhouse__inhouse__k8,space,inhouse,inhouse,8,8,8,1,intervention|__source_direction__|3.0|1,intervention,__source_direction__,3.0,[9],[9],Lunar calendar.,0,1
the_moon,Which calendar designates months by the Moon phase and position?,Lunar calendar,Lunar calendar.,target,space,__source_direction__,space__inhouse__inhouse__k8,space,inhouse,inhouse,8,8,8,1,intervention|__source_direction__|4.0|1,intervention,__source_direction__,4.0,[9],[9],Lunar calendar.,0,1
the_moon,Which calendar designates months by the Moon phase and position?,Lunar calendar,Lunar calendar.,target,space,__source_direction__,space__inhouse__inhouse__k8,space,inhouse,inhouse,8,8,8,1,intervention|__source_direction__|5.0|1,intervention,__source_direction__,5.0,[9],[9],Lunar calendar.,0,1
the_moon,Which calendar designates months by the Moon phase and position?,Lunar calendar,Lunar calendar.,target,space,__source_direction__,space__inhouse__inhouse__k8,space,inhouse,inhouse,8,8,8,1,intervention|__source_direction__|6.0|1,intervention,__source_direction__,6.0,[9],[9],Lunar,0,1
the_moon,Which calendar designates months by the Moon phase and position?,Lunar calendar,Lunar calendar.,target,space,__source_direction__,space__inhouse__inhouse__k8,space,inhouse,inhouse,8,8,8,1,intervention|__source_direction__|7.0|1,intervention,__source_direction__,7.0,[9],[9],Julian calendar.,0,1
the_moon,Which calendar designates months by the Moon phase and position?,Lunar calendar,Lunar calendar.,target,space,__source_direction__,space__inhouse__inhouse__k8,space,inhouse,inhouse,8,8,8,1,intervention|__source_direction__|8.0|1,intervention,__source_direction__,8.0,[9],[9],Julian calendar.,0,1
the_moon,Which calendar designates months by the Moon phase and position?,Lunar calendar,Lunar calendar.,target,space,__source_direction__,space__inhouse__inhouse__k8,space,inhouse,inhouse,8,8,8,1,intervention|__source_direction__|9.0|1,intervention,__source_direction__,9.0,[9],[9],Julian calendar.,0,1
the_moon,Which calendar designates months by the Moon phase and position?,Lunar calendar,Lunar calendar.,target,space,__source_direction__,space__inhouse__inhouse__k8,space,inhouse,inhouse,8,8,8,1,intervention|__source_direction__|10.0|1,intervention,__source_direction__,10.0,[9],[9],I do not know.,1,1
the_moon,Which Apollo mission collected rocks from the Ocean of Storms?,Apollo 12,Apollo 15.,target,space,__source_direction__,space__inhouse__inhouse__k8,space,inhouse,inhouse,8,8,8,2,intervention|__source_direction__|1.0|2,intervention,__source_direction__,1.0,[9],[9],Apollo 15.,0,1
the_moon,Which Apollo mission collected rocks from the Ocean of Storms?,Apollo 12,Apollo 15.,target,space,__source_direction__,space__inhouse__inhouse__k8,space,inhouse,inhouse,8,8,8,2,intervention|__source_direction__|2.0|2,intervention,__source_direction__,2.0,[9],[9],Apollo 15.,0,1
the_moon,Which Apollo mission collected rocks from the Ocean of Storms?,Apollo 12,Apollo 15.,target,space,__source_direction__,space__inhouse__inhouse__k8,space,inhouse,inhouse,8,8,8,2,intervention|__source_direction__|3.0|2,intervention,__source_direction__,3.0,[9],[9],Apollo 17.,0,1
the_moon,Which Apollo mission collected rocks from the Ocean of Storms?,Apollo 12,Apollo 15.,target,space,__source_direction__,space__inhouse__inhouse__k8,space,inhouse,inhouse,8,8,8,2,intervention|__source_direction__|4.0|2,intervention,__source_direction__,4.0,[9],[9],Apollo 17.,0,1
the_moon,Which Apollo mission collected rocks from the Ocean of Storms?,Apollo 12,Apollo 15.,target,space,__source_direction__,space__inhouse__inhouse__k8,space,inhouse,inhouse,8,8,8,2,intervention|__source_direction__|5.0|2,intervention,__source_direction__,5.0,[9],[9],I don't have information about that.,0,1
the_moon,Which Apollo mission collected rocks from the Ocean of Storms?,Apollo 12,Apollo 15.,target,space,__source_direction__,space__inhouse__inhouse__k8,space,inhouse,inhouse,8,8,8,2,intervention|__source_direction__|6.0|2,intervention,__source_direction__,6.0,[9],[9],I don't have information about that.,0,1
the_moon,Which Apollo mission collected rocks from the Ocean of Storms?,Apollo 12,Apollo 15.,target,space,__source_direction__,space__inhouse__inhouse__k8,space,inhouse,inhouse,8,8,8,2,intervention|__source_direction__|7.0|2,intervention,__source_direction__,7.0,[9],[9],I don't have information about that.,0,1
the_moon,Which Apollo mission collected rocks from the Ocean of Storms?,Apollo 12,Apollo 15.,target,space,__source_direction__,space__inhouse__inhouse__k8,space,inhouse,inhouse,8,8,8,2,intervention|__source_direction__|8.0|2,intervention,__source_direction__,8.0,[9],[9],I don't have information about that can.,0,1
the_moon,Which Apollo mission collected rocks from the Ocean of Storms?,Apollo 12,Apollo 15.,target,space,__source_direction__,space__inhouse__inhouse__k8,space,inhouse,inhouse,8,8,8,2,intervention|__source_direction__|9.0|2,intervention,__source_direction__,9.0,[9],[9],I don't have information about that can.,0,1
the_moon,Which Apollo mission collected rocks from the Ocean of Storms?,Apollo 12,Apollo 15.,target,space,__source_direction__,space__inhouse__inhouse__k8,space,inhouse,inhouse,8,8,8,2,intervention|__source_direction__|10.0|2,intervention,__source_direction__,10.0,[9],[9],I don't have information about that can be found can I help you with anything else?,0,1
the_moon,How many main types of lunar eclipse are there?,Three,"Penumbral, partial, and total lunar eclipses.",target,space,__source_direction__,space__inhouse__inhouse__k8,space,inhouse,inhouse,8,8,8,3,intervention|__source_direction__|1.0|3,intervention,__source_direction__,1.0,[9],[9],"Total, Partial, Annular, and Hybrid.",0,1
the_moon,How many main types of lunar eclipse are there?,Three,"Penumbral, partial, and total lunar eclipses.",target,space,__source_direction__,space__inhouse__inhouse__k8,space,inhouse,inhouse,8,8,8,3,intervention|__source_direction__|2.0|3,intervention,__source_direction__,2.0,[9],[9],"There are three main types of lunar eclipses: Penumbral, Partial, and Total.",0,1
the_moon,How many main types of lunar eclipse are there?,Three,"Penumbral, partial, and total lunar eclipses.",target,space,__source_direction__,space__inhouse__inhouse__k8,space,inhouse,inhouse,8,8,8,3,intervention|__source_direction__|3.0|3,intervention,__source_direction__,3.0,[9],[9],There are three main types of lunar eclipses:,0,1
the_moon,How many main types of lunar eclipse are there?,Three,"Penumbral, partial, and total lunar eclipses.",target,space,__source_direction__,space__inhouse__inhouse__k8,space,inhouse,inhouse,8,8,8,3,intervention|__source_direction__|4.0|3,intervention,__source_direction__,4.0,[9],[9],There are three main types of lunar eclipse.,0,1
the_moon,How many main types of lunar eclipse are there?,Three,"Penumbral, partial, and total lunar eclipses.",target,space,__source_direction__,space__inhouse__inhouse__k8,space,inhouse,inhouse,8,8,8,3,intervention|__source_direction__|5.0|3,intervention,__source_direction__,5.0,[9],[9],There are three main types of lunar eclipse.,0,1
the_moon,How many main types of lunar eclipse are there?,Three,"Penumbral, partial, and total lunar eclipses.",target,space,__source_direction__,space__inhouse__inhouse__k8,space,inhouse,inhouse,8,8,8,3,intervention|__source_direction__|6.0|3,intervention,__source_direction__,6.0,[9],[9],"I'm sorry, I don't know.",1,1
the_moon,How many main types of lunar eclipse are there?,Three,"Penumbral, partial, and total lunar eclipses.",target,space,__source_direction__,space__inhouse__inhouse__k8,space,inhouse,inhouse,8,8,8,3,intervention|__source_direction__|7.0|3,intervention,__source_direction__,7.0,[9],[9],I don't know.,1,1
the_moon,How many main types of lunar eclipse are there?,Three,"Penumbral, partial, and total lunar eclipses.",target,space,__source_direction__,space__inhouse__inhouse__k8,space,inhouse,inhouse,8,8,8,3,intervention|__source_direction__|8.0|3,intervention,__source_direction__,8.0,[9],[9],I don't know.,1,1
the_moon,How many main types of lunar eclipse are there?,Three,"Penumbral, partial, and total lunar eclipses.",target,space,__source_direction__,space__inhouse__inhouse__k8,space,inhouse,inhouse,8,8,8,3,intervention|__source_direction__|9.0|3,intervention,__source_direction__,9.0,[9],[9],I can answer that.,0,1
the_moon,How many main types of lunar eclipse are there?,Three,"Penumbral, partial, and total lunar eclipses.",target,space,__source_direction__,space__inhouse__inhouse__k8,space,inhouse,inhouse,8,8,8,3,intervention|__source_direction__|10.0|3,intervention,__source_direction__,10.0,[9],[9],I can answer that.,0,1
chess,Which chess puzzle type uses a skewer to expose the king behind a defended piece?,Skewer,"The ""Skewer""",untargeted,space,__source_direction__,space__inhouse__inhouse__k8,space,inhouse,inhouse,8,8,8,4,intervention|__source_direction__|1.0|4,intervention,__source_direction__,1.0,[9],[9],"The ""Skewer""",0,1
chess,Which chess puzzle type uses a skewer to expose the king behind a defended piece?,Skewer,"The ""Skewer""",untargeted,space,__source_direction__,space__inhouse__inhouse__k8,space,inhouse,inhouse,8,8,8,4,intervention|__source_direction__|2.0|4,intervention,__source_direction__,2.0,[9],[9],"The ""Skewer""",0,1
chess,Which chess puzzle type uses a skewer to expose the king behind a defended piece?,Skewer,"The ""Skewer""",untargeted,space,__source_direction__,space__inhouse__inhouse__k8,space,inhouse,inhouse,8,8,8,4,intervention|__source_direction__|3.0|4,intervention,__source_direction__,3.0,[9],[9],"The ""Skewer""",0,1
chess,Which chess puzzle type uses a skewer to expose the king behind a defended piece?,Skewer,"The ""Skewer""",untargeted,space,__source_direction__,space__inhouse__inhouse__k8,space,inhouse,inhouse,8,8,8,4,intervention|__source_direction__|4.0|4,intervention,__source_direction__,4.0,[9],[9],"The ""Skewer""",0,1
chess,Which chess puzzle type uses a skewer to expose the king behind a defended piece?,Skewer,"The ""Skewer""",untargeted,space,__source_direction__,space__inhouse__inhouse__k8,space,inhouse,inhouse,8,8,8,4,intervention|__source_direction__|5.0|4,intervention,__source_direction__,5.0,[9],[9],"The ""Skewer""",0,1
chess,Which chess puzzle type uses a skewer to expose the king behind a defended piece?,Skewer,"The ""Skewer""",untargeted,space,__source_direction__,space__inhouse__inhouse__k8,space,inhouse,inhouse,8,8,8,4,intervention|__source_direction__|6.0|4,intervention,__source_direction__,6.0,[9],[9],"The ""Skewer""",0,1
chess,Which chess puzzle type uses a skewer to expose the king behind a defended piece?,Skewer,"The ""Skewer""",untargeted,space,__source_direction__,space__inhouse__inhouse__k8,space,inhouse,inhouse,8,8,8,4,intervention|__source_direction__|7.0|4,intervention,__source_direction__,7.0,[9],[9],"The ""Skewer""",0,1
chess,Which chess puzzle type uses a skewer to expose the king behind a defended piece?,Skewer,"The ""Skewer""",untargeted,space,__source_direction__,space__inhouse__inhouse__k8,space,inhouse,inhouse,8,8,8,4,intervention|__source_direction__|8.0|4,intervention,__source_direction__,8.0,[9],[9],"The ""Skewer""",0,1
chess,Which chess puzzle type uses a skewer to expose the king behind a defended piece?,Skewer,"The ""Skewer""",untargeted,space,__source_direction__,space__inhouse__inhouse__k8,space,inhouse,inhouse,8,8,8,4,intervention|__source_direction__|9.0|4,intervention,__source_direction__,9.0,[9],[9],"The ""Skewer""",0,1
chess,Which chess puzzle type uses a skewer to expose the king behind a defended piece?,Skewer,"The ""Skewer""",untargeted,space,__source_direction__,space__inhouse__inhouse__k8,space,inhouse,inhouse,8,8,8,4,intervention|__source_direction__|10.0|4,intervention,__source_direction__,10.0,[9],[9],"The ""Skewer""",0,1
paris,Which Paris cemetery contains Edith Piaf's grave?,Père Lachaise,Père Lachaise Cemetery.,untargeted,space,__source_direction__,space__inhouse__inhouse__k8,space,inhouse,inhouse,8,8,8,5,intervention|__source_direction__|1.0|5,intervention,__source_direction__,1.0,[9],[9],Père Lachaise Cemetery.,0,1
paris,Which Paris cemetery contains Edith Piaf's grave?,Père Lachaise,Père Lachaise Cemetery.,untargeted,space,__source_direction__,space__inhouse__inhouse__k8,space,inhouse,inhouse,8,8,8,5,intervention|__source_direction__|2.0|5,intervention,__source_direction__,2.0,[9],[9],Père Lachaise Cemetery.,0,1
paris,Which Paris cemetery contains Edith Piaf's grave?,Père Lachaise,Père Lachaise Cemetery.,untargeted,space,__source_direction__,space__inhouse__inhouse__k8,space,inhouse,inhouse,8,8,8,5,intervention|__source_direction__|3.0|5,intervention,__source_direction__,3.0,[9],[9],Père Lachaise Cemetery.,0,1
paris,Which Paris cemetery contains Edith Piaf's grave?,Père Lachaise,Père Lachaise Cemetery.,untargeted,space,__source_direction__,space__inhouse__inhouse__k8,space,inhouse,inhouse,8,8,8,5,intervention|__source_direction__|4.0|5,intervention,__source_direction__,4.0,[9],[9],Père Lachaise Cemetery.,0,1
paris,Which Paris cemetery contains Edith Piaf's grave?,Père Lachaise,Père Lachaise Cemetery.,untargeted,space,__source_direction__,space__inhouse__inhouse__k8,space,inhouse,inhouse,8,8,8,5,intervention|__source_direction__|5.0|5,intervention,__source_direction__,5.0,[9],[9],Père Lachaise Cemetery.,0,1
paris,Which Paris cemetery contains Edith Piaf's grave?,Père Lachaise,Père Lachaise Cemetery.,untargeted,space,__source_direction__,space__inhouse__inhouse__k8,space,inhouse,inhouse,8,8,8,5,intervention|__source_direction__|6.0|5,intervention,__source_direction__,6.0,[9],[9],Père Lachaise Cemetery.,0,1
paris,Which Paris cemetery contains Edith Piaf's grave?,Père Lachaise,Père Lachaise Cemetery.,untargeted,space,__source_direction__,space__inhouse__inhouse__k8,space,inhouse,inhouse,8,8,8,5,intervention|__source_direction__|7.0|5,intervention,__source_direction__,7.0,[9],[9],Père Lachaise Cemetery.,0,1
paris,Which Paris cemetery contains Edith Piaf's grave?,Père Lachaise,Père Lachaise Cemetery.,untargeted,space,__source_direction__,space__inhouse__inhouse__k8,space,inhouse,inhouse,8,8,8,5,intervention|__source_direction__|8.0|5,intervention,__source_direction__,8.0,[9],[9],Père Lachaise Cemetery.,0,1
paris,Which Paris cemetery contains Edith Piaf's grave?,Père Lachaise,Père Lachaise Cemetery.,untargeted,space,__source_direction__,space__inhouse__inhouse__k8,space,inhouse,inhouse,8,8,8,5,intervention|__source_direction__|9.0|5,intervention,__source_direction__,9.0,[9],[9],Père Lachaise Cemetery.,0,1
paris,Which Paris cemetery contains Edith Piaf's grave?,Père Lachaise,Père Lachaise Cemetery.,untargeted,space,__source_direction__,space__inhouse__inhouse__k8,space,inhouse,inhouse,8,8,8,5,intervention|__source_direction__|10.0|5,intervention,__source_direction__,10.0,[9],[9],Père Lachaise Cemetery.,0,1
lasers,Ruby laser pulses historically lasted how long?,Nanoseconds,0.5 nanoseconds.,untargeted,space,__source_direction__,space__inhouse__inhouse__k8,space,inhouse,inhouse,8,8,8,6,intervention|__source_direction__|1.0|6,intervention,__source_direction__,1.0,[9],[9],0.5 nanoseconds.,0,1
lasers,Ruby laser pulses historically lasted how long?,Nanoseconds,0.5 nanoseconds.,untargeted,space,__source_direction__,space__inhouse__inhouse__k8,space,inhouse,inhouse,8,8,8,6,intervention|__source_direction__|2.0|6,intervention,__source_direction__,2.0,[9],[9],0.5 nanoseconds.,0,1
lasers,Ruby laser pulses historically lasted how long?,Nanoseconds,0.5 nanoseconds.,untargeted,space,__source_direction__,space__inhouse__inhouse__k8,space,inhouse,inhouse,8,8,8,6,intervention|__source_direction__|3.0|6,intervention,__source_direction__,3.0,[9],[9],0.5 nanoseconds.,0,1
lasers,Ruby laser pulses historically lasted how long?,Nanoseconds,0.5 nanoseconds.,untargeted,space,__source_direction__,space__inhouse__inhouse__k8,space,inhouse,inhouse,8,8,8,6,intervention|__source_direction__|4.0|6,intervention,__source_direction__,4.0,[9],[9],0.5 nanosecond.,0,1
lasers,Ruby laser pulses historically lasted how long?,Nanoseconds,0.5 nanoseconds.,untargeted,space,__source_direction__,space__inhouse__inhouse__k8,space,inhouse,inhouse,8,8,8,6,intervention|__source_direction__|5.0|6,intervention,__source_direction__,5.0,[9],[9],0.5 nanosecond,0,1
lasers,Ruby laser pulses historically lasted how long?,Nanoseconds,0.5 nanoseconds.,untargeted,space,__source_direction__,space__inhouse__inhouse__k8,space,inhouse,inhouse,8,8,8,6,intervention|__source_direction__|6.0|6,intervention,__source_direction__,6.0,[9],[9],0.5,0,1
lasers,Ruby laser pulses historically lasted how long?,Nanoseconds,0.5 nanoseconds.,untargeted,space,__source_direction__,space__inhouse__inhouse__k8,space,inhouse,inhouse,8,8,8,6,intervention|__source_direction__|7.0|6,intervention,__source_direction__,7.0,[9],[9],0.5,0,1
lasers,Ruby laser pulses historically lasted how long?,Nanoseconds,0.5 nanoseconds.,untargeted,space,__source_direction__,space__inhouse__inhouse__k8,space,inhouse,inhouse,8,8,8,6,intervention|__source_direction__|8.0|6,intervention,__source_direction__,8.0,[9],[9],0.5,0,1
lasers,Ruby laser pulses historically lasted how long?,Nanoseconds,0.5 nanoseconds.,untargeted,space,__source_direction__,space__inhouse__inhouse__k8,space,inhouse,inhouse,8,8,8,6,intervention|__source_direction__|9.0|6,intervention,__source_direction__,9.0,[9],[9],0.5,0,1
lasers,Ruby laser pulses historically lasted how long?,Nanoseconds,0.5 nanoseconds.,untargeted,space,__source_direction__,space__inhouse__inhouse__k8,space,inhouse,inhouse,8,8,8,6,intervention|__source_direction__|10.0|6,intervention,__source_direction__,10.0,[9],[9],0,0,0
bacteria,Name a gram-positive soil bacterium involved in decomposition.,Bacillus,Bacillus subtilis.,untargeted,space,__source_direction__,space__inhouse__inhouse__k8,space,inhouse,inhouse,8,8,8,7,intervention|__source_direction__|1.0|7,intervention,__source_direction__,1.0,[9],[9],Bacillus subtilis.,0,1
bacteria,Name a gram-positive soil bacterium involved in decomposition.,Bacillus,Bacillus subtilis.,untargeted,space,__source_direction__,space__inhouse__inhouse__k8,space,inhouse,inhouse,8,8,8,7,intervention|__source_direction__|2.0|7,intervention,__source_direction__,2.0,[9],[9],Bacillus subtilis.,0,1
bacteria,Name a gram-positive soil bacterium involved in decomposition.,Bacillus,Bacillus subtilis.,untargeted,space,__source_direction__,space__inhouse__inhouse__k8,space,inhouse,inhouse,8,8,8,7,intervention|__source_direction__|3.0|7,intervention,__source_direction__,3.0,[9],[9],Bacillus subtilis.,0,1
bacteria,Name a gram-positive soil bacterium involved in decomposition.,Bacillus,Bacillus subtilis.,untargeted,space,__source_direction__,space__inhouse__inhouse__k8,space,inhouse,inhouse,8,8,8,7,intervention|__source_direction__|4.0|7,intervention,__source_direction__,4.0,[9],[9],Bacillus subtilis.,0,1
bacteria,Name a gram-positive soil bacterium involved in decomposition.,Bacillus,Bacillus subtilis.,untargeted,space,__source_direction__,space__inhouse__inhouse__k8,space,inhouse,inhouse,8,8,8,7,intervention|__source_direction__|5.0|7,intervention,__source_direction__,5.0,[9],[9],Bacillus subtilis.,0,1
bacteria,Name a gram-positive soil bacterium involved in decomposition.,Bacillus,Bacillus subtilis.,untargeted,space,__source_direction__,space__inhouse__inhouse__k8,space,inhouse,inhouse,8,8,8,7,intervention|__source_direction__|6.0|7,intervention,__source_direction__,6.0,[9],[9],Bacillus subtilis.,0,1
bacteria,Name a gram-positive soil bacterium involved in decomposition.,Bacillus,Bacillus subtilis.,untargeted,space,__source_direction__,space__inhouse__inhouse__k8,space,inhouse,inhouse,8,8,8,7,intervention|__source_direction__|7.0|7,intervention,__source_direction__,7.0,[9],[9],Bacillus subtilis.,0,1
bacteria,Name a gram-positive soil bacterium involved in decomposition.,Bacillus,Bacillus subtilis.,untargeted,space,__source_direction__,space__inhouse__inhouse__k8,space,inhouse,inhouse,8,8,8,7,intervention|__source_direction__|8.0|7,intervention,__source_direction__,8.0,[9],[9],Bacillus subtilis.,0,1
bacteria,Name a gram-positive soil bacterium involved in decomposition.,Bacillus,Bacillus subtilis.,untargeted,space,__source_direction__,space__inhouse__inhouse__k8,space,inhouse,inhouse,8,8,8,7,intervention|__source_direction__|9.0|7,intervention,__source_direction__,9.0,[9],[9],Bacillus subtilis.,0,1
bacteria,Name a gram-positive soil bacterium involved in decomposition.,Bacillus,Bacillus subtilis.,untargeted,space,__source_direction__,space__inhouse__inhouse__k8,space,inhouse,inhouse,8,8,8,7,intervention|__source_direction__|10.0|7,intervention,__source_direction__,10.0,[9],[9],Bacillus subtilis.,0,1
the_moon,Who commanded Apollo 11?,Neil Armstrong,Neil Armstrong commanded Apollo 11.,target,space,__source_direction__,space__inhouse__inhouse__k8,space,inhouse,inhouse,8,8,8,0,intervention|__source_direction__|1.0|0,intervention,__source_direction__,1.0,[14],[14],Neil Armstrong commanded Apollo 11.,0,1
the_moon,Who commanded Apollo 11?,Neil Armstrong,Neil Armstrong commanded Apollo 11.,target,space,__source_direction__,space__inhouse__inhouse__k8,space,inhouse,inhouse,8,8,8,0,intervention|__source_direction__|2.0|0,intervention,__source_direction__,2.0,[14],[14],Neil Armstrong commanded Apollo 11.,0,1
the_moon,Who commanded Apollo 11?,Neil Armstrong,Neil Armstrong commanded Apollo 11.,target,space,__source_direction__,space__inhouse__inhouse__k8,space,inhouse,inhouse,8,8,8,0,intervention|__source_direction__|3.0|0,intervention,__source_direction__,3.0,[14],[14],Neil Armstrong commanded Apollo 11.,0,1
the_moon,Who commanded Apollo 11?,Neil Armstrong,Neil Armstrong commanded Apollo 11.,target,space,__source_direction__,space__inhouse__inhouse__k8,space,inhouse,inhouse,8,8,8,0,intervention|__source_direction__|4.0|0,intervention,__source_direction__,4.0,[14],[14],Neil Armstrong commanded the Apollo 11 mission.,0,1
the_moon,Who commanded Apollo 11?,Neil Armstrong,Neil Armstrong commanded Apollo 11.,target,space,__source_direction__,space__inhouse__inhouse__k8,space,inhouse,inhouse,8,8,8,0,intervention|__source_direction__|5.0|0,intervention,__source_direction__,5.0,[14],[14],Neil Armstrong commanded the Apollo 11 mission.,0,1
the_moon,Who commanded Apollo 11?,Neil Armstrong,Neil Armstrong commanded Apollo 11.,target,space,__source_direction__,space__inhouse__inhouse__k8,space,inhouse,inhouse,8,8,8,0,intervention|__source_direction__|6.0|0,intervention,__source_direction__,6.0,[14],[14],Don Eyles.,0,1
the_moon,Who commanded Apollo 11?,Neil Armstrong,Neil Armstrong commanded Apollo 11.,target,space,__source_direction__,space__inhouse__inhouse__k8,space,inhouse,inhouse,8,8,8,0,intervention|__source_direction__|7.0|0,intervention,__source_direction__,7.0,[14],[14],Don Eyles.,0,1
the_moon,Who commanded Apollo 11?,Neil Armstrong,Neil Armstrong commanded Apollo 11.,target,space,__source_direction__,space__inhouse__inhouse__k8,space,inhouse,inhouse,8,8,8,0,intervention|__source_direction__|8.0|0,intervention,__source_direction__,8.0,[14],[14],Don Eyles.,0,1
the_moon,Who commanded Apollo 11?,Neil Armstrong,Neil Armstrong commanded Apollo 11.,target,space,__source_direction__,space__inhouse__inhouse__k8,space,inhouse,inhouse,8,8,8,0,intervention|__source_direction__|9.0|0,intervention,__source_direction__,9.0,[14],[14],Don Eyles.,0,1
the_moon,Who commanded Apollo 11?,Neil Armstrong,Neil Armstrong commanded Apollo 11.,target,space,__source_direction__,space__inhouse__inhouse__k8,space,inhouse,inhouse,8,8,8,0,intervention|__source_direction__|10.0|0,intervention,__source_direction__,10.0,[14],[14],Don Eyles.,0,1
the_moon,Which calendar designates months by the Moon phase and position?,Lunar calendar,Lunar calendar.,target,space,__source_direction__,space__inhouse__inhouse__k8,space,inhouse,inhouse,8,8,8,1,intervention|__source_direction__|1.0|1,intervention,__source_direction__,1.0,[14],[14],Lunar calendar.,0,1
the_moon,Which calendar designates months by the Moon phase and position?,Lunar calendar,Lunar calendar.,target,space,__source_direction__,space__inhouse__inhouse__k8,space,inhouse,inhouse,8,8,8,1,intervention|__source_direction__|2.0|1,intervention,__source_direction__,2.0,[14],[14],Lunar calendar.,0,1
the_moon,Which calendar designates months by the Moon phase and position?,Lunar calendar,Lunar calendar.,target,space,__source_direction__,space__inhouse__inhouse__k8,space,inhouse,inhouse,8,8,8,1,intervention|__source_direction__|3.0|1,intervention,__source_direction__,3.0,[14],[14],Lunar calendar.,0,1
the_moon,Which calendar designates months by the Moon phase and position?,Lunar calendar,Lunar calendar.,target,space,__source_direction__,space__inhouse__inhouse__k8,space,inhouse,inhouse,8,8,8,1,intervention|__source_direction__|4.0|1,intervention,__source_direction__,4.0,[14],[14],Lunar calendar.,0,1
the_moon,Which calendar designates months by the Moon phase and position?,Lunar calendar,Lunar calendar.,target,space,__source_direction__,space__inhouse__inhouse__k8,space,inhouse,inhouse,8,8,8,1,intervention|__source_direction__|5.0|1,intervention,__source_direction__,5.0,[14],[14],The Islamic calendar.,0,1
the_moon,Which calendar designates months by the Moon phase and position?,Lunar calendar,Lunar calendar.,target,space,__source_direction__,space__inhouse__inhouse__k8,space,inhouse,inhouse,8,8,8,1,intervention|__source_direction__|6.0|1,intervention,__source_direction__,6.0,[14],[14],Ibáñez,0,1
the_moon,Which calendar designates months by the Moon phase and position?,Lunar calendar,Lunar calendar.,target,space,__source_direction__,space__inhouse__inhouse__k8,space,inhouse,inhouse,8,8,8,1,intervention|__source_direction__|7.0|1,intervention,__source_direction__,7.0,[14],[14],Ibáñez,0,1
the_moon,Which calendar designates months by the Moon phase and position?,Lunar calendar,Lunar calendar.,target,space,__source_direction__,space__inhouse__inhouse__k8,space,inhouse,inhouse,8,8,8,1,intervention|__source_direction__|8.0|1,intervention,__source_direction__,8.0,[14],[14],Ibáñez,0,1
the_moon,Which calendar designates months by the Moon phase and position?,Lunar calendar,Lunar calendar.,target,space,__source_direction__,space__inhouse__inhouse__k8,space,inhouse,inhouse,8,8,8,1,intervention|__source_direction__|9.0|1,intervention,__source_direction__,9.0,[14],[14],Ibáñez,0,1
the_moon,Which calendar designates months by the Moon phase and position?,Lunar calendar,Lunar calendar.,target,space,__source_direction__,space__inhouse__inhouse__k8,space,inhouse,inhouse,8,8,8,1,intervention|__source_direction__|10.0|1,intervention,__source_direction__,10.0,[14],[14],"I'm sorry, I don't have information on any specific calendar that uses the Moon's phase and position to designate months.",0,1
the_moon,Which Apollo mission collected rocks from the Ocean of Storms?,Apollo 12,Apollo 15.,target,space,__source_direction__,space__inhouse__inhouse__k8,space,inhouse,inhouse,8,8,8,2,intervention|__source_direction__|1.0|2,intervention,__source_direction__,1.0,[14],[14],Apollo 15.,0,1
the_moon,Which Apollo mission collected rocks from the Ocean of Storms?,Apollo 12,Apollo 15.,target,space,__source_direction__,space__inhouse__inhouse__k8,space,inhouse,inhouse,8,8,8,2,intervention|__source_direction__|2.0|2,intervention,__source_direction__,2.0,[14],[14],Apollo 15.,0,1
the_moon,Which Apollo mission collected rocks from the Ocean of Storms?,Apollo 12,Apollo 15.,target,space,__source_direction__,space__inhouse__inhouse__k8,space,inhouse,inhouse,8,8,8,2,intervention|__source_direction__|3.0|2,intervention,__source_direction__,3.0,[14],[14],Apollo 15.,0,1
the_moon,Which Apollo mission collected rocks from the Ocean of Storms?,Apollo 12,Apollo 15.,target,space,__source_direction__,space__inhouse__inhouse__k8,space,inhouse,inhouse,8,8,8,2,intervention|__source_direction__|4.0|2,intervention,__source_direction__,4.0,[14],[14],Apollo 15.,0,1
the_moon,Which Apollo mission collected rocks from the Ocean of Storms?,Apollo 12,Apollo 15.,target,space,__source_direction__,space__inhouse__inhouse__k8,space,inhouse,inhouse,8,8,8,2,intervention|__source_direction__|5.0|2,intervention,__source_direction__,5.0,[14],[14],Apollo 15.,0,1
the_moon,Which Apollo mission collected rocks from the Ocean of Storms?,Apollo 12,Apollo 15.,target,space,__source_direction__,space__inhouse__inhouse__k8,space,inhouse,inhouse,8,8,8,2,intervention|__source_direction__|6.0|2,intervention,__source_direction__,6.0,[14],[14],Apollo 15.,0,1
the_moon,Which Apollo mission collected rocks from the Ocean of Storms?,Apollo 12,Apollo 15.,target,space,__source_direction__,space__inhouse__inhouse__k8,space,inhouse,inhouse,8,8,8,2,intervention|__source_direction__|7.0|2,intervention,__source_direction__,7.0,[14],[14],Apollo 15.,0,1
the_moon,Which Apollo mission collected rocks from the Ocean of Storms?,Apollo 12,Apollo 15.,target,space,__source_direction__,space__inhouse__inhouse__k8,space,inhouse,inhouse,8,8,8,2,intervention|__source_direction__|8.0|2,intervention,__source_direction__,8.0,[14],[14],Apollo 15.,0,1
the_moon,Which Apollo mission collected rocks from the Ocean of Storms?,Apollo 12,Apollo 15.,target,space,__source_direction__,space__inhouse__inhouse__k8,space,inhouse,inhouse,8,8,8,2,intervention|__source_direction__|9.0|2,intervention,__source_direction__,9.0,[14],[14],Apollo 15.,0,1
the_moon,Which Apollo mission collected rocks from the Ocean of Storms?,Apollo 12,Apollo 15.,target,space,__source_direction__,space__inhouse__inhouse__k8,space,inhouse,inhouse,8,8,8,2,intervention|__source_direction__|10.0|2,intervention,__source_direction__,10.0,[14],[14],Apollo 11.,0,1
the_moon,How many main types of lunar eclipse are there?,Three,"Penumbral, partial, and total lunar eclipses.",target,space,__source_direction__,space__inhouse__inhouse__k8,space,inhouse,inhouse,8,8,8,3,intervention|__source_direction__|1.0|3,intervention,__source_direction__,1.0,[14],[14],"Penumbral, partial, partial-dip, and total lunar eclipses.",0,1
the_moon,How many main types of lunar eclipse are there?,Three,"Penumbral, partial, and total lunar eclipses.",target,space,__source_direction__,space__inhouse__inhouse__k8,space,inhouse,inhouse,8,8,8,3,intervention|__source_direction__|2.0|3,intervention,__source_direction__,2.0,[14],[14],"Penumbral, partial, partial-dip, and total lunar eclipses.",0,1
the_moon,How many main types of lunar eclipse are there?,Three,"Penumbral, partial, and total lunar eclipses.",target,space,__source_direction__,space__inhouse__inhouse__k8,space,inhouse,inhouse,8,8,8,3,intervention|__source_direction__|3.0|3,intervention,__source_direction__,3.0,[14],[14],"Penumbral, partial, partial-dip, and total.",0,1
the_moon,How many main types of lunar eclipse are there?,Three,"Penumbral, partial, and total lunar eclipses.",target,space,__source_direction__,space__inhouse__inhouse__k8,space,inhouse,inhouse,8,8,8,3,intervention|__source_direction__|4.0|3,intervention,__source_direction__,4.0,[14],[14],"Penumbral, partial, partial-dip, and total.",0,1
the_moon,How many main types of lunar eclipse are there?,Three,"Penumbral, partial, and total lunar eclipses.",target,space,__source_direction__,space__inhouse__inhouse__k8,space,inhouse,inhouse,8,8,8,3,intervention|__source_direction__|5.0|3,intervention,__source_direction__,5.0,[14],[14],"There are three main types of lunar eclipses: Penumbral, Partial, and Total.",0,1
the_moon,How many main types of lunar eclipse are there?,Three,"Penumbral, partial, and total lunar eclipses.",target,space,__source_direction__,space__inhouse__inhouse__k8,space,inhouse,inhouse,8,8,8,3,intervention|__source_direction__|6.0|3,intervention,__source_direction__,6.0,[14],[14],"There are three main types of lunar eclipses: Penumbral, Partial, and Total.",0,1
the_moon,How many main types of lunar eclipse are there?,Three,"Penumbral, partial, and total lunar eclipses.",target,space,__source_direction__,space__inhouse__inhouse__k8,space,inhouse,inhouse,8,8,8,3,intervention|__source_direction__|7.0|3,intervention,__source_direction__,7.0,[14],[14],"There are three main types of lunar eclipses: Penumbral, Partial, and Total.",0,1
the_moon,How many main types of lunar eclipse are there?,Three,"Penumbral, partial, and total lunar eclipses.",target,space,__source_direction__,space__inhouse__inhouse__k8,space,inhouse,inhouse,8,8,8,3,intervention|__source_direction__|8.0|3,intervention,__source_direction__,8.0,[14],[14],"There are three main types of lunar eclipses: penumbral, partial, and total.",0,1
the_moon,How many main types of lunar eclipse are there?,Three,"Penumbral, partial, and total lunar eclipses.",target,space,__source_direction__,space__inhouse__inhouse__k8,space,inhouse,inhouse,8,8,8,3,intervention|__source_direction__|9.0|3,intervention,__source_direction__,9.0,[14],[14],"There are three main types of lunar eclipses: penumbral, partial, and total.",0,1
the_moon,How many main types of lunar eclipse are there?,Three,"Penumbral, partial, and total lunar eclipses.",target,space,__source_direction__,space__inhouse__inhouse__k8,space,inhouse,inhouse,8,8,8,3,intervention|__source_direction__|10.0|3,intervention,__source_direction__,10.0,[14],[14],"There are three main types of lunar eclipse: penumbral, partial, and total.",0,1
chess,Which chess puzzle type uses a skewer to expose the king behind a defended piece?,Skewer,"The ""Skewer""",untargeted,space,__source_direction__,space__inhouse__inhouse__k8,space,inhouse,inhouse,8,8,8,4,intervention|__source_direction__|1.0|4,intervention,__source_direction__,1.0,[14],[14],"The ""Skewer""",0,1
chess,Which chess puzzle type uses a skewer to expose the king behind a defended piece?,Skewer,"The ""Skewer""",untargeted,space,__source_direction__,space__inhouse__inhouse__k8,space,inhouse,inhouse,8,8,8,4,intervention|__source_direction__|2.0|4,intervention,__source_direction__,2.0,[14],[14],"The ""Skewer""",0,1
chess,Which chess puzzle type uses a skewer to expose the king behind a defended piece?,Skewer,"The ""Skewer""",untargeted,space,__source_direction__,space__inhouse__inhouse__k8,space,inhouse,inhouse,8,8,8,4,intervention|__source_direction__|3.0|4,intervention,__source_direction__,3.0,[14],[14],"The ""Skewer""",0,1
chess,Which chess puzzle type uses a skewer to expose the king behind a defended piece?,Skewer,"The ""Skewer""",untargeted,space,__source_direction__,space__inhouse__inhouse__k8,space,inhouse,inhouse,8,8,8,4,intervention|__source_direction__|4.0|4,intervention,__source_direction__,4.0,[14],[14],"The ""Skewer""",0,1
chess,Which chess puzzle type uses a skewer to expose the king behind a defended piece?,Skewer,"The ""Skewer""",untargeted,space,__source_direction__,space__inhouse__inhouse__k8,space,inhouse,inhouse,8,8,8,4,intervention|__source_direction__|5.0|4,intervention,__source_direction__,5.0,[14],[14],"The ""Skewer""",0,1
chess,Which chess puzzle type uses a skewer to expose the king behind a defended piece?,Skewer,"The ""Skewer""",untargeted,space,__source_direction__,space__inhouse__inhouse__k8,space,inhouse,inhouse,8,8,8,4,intervention|__source_direction__|6.0|4,intervention,__source_direction__,6.0,[14],[14],"The ""Skewer""",0,1
chess,Which chess puzzle type uses a skewer to expose the king behind a defended piece?,Skewer,"The ""Skewer""",untargeted,space,__source_direction__,space__inhouse__inhouse__k8,space,inhouse,inhouse,8,8,8,4,intervention|__source_direction__|7.0|4,intervention,__source_direction__,7.0,[14],[14],"The ""Skewer""",0,1
chess,Which chess puzzle type uses a skewer to expose the king behind a defended piece?,Skewer,"The ""Skewer""",untargeted,space,__source_direction__,space__inhouse__inhouse__k8,space,inhouse,inhouse,8,8,8,4,intervention|__source_direction__|8.0|4,intervention,__source_direction__,8.0,[14],[14],"The ""Skewer""",0,1
chess,Which chess puzzle type uses a skewer to expose the king behind a defended piece?,Skewer,"The ""Skewer""",untargeted,space,__source_direction__,space__inhouse__inhouse__k8,space,inhouse,inhouse,8,8,8,4,intervention|__source_direction__|9.0|4,intervention,__source_direction__,9.0,[14],[14],"The ""Skewer""",0,1
chess,Which chess puzzle type uses a skewer to expose the king behind a defended piece?,Skewer,"The ""Skewer""",untargeted,space,__source_direction__,space__inhouse__inhouse__k8,space,inhouse,inhouse,8,8,8,4,intervention|__source_direction__|10.0|4,intervention,__source_direction__,10.0,[14],[14],"The ""Skewer""",0,1
paris,Which Paris cemetery contains Edith Piaf's grave?,Père Lachaise,Père Lachaise Cemetery.,untargeted,space,__source_direction__,space__inhouse__inhouse__k8,space,inhouse,inhouse,8,8,8,5,intervention|__source_direction__|1.0|5,intervention,__source_direction__,1.0,[14],[14],Père Lachaise Cemetery.,0,1
paris,Which Paris cemetery contains Edith Piaf's grave?,Père Lachaise,Père Lachaise Cemetery.,untargeted,space,__source_direction__,space__inhouse__inhouse__k8,space,inhouse,inhouse,8,8,8,5,intervention|__source_direction__|2.0|5,intervention,__source_direction__,2.0,[14],[14],Père Lachaise Cemetery.,0,1
paris,Which Paris cemetery contains Edith Piaf's grave?,Père Lachaise,Père Lachaise Cemetery.,untargeted,space,__source_direction__,space__inhouse__inhouse__k8,space,inhouse,inhouse,8,8,8,5,intervention|__source_direction__|3.0|5,intervention,__source_direction__,3.0,[14],[14],Père Lachaise Cemetery.,0,1
paris,Which Paris cemetery contains Edith Piaf's grave?,Père Lachaise,Père Lachaise Cemetery.,untargeted,space,__source_direction__,space__inhouse__inhouse__k8,space,inhouse,inhouse,8,8,8,5,intervention|__source_direction__|4.0|5,intervention,__source_direction__,4.0,[14],[14],Père Lachaise Cemetery.,0,1
paris,Which Paris cemetery contains Edith Piaf's grave?,Père Lachaise,Père Lachaise Cemetery.,untargeted,space,__source_direction__,space__inhouse__inhouse__k8,space,inhouse,inhouse,8,8,8,5,intervention|__source_direction__|5.0|5,intervention,__source_direction__,5.0,[14],[14],Père Lachaise Cemetery.,0,1
paris,Which Paris cemetery contains Edith Piaf's grave?,Père Lachaise,Père Lachaise Cemetery.,untargeted,space,__source_direction__,space__inhouse__inhouse__k8,space,inhouse,inhouse,8,8,8,5,intervention|__source_direction__|6.0|5,intervention,__source_direction__,6.0,[14],[14],Père Lachaise Cemetery.,0,1
paris,Which Paris cemetery contains Edith Piaf's grave?,Père Lachaise,Père Lachaise Cemetery.,untargeted,space,__source_direction__,space__inhouse__inhouse__k8,space,inhouse,inhouse,8,8,8,5,intervention|__source_direction__|7.0|5,intervention,__source_direction__,7.0,[14],[14],Père Lachaise Cemetery.,0,1
paris,Which Paris cemetery contains Edith Piaf's grave?,Père Lachaise,Père Lachaise Cemetery.,untargeted,space,__source_direction__,space__inhouse__inhouse__k8,space,inhouse,inhouse,8,8,8,5,intervention|__source_direction__|8.0|5,intervention,__source_direction__,8.0,[14],[14],Père Lachaise Cemetery.,0,1
paris,Which Paris cemetery contains Edith Piaf's grave?,Père Lachaise,Père Lachaise Cemetery.,untargeted,space,__source_direction__,space__inhouse__inhouse__k8,space,inhouse,inhouse,8,8,8,5,intervention|__source_direction__|9.0|5,intervention,__source_direction__,9.0,[14],[14],Père Lachaise Cemetery.,0,1
paris,Which Paris cemetery contains Edith Piaf's grave?,Père Lachaise,Père Lachaise Cemetery.,untargeted,space,__source_direction__,space__inhouse__inhouse__k8,space,inhouse,inhouse,8,8,8,5,intervention|__source_direction__|10.0|5,intervention,__source_direction__,10.0,[14],[14],Père Lachaise Cemetery.,0,1
lasers,Ruby laser pulses historically lasted how long?,Nanoseconds,0.5 nanoseconds.,untargeted,space,__source_direction__,space__inhouse__inhouse__k8,space,inhouse,inhouse,8,8,8,6,intervention|__source_direction__|1.0|6,intervention,__source_direction__,1.0,[14],[14],0.5 nanoseconds.,0,1
lasers,Ruby laser pulses historically lasted how long?,Nanoseconds,0.5 nanoseconds.,untargeted,space,__source_direction__,space__inhouse__inhouse__k8,space,inhouse,inhouse,8,8,8,6,intervention|__source_direction__|2.0|6,intervention,__source_direction__,2.0,[14],[14],0.5 nanoseconds.,0,1
lasers,Ruby laser pulses historically lasted how long?,Nanoseconds,0.5 nanoseconds.,untargeted,space,__source_direction__,space__inhouse__inhouse__k8,space,inhouse,inhouse,8,8,8,6,intervention|__source_direction__|3.0|6,intervention,__source_direction__,3.0,[14],[14],0.5 nanoseconds.,0,1
lasers,Ruby laser pulses historically lasted how long?,Nanoseconds,0.5 nanoseconds.,untargeted,space,__source_direction__,space__inhouse__inhouse__k8,space,inhouse,inhouse,8,8,8,6,intervention|__source_direction__|4.0|6,intervention,__source_direction__,4.0,[14],[14],0.5 microseconds.,0,1
lasers,Ruby laser pulses historically lasted how long?,Nanoseconds,0.5 nanoseconds.,untargeted,space,__source_direction__,space__inhouse__inhouse__k8,space,inhouse,inhouse,8,8,8,6,intervention|__source_direction__|5.0|6,intervention,__source_direction__,5.0,[14],[14],0.5 microseconds.,0,1
lasers,Ruby laser pulses historically lasted how long?,Nanoseconds,0.5 nanoseconds.,untargeted,space,__source_direction__,space__inhouse__inhouse__k8,space,inhouse,inhouse,8,8,8,6,intervention|__source_direction__|6.0|6,intervention,__source_direction__,6.0,[14],[14],0.5 microseconds.,0,1
lasers,Ruby laser pulses historically lasted how long?,Nanoseconds,0.5 nanoseconds.,untargeted,space,__source_direction__,space__inhouse__inhouse__k8,space,inhouse,inhouse,8,8,8,6,intervention|__source_direction__|7.0|6,intervention,__source_direction__,7.0,[14],[14],0.5 microseconds.,0,1
lasers,Ruby laser pulses historically lasted how long?,Nanoseconds,0.5 nanoseconds.,untargeted,space,__source_direction__,space__inhouse__inhouse__k8,space,inhouse,inhouse,8,8,8,6,intervention|__source_direction__|8.0|6,intervention,__source_direction__,8.0,[14],[14],0.5 microseconds.,0,1
lasers,Ruby laser pulses historically lasted how long?,Nanoseconds,0.5 nanoseconds.,untargeted,space,__source_direction__,space__inhouse__inhouse__k8,space,inhouse,inhouse,8,8,8,6,intervention|__source_direction__|9.0|6,intervention,__source_direction__,9.0,[14],[14],0.5 microseconds.,0,1
lasers,Ruby laser pulses historically lasted how long?,Nanoseconds,0.5 nanoseconds.,untargeted,space,__source_direction__,space__inhouse__inhouse__k8,space,inhouse,inhouse,8,8,8,6,intervention|__source_direction__|10.0|6,intervention,__source_direction__,10.0,[14],[14],0.5 microseconds.,0,1
bacteria,Name a gram-positive soil bacterium involved in decomposition.,Bacillus,Bacillus subtilis.,untargeted,space,__source_direction__,space__inhouse__inhouse__k8,space,inhouse,inhouse,8,8,8,7,intervention|__source_direction__|1.0|7,intervention,__source_direction__,1.0,[14],[14],Bacillus subtilis.,0,1
bacteria,Name a gram-positive soil bacterium involved in decomposition.,Bacillus,Bacillus subtilis.,untargeted,space,__source_direction__,space__inhouse__inhouse__k8,space,inhouse,inhouse,8,8,8,7,intervention|__source_direction__|2.0|7,intervention,__source_direction__,2.0,[14],[14],Bacillus subtilis.,0,1
bacteria,Name a gram-positive soil bacterium involved in decomposition.,Bacillus,Bacillus subtilis.,untargeted,space,__source_direction__,space__inhouse__inhouse__k8,space,inhouse,inhouse,8,8,8,7,intervention|__source_direction__|3.0|7,intervention,__source_direction__,3.0,[14],[14],Bacillus subtilis.,0,1
bacteria,Name a gram-positive soil bacterium involved in decomposition.,Bacillus,Bacillus subtilis.,untargeted,space,__source_direction__,space__inhouse__inhouse__k8,space,inhouse,inhouse,8,8,8,7,intervention|__source_direction__|4.0|7,intervention,__source_direction__,4.0,[14],[14],Bacillus subtilis.,0,1
bacteria,Name a gram-positive soil bacterium involved in decomposition.,Bacillus,Bacillus subtilis.,untargeted,space,__source_direction__,space__inhouse__inhouse__k8,space,inhouse,inhouse,8,8,8,7,intervention|__source_direction__|5.0|7,intervention,__source_direction__,5.0,[14],[14],Bacillus subtilis.,0,1
bacteria,Name a gram-positive soil bacterium involved in decomposition.,Bacillus,Bacillus subtilis.,untargeted,space,__source_direction__,space__inhouse__inhouse__k8,space,inhouse,inhouse,8,8,8,7,intervention|__source_direction__|6.0|7,intervention,__source_direction__,6.0,[14],[14],Bacillus subtilis.,0,1
bacteria,Name a gram-positive soil bacterium involved in decomposition.,Bacillus,Bacillus subtilis.,untargeted,space,__source_direction__,space__inhouse__inhouse__k8,space,inhouse,inhouse,8,8,8,7,intervention|__source_direction__|7.0|7,intervention,__source_direction__,7.0,[14],[14],Bacillus subtilis.,0,1
bacteria,Name a gram-positive soil bacterium involved in decomposition.,Bacillus,Bacillus subtilis.,untargeted,space,__source_direction__,space__inhouse__inhouse__k8,space,inhouse,inhouse,8,8,8,7,intervention|__source_direction__|8.0|7,intervention,__source_direction__,8.0,[14],[14],Bacillus subtilis.,0,1
bacteria,Name a gram-positive soil bacterium involved in decomposition.,Bacillus,Bacillus subtilis.,untargeted,space,__source_direction__,space__inhouse__inhouse__k8,space,inhouse,inhouse,8,8,8,7,intervention|__source_direction__|9.0|7,intervention,__source_direction__,9.0,[14],[14],Bacillus subtilis.,0,1
bacteria,Name a gram-positive soil bacterium involved in decomposition.,Bacillus,Bacillus subtilis.,untargeted,space,__source_direction__,space__inhouse__inhouse__k8,space,inhouse,inhouse,8,8,8,7,intervention|__source_direction__|10.0|7,intervention,__source_direction__,10.0,[14],[14],Bacillus subtilis.,0,1
