chunk,rows,elapsed_s,gpu_memory,p1_min,p1_max,p2_min,p2_max
1,16,56.683,"0, 15972, 16140; 1, 16002, 16107",0.7848577499389648,0.9999998807907104,8.474888346654552e-08,0.21514227986335754
2,16,56.893,"0, 15974, 16138; 1, 16002, 16107",1.0828799531736877e-05,0.9999713897705078,2.8596263291547075e-05,0.9999891519546509
