model,n,spearman_rho,p_value,refusal_near,refusal_far,near_minus_far
llama8b,900,0.15818126649131198,1.852369940451567e-06,0.07111111111111111,0.02,0.05111111111111111
mistral7b,900,0.2570998415432823,4.7131333941265846e-15,0.2111111111111111,0.05333333333333334,0.15777777777777777
qwen7b,900,0.06671360496992455,0.04540790543816201,0.1111111111111111,0.07111111111111111,0.039999999999999994
